cluster	n_atoms	BE_per_atom	E_cluster	BE_category	size_category	energy_category	stability_index	size_efficiency	structural_category	density_category	compactness	be_rank	size_rank	efficiency_rank
C-169395-3151-1	240	-7.332564994854169	-8.984401234999243	Low	Very Large	Medium E	0.20881783518005648	-1.3368890560160722	Intermediate	Low Density	10.218741897819955	1582.0	2616.0	1582.0
C-169395-3151-10	240	-7.329931081139993	-9.616540526401668	Low	Very Large	Medium E	0.283133910990126	-1.3364088351900114	Linear	Low Density	10.35877267016199	888.0	2616.0	888.0
C-169395-3151-100	240	-7.333321960802908	-8.802729407301932	Very Low	Very Large	Medium E	0.1874599833531999	-1.3370270676795701	Intermediate	Low Density	10.186003059562976	2955.0	2616.0	2955.0
C-169395-3151-101	240	-7.323597424521298	-11.13661811488843	Medium	Very Large	Low E	0.46183851429450246	-1.3352540692623942	Intermediate	Low Density	10.000243753671226	188.0	2616.0	188.0
C-169395-3151-102	240	-7.332621701202482	-8.970791711404308	Low	Very Large	Medium E	0.20721786124869368	-1.3368993948397334	Intermediate	Low Density	10.380253157637055	2037.0	2616.0	2037.0
C-169395-3151-103	240	-7.332681771454497	-8.956374850920898	Low	Very Large	Medium E	0.20552297451850102	-1.3369103469775687	Intermediate	Low Density	10.380249472201882	2089.0	2616.0	2089.0
C-169395-3151-104	240	-7.332842428450179	-8.91781717195697	Low	Very Large	Medium E	0.20099002516398692	-1.3369396383073355	Spherical	Low Density	9.988552085079917	2364.0	2616.0	2364.0
C-169395-3151-105	240	-7.334081369741484	-8.62047126204369	Very Low	Very Large	Medium E	0.16603320238224897	-1.337165524754241	Intermediate	Low Density	10.16018486418679	3678.0	2616.0	3677.0
C-169395-3151-106	240	-7.322473232352282	-11.40642423545217	Medium	Very Large	Low E	0.4935576818617568	-1.3350491041228187	Linear	Low Density	10.433347849049195	98.0	2616.0	98.0
C-169395-3151-107	240	-7.32976701110846	-9.655917333969548	Low	Very Large	Medium E	0.287763159410792	-1.3363789215881914	Intermediate	Low Density	10.20877797477191	875.0	2616.0	875.0
C-169395-3151-109	240	-7.333132208616164	-8.848269932120436	Very Low	Very Large	Medium E	0.1928138557368231	-1.336992471651851	Spherical	Low Density	10.43197448860183	2518.0	2616.0	2518.0
C-169395-3151-11	240	-7.33512850216402	-8.369159480635227	Very Low	Very Large	Medium E	0.1364882814239398	-1.3373564401947275	Spherical	Low Density	10.432498707726714	4718.0	2616.0	4717.0
C-169395-3151-110	240	-7.333049703532577	-8.86807115218149	Very Low	Very Large	Medium E	0.19514174294648734	-1.3369774291471628	Intermediate	Low Density	10.274464680532269	2458.0	2616.0	2458.0
C-169395-3151-111	240	-7.334606450143618	-8.494451965531738	Very Low	Very Large	Medium E	0.15121801889261086	-1.3372612585450272	Spherical	Low Density	10.771383686812205	4246.0	2616.0	4245.0
C-169395-3151-112	240	-7.332565031919345	-8.984392339357212	Low	Very Large	Medium E	0.2088167893833012	-1.336889062773875	Linear	Low Density	10.72604550110255	1696.0	2616.0	1696.0
C-169395-3151-114	240	-7.332565042651379	-8.984389763669054	Low	Very Large	Medium E	0.20881648657814753	-1.3368890647305627	Intermediate	Low Density	10.454438629381757	1742.0	2616.0	1742.0
C-169395-3151-115	240	-7.331627572137711	-9.209382686949034	Low	Very Large	Medium E	0.2352672884356665	-1.3367181430856891	Spherical	Low Density	10.55804339658051	1142.0	2616.0	1142.0
C-169395-3151-116	240	-7.3330180010205215	-8.875679755074877	Very Low	Very Large	Medium E	0.19603623173577744	-1.3369716490768264	Spherical	Low Density	10.258591854015474	2443.0	2616.0	2443.0
C-169395-3151-117	240	-7.333906147532062	-8.662524592305026	Very Low	Very Large	Medium E	0.170977110350428	-1.3371335778633084	Spherical	Low Density	10.533759628035659	3464.0	2616.0	3464.0
C-169395-3151-118	240	-7.3339001601916065	-8.663961554014264	Very Low	Very Large	Medium E	0.17114604361684113	-1.3371324862384903	Spherical	Low Density	10.651636863086946	3457.0	2616.0	3457.0
C-169395-3151-12	240	-7.33329530976267	-8.80912565695914	Very Low	Very Large	Medium E	0.18821194448088202	-1.3370222086044647	Linear	Low Density	10.012213038592758	2881.0	2616.0	2881.0
C-169395-3151-120	240	-7.335116370188429	-8.372071154776929	Very Low	Very Large	Medium E	0.1368305860381138	-1.337354228266786	Spherical	Low Density	10.378373025605713	4700.0	2616.0	4699.0
C-169395-3151-121	240	-7.331449647104284	-9.252084694971783	Low	Very Large	Medium E	0.2402874567887422	-1.3366857034100579	Linear	Low Density	10.31297109428485	1112.0	2616.0	1112.0
C-169395-3151-122	240	-7.332079844706149	-9.100837270524208	Low	Very Large	Medium E	0.2225063835123357	-1.3368006023952903	Linear	Low Density	10.654579172491037	1344.0	2616.0	1344.0
C-169395-3151-123	240	-7.322236700480059	-11.46319188478579	Medium	Very Large	Low E	0.5002314466297514	-1.3350059791220044	Linear	Low Density	10.450363321182142	65.0	2616.0	65.0
C-169395-3151-124	240	-7.334371571371137	-8.550822870927076	Very Low	Very Large	Medium E	0.15784514132564487	-1.337218434940921	Intermediate	Low Density	10.30336481567103	3916.0	2616.0	3915.0
C-169395-3151-125	240	-7.33478988870539	-8.450426710706415	Very Low	Very Large	Medium E	0.14604228591786134	-1.3372947034590315	Linear	Low Density	10.590227212196616	4478.0	2616.0	4477.0
C-169395-3151-126	240	-7.334364761799507	-8.552457168118266	Very Low	Very Large	Medium E	0.15803727390720018	-1.3372171934051427	Linear	Low Density	10.245136627846671	3896.0	2616.0	3895.0
C-169395-3151-127	240	-7.334622785634932	-8.490531447616323	Very Low	Very Large	Medium E	0.15075711176254497	-1.3372642368670162	Linear	Low Density	10.463178431986735	4254.0	2616.0	4253.0
C-169395-3151-128	240	-7.335610904168386	-8.253382999587375	Very Low	Very Large	Medium E	0.1228772721739116	-1.3374443927680344	Linear	Low Density	10.39318582444623	5034.0	2616.0	5033.0
C-169395-3151-129	240	-7.337026421112697	-7.913658932952611	Very Low	Very Large	Medium E	0.08293835391031773	-1.3377024728686244	Intermediate	Low Density	10.46342200871653	5178.0	2616.0	5177.0
C-169395-3151-13	240	-7.333259766977503	-8.817655925399347	Very Low	Very Large	Medium E	0.18921478686815954	-1.3370157283672566	Intermediate	Low Density	9.932114342164272	2735.0	2616.0	2735.0
C-169395-3151-130	240	-7.333271813378962	-8.81476478904903	Very Low	Very Large	Medium E	0.18887489673459837	-1.337017924693138	Intermediate	Low Density	10.330955844477588	2808.0	2616.0	2808.0
C-169395-3151-132	240	-7.335784374475263	-8.21175012593678	Very Low	Very Large	Medium E	0.11798279426932852	-1.3374760202483187	Spherical	Low Density	10.568476309438266	5054.0	2616.0	5053.0
C-169395-3151-133	240	-7.332629892096981	-8.968825896724518	Low	Very Large	Medium E	0.206986754537324	-1.336900888221275	Spherical	Low Density	10.148346613907934	2045.0	2616.0	2045.0
C-169395-3151-135	240	-7.327088403917368	-10.29878305983168	Low	Very Large	Low E	0.36334026507192113	-1.3358905521510775	Spherical	Low Density	10.606573004927752	437.0	2616.0	437.0
C-169395-3151-137	240	-7.334493848605325	-8.521476334721894	Very Low	Very Large	Medium E	0.15439507986127923	-1.3372407287898405	Linear	Low Density	10.281749110920929	4212.0	2616.0	4211.0
C-169395-3151-14	240	-7.323597432932169	-11.13661609627964	Medium	Very Large	Low E	0.4618382769811343	-1.3352540707958822	Spherical	Low Density	10.782608453833534	193.0	2616.0	193.0
C-169395-3151-140	240	-7.329991110217097	-9.602133547896496	Low	Very Large	Medium E	0.2814401860131429	-1.3364197798207484	Linear	Low Density	10.631791059376539	924.0	2616.0	924.0
C-169395-3151-141	240	-7.332679102842226	-8.957015317865638	Low	Very Large	Medium E	0.20559826961672345	-1.336909860430427	Linear	Low Density	10.284393169384611	2087.0	2616.0	2087.0
C-169395-3151-142	240	-7.323836721614964	-11.07918681240864	Medium	Very Large	Low E	0.45508672859311716	-1.3352976984243428	Intermediate	Low Density	10.166418610276054	289.0	2616.0	289.0
C-169395-3151-145	240	-7.332013633930475	-9.116727856685811	Low	Very Large	Medium E	0.2243745255846923	-1.3367885307039449	Spherical	Low Density	10.290013651350868	1316.0	2616.0	1316.0
C-169395-3151-146	240	-7.334767699219457	-8.455752187330303	Very Low	Very Large	Medium E	0.14666836395144212	-1.3372906578241242	Linear	Low Density	10.353719317491297	4432.0	2616.0	4431.0
C-169395-3151-148	240	-7.334737562326869	-8.462985041551368	Very Low	Very Large	Medium E	0.1475186786683486	-1.3372851632009042	Linear	Low Density	10.395303852776811	4348.0	2616.0	4347.0
C-169395-3151-149	240	-7.334378599926029	-8.549136017753009	Very Low	Very Large	Medium E	0.15764683011470107	-1.3372197164022	Linear	Low Density	10.667311881604569	3943.0	2616.0	3942.0
C-169395-3151-15	240	-7.327610678992165	-10.17343704188027	Low	Very Large	Medium E	0.3486042341065159	-1.3359857744685362	Spherical	Low Density	10.490437585119944	497.0	2616.0	497.0
C-169395-3151-150	240	-7.336241059270809	-8.102145775005708	Very Low	Very Large	Medium E	0.10509739802249943	-1.337559284004677	Intermediate	Low Density	10.43134448664158	5103.0	2616.0	5102.0
C-169395-3151-151	240	-7.323597449702158	-11.13661207148231	Medium	Very Large	Low E	0.46183780381462025	-1.3352540738534229	Linear	Low Density	10.098264023312323	207.0	2616.0	207.0
C-169395-3151-152	240	-7.333321949785619	-8.802732051451354	Very Low	Very Large	Medium E	0.1874602942068557	-1.337027065670874	Intermediate	Low Density	10.25215639048425	2951.0	2616.0	2951.0
C-169395-3151-153	240	-7.333642999199589	-8.725680192098574	Very Low	Very Large	Medium E	0.17840186056911944	-1.3370856000920868	Intermediate	Low Density	10.735190581153558	3293.0	2616.0	3293.0
C-169395-3151-155	240	-7.332681073103223	-8.956542455226252	Low	Very Large	Medium E	0.20554267855281272	-1.3369102196526592	Intermediate	Low Density	10.256435651195071	2088.0	2616.0	2088.0
C-169395-3151-157	240	-7.336131045580329	-8.128549060721042	Very Low	Very Large	Medium E	0.10820144266825318	-1.337539226071482	Linear	Low Density	10.414244388890573	5099.0	2616.0	5098.0
C-169395-3151-158	240	-7.332565080352086	-8.984380715499327	Low	Very Large	Medium E	0.20881542284984408	-1.3368890716042368	Spherical	Low Density	10.480606061660904	1875.0	2616.0	1875.0
C-169395-3151-159	240	-7.338066542777418	-7.664029733419532	Very Low	Very Large	Medium E	0.05359124201707936	-1.3378921100926335	Linear	Low Density	10.193793260033452	5217.0	2616.0	5216.0
C-169395-3151-16	240	-7.321517948525502	-11.6356923538795	Medium	Very Large	Low E	0.5205110877037992	-1.3348749347163003	Spherical	Low Density	10.103816785464076	50.0	2616.0	50.0
C-169395-3151-160	240	-7.334069241439051	-8.623382054627543	Very Low	Very Large	Medium E	0.16637540335799686	-1.3371633134959977	Linear	Low Density	10.125069867828355	3645.0	2616.0	3644.0
C-169395-3151-161	240	-7.333883393184485	-8.667985635723326	Very Low	Very Large	Medium E	0.17161912599825488	-1.3371294292416087	Intermediate	Low Density	10.517877814785022	3444.0	2616.0	3444.0
C-169395-3151-162	240	-7.3345164267724865	-8.51605757460309	Very Low	Very Large	Medium E	0.1537580351572679	-1.337244845289947	Intermediate	Low Density	10.397129679618766	4215.0	2616.0	4214.0
C-169395-3151-163	240	-7.331744513834146	-9.18131667980482	Low	Very Large	Medium E	0.23196776957485518	-1.3367394641478643	Intermediate	Low Density	10.254862476454724	1154.0	2616.0	1154.0
C-169395-3151-164	240	-7.33005482273734	-9.58684254303825	Low	Very Large	Medium E	0.27964253240781606	-1.3364313960247785	Linear	Low Density	10.115624692015055	949.0	2616.0	949.0
C-169395-3151-165	240	-7.334535769324789	-8.511415362050593	Very Low	Very Large	Medium E	0.1532122835726568	-1.3372483718657777	Spherical	Low Density	10.435548052369505	4221.0	2616.0	4220.0
C-169395-3151-166	240	-7.332978407941008	-8.885182094158116	Very Low	Very Large	Medium E	0.19715335348614133	-1.3369644303812223	Linear	Low Density	10.369378614683054	2418.0	2616.0	2418.0
C-169395-3151-167	240	-7.333936821223714	-8.655162906308423	Very Low	Very Large	Medium E	0.1701116498070746	-1.3371391703568911	Spherical	Low Density	10.579802915695076	3500.0	2616.0	3500.0
C-169395-3151-168	240	-7.334365301343452	-8.552327677571379	Very Low	Very Large	Medium E	0.15802205063373362	-1.337217291775958	Spherical	Low Density	10.600801875079714	3901.0	2616.0	3900.0
C-169395-3151-17	240	-7.335810881855699	-8.205388354632067	Very Low	Very Large	Medium E	0.11723488651387091	-1.3374808531310594	Intermediate	Low Density	10.150496768158952	5062.0	2616.0	5061.0
C-169395-3151-19	240	-7.333253980976225	-8.81904456570593	Very Low	Very Large	Medium E	0.18937803933436823	-1.337014673451031	Spherical	Low Density	10.035114499882791	2705.0	2616.0	2705.0
C-169395-3151-2	240	-7.325748332570502	-10.62040018307953	Medium	Very Large	Low E	0.401150480064379	-1.335646227454445	Intermediate	Low Density	10.34398267166525	340.0	2616.0	340.0
C-169395-3151-20	240	-7.3235974407302225	-11.13661422474671	Medium	Very Large	Low E	0.46183805695845426	-1.3352540722176403	Intermediate	Low Density	10.10966180738987	203.0	2616.0	203.0
C-169395-3151-22	240	-7.328726255105863	-9.905698774592754	Low	Very Large	Medium E	0.3171281691954691	-1.3361891687103333	Spherical	Low Density	10.248212522992725	585.0	2616.0	585.0
C-169395-3151-23	240	-7.333560176589601	-8.745557618495786	Very Low	Very Large	Medium E	0.18073870681033474	-1.3370704996953005	Linear	Low Density	10.473333492147242	3186.0	2616.0	3186.0
C-169395-3151-24	240	-7.33436394443695	-8.552653335131861	Very Low	Very Large	Medium E	0.158060335853929	-1.3372170443818394	Intermediate	Low Density	10.248265127989516	3895.0	2616.0	3894.0
C-169395-3151-25	240	-7.334071257019129	-8.62289831540888	Very Low	Very Large	Medium E	0.16631853361277016	-1.3371636809809024	Spherical	Low Density	9.997118180528794	3652.0	2616.0	3651.0
C-169395-3151-26	240	-7.3345935502438975	-8.497547941464536	Very Low	Very Large	Medium E	0.1515819905445439	-1.337258906607503	Intermediate	Low Density	10.335923073674651	4243.0	2616.0	4242.0
C-169395-3151-27	240	-7.328895129429366	-9.865168936952204	Low	Very Large	Medium E	0.31236336731138875	-1.3362199582410217	Linear	Low Density	9.991581299610237	638.0	2616.0	638.0
C-169395-3151-28	240	-7.330433103243086	-9.496055221659176	Low	Very Large	Medium E	0.2689693191619934	-1.3365003649420115	Intermediate	Medium Density	10.944896877942744	996.0	2616.0	996.0
C-169395-3151-29	240	-7.333372900024227	-8.790503994185517	Very Low	Very Large	Medium E	0.1860227293486768	-1.337036355028206	Spherical	Low Density	10.14848445096818	3025.0	2616.0	3025.0
C-169395-3151-3	240	-7.333251484574419	-8.81964370213929	Very Low	Very Large	Medium E	0.18944847550120794	-1.3370142183016727	Spherical	Low Density	10.308647959262112	2624.0	2616.0	2624.0
C-169395-3151-30	240	-7.333892218499945	-8.665867560013222	Very Low	Very Large	Medium E	0.17137011905120678	-1.3371310382921473	Intermediate	Low Density	10.39483192427734	3453.0	2616.0	3453.0
C-169395-3151-31	240	-7.334385493661488	-8.547481521242755	Very Low	Very Large	Medium E	0.15745232284431387	-1.337220973282909	Intermediate	Low Density	10.30760448697264	3985.0	2616.0	3984.0
C-169395-3151-32	240	-7.3343638690071185	-8.55267143829165	Very Low	Very Large	Medium E	0.1580624641123563	-1.33721703062931	Spherical	Medium Density	10.78937028113701	3892.0	2616.0	3891.0
C-169395-3151-33	240	-7.334032618911119	-8.632171461331327	Very Low	Very Large	Medium E	0.1674087107695128	-1.3371566363977612	Linear	Low Density	10.377003393646708	3600.0	2616.0	3600.0
C-169395-3151-35	240	-7.33516485721813	-8.360434267648673	Very Low	Very Large	Medium E	0.13546252080665175	-1.3373630685265603	Linear	Low Density	10.249202367750938	4769.0	2616.0	4768.0
C-169395-3151-36	240	-7.333968155909038	-8.647642581830649	Very Low	Very Large	Medium E	0.16922753927700146	-1.3371448833642647	Spherical	Low Density	10.009656357355304	3531.0	2616.0	3531.0
C-169395-3151-37	240	-7.337702898980857	-7.751304244594053	Very Low	Very Large	Medium E	0.06385147939981431	-1.3378258097717701	Spherical	Low Density	10.444425552595929	5208.0	2616.0	5207.0
C-169395-3151-38	240	-7.327023411350938	-10.3143812757749	Low	Very Large	Low E	0.3651740352777962	-1.3358787025662673	Spherical	Low Density	10.510801626929466	431.0	2616.0	431.0
C-169395-3151-39	240	-7.333272623473238	-8.814570366422778	Very Low	Very Large	Medium E	0.18885203986297336	-1.3370180723912726	Intermediate	Low Density	10.440674074326736	2813.0	2616.0	2813.0
C-169395-3151-4	240	-7.332742247641866	-8.941860565952055	Low	Very Large	Medium E	0.20381663429139663	-1.3369213731264131	Linear	Low Density	10.12846218256129	2117.0	2616.0	2117.0
C-169395-3151-40	240	-7.333724277711795	-8.706173349169044	Very Low	Very Large	Medium E	0.17610858116428665	-1.3371004189656368	Intermediate	Low Density	10.255412925359462	3378.0	2616.0	3378.0
C-169395-3151-41	240	-7.334082694625885	-8.620153289787543	Very Low	Very Large	Medium E	0.16599582066808097	-1.3371657663100212	Linear	Low Density	10.447037449033898	3719.0	2616.0	3718.0
C-169395-3151-43	240	-7.334767595522753	-8.455777074539126	Very Low	Very Large	Medium E	0.14667128976182442	-1.3372906389179176	Linear	Low Density	10.215142045649861	4397.0	2616.0	4396.0
C-169395-3151-44	240	-7.331257099561977	-9.298296105125484	Low	Very Large	Medium E	0.24572020034222172	-1.336650597727087	Spherical	Low Density	10.306427767946444	1070.0	2616.0	1070.0
C-169395-3151-45	240	-7.331570129397559	-9.223168944585964	Low	Very Large	Medium E	0.23688803971878652	-1.3367076700014806	Linear	Low Density	10.117095869343599	1133.0	2616.0	1133.0
C-169395-3151-46	240	-7.337333642590327	-7.83992577832137	Very Low	Very Large	Medium E	0.07427007654834446	-1.3377584861506757	Spherical	Low Density	10.486360213517244	5186.0	2616.0	5185.0
C-169395-3151-47	240	-7.33193970320363	-9.134471231128908	Low	Very Large	Medium E	0.22646048666662202	-1.3367750514944605	Intermediate	Low Density	10.401286394651956	1277.0	2616.0	1277.0
C-169395-3151-48	240	-7.334056063688387	-8.626544714787062	Very Low	Very Large	Medium E	0.1667472145954271	-1.3371609109000906	Intermediate	Low Density	10.415832133976316	3635.0	2616.0	3634.0
C-169395-3151-49	240	-7.329847095200827	-9.63669715180153	Low	Very Large	Medium E	0.28550358065259085	-1.3363935226925419	Linear	Low Density	10.663755412538167	879.0	2616.0	879.0
C-169395-3151-50	240	-7.336098009461506	-8.136477729238623	Very Low	Very Large	Medium E	0.10913355927392984	-1.3375332028550853	Intermediate	Low Density	10.262567702398194	5089.0	2616.0	5088.0
C-169395-3151-52	240	-7.333629837643127	-8.728838965649562	Very Low	Very Large	Medium E	0.17877321488592143	-1.3370832004487412	Linear	Low Density	10.27026734293517	3270.0	2616.0	3270.0
C-169395-3151-53	240	-7.333372892901789	-8.790505703570604	Very Low	Very Large	Medium E	0.18602293030882483	-1.3370363537296277	Spherical	Low Density	10.326819391197322	3011.0	2616.0	3011.0
C-169395-3151-54	240	-7.334401973237331	-8.543526423040465	Very Low	Very Large	Medium E	0.15698735035827097	-1.3372239778747004	Spherical	Low Density	10.380350528019902	4057.0	2616.0	4056.0
C-169395-3151-55	240	-7.337816568416542	-7.724023580029693	Very Low	Very Large	Medium E	0.06064428762499885	-1.3378465342283115	Intermediate	Low Density	10.6523618673616	5210.0	2616.0	5209.0
C-169395-3151-56	240	-7.334417032105736	-8.53991229462337	Very Low	Very Large	Medium E	0.15656246324068865	-1.3372267234400488	Linear	Low Density	10.422286099217867	4116.0	2616.0	4115.0
C-169395-3151-57	240	-7.333770311377674	-8.695125269358147	Very Low	Very Large	Medium E	0.17480973777967623	-1.3371088119228307	Spherical	Low Density	10.404680141425768	3397.0	2616.0	3397.0
C-169395-3151-59	240	-7.332811356924744	-8.925274338061504	Low	Very Large	Medium E	0.2018667106177608	-1.3369339732798402	Intermediate	Low Density	10.509371068348889	2348.0	2616.0	2348.0
C-169395-3151-6	240	-7.333291203907506	-8.810111062198427	Very Low	Very Large	Medium E	0.18832779149667958	-1.3370214600161006	Linear	Low Density	10.363921672817664	2872.0	2616.0	2872.0
C-169395-3151-60	240	-7.339824436191553	-7.242135314027188	Very Low	Very Large	High E	0.003992145612463317	-1.3382126130092322	Intermediate	Low Density	10.23894039006787	5228.0	2616.0	5227.0
C-169395-3151-61	240	-7.334082712822926	-8.620148922497767	Very Low	Very Large	Medium E	0.1659953072372041	-1.3371657696277448	Spherical	Low Density	9.92515070508423	3728.0	2616.0	3727.0
C-169395-3151-62	240	-7.332565055080362	-8.98438678071315	Low	Very Large	Medium E	0.20881613589344172	-1.3368890669966416	Linear	Low Density	10.289305701579648	1789.0	2616.0	1789.0
C-169395-3151-63	240	-7.333251441655863	-8.819654002592863	Very Low	Very Large	Medium E	0.18944968645155033	-1.337014210476669	Linear	Low Density	10.271037586650849	2606.0	2616.0	2606.0
C-169395-3151-65	240	-7.332051721585417	-9.107586819499836	Low	Very Large	Medium E	0.22329987950313726	-1.3367954749272961	Spherical	Low Density	10.344525669025208	1329.0	2616.0	1329.0
C-169395-3151-66	240	-7.333658168388228	-8.722039586825112	Very Low	Very Large	Medium E	0.1779738607577472	-1.3370883657712582	Linear	Low Density	10.772711094698188	3334.0	2616.0	3334.0
C-169395-3151-67	240	-7.331804764620407	-9.166856491102113	Low	Very Large	Medium E	0.23026778905717205	-1.3367504492010924	Linear	Low Density	10.333850925425299	1183.0	2616.0	1183.0
C-169395-3151-68	240	-7.3288951676845455	-9.865159755709032	Low	Very Large	Medium E	0.3123622879385899	-1.3362199652157885	Intermediate	Low Density	10.314588421940037	690.0	2616.0	690.0
C-169395-3151-69	240	-7.327610704920951	-10.17343081897179	Low	Very Large	Medium E	0.34860350252384004	-1.3359857791959284	Spherical	Low Density	9.808120015538597	500.0	2616.0	500.0
C-169395-3151-7	240	-7.334811385019113	-8.445267595412812	Very Low	Very Large	Medium E	0.14543576579092443	-1.337298622713287	Intermediate	Low Density	10.370880133443892	4500.0	2616.0	4499.0
C-169395-3151-72	240	-7.333372859127206	-8.790513809470662	Very Low	Very Large	Medium E	0.18602388326125713	-1.337036347571773	Spherical	Low Density	10.26137704863672	2988.0	2616.0	2988.0
C-169395-3151-73	240	-7.332766413651508	-8.936060723638152	Low	Very Large	Medium E	0.20313478849100605	-1.3369257791253835	Spherical	Low Density	10.335675082009278	2256.0	2616.0	2256.0
C-169395-3151-75	240	-7.333277693365841	-8.813353592198043	Very Low	Very Large	Medium E	0.1887089924575182	-1.3370189967450206	Linear	Low Density	10.594360832759198	2835.0	2616.0	2835.0
C-169395-3151-76	240	-7.332565029329458	-8.984392960930148	Low	Very Large	Medium E	0.20881686245717165	-1.3368890623016811	Spherical	Low Density	10.08008989072284	1686.0	2616.0	1686.0
C-169395-3151-77	240	-7.326186131980435	-10.51532832469556	Low	Very Large	Low E	0.38879793640924265	-1.3357260479865891	Intermediate	Low Density	10.163519771267346	360.0	2616.0	360.0
C-169395-3151-78	240	-7.332565023068407	-8.984394463582335	Low	Very Large	Medium E	0.20881703911318342	-1.336889061160153	Linear	Low Density	10.15511255268664	1663.0	2616.0	1663.0
C-169395-3151-79	240	-7.333667843877345	-8.719717469437187	Very Low	Very Large	Medium E	0.1777008660962736	-1.3370901298272906	Intermediate	Low Density	10.534074805568808	3347.0	2616.0	3347.0
C-169395-3151-8	240	-7.333158776984405	-8.8418935237428	Very Low	Very Large	Medium E	0.1920642272058323	-1.3369973156540198	Linear	Low Density	10.025356954591171	2535.0	2616.0	2535.0
C-169395-3151-80	240	-7.330182591224356	-9.556178106154384	Low	Very Large	Medium E	0.2760375348271704	-1.3364546910507504	Linear	Low Density	10.649166750920942	974.0	2616.0	974.0
C-169395-3151-81	240	-7.33405818885393	-8.626034675056898	Very Low	Very Large	Medium E	0.16668725288799005	-1.3371612983648533	Linear	Low Density	10.199169109123092	3638.0	2616.0	3637.0
C-169395-3151-82	240	-7.332601492533789	-8.975641791890496	Low	Very Large	Medium E	0.20778805037316472	-1.3368957103516954	Intermediate	Low Density	9.863096971481275	1996.0	2616.0	1996.0
C-169395-3151-83	240	-7.333419475153028	-8.779325963273036	Very Low	Very Large	Medium E	0.1847086085465435	-1.337044846706087	Spherical	Low Density	10.552868326778519	3101.0	2616.0	3101.0
C-169395-3151-84	240	-7.331381486581036	-9.268443220551164	Low	Very Large	Medium E	0.2422106111372202	-1.3366732762365316	Intermediate	Low Density	10.455351825808629	1101.0	2616.0	1101.0
C-169395-3151-85	240	-7.335282166738084	-8.33227998285968	Very Low	Very Large	Medium E	0.13215262377729062	-1.337384456651112	Spherical	Low Density	10.305858222292185	4902.0	2616.0	4901.0
C-169395-3151-86	240	-7.324907206276658	-10.82227049360218	Medium	Very Large	Low E	0.4248829224305497	-1.3354928714954106	Linear	Low Density	10.441064384205927	321.0	2616.0	321.0
C-169395-3151-87	240	-7.33438138040055	-8.548468703867847	Very Low	Very Large	Medium E	0.15756837881458177	-1.3372202233443082	Linear	Low Density	10.684441606824086	3956.0	2616.0	3955.0
C-169395-3151-88	240	-7.3343845375275265	-8.547710993393597	Very Low	Very Large	Medium E	0.15747930023676715	-1.337220798958504	Linear	Low Density	10.312741817233887	3974.0	2616.0	3973.0
C-169395-3151-89	240	-7.335141960925323	-8.365929377922553	Very Low	Very Large	Medium E	0.1361085414499602	-1.3373588940251	Linear	Low Density	10.569545126878948	4743.0	2616.0	4742.0
C-169395-3151-9	240	-7.33324914602268	-8.820204954556655	Very Low	Very Large	Medium E	0.18951445791644278	-1.3370137919318785	Linear	Low Density	10.223774442442668	2579.0	2616.0	2579.0
C-169395-3151-90	240	-7.333245402144289	-8.821103485370413	Very Low	Very Large	Medium E	0.18962009173002914	-1.3370131093399	Spherical	Low Density	10.536395626382193	2572.0	2616.0	2572.0
C-169395-3151-91	240	-7.332565083294329	-8.984380009360837	Low	Very Large	Medium E	0.20881533983421197	-1.336889072140673	Spherical	Low Density	9.99464150632102	1886.0	2616.0	1886.0
C-169395-3151-92	240	-7.334795649026967	-8.449044233527953	Very Low	Very Large	Medium E	0.14587975800637076	-1.3372957536932784	Spherical	Low Density	10.504995518154951	4491.0	2616.0	4490.0
C-169395-3151-93	240	-7.333153889050294	-8.843066627929456	Very Low	Very Large	Medium E	0.19220214063859872	-1.3369964244753363	Linear	Low Density	10.400024226896592	2533.0	2616.0	2533.0
C-169395-3151-94	240	-7.329972512141308	-9.606597086086234	Low	Very Large	Medium E	0.2819649321363225	-1.3364163889794802	Spherical	Low Density	10.15028396848127	910.0	2616.0	910.0
C-169395-3151-96	240	-7.334379660901178	-8.548881383717069	Very Low	Very Large	Medium E	0.15761689462014805	-1.337219909841476	Linear	Low Density	10.608922106068652	3946.0	2616.0	3945.0
C-169395-3151-97	240	-7.323597484779469	-11.13660365292729	Medium	Very Large	Low E	0.4618368141056016	-1.3352540802487938	Linear	Low Density	10.277655116245237	228.0	2616.0	228.0
C-169395-3151-98	240	-7.333883340869117	-8.66799819141188	Very Low	Very Large	Medium E	0.17162060208034374	-1.337129419703358	Spherical	Low Density	10.045425643130221	3443.0	2616.0	3443.0
C-169395-3151-99	240	-7.335042457763089	-8.38981013685854	Very Low	Very Large	Medium E	0.13891603074168207	-1.3373407523940717	Intermediate	Low Density	10.697972042423842	4590.0	2616.0	4589.0
C-187658-4107-1	240	-7.3362990181349	-8.088235647623861	Very Low	Very Large	Medium E	0.10346208426317438	-1.337569851189715	Linear	Low Density	10.287088196951803	5105.0	2616.0	5104.0
C-187658-4107-10	240	-7.333262840805303	-8.816918206727198	Very Low	Very Large	Medium E	0.18912805858294499	-1.337016288794167	Intermediate	Low Density	10.270524997494816	2753.0	2616.0	2753.0
C-187658-4107-100	240	-7.332565074234262	-8.98438218377718	Low	Very Large	Medium E	0.20881559546470183	-1.3368890704888219	Linear	Low Density	10.157091475659083	1855.0	2616.0	1855.0
C-187658-4107-101	240	-7.312356353926428	-13.83447505765734	High	Very Large	Very Low E	0.7790061762487628	-1.3332045730401674	Spherical	Low Density	10.610349420984011	11.0	2616.0	11.0
C-187658-4107-103	240	-7.332601467040309	-8.975647910325824	Low	Very Large	Medium E	0.20778876967364832	-1.336895705703669	Intermediate	Low Density	10.629971169632867	1981.0	2616.0	1981.0
C-187658-4107-104	240	-7.33464084854125	-8.486196350100068	Very Low	Very Large	Medium E	0.15024746548671195	-1.3372675301350327	Spherical	Low Density	10.213256689196477	4290.0	2616.0	4289.0
C-187658-4107-106	240	-7.332837914188119	-8.918900594851602	Low	Very Large	Medium E	0.20111739541141904	-1.3369388152573456	Linear	Low Density	10.262378042444555	2359.0	2616.0	2359.0
C-187658-4107-107	240	-7.332601512115603	-8.975637092255292	Low	Very Large	Medium E	0.20778749787080708	-1.3368957139218938	Intermediate	Low Density	10.27258892440565	2003.0	2616.0	2003.0
C-187658-4107-108	240	-7.332766405791384	-8.936062610068003	Low	Very Large	Medium E	0.20313501026500566	-1.3369257776923087	Intermediate	Low Density	10.251536753822334	2246.0	2616.0	2246.0
C-187658-4107-109	240	-7.329728679944825	-9.665116813241797	Low	Very Large	Medium E	0.2888446761086499	-1.3363719329678103	Intermediate	Low Density	10.481316135877774	856.0	2616.0	856.0
C-187658-4107-11	240	-7.334767579000742	-8.45578103982186	Very Low	Very Large	Medium E	0.1466717559316305	-1.337290635905589	Linear	Low Density	10.2766002951982	4393.0	2616.0	4392.0
C-187658-4107-112	240	-7.334797583087645	-8.44858005896524	Very Low	Very Large	Medium E	0.1458251883372197	-1.3372961063153903	Spherical	Low Density	10.263236486799736	4495.0	2616.0	4494.0
C-187658-4107-113	240	-7.336325417986006	-8.08189968335847	Very Low	Very Large	Medium E	0.10271721045595186	-1.3375746644674764	Spherical	Low Density	10.48917840788412	5107.0	2616.0	5106.0
C-187658-4107-114	240	-7.334767650045768	-8.45576398901552	Very Low	Very Large	Medium E	0.14666975139082133	-1.337290648858671	Spherical	Low Density	9.929341427540093	4423.0	2616.0	4422.0
C-187658-4107-115	240	-7.328267663157927	-10.01576084209744	Low	Very Large	Medium E	0.3300673758920552	-1.33610555723784	Spherical	Low Density	10.223722073165582	529.0	2616.0	529.0
C-187658-4107-116	240	-7.332059405579141	-9.105742661006248	Low	Very Large	Medium E	0.22308307503568592	-1.3367968758895956	Spherical	Low Density	10.599654085428972	1340.0	2616.0	1340.0
C-187658-4107-117	240	-7.332055785026357	-9.106611593674195	Low	Very Large	Medium E	0.2231852292079001	-1.3367962157826074	Intermediate	Low Density	10.184087185893107	1336.0	2616.0	1336.0
C-187658-4107-118	240	-7.336376809838013	-8.06956563887687	Very Low	Very Large	Medium E	0.10126718544214613	-1.337584034340715	Spherical	Low Density	10.549191228475548	5112.0	2616.0	5111.0
C-187658-4107-119	240	-7.3297286808245	-9.665116602119946	Low	Very Large	Medium E	0.28884465128855286	-1.3363719331281947	Linear	Low Density	10.155960696334805	857.0	2616.0	857.0
C-187658-4107-12	240	-7.333253922761786	-8.819058537171363	Very Low	Very Large	Medium E	0.18937968185918183	-1.3370146628372492	Intermediate	Low Density	10.076752157946762	2666.0	2616.0	2666.0
C-187658-4107-120	240	-7.33256504178014	-8.984389972766486	Low	Very Large	Medium E	0.20881651116022446	-1.3368890645717164	Linear	Low Density	10.513607734466662	1736.0	2616.0	1736.0
C-187658-4107-121	240	-7.331570062761698	-9.223184937192451	Low	Very Large	Medium E	0.23688991985465635	-1.3367076578522867	Intermediate	Low Density	10.118219530818239	1124.0	2616.0	1124.0
C-187658-4107-122	240	-7.333652320461018	-8.723443089355541	Very Low	Very Large	Medium E	0.17813886046883629	-1.3370872995645633	Linear	Low Density	10.237034026822956	3308.0	2616.0	3308.0
C-187658-4107-123	240	-7.326842961239311	-10.35768930256514	Low	Very Large	Low E	0.37026544890436647	-1.3358458025129354	Spherical	Low Density	10.148450623526724	419.0	2616.0	419.0
C-187658-4107-125	240	-7.327023420974474	-10.31437896612635	Low	Very Large	Low E	0.365173763749003	-1.335878704320851	Linear	Low Density	9.922974330508476	432.0	2616.0	432.0
C-187658-4107-126	240	-7.32383289325112	-11.08010561973123	Medium	Very Large	Low E	0.4551947461702203	-1.335297000428794	Linear	Low Density	10.382775727813264	272.0	2616.0	272.0
C-187658-4107-127	240	-7.335139675922989	-8.366477778482524	Very Low	Very Large	Medium E	0.13617301296461182	-1.3373584774185492	Intermediate	Low Density	10.498213731199918	4742.0	2616.0	4741.0
C-187658-4107-128	240	-7.332105854460818	-9.09459492940374	Low	Very Large	Medium E	0.22177251630575626	-1.3368053445498285	Linear	Low Density	10.529482548699956	1354.0	2616.0	1354.0
C-187658-4107-129	240	-7.328895173850323	-9.86515827592263	Low	Very Large	Medium E	0.31236211397071656	-1.336219966339946	Linear	Low Density	10.512485906624851	695.0	2616.0	695.0
C-187658-4107-13	240	-7.335109520738609	-8.37371502273383	Very Low	Very Large	Medium E	0.13702384378584842	-1.33735297946033	Linear	Low Density	10.345117774547202	4665.0	2616.0	4664.0
C-187658-4107-130	240	-7.33276642764894	-8.936057364254436	Low	Very Large	Medium E	0.203134393552407	-1.3369257816774254	Intermediate	Low Density	10.252696473582226	2274.0	2616.0	2274.0
C-187658-4107-131	240	-7.321814464087486	-11.56452861900325	Medium	Very Large	Low E	0.5121448785661756	-1.3349289960727333	Intermediate	Low Density	10.266832637305514	52.0	2616.0	52.0
C-187658-4107-132	240	-7.329972332995727	-9.60664008102553	Low	Very Large	Medium E	0.2819699867425192	-1.3364163563172717	Spherical	Low Density	10.147351508578003	906.0	2616.0	906.0
C-187658-4107-133	240	-7.3343726051250835	-8.550574769979857	Very Low	Very Large	Medium E	0.15781597387940718	-1.337218623417169	Spherical	Low Density	10.325067088656285	3919.0	2616.0	3918.0
C-187658-4107-134	240	-7.326825883365294	-10.36178799232932	Low	Very Large	Low E	0.37074730241889264	-1.3358426888381314	Intermediate	Low Density	10.01474374086069	399.0	2616.0	399.0
C-187658-4107-135	240	-7.331790739747079	-9.170222460700822	Low	Very Large	Medium E	0.23066350192499646	-1.3367478921559552	Intermediate	Low Density	10.387105046571378	1174.0	2616.0	1174.0
C-187658-4107-136	240	-7.332525350513625	-8.993915876729842	Low	Very Large	Medium E	0.20993640326430882	-1.3368818279744463	Linear	Low Density	9.756896888589976	1529.0	2616.0	1529.0
C-187658-4107-137	240	-7.33337294218372	-8.79049387590701	Very Low	Very Large	Medium E	0.18602153981538075	-1.3370363627148156	Spherical	Low Density	10.190765287239296	3057.0	2616.0	3057.0
C-187658-4107-138	240	-7.332913567328764	-8.900743841096501	Very Low	Very Large	Medium E	0.19898283629309563	-1.3369526085010268	Linear	Low Density	10.52201408597543	2390.0	2616.0	2390.0
C-187658-4107-139	240	-7.332601415652872	-8.975660243310875	Low	Very Large	Medium E	0.20779021957410412	-1.3368956963346008	Linear	Low Density	10.571544460173508	1975.0	2616.0	1975.0
C-187658-4107-14	240	-7.335503286786176	-8.279211171317748	Very Low	Very Large	Medium E	0.12591370479953662	-1.3374247717349288	Spherical	Low Density	10.22184108853682	4990.0	2616.0	4989.0
C-187658-4107-140	240	-7.333321893855806	-8.802745474606674	Very Low	Very Large	Medium E	0.18746187227077796	-1.33702705547363	Intermediate	Low Density	10.377853905390308	2922.0	2616.0	2922.0
C-187658-4107-141	240	-7.333104957861029	-8.854810113352872	Very Low	Very Large	Medium E	0.19358273786595345	-1.3369875032354328	Linear	Low Density	10.171689504995454	2495.0	2616.0	2495.0
C-187658-4107-142	240	-7.336519299548562	-8.035368108345011	Very Low	Very Large	Medium E	0.09724682741966835	-1.3376100133718947	Linear	Low Density	10.22385170615917	5144.0	2616.0	5143.0
C-187658-4107-144	240	-7.331387715116658	-9.266948372002178	Low	Very Large	Medium E	0.24203487253084868	-1.3366744118365725	Spherical	Low Density	10.344165193613325	1102.0	2616.0	1102.0
C-187658-4107-145	240	-7.333321995230359	-8.80272114471388	Very Low	Very Large	Medium E	0.18745901198004783	-1.3370270739564571	Spherical	Low Density	10.519624192756233	2961.0	2616.0	2961.0
C-187658-4107-146	240	-7.332650883125866	-8.963788049792198	Low	Very Large	Medium E	0.206394491060528	-1.3369047153509097	Spherical	Low Density	10.675930306668917	2063.0	2616.0	2063.0
C-187658-4107-147	240	-7.334448680494707	-8.53231668127032	Very Low	Very Large	Medium E	0.15566950153835	-1.3372324936425477	Intermediate	Low Density	10.428143689156032	4192.0	2616.0	4191.0
C-187658-4107-148	240	-7.334424034260067	-8.5382317775838	Very Low	Very Large	Medium E	0.15636489692357752	-1.3372280000879204	Intermediate	Low Density	10.141088110423459	4130.0	2616.0	4129.0
C-187658-4107-149	240	-7.333573693373724	-8.742313590306246	Very Low	Very Large	Medium E	0.1803573297180658	-1.3370729641045187	Spherical	Low Density	10.280597361010395	3202.0	2616.0	3202.0
C-187658-4107-15	240	-7.332565015494566	-8.984396281304011	Low	Very Large	Medium E	0.20881725280968647	-1.336889059779274	Spherical	Low Density	10.612410980655097	1637.0	2616.0	1637.0
C-187658-4107-150	240	-7.331859933261535	-9.15361601723147	Low	Very Large	Medium E	0.2287112016510004	-1.336760507666665	Linear	Low Density	10.289613811142637	1234.0	2616.0	1234.0
C-187658-4107-151	240	-7.332592405605722	-8.9778226546267	Low	Very Large	Medium E	0.20804443873982423	-1.3368940536033822	Spherical	Low Density	10.24303356934468	1962.0	2616.0	1962.0
C-187658-4107-152	240	-7.335072690828176	-8.382554201237578	Very Low	Very Large	Medium E	0.13806300251039194	-1.337346264551669	Linear	Low Density	10.52817606316789	4624.0	2616.0	4623.0
C-187658-4107-154	240	-7.322473263717297	-11.40641670784855	Medium	Very Large	Low E	0.4935567968954592	-1.335049109841356	Linear	Low Density	10.293907075380053	109.0	2616.0	109.0
C-187658-4107-155	240	-7.332565017216273	-8.98439586809454	Low	Very Large	Medium E	0.20881720423161132	-1.336889060093179	Spherical	Low Density	10.315036499663721	1639.0	2616.0	1639.0
C-187658-4107-156	240	-7.311218245503496	-14.10762107916102	Very High	Very Large	Very Low E	0.8111179919788906	-1.33299707065918	Intermediate	Low Density	10.588352889456749	8.0	2616.0	8.0
C-187658-4107-157	240	-7.334376226182381	-8.54970571622862	Very Low	Very Large	Medium E	0.15771380547229877	-1.3372192836161412	Spherical	Low Density	10.249054694943705	3934.0	2616.0	3933.0
C-187658-4107-158	240	-7.333129832053983	-8.848840307044215	Very Low	Very Large	Medium E	0.19288091061956783	-1.3369920383519112	Linear	Low Density	10.20482254944306	2509.0	2616.0	2509.0
C-187658-4107-159	240	-7.333273155800279	-8.814442607933044	Very Low	Very Large	Medium E	0.18883702021503873	-1.3370181694462862	Intermediate	Low Density	10.092758464380697	2821.0	2616.0	2821.0
C-187658-4107-16	240	-7.328895158295484	-9.865162009083576	Low	Very Large	Medium E	0.31236255285166264	-1.3362199635039544	Spherical	Low Density	10.098969436233052	675.0	2616.0	675.0
C-187658-4107-160	240	-7.333321872808927	-8.802750525857345	Very Low	Very Large	Medium E	0.18746246611006734	-1.3370270516363179	Spherical	Low Density	10.643456649501468	2907.0	2616.0	2907.0
C-187658-4107-162	240	-7.331791729048493	-9.1699850283615	Low	Very Large	Medium E	0.23063558871036485	-1.3367480725275214	Linear	Low Density	10.540653131640493	1176.0	2616.0	1176.0
C-187658-4107-163	240	-7.331894485867082	-9.145323391900378	Low	Very Large	Medium E	0.22773629725705236	-1.3367668073721903	Intermediate	Low Density	10.214757743557024	1252.0	2616.0	1252.0
C-187658-4107-164	240	-7.33328236047211	-8.812233486693584	Very Low	Very Large	Medium E	0.188577309699119	-1.337019847661896	Intermediate	Low Density	10.215029324227787	2848.0	2616.0	2848.0
C-187658-4107-165	240	-7.3351274966459155	-8.369400804980069	Very Low	Very Large	Medium E	0.13651665219374443	-1.3373562568664992	Linear	Low Density	10.214755043923436	4717.0	2616.0	4716.0
C-187658-4107-166	240	-7.332766401290746	-8.936063690220912	Low	Very Large	Medium E	0.20313513725085158	-1.3369257768717426	Spherical	Low Density	9.537333681506599	2238.0	2616.0	2238.0
C-187658-4107-168	240	-7.333656853334085	-8.722355199819637	Very Low	Very Large	Medium E	0.17801096511042708	-1.337088126007752	Spherical	Low Density	10.20263047652007	3330.0	2616.0	3330.0
C-187658-4107-17	240	-7.332565082902204	-8.984380103471041	Low	Very Large	Medium E	0.20881535089806116	-1.3368890720691797	Linear	Low Density	10.081626350944527	1884.0	2616.0	1884.0
C-187658-4107-170	240	-7.333636225736955	-8.727305823130722	Very Low	Very Large	Medium E	0.1785929743326116	-1.3370843651397784	Linear	Low Density	10.120219368194665	3281.0	2616.0	3281.0
C-187658-4107-171	240	-7.33256504653397	-8.9843888318471	Low	Very Large	Medium E	0.20881637703054323	-1.3368890654384449	Linear	Low Density	10.185202760480625	1760.0	2616.0	1760.0
C-187658-4107-172	240	-7.332766369032422	-8.93607143221884	Low	Very Large	Medium E	0.2031360474219175	-1.3369257709903355	Spherical	Low Density	10.398493919782641	2191.0	2616.0	2191.0
C-187658-4107-173	240	-7.335050162317255	-8.387961043858695	Very Low	Very Large	Medium E	0.138698646159814	-1.337342157104995	Linear	Low Density	10.162005792585287	4607.0	2616.0	4606.0
C-187658-4107-174	240	-7.323875370852022	-11.06991099551465	Medium	Very Large	Low E	0.4539962374294413	-1.3353047450365558	Intermediate	Low Density	10.502598586430445	290.0	2616.0	290.0
C-187658-4107-175	240	-7.32548814573923	-10.68284502258491	Medium	Very Large	Low E	0.40849167130140773	-1.335598789630506	Intermediate	Low Density	10.380851479272414	328.0	2616.0	328.0
C-187658-4107-176	240	-7.334821961069985	-8.44272934320362	Very Low	Very Large	Medium E	0.14513736171102834	-1.33730055096168	Intermediate	Low Density	10.436952449598856	4506.0	2616.0	4505.0
C-187658-4107-177	240	-7.333249593020524	-8.820097675074207	Very Low	Very Large	Medium E	0.18950184583826868	-1.337013873429489	Linear	Low Density	10.309793332248645	2590.0	2616.0	2590.0
C-187658-4107-178	240	-7.331257059465607	-9.298305728254304	Low	Very Large	Medium E	0.2457213316643703	-1.3366505904166301	Linear	Low Density	9.837989077807203	1057.0	2616.0	1057.0
C-187658-4107-179	240	-7.333089948513787	-8.858412356691087	Very Low	Very Large	Medium E	0.19400622774017487	-1.3369847666988894	Spherical	Low Density	10.760272678983872	2489.0	2616.0	2489.0
C-187658-4107-18	240	-7.33507083328313	-8.383000012048806	Very Low	Very Large	Medium E	0.1381154132851891	-1.337345925880052	Spherical	Low Density	10.17767240214045	4622.0	2616.0	4621.0
C-187658-4107-180	240	-7.333321925191552	-8.802737954027677	Very Low	Very Large	Medium E	0.1874609881303334	-1.3370270611868307	Spherical	Low Density	10.699219807735863	2939.0	2616.0	2939.0
C-187658-4107-182	240	-7.333743385154336	-8.701587562959165	Very Low	Very Large	Medium E	0.17556946321946698	-1.3371039026757492	Linear	Low Density	10.433905187879768	3383.0	2616.0	3383.0
C-187658-4107-183	240	-7.335120603500557	-8.371055159866371	Very Low	Very Large	Medium E	0.13671114281440358	-1.3373550000933785	Linear	Low Density	10.091506681243422	4712.0	2616.0	4711.0
C-187658-4107-184	240	-7.33276639796931	-8.936064487365423	Low	Very Large	Medium E	0.20313523096540886	-1.3369257762661715	Intermediate	Low Density	10.313690870529303	2231.0	2616.0	2231.0
C-187658-4107-185	240	-7.332766388779285	-8.936066692971782	Low	Very Large	Medium E	0.2031354902626811	-1.3369257745906262	Linear	Low Density	10.573140105200135	2215.0	2616.0	2215.0
C-187658-4107-186	240	-7.339824424369264	-7.242138151376651	Very Low	Very Large	High E	0.003992479179244687	-1.338212610853767	Spherical	Low Density	10.48939669119443	5226.0	2616.0	5225.0
C-187658-4107-188	240	-7.325653807606483	-10.643086174444	Medium	Very Large	Low E	0.4038175091147807	-1.3356289934592462	Intermediate	Low Density	10.179110374236709	333.0	2616.0	333.0
C-187658-4107-19	240	-7.333252711854531	-8.819349154912594	Very Low	Very Large	Medium E	0.18941384769950667	-1.3370144420620282	Linear	Low Density	10.492850609035287	2639.0	2616.0	2639.0
C-187658-4107-190	240	-7.335159685139485	-8.361675566523706	Very Low	Very Large	Medium E	0.13560845139907618	-1.3373621255420327	Spherical	Low Density	10.280076674614735	4764.0	2616.0	4763.0
C-187658-4107-191	240	-7.323833068772147	-11.08006349468478	Medium	Very Large	Low E	0.45518979383109015	-1.335297032430166	Spherical	Low Density	10.317838434727461	288.0	2616.0	288.0
C-187658-4107-192	240	-7.332048654008002	-9.10832303807952	Low	Very Large	Medium E	0.22338643143326078	-1.3367949156399692	Linear	Low Density	10.474814661747782	1325.0	2616.0	1325.0
C-187658-4107-193	240	-7.331987773218208	-9.122934427629774	Low	Very Large	Medium E	0.2251041875485497	-1.3367838157231389	Intermediate	Low Density	9.872532393279059	1308.0	2616.0	1308.0
C-187658-4107-194	240	-7.33511386173142	-8.372673184459053	Very Low	Very Large	Medium E	0.1369013623434499	-1.337353770919497	Linear	Low Density	10.188980286605334	4679.0	2616.0	4678.0
C-187658-4107-195	240	-7.333884669308326	-8.66767936600166	Very Low	Very Large	Medium E	0.1715831200669975	-1.3371296619072583	Intermediate	Medium Density	10.798490422048836	3446.0	2616.0	3446.0
C-187658-4107-196	240	-7.332601492782393	-8.975641732225629	Low	Very Large	Medium E	0.20778804335878948	-1.3368957103970214	Linear	Low Density	10.286686861995252	1998.0	2616.0	1998.0
C-187658-4107-197	240	-7.335087160307872	-8.379081526110676	Very Low	Very Large	Medium E	0.13765474504008055	-1.3373489026583976	Intermediate	Low Density	10.47714359302465	4632.0	2616.0	4631.0
C-187658-4107-198	240	-7.322969143906632	-11.28740546240834	Medium	Very Large	Low E	0.4795654996312562	-1.3351395197864	Spherical	Low Density	10.141937795093673	140.0	2616.0	140.0
C-187658-4107-199	240	-7.333372988383351	-8.79048278799573	Very Low	Very Large	Medium E	0.18602023628928363	-1.337036371138032	Intermediate	Low Density	10.507126592827186	3074.0	2616.0	3074.0
C-187658-4107-2	240	-7.333321901681902	-8.802743596343355	Very Low	Very Large	Medium E	0.18746165145687788	-1.337027056900501	Linear	Low Density	10.35351567796697	2928.0	2616.0	2928.0
C-187658-4107-20	240	-7.331841731027312	-9.157984553444916	Low	Very Large	Medium E	0.2292247790742653	-1.3367571889960845	Intermediate	Low Density	10.21694241885023	1221.0	2616.0	1221.0
C-187658-4107-200	240	-7.332766300579024	-8.936087861034148	Low	Very Large	Medium E	0.20313797883973858	-1.3369257585097645	Intermediate	Low Density	10.139083865431033	2155.0	2616.0	2155.0
C-187658-4107-201	240	-7.335151821974247	-8.363562726180499	Very Low	Very Large	Medium E	0.13583031120442676	-1.3373606919127965	Spherical	Low Density	10.60175945645248	4754.0	2616.0	4753.0
C-187658-4107-203	240	-7.332564998402968	-8.98440038328771	Low	Very Large	Medium E	0.20881773505043436	-1.3368890566630969	Intermediate	Low Density	10.402828079163749	1594.0	2616.0	1594.0
C-187658-4107-205	240	-7.334072017375722	-8.622715829826586	Very Low	Very Large	Medium E	0.1662970800936632	-1.3371638196107554	Linear	Low Density	10.43458869698851	3670.0	2616.0	3669.0
C-187658-4107-207	240	-7.3325651006982	-8.9843758324321	Low	Very Large	Medium E	0.20881484878268625	-1.336889075313784	Linear	Low Density	10.475209877222763	1911.0	2616.0	1911.0
C-187658-4107-209	240	-7.3333219967298895	-8.802720784826459	Very Low	Very Large	Medium E	0.18745896967068698	-1.3370270742298547	Spherical	Low Density	9.949990024555362	2962.0	2616.0	2962.0
C-187658-4107-21	240	-7.3373869666987055	-7.827127992310568	Very Low	Very Large	Medium E	0.07276553277401976	-1.3377682083170614	Linear	Low Density	10.2387370879953	5189.0	2616.0	5188.0
C-187658-4107-22	240	-7.3327326048273695	-8.944174841431359	Low	Very Large	Medium E	0.2040887070359466	-1.3369196150276879	Spherical	Low Density	10.61596571085463	2109.0	2616.0	2109.0
C-187658-4107-23	240	-7.331854153041521	-9.155003270035008	Low	Very Large	Medium E	0.22887429099842055	-1.336759453804492	Linear	Low Density	10.127936494368615	1230.0	2616.0	1230.0
C-187658-4107-24	240	-7.332565043194268	-8.984389633375418	Low	Very Large	Medium E	0.20881647126048494	-1.3368890648295433	Linear	Low Density	9.876958539742553	1745.0	2616.0	1745.0
C-187658-4107-25	240	-7.33444876706145	-8.53229590525184	Very Low	Very Large	Medium E	0.155667059051108	-1.3372325094255828	Intermediate	Low Density	10.103505059733074	4201.0	2616.0	4200.0
C-187658-4107-26	240	-7.335050149981383	-8.387964004468149	Very Low	Very Large	Medium E	0.1386989942173775	-1.3373421548558924	Spherical	Low Density	10.677004334797292	4604.0	2616.0	4603.0
C-187658-4107-27	240	-7.323220588874311	-11.22705867016511	Medium	Very Large	Low E	0.472470960740507	-1.3351853637749247	Spherical	Low Density	10.436696135724713	143.0	2616.0	143.0
C-187658-4107-28	240	-7.3326565926077425	-8.962417774141828	Low	Very Large	Medium E	0.20623339759505308	-1.3369057563159528	Linear	Low Density	10.05389067551858	2065.0	2616.0	2065.0
C-187658-4107-29	240	-7.334794485970421	-8.449323367099014	Very Low	Very Large	Medium E	0.14591257373529626	-1.3372955416423018	Intermediate	Low Density	10.487647032451887	4489.0	2616.0	4488.0
C-187658-4107-3	240	-7.333667895668509	-8.719705039557704	Very Low	Very Large	Medium E	0.17769940480463461	-1.3370901392699672	Linear	Low Density	10.230261972917745	3350.0	2616.0	3350.0
C-187658-4107-30	240	-7.332463452066247	-9.00877150410058	Low	Very Large	Medium E	0.21168287266574395	-1.3368705425160916	Intermediate	Low Density	10.158636805067928	1509.0	2616.0	1509.0
C-187658-4107-31	240	-7.332978310705632	-8.88520543064829	Very Low	Very Large	Medium E	0.19715609698967748	-1.3369644126530589	Intermediate	Low Density	10.538131974328376	2407.0	2616.0	2407.0
C-187658-4107-32	240	-7.331133422815027	-9.327978524393592	Low	Very Large	Medium E	0.24920974916564562	-1.336628048715984	Spherical	Low Density	10.341200410513437	1044.0	2616.0	1044.0
C-187658-4107-33	240	-7.3332538672782865	-8.819071853211247	Very Low	Very Large	Medium E	0.18938124733034295	-1.337014652721378	Spherical	Medium Density	11.102236308655254	2650.0	2616.0	2650.0
C-187658-4107-34	240	-7.336729382227676	-7.984948265357635	Very Low	Very Large	Medium E	0.09131932864724988	-1.3376483160988073	Intermediate	Low Density	10.560727895113857	5163.0	2616.0	5162.0
C-187658-4107-36	240	-7.334357623681522	-8.554170316434751	Very Low	Very Large	Medium E	0.15823867644914247	-1.3372158919680848	Intermediate	Low Density	10.38438852497055	3882.0	2616.0	3881.0
C-187658-4107-37	240	-7.333983946835157	-8.643852759562296	Very Low	Very Large	Medium E	0.16878199709533015	-1.3371477623999537	Spherical	Low Density	10.612890684364917	3548.0	2616.0	3548.0
C-187658-4107-38	240	-7.337501415960514	-7.799660169476546	Very Low	Very Large	Medium E	0.06953633814582764	-1.3377890749531822	Spherical	Low Density	9.977506655279802	5207.0	2616.0	5206.0
C-187658-4107-39	240	-7.335044561436386	-8.389305255267264	Very Low	Very Large	Medium E	0.13885667543958158	-1.3373411359403218	Linear	Low Density	10.655854815694475	4596.0	2616.0	4595.0
C-187658-4107-4	240	-7.33326286957897	-8.816911301047249	Very Low	Very Large	Medium E	0.1891272467317416	-1.3370162940402441	Linear	Low Density	10.42667798186752	2754.0	2616.0	2754.0
C-187658-4107-41	240	-7.329904750362148	-9.622859913084296	Low	Very Large	Medium E	0.283876835890013	-1.336404034505836	Intermediate	Low Density	10.29898362898126	883.0	2616.0	883.0
C-187658-4107-42	240	-7.334104501695863	-8.614919592992592	Very Low	Very Large	Medium E	0.1653805325297836	-1.337169742222027	Linear	Low Density	10.017306264862473	3770.0	2616.0	3769.0
C-187658-4107-44	240	-7.332565026708588	-8.984393589938888	Low	Very Large	Medium E	0.20881693640521085	-1.3368890618238385	Linear	Low Density	10.657208275125274	1676.0	2616.0	1676.0
C-187658-4107-45	240	-7.332612403689216	-8.973023114587876	Low	Very Large	Medium E	0.207480191292764	-1.336897699697073	Linear	Low Density	10.075785882762593	2024.0	2616.0	2024.0
C-187658-4107-46	240	-7.331783829038769	-9.17188103069554	Low	Very Large	Medium E	0.23085848808568182	-1.336746632180719	Intermediate	Low Density	10.325682076909569	1166.0	2616.0	1166.0
C-187658-4107-47	240	-7.334366551575255	-8.552027621938812	Very Low	Very Large	Medium E	0.1579867752483188	-1.3372175197209153	Linear	Low Density	10.55077426502387	3910.0	2616.0	3909.0
C-187658-4107-48	240	-7.333253906616422	-8.81906241205871	Very Low	Very Large	Medium E	0.18938013740185972	-1.3370146598935917	Linear	Low Density	10.226276908242045	2658.0	2616.0	2658.0
C-187658-4107-49	240	-7.323597398845147	-11.13662427716492	Medium	Very Large	Low E	0.4618392387490557	-1.3352540645810629	Linear	Low Density	10.283908758203964	175.0	2616.0	175.0
C-187658-4107-5	240	-7.334082798897888	-8.620128264506842	Very Low	Very Large	Medium E	0.16599287862559586	-1.3371657853211174	Spherical	Low Density	10.463082226078111	3758.0	2616.0	3757.0
C-187658-4107-50	240	-7.323597490855581	-11.13660219466026	Medium	Very Large	Low E	0.4618366426676377	-1.3352540813566038	Spherical	Low Density	10.312467277367697	233.0	2616.0	233.0
C-187658-4107-51	240	-7.33472177423812	-8.466774182851115	Very Low	Very Large	Medium E	0.14796414079342507	-1.3372822846825305	Intermediate	Low Density	10.414296655338033	4346.0	2616.0	4345.0
C-187658-4107-52	240	-7.3339606866498706	-8.649435204030976	Very Low	Very Large	Medium E	0.16943828499261007	-1.3371435215528324	Intermediate	Low Density	10.302790977838988	3521.0	2616.0	3521.0
C-187658-4107-53	240	-7.334382631712048	-8.548168389108573	Very Low	Very Large	Medium E	0.15753307296547786	-1.3372204514861177	Spherical	Low Density	10.182882268234694	3964.0	2616.0	3963.0
C-187658-4107-54	240	-7.333978823308761	-8.645082405897181	Very Low	Very Large	Medium E	0.16892655778234625	-1.337146828267577	Linear	Low Density	9.987138028786525	3541.0	2616.0	3541.0
C-187658-4107-55	240	-7.334787004831546	-8.451118840428796	Very Low	Very Large	Medium E	0.14612365463774143	-1.3372941776649356	Linear	Low Density	10.610552252794077	4474.0	2616.0	4473.0
C-187658-4107-56	240	-7.334035721645717	-8.631426805028086	Very Low	Very Large	Medium E	0.16732116687682314	-1.3371572020950213	Linear	Low Density	9.87474837700431	3604.0	2616.0	3604.0
C-187658-4107-57	240	-7.332649456384598	-8.964130467696533	Low	Very Large	Medium E	0.2064347466739451	-1.336904455224366	Linear	Low Density	10.780772191078475	2061.0	2616.0	2061.0
C-187658-4107-58	240	-7.33387036981878	-8.671111243492682	Very Low	Very Large	Medium E	0.1719865812523216	-1.3371270547935001	Intermediate	Low Density	10.361796130666907	3434.0	2616.0	3434.0
C-187658-4107-59	240	-7.333167864637554	-8.839712486987075	Very Low	Very Large	Medium E	0.1918078183809229	-1.3369989725345315	Spherical	Low Density	10.198852691074254	2537.0	2616.0	2537.0
C-187658-4107-6	240	-7.331830712326368	-9.160629041671648	Low	Very Large	Medium E	0.22953567255962	-1.3367551800427764	Intermediate	Low Density	10.265888210890314	1198.0	2616.0	1198.0
C-187658-4107-60	240	-7.331830396790039	-9.160704770390572	Low	Very Large	Medium E	0.22954457544113524	-1.3367551225135128	Intermediate	Low Density	10.46821247322768	1197.0	2616.0	1197.0
C-187658-4107-61	240	-7.332836194804953	-8.91931324681131	Low	Very Large	Medium E	0.20116590793823233	-1.3369385017757005	Spherical	Low Density	10.374413018837405	2357.0	2616.0	2357.0
C-187658-4107-62	240	-7.334569540191597	-8.503310354016653	Very Low	Very Large	Medium E	0.15225943599666183	-1.3372545290430111	Linear	Low Density	10.43868594657019	4238.0	2616.0	4237.0
C-187658-4107-64	240	-7.333272690618664	-8.814554251520626	Very Low	Very Large	Medium E	0.18885014534969297	-1.3370180846333712	Linear	Low Density	10.460607712092688	2816.0	2616.0	2816.0
C-187658-4107-65	240	-7.335226109646599	-8.345733684816203	Very Low	Very Large	Medium E	0.13373427887786582	-1.337374236201355	Intermediate	Low Density	10.142544535576228	4844.0	2616.0	4843.0
C-187658-4107-66	240	-7.334374085606883	-8.55021945434805	Very Low	Very Large	Medium E	0.15777420197281597	-1.337218893341802	Intermediate	Low Density	10.249223614592527	3930.0	2616.0	3929.0
C-187658-4107-67	240	-7.334537242031508	-8.511061912438091	Very Low	Very Large	Medium E	0.15317073104054305	-1.3372486403728414	Linear	Low Density	10.484265937272662	4222.0	2616.0	4221.0
C-187658-4107-68	240	-7.333980886745432	-8.644587181096282	Very Low	Very Large	Medium E	0.16886833775969753	-1.3371472044777988	Intermediate	Low Density	10.131840569089283	3544.0	2616.0	3544.0
C-187658-4107-69	240	-7.334294947168044	-8.56921267966947	Very Low	Very Large	Medium E	0.16000709904478974	-1.3372044646510413	Intermediate	Low Density	10.260115369242017	3822.0	2616.0	3821.0
C-187658-4107-7	240	-7.33195431690268	-9.130963943356845	Low	Very Large	Medium E	0.2260481600362474	-1.336777715895573	Spherical	Low Density	10.150424582230833	1287.0	2616.0	1287.0
C-187658-4107-70	240	-7.331257070806683	-9.298303006396122	Low	Very Large	Medium E	0.2457210116750335	-1.3366505924843597	Intermediate	Low Density	10.189908259545945	1062.0	2616.0	1062.0
C-187658-4107-71	240	-7.332892313921801	-8.905844658767748	Very Low	Very Large	Medium E	0.19958250278733236	-1.3369487335340553	Linear	Low Density	10.51552235671957	2385.0	2616.0	2385.0
C-187658-4107-72	240	-7.332564959342198	-8.9844097578723	Low	Very Large	Medium E	0.20881883715302366	-1.3368890495414532	Linear	Low Density	10.453959006960044	1553.0	2616.0	1553.0
C-187658-4107-73	240	-7.333623062564357	-8.73046498455408	Very Low	Very Large	Medium E	0.17896437424880446	-1.3370819652017756	Intermediate	Low Density	10.164518285130269	3257.0	2616.0	3257.0
C-187658-4107-74	240	-7.334416930140028	-8.539936766393001	Very Low	Very Large	Medium E	0.15656534021089305	-1.3372267048494413	Linear	Low Density	10.194076004042767	4104.0	2616.0	4103.0
C-187658-4107-75	240	-7.333263992052716	-8.816641907348286	Very Low	Very Large	Medium E	0.18909557604961183	-1.337016498692077	Spherical	Low Density	10.332602478393547	2764.0	2616.0	2764.0
C-187658-4107-76	240	-7.332234707264241	-9.063670256582032	Low	Very Large	Medium E	0.21813692465521775	-1.3368288372707051	Intermediate	Low Density	10.30194849252412	1443.0	2616.0	1443.0
C-187658-4107-77	240	-7.328895264652204	-9.865136483470945	Low	Very Large	Medium E	0.3123595519887207	-1.3362199828951409	Linear	Low Density	10.05162660960058	758.0	2616.0	758.0
C-187658-4107-78	240	-7.328678582108223	-9.917140294026437	Low	Very Large	Medium E	0.31847326645042195	-1.3361804768666392	Spherical	Low Density	10.461110776243578	578.0	2616.0	578.0
C-187658-4107-79	240	-7.332766372368566	-8.936070631544176	Low	Very Large	Medium E	0.20313595329236625	-1.3369257715985885	Intermediate	Low Density	10.207792908465494	2196.0	2616.0	2196.0
C-187658-4107-8	240	-7.326825767334919	-10.36181583961967	Low	Very Large	Low E	0.37075057622476476	-1.3358426676832234	Linear	Low Density	10.373083619613666	389.0	2616.0	389.0
C-187658-4107-81	240	-7.333253947562015	-8.819052585116486	Very Low	Very Large	Medium E	0.18937898211884707	-1.3370146673588803	Spherical	Low Density	10.376556826829358	2685.0	2616.0	2685.0
C-187658-4107-83	240	-7.333350378155143	-8.795909242765577	Very Low	Very Large	Medium E	0.18665818559815414	-1.3370322487924864	Spherical	Low Density	10.089422338629703	2972.0	2616.0	2972.0
C-187658-4107-84	240	-7.333475607932795	-8.765854096129221	Very Low	Very Large	Medium E	0.18312481789535034	-1.3370550809554944	Spherical	Low Density	10.14773055497877	3124.0	2616.0	3124.0
C-187658-4107-85	240	-7.334036360866573	-8.631273392022331	Very Low	Very Large	Medium E	0.1673031312117254	-1.3371573186391459	Linear	Low Density	10.150285595763396	3609.0	2616.0	3609.0
C-187658-4107-86	240	-7.332978464778733	-8.885168453104047	Very Low	Very Large	Medium E	0.19715174980541383	-1.3369644407439987	Intermediate	Low Density	10.045775467528243	2426.0	2616.0	2426.0
C-187658-4107-87	240	-7.334767577023404	-8.455781514382764	Very Low	Very Large	Medium E	0.14667181172235583	-1.3372906355450764	Spherical	Low Density	10.323290177966557	4392.0	2616.0	4391.0
C-187658-4107-88	240	-7.329728664412033	-9.665120541111994	Low	Very Large	Medium E	0.2888451143675561	-1.3363719301358383	Linear	Low Density	10.178601994028321	855.0	2616.0	855.0
C-187658-4107-89	240	-7.322301895877088	-11.44754498949878	Medium	Very Large	Low E	0.49839195354310895	-1.3350178656873266	Linear	Low Density	10.397367141042949	68.0	2616.0	68.0
C-187658-4107-9	240	-7.33273850831477	-8.94275800445522	Low	Very Large	Medium E	0.20392213968986378	-1.3369206913642364	Spherical	Low Density	10.25641759654756	2114.0	2616.0	2114.0
C-187658-4107-91	240	-7.332766456357162	-8.93605047428108	Low	Very Large	Medium E	0.20313358354772626	-1.3369257869115705	Linear	Low Density	10.356957480677158	2298.0	2616.0	2298.0
C-187658-4107-92	240	-7.333532234840467	-8.752263638287848	Very Low	Very Large	Medium E	0.18152708538770893	-1.3370654052953668	Spherical	Low Density	10.306445822333023	3172.0	2616.0	3172.0
C-187658-4107-93	240	-7.323597413866818	-11.13662067196368	Medium	Very Large	Low E	0.46183881491146517	-1.3352540673198463	Intermediate	Low Density	10.197370709187593	183.0	2616.0	183.0
C-187658-4107-94	240	-7.32970400485935	-9.671038833756052	Low	Very Large	Medium E	0.2895408855223957	-1.3363674341530367	Intermediate	Low Density	10.513040891758	847.0	2616.0	847.0
C-187658-4107-95	240	-7.328579923836414	-9.940818279260707	Low	Very Large	Medium E	0.3212569170945508	-1.336162489277854	Linear	Low Density	9.883012428456109	559.0	2616.0	559.0
C-187658-4107-96	240	-7.334082718711084	-8.620147509339802	Very Low	Very Large	Medium E	0.16599514110236677	-1.3371657707012865	Spherical	Low Density	10.55646125244164	3732.0	2616.0	3731.0
C-187658-4107-97	240	-7.3351094679064675	-8.373727702447594	Very Low	Very Large	Medium E	0.13702533444873502	-1.3373529698278601	Intermediate	Low Density	10.605013468372803	4652.0	2616.0	4651.0
C-187658-4107-98	240	-7.332514633396472	-8.996487984846784	Low	Very Large	Medium E	0.21023878754003844	-1.3368798740065453	Intermediate	Low Density	10.076854695344208	1525.0	2616.0	1525.0
C-187658-4107-99	240	-7.333250655236474	-8.819842743246012	Very Low	Very Large	Medium E	0.18947187533443935	-1.3370140670949906	Spherical	Low Density	10.154977040738723	2592.0	2616.0	2592.0
C-2158988-7926-291	60	-7.334052960667352	-2.156822359958879	Very Low	Very Small	Very High E	0.1668347665699988	-1.784061784182769	Spherical	High Density	5.028912075824796	3633.0	5232.0	5232.0
C-2495266-1868-1	240	-7.335037326534207	-8.391041631790165	Very Low	Very Large	Medium E	0.1390608087549449	-1.337339816857361	Spherical	Low Density	10.190185879315518	4576.0	2616.0	4575.0
C-2495266-1868-10	240	-7.332565043489016	-8.984389562636116	Low	Very Large	Medium E	0.20881646294416636	-1.3368890648832823	Intermediate	Low Density	10.33067781229254	1750.0	2616.0	1750.0
C-2495266-1868-100	240	-7.333665517956478	-8.7202756904453	Very Low	Very Large	Medium E	0.17776649213048432	-1.3370897057603843	Intermediate	Low Density	10.531270617655338	3342.0	2616.0	3342.0
C-2495266-1868-101	240	-7.330952979490578	-9.37128492226112	Low	Very Large	Medium E	0.2543009712914743	-1.336595149900105	Spherical	Low Density	10.311137563625742	1036.0	2616.0	1036.0
C-2495266-1868-102	240	-7.333372901586155	-8.79050361932287	Very Low	Very Large	Medium E	0.18602268527877425	-1.33703635531298	Intermediate	Low Density	10.480660917412203	3029.0	2616.0	3029.0
C-2495266-1868-104	240	-7.331978118195191	-9.125251633154209	Low	Very Large	Medium E	0.225376604757457	-1.33678205539853	Linear	Low Density	10.115715377781997	1301.0	2616.0	1301.0
C-2495266-1868-105	240	-7.334365619457131	-8.552251330288444	Very Low	Very Large	Medium E	0.15801307503209522	-1.3372173497751296	Linear	Low Density	10.360738739491026	3902.0	2616.0	3901.0
C-2495266-1868-106	240	-7.335238881273498	-8.342668494360378	Very Low	Very Large	Medium E	0.1333739264533548	-1.337376564751902	Spherical	Low Density	10.514716637144979	4853.0	2616.0	4852.0
C-2495266-1868-108	240	-7.334385895471871	-8.547385086750952	Very Low	Very Large	Medium E	0.15744098573378607	-1.3372210465418441	Intermediate	Low Density	10.399871976416936	3987.0	2616.0	3986.0
C-2495266-1868-109	240	-7.335810965007642	-8.20536839816584	Very Low	Very Large	Medium E	0.11723254037547065	-1.337480868291501	Intermediate	Low Density	10.237001162775673	5069.0	2616.0	5068.0
C-2495266-1868-11	240	-7.328895148419433	-9.865164379336054	Low	Very Large	Medium E	0.3123628315051954	-1.3362199617033317	Intermediate	Low Density	10.454765847754079	662.0	2616.0	662.0
C-2495266-1868-110	240	-7.329728757333686	-9.665098239915228	Low	Very Large	Medium E	0.2888424925760595	-1.3363719470775142	Linear	Low Density	10.513961939779506	870.0	2616.0	870.0
C-2495266-1868-111	240	-7.333372863694813	-8.79051271324488	Very Low	Very Large	Medium E	0.1860237543858605	-1.337036348404549	Intermediate	Low Density	10.27408533488137	2991.0	2616.0	2991.0
C-2495266-1868-112	240	-7.332055088363677	-9.106778792717432	Low	Very Large	Medium E	0.22320488559842439	-1.3367960887655659	Linear	Low Density	10.273803998533568	1335.0	2616.0	1335.0
C-2495266-1868-113	240	-7.332132883155215	-9.088108042748248	Low	Very Large	Medium E	0.22100989963723527	-1.3368102724796544	Intermediate	Low Density	10.441851974219155	1395.0	2616.0	1395.0
C-2495266-1868-114	240	-7.332459977795435	-9.009605329095566	Low	Very Large	Medium E	0.21178089948100656	-1.336869909079548	Intermediate	Low Density	10.433702527943483	1508.0	2616.0	1508.0
C-2495266-1868-115	240	-7.334335428654228	-8.55949712298515	Very Low	Very Large	Medium E	0.1588649108326496	-1.3372118453228647	Intermediate	Low Density	10.276645126164544	3848.0	2616.0	3847.0
C-2495266-1868-116	240	-7.335113933380277	-8.372655988733468	Very Low	Very Large	Medium E	0.1368993407655098	-1.3373537839826708	Spherical	Low Density	10.660101036293458	4691.0	2616.0	4690.0
C-2495266-1868-118	240	-7.334440825399598	-8.534201904096248	Very Low	Very Large	Medium E	0.15589113364438414	-1.337231061484675	Spherical	Low Density	10.650492974748722	4170.0	2616.0	4169.0
C-2495266-1868-119	240	-7.335208619109503	-8.349931413719315	Very Low	Very Large	Medium E	0.1342277757125526	-1.3373710472889289	Spherical	Low Density	10.490116620819528	4803.0	2616.0	4802.0
C-2495266-1868-12	240	-7.332565061097798	-8.984385336528495	Low	Very Large	Medium E	0.20881596611104306	-1.3368890680937533	Linear	Low Density	10.375607137215551	1810.0	2616.0	1810.0
C-2495266-1868-121	240	-7.333923934570467	-8.658255703087999	Very Low	Very Large	Medium E	0.1704752477087572	-1.3371368208344923	Linear	Low Density	10.259324141200917	3486.0	2616.0	3486.0
C-2495266-1868-122	240	-7.333291222553766	-8.810106587096216	Very Low	Very Large	Medium E	0.1883272653910452	-1.3370214634157267	Intermediate	Low Density	10.010186121098538	2875.0	2616.0	2875.0
C-2495266-1868-123	240	-7.33408237796888	-8.62022928746884	Very Low	Very Large	Medium E	0.16600475516957974	-1.3371657085764332	Spherical	Low Density	10.140817980650365	3681.0	2616.0	3680.0
C-2495266-1868-124	240	-7.332565043211259	-8.984389629297874	Low	Very Large	Medium E	0.20881647078108673	-1.336889064832641	Spherical	Low Density	10.363620219165396	1746.0	2616.0	1746.0
C-2495266-1868-125	240	-7.331257175667937	-9.298277839695173	Low	Very Large	Medium E	0.24571805300677774	-1.3366506116028896	Spherical	Low Density	10.332183143626127	1086.0	2616.0	1086.0
C-2495266-1868-126	240	-7.332303298199962	-9.047208432009096	Low	Very Large	Medium E	0.21620162618605343	-1.336841342917961	Linear	Low Density	10.555651521489569	1456.0	2616.0	1456.0
C-2495266-1868-127	240	-7.332747031691342	-8.940712394077845	Low	Very Large	Medium E	0.20368165197148755	-1.3369222453646261	Intermediate	Low Density	10.332071259539793	2125.0	2616.0	2125.0
C-2495266-1868-128	240	-7.328895082422134	-9.865180218687785	Low	Very Large	Medium E	0.31236469362401226	-1.3362199496705618	Intermediate	Low Density	10.392502853596179	612.0	2616.0	612.0
C-2495266-1868-129	240	-7.332871570489823	-8.910823082442388	Low	Very Large	Medium E	0.20016778029855054	-1.3369449515468224	Linear	Low Density	10.256734896353084	2376.0	2616.0	2376.0
C-2495266-1868-13	240	-7.332847956255342	-8.916490498717907	Low	Very Large	Medium E	0.20083405772080862	-1.3369406461486886	Linear	Low Density	10.515115989330932	2367.0	2616.0	2367.0
C-2495266-1868-130	240	-7.33440200760421	-8.54351817498977	Very Low	Very Large	Medium E	0.15698638069418733	-1.3372239841405436	Spherical	Low Density	10.213820660748876	4058.0	2616.0	4057.0
C-2495266-1868-131	240	-7.334776780857639	-8.45357259416675	Very Low	Very Large	Medium E	0.14641212483928956	-1.337292313607974	Linear	Low Density	9.998221344023909	4446.0	2616.0	4445.0
C-2495266-1868-132	240	-7.331785200414298	-9.171551900568655	Low	Very Large	Medium E	0.23081979462081784	-1.3367468822128616	Linear	Low Density	10.352181203233032	1167.0	2616.0	1167.0
C-2495266-1868-133	240	-7.330182592729969	-9.556177744807515	Low	Very Large	Medium E	0.2760374923461985	-1.3364546913252568	Linear	Low Density	10.239451301589376	976.0	2616.0	976.0
C-2495266-1868-134	240	-7.333282396769543	-8.812224775309629	Very Low	Very Large	Medium E	0.18857628556427156	-1.3370198542797223	Spherical	Low Density	10.176834338609774	2853.0	2616.0	2853.0
C-2495266-1868-136	240	-7.333271211464946	-8.814909248412878	Very Low	Very Large	Medium E	0.18889187978435953	-1.337017814950877	Intermediate	Low Density	10.417892106810434	2795.0	2616.0	2795.0
C-2495266-1868-137	240	-7.33005478095489	-9.586852570826624	Low	Very Large	Medium E	0.2796437113028322	-1.3364313884069121	Spherical	Low Density	10.278396221127501	942.0	2616.0	942.0
C-2495266-1868-139	240	-7.332565084969436	-8.984379607335233	Low	Very Large	Medium E	0.20881529257096096	-1.3368890724460818	Spherical	Low Density	10.32515803658559	1888.0	2616.0	1888.0
C-2495266-1868-14	240	-7.334642092313064	-8.485897844864327	Very Low	Very Large	Medium E	0.1502123723703528	-1.3372677569021911	Intermediate	Low Density	10.306295312639264	4322.0	2616.0	4321.0
C-2495266-1868-140	240	-7.332565106765958	-8.984374376169987	Low	Very Large	Medium E	0.2088146775804369	-1.3368890764200707	Intermediate	Low Density	10.50264100085288	1920.0	2616.0	1920.0
C-2495266-1868-141	240	-7.333259714321614	-8.817668562812514	Very Low	Very Large	Medium E	0.18921627255806026	-1.3370157187669214	Linear	Low Density	10.322511755437661	2721.0	2616.0	2721.0
C-2495266-1868-142	240	-7.335107868811423	-8.374111485258469	Very Low	Very Large	Medium E	0.13707045303706955	-1.3373526782774046	Linear	Low Density	10.218462544699475	4647.0	2616.0	4646.0
C-2495266-1868-143	240	-7.33581098102367	-8.205364554319125	Very Low	Very Large	Medium E	0.11723208848203313	-1.3374808712115775	Spherical	Low Density	10.015243249825883	5070.0	2616.0	5069.0
C-2495266-1868-145	240	-7.328895214549644	-9.86514850808534	Low	Very Large	Medium E	0.3123609656362715	-1.3362199737603342	Spherical	Low Density	10.119095219580705	734.0	2616.0	734.0
C-2495266-1868-146	240	-7.334356753940821	-8.554379054202904	Very Low	Very Large	Medium E	0.15826321624917744	-1.3372157333950854	Intermediate	Low Density	9.87065684326175	3881.0	2616.0	3880.0
C-2495266-1868-147	240	-7.335050146108418	-8.387964933979738	Very Low	Very Large	Medium E	0.13869910349338127	-1.337342154149765	Intermediate	Low Density	10.50133996634577	4602.0	2616.0	4601.0
C-2495266-1868-149	240	-7.32857992565567	-9.940817842639293	Low	Very Large	Medium E	0.3212568657641084	-1.3361624896095448	Intermediate	Low Density	10.13767794748706	560.0	2616.0	560.0
C-2495266-1868-15	240	-7.329910512682139	-9.621476956286347	Low	Very Large	Medium E	0.28371425159312286	-1.336405085104438	Linear	Low Density	10.287373015810736	886.0	2616.0	886.0
C-2495266-1868-150	240	-7.332676357941891	-8.957674093945975	Low	Very Large	Medium E	0.20567571718847116	-1.3369093599742812	Linear	Low Density	9.863229253214614	2084.0	2616.0	2084.0
C-2495266-1868-152	240	-7.333253870134827	-8.819071167641427	Very Low	Very Large	Medium E	0.1893811667328275	-1.3370146532421887	Linear	Low Density	10.5107566727758	2651.0	2616.0	2651.0
C-2495266-1868-153	240	-7.328895193245993	-9.865153620961868	Low	Very Large	Medium E	0.3123615667204132	-1.3362199698762065	Linear	Low Density	10.51799404662127	713.0	2616.0	713.0
C-2495266-1868-154	240	-7.334082735579846	-8.620143460836788	Very Low	Very Large	Medium E	0.1659946651489528	-1.3371657737768357	Spherical	Low Density	10.462894242653226	3743.0	2616.0	3742.0
C-2495266-1868-155	240	-7.330003297665865	-9.599208560192418	Low	Very Large	Medium E	0.28109631621905534	-1.3364220018626791	Linear	Medium Density	10.822534142939407	930.0	2616.0	930.0
C-2495266-1868-156	240	-7.329699237790754	-9.672182930218858	Low	Very Large	Medium E	0.28967538872546406	-1.3363665650108143	Linear	Low Density	10.446126845200439	842.0	2616.0	842.0
C-2495266-1868-157	240	-7.331850983103018	-9.155764055275789	Low	Very Large	Medium E	0.2289637310544176	-1.336758875854471	Intermediate	Low Density	10.499452963717783	1227.0	2616.0	1227.0
C-2495266-1868-158	240	-7.329728712283681	-9.665109051916389	Low	Very Large	Medium E	0.28884376366536674	-1.3363719388639004	Spherical	Low Density	10.29464254808664	866.0	2616.0	866.0
C-2495266-1868-159	240	-7.333605756798579	-8.73461836834097	Very Low	Very Large	Medium E	0.1794526577466912	-1.3370788099772544	Linear	Low Density	10.252564201865594	3240.0	2616.0	3240.0
C-2495266-1868-16	240	-7.335109508019754	-8.373718075259015	Very Low	Very Large	Medium E	0.13702420264929327	-1.337352977141401	Linear	Low Density	9.927206484767556	4660.0	2616.0	4659.0
C-2495266-1868-161	240	-7.333610294062007	-8.733529425118478	Very Low	Very Large	Medium E	0.17932463851391342	-1.3370796372209033	Intermediate	Low Density	10.120982856955587	3242.0	2616.0	3242.0
C-2495266-1868-162	240	-7.333289445632356	-8.810533048234392	Very Low	Very Large	Medium E	0.188377401363801	-1.337021139443585	Spherical	Low Density	10.4577677594552	2863.0	2616.0	2863.0
C-2495266-1868-163	240	-7.332200796936994	-9.071808735121245	Low	Very Large	Medium E	0.21909370711807594	-1.3368226546667439	Intermediate	Low Density	10.531538720612986	1433.0	2616.0	1433.0
C-2495266-1868-164	240	-7.334622909895469	-8.490501625087452	Very Low	Very Large	Medium E	0.1507536057420417	-1.3372642595224653	Spherical	Low Density	10.219785139414498	4270.0	2616.0	4269.0
C-2495266-1868-165	240	-7.332601491473417	-8.975642046379809	Low	Very Large	Medium E	0.20778808029164797	-1.336895710158366	Spherical	Low Density	10.629918578110358	1995.0	2616.0	1995.0
C-2495266-1868-166	240	-7.334071272892884	-8.622894505707816	Very Low	Very Large	Medium E	0.1663180857335722	-1.3371636838750396	Spherical	Low Density	9.936394875799097	3658.0	2616.0	3657.0
C-2495266-1868-167	240	-7.333372891085372	-8.790506139510544	Very Low	Very Large	Medium E	0.18602298155915034	-1.3370363533984548	Intermediate	Low Density	10.072344557030602	3006.0	2616.0	3006.0
C-2495266-1868-168	240	-7.332766354795171	-8.936074849158857	Low	Very Large	Medium E	0.2031364491270231	-1.3369257683945694	Intermediate	Low Density	10.433280102414901	2180.0	2616.0	2180.0
C-2495266-1868-169	240	-7.33557387420278	-8.262270191332846	Very Low	Very Large	Medium E	0.12392207547041369	-1.337437641384883	Linear	Low Density	10.723221981839487	5031.0	2616.0	5030.0
C-2495266-1868-170	240	-7.333251761405174	-8.819577262758338	Very Low	Very Large	Medium E	0.18944066470040347	-1.3370142687740527	Spherical	Low Density	10.035611256013416	2634.0	2616.0	2634.0
C-2495266-1868-171	240	-7.334082664593826	-8.620160497481745	Very Low	Very Large	Medium E	0.1659966680249245	-1.3371657608345113	Intermediate	Low Density	10.353471773595665	3701.0	2616.0	3700.0
C-2495266-1868-172	240	-7.332565092009982	-8.984377917604437	Low	Very Large	Medium E	0.20881509392142214	-1.3368890737297294	Linear	Low Density	10.060021342909279	1898.0	2616.0	1898.0
C-2495266-1868-173	240	-7.334399308521791	-8.5441659547703	Very Low	Very Large	Medium E	0.15706253550995863	-1.3372234920380188	Spherical	Low Density	10.694860101393852	4049.0	2616.0	4048.0
C-2495266-1868-174	240	-7.3343620397261455	-8.55311046572502	Very Low	Very Large	Medium E	0.15811407741416258	-1.3372166971108599	Linear	Low Density	10.462890223546434	3888.0	2616.0	3887.0
C-2495266-1868-175	240	-7.327610575285652	-10.17346193144346	Low	Very Large	Medium E	0.3486071601936611	-1.3359857555605412	Intermediate	Low Density	10.32679045474047	464.0	2616.0	464.0
C-2495266-1868-176	240	-7.33408265893813	-8.620161854848574	Very Low	Very Large	Medium E	0.16599682760080234	-1.3371657598033526	Intermediate	Low Density	10.317526000808044	3698.0	2616.0	3697.0
C-2495266-1868-179	240	-7.328696882788225	-9.91274813082595	Low	Very Large	Medium E	0.31795691137202386	-1.3361838134860662	Intermediate	Low Density	10.428948137512084	582.0	2616.0	582.0
C-2495266-1868-18	240	-7.332337595726911	-9.0389770255412	Low	Very Large	Medium E	0.21523391885413387	-1.3368475961170065	Spherical	Low Density	10.191374893229776	1466.0	2616.0	1466.0
C-2495266-1868-180	240	-7.3335416815965715	-8.749996416822805	Very Low	Very Large	Medium E	0.18126054444559636	-1.3370671276483033	Linear	Low Density	10.570782685098596	3179.0	2616.0	3179.0
C-2495266-1868-181	240	-7.334767538072095	-8.455790862697349	Very Low	Very Large	Medium E	0.146672910736523	-1.3372906284433896	Intermediate	Low Density	10.359692702686747	4382.0	2616.0	4381.0
C-2495266-1868-182	240	-7.331868223789202	-9.151626290591317	Low	Very Large	Medium E	0.22847728378220566	-1.3367620192135405	Intermediate	Low Density	10.30129224135874	1238.0	2616.0	1238.0
C-2495266-1868-183	240	-7.339824395062794	-7.242145184929318	Very Low	Very Large	High E	0.003993306063529048	-1.3382126055105483	Intermediate	Low Density	10.21488739644383	5225.0	2616.0	5224.0
C-2495266-1868-184	240	-7.334767723899416	-8.455746264139993	Very Low	Very Large	Medium E	0.14666766760450994	-1.3372906623238277	Spherical	Low Density	10.172203746880625	4434.0	2616.0	4433.0
C-2495266-1868-185	240	-7.323624795881185	-11.13004898851573	Medium	Very Large	Low E	0.46106622929312097	-1.3352590596677307	Intermediate	Low Density	10.584073715094458	247.0	2616.0	247.0
C-2495266-1868-186	240	-7.333516007397853	-8.756158224515083	Very Low	Very Large	Medium E	0.18198494391549155	-1.3370624466730494	Intermediate	Low Density	10.680507183765247	3163.0	2616.0	3163.0
C-2495266-1868-187	240	-7.332615944288273	-8.972173370814417	Low	Very Large	Medium E	0.20738029302104477	-1.3368983452267251	Linear	Low Density	10.051624099274358	2031.0	2616.0	2031.0
C-2495266-1868-188	240	-7.335539554815066	-8.270506844384274	Very Low	Very Large	Medium E	0.12489039960547375	-1.3374313842001357	Spherical	Low Density	10.254632312101396	5016.0	2616.0	5015.0
C-2495266-1868-189	240	-7.3350019223994	-8.399538624144146	Very Low	Very Large	Medium E	0.1400597391117529	-1.3373333618991854	Intermediate	Low Density	10.497008505913255	4550.0	2616.0	4549.0
C-2495266-1868-19	240	-7.333282335992417	-8.81223936181996	Very Low	Very Large	Medium E	0.1885780003955175	-1.3370198431987057	Spherical	Low Density	9.99438812399784	2844.0	2616.0	2844.0
C-2495266-1868-191	240	-7.333282485328753	-8.812203521099255	Very Low	Very Large	Medium E	0.18857378685943185	-1.3370198704260283	Linear	Low Density	10.302313935672471	2857.0	2616.0	2857.0
C-2495266-1868-192	240	-7.334440870831669	-8.534191000399368	Very Low	Very Large	Medium E	0.15588985177505751	-1.337231069767948	Linear	Low Density	10.072374768012097	4174.0	2616.0	4173.0
C-2495266-1868-193	240	-7.333429807368781	-8.776846231492618	Very Low	Very Large	Medium E	0.18441708429308465	-1.3370467304979352	Intermediate	Low Density	10.31297324874839	3106.0	2616.0	3106.0
C-2495266-1868-194	240	-7.33325270545018	-8.81935069195685	Very Low	Very Large	Medium E	0.18941402839875246	-1.3370144408943732	Spherical	Low Density	9.889454833398208	2638.0	2616.0	2638.0
C-2495266-1868-195	240	-7.33516599948579	-8.360160123410358	Very Low	Very Large	Medium E	0.13543029163773093	-1.3373632767872623	Intermediate	Low Density	9.952076398742689	4773.0	2616.0	4772.0
C-2495266-1868-196	240	-7.335224279774142	-8.346172854205863	Very Low	Very Large	Medium E	0.13378590886844363	-1.3373739025750642	Spherical	Low Density	10.383578922373044	4824.0	2616.0	4823.0
C-2495266-1868-197	240	-7.333263348325928	-8.81679640177738	Very Low	Very Large	Medium E	0.18911373884991323	-1.3370163813264213	Intermediate	Low Density	10.116471973405758	2759.0	2616.0	2759.0
C-2495266-1868-199	240	-7.334435502086445	-8.535479499253157	Very Low	Very Large	Medium E	0.15604133132994463	-1.3372300909267458	Intermediate	Low Density	10.18650296291095	4151.0	2616.0	4150.0
C-2495266-1868-2	240	-7.3347676598867855	-8.455761627171434	Very Low	Very Large	Medium E	0.14666947372575612	-1.3372906506529068	Linear	Low Density	10.032515442740552	4427.0	2616.0	4426.0
C-2495266-1868-20	240	-7.333590071073605	-8.738382942334727	Very Low	Very Large	Medium E	0.1798952316700625	-1.3370759501220648	Spherical	Low Density	10.546929324792426	3216.0	2616.0	3216.0
C-2495266-1868-200	240	-7.323597440263497	-11.13661433676059	Medium	Very Large	Low E	0.46183807012714484	-1.3352540721325459	Linear	Low Density	10.177717446796573	201.0	2616.0	201.0
C-2495266-1868-201	240	-7.333060628546402	-8.865449148863485	Very Low	Very Large	Medium E	0.19483349285033325	-1.3369794210192334	Spherical	Low Density	10.097987368506761	2473.0	2616.0	2473.0
C-2495266-1868-202	240	-7.332565068075797	-8.984383661808664	Low	Very Large	Medium E	0.20881576922625603	-1.3368890693659974	Spherical	Low Density	10.734158122847859	1836.0	2616.0	1836.0
C-2495266-1868-203	240	-7.332592517265493	-8.977795856281881	Low	Very Large	Medium E	0.20804128825091062	-1.3368940739614323	Spherical	Low Density	10.597771346017087	1965.0	2616.0	1965.0
C-2495266-1868-204	240	-7.335155513191847	-8.362676833956641	Very Low	Very Large	Medium E	0.13572616321904737	-1.337361364903546	Intermediate	Medium Density	10.801914320911829	4756.0	2616.0	4755.0
C-2495266-1868-205	240	-7.322473171320807	-11.40643888300635	Medium	Very Large	Low E	0.49355940386946623	-1.3350490929954286	Spherical	Low Density	10.388172837367396	80.0	2616.0	80.0
C-2495266-1868-206	240	-7.333650030905869	-8.72399258259145	Very Low	Very Large	Medium E	0.17820346044150986	-1.3370868821279334	Spherical	Low Density	10.170926140959075	3306.0	2616.0	3306.0
C-2495266-1868-207	240	-7.335164964956846	-8.360408410357001	Very Low	Very Large	Medium E	0.13545948095059174	-1.3373630881697152	Linear	Low Density	10.004552653683824	4770.0	2616.0	4769.0
C-2495266-1868-208	240	-7.332627814811632	-8.969324445208148	Low	Very Large	Medium E	0.20704536530146922	-1.3369005094861321	Intermediate	Low Density	10.311516291737911	2042.0	2616.0	2042.0
C-2495266-1868-209	240	-7.328895153050573	-9.865163267862169	Low	Very Large	Medium E	0.31236270083723033	-1.336219962547691	Linear	Low Density	9.97829394691927	667.0	2616.0	667.0
C-2495266-1868-21	240	-7.33256502914747	-8.984393004607263	Low	Very Large	Medium E	0.2088168675919701	-1.3368890622685008	Intermediate	Low Density	10.644030669817704	1682.0	2616.0	1682.0
C-2495266-1868-210	240	-7.332173790138823	-9.078290366682571	Low	Very Large	Medium E	0.21985570598291	-1.3368177307290854	Linear	Low Density	10.720886306699306	1412.0	2616.0	1412.0
C-2495266-1868-211	240	-7.336519254471333	-8.035378926880034	Very Low	Very Large	Medium E	0.09724809927711536	-1.337610005153317	Linear	Low Density	10.340314294050613	5130.0	2616.0	5129.0
C-2495266-1868-212	240	-7.335042422227212	-8.389818665469084	Very Low	Very Large	Medium E	0.1389170333891648	-1.3373407459150939	Intermediate	Low Density	10.243307227174007	4589.0	2616.0	4588.0
C-2495266-1868-213	240	-7.332565068764529	-8.984383496512834	Low	Very Large	Medium E	0.20881574979363762	-1.3368890694915683	Intermediate	Low Density	10.33522620418718	1839.0	2616.0	1839.0
C-2495266-1868-214	240	-7.325339988134933	-10.71840284761602	Medium	Very Large	Low E	0.4126719493771513	-1.3355717772167206	Intermediate	Medium Density	10.808776118483632	324.0	2616.0	324.0
C-2495266-1868-215	240	-7.323832814790752	-11.0801244502193	Medium	Very Large	Low E	0.45519695993547143	-1.3352969861237307	Linear	Low Density	10.347798092259444	261.0	2616.0	261.0
C-2495266-1868-217	240	-7.335138194919594	-8.366833219297297	Very Low	Very Large	Medium E	0.13621479958807667	-1.3373582073988177	Intermediate	Low Density	10.626208992531938	4735.0	2616.0	4734.0
C-2495266-1868-218	240	-7.304523880847328	-15.71426859664114	Very High	Very Large	Very Low E	1.0	-1.3317765396646246	Linear	Low Density	10.181253309741615	1.0	2616.0	1.0
C-2495266-1868-219	240	-7.332601545682149	-8.975629036284316	Low	Very Large	Medium E	0.2077865507881586	-1.3368957200418188	Intermediate	Low Density	10.247126884818021	2014.0	2616.0	2014.0
C-2495266-1868-22	240	-7.334082670924908	-8.620158978022108	Very Low	Very Large	Medium E	0.16599648939295508	-1.3371657619888078	Intermediate	Low Density	10.5411287642626	3705.0	2616.0	3704.0
C-2495266-1868-220	240	-7.33256499705514	-8.984400706766351	Low	Very Large	Medium E	0.2088177730794934	-1.3368890564173581	Intermediate	Low Density	10.443424943057064	1588.0	2616.0	1588.0
C-2495266-1868-221	240	-7.334365884385266	-8.55218774753597	Very Low	Very Large	Medium E	0.1580056000646007	-1.3372173980773983	Spherical	Low Density	10.568825964024686	3907.0	2616.0	3906.0
C-2495266-1868-222	240	-7.334032074217385	-8.632302187827673	Very Low	Very Large	Medium E	0.16742407934466885	-1.3371565370880254	Intermediate	Low Density	10.341903088315895	3580.0	2616.0	3580.0
C-2495266-1868-223	240	-7.334429366555801	-8.536952026607564	Very Low	Very Large	Medium E	0.1562144457938136	-1.337228972283573	Spherical	Low Density	10.119976010451365	4137.0	2616.0	4136.0
C-2495266-1868-224	240	-7.32958977062461	-9.6984550500935	Low	Very Large	Medium E	0.2927640131455026	-1.3363466067211143	Intermediate	Low Density	10.551752429745255	829.0	2616.0	829.0
C-2495266-1868-225	240	-7.334396927921125	-8.544737298929837	Very Low	Very Large	Medium E	0.15712970433884263	-1.3372230580017737	Intermediate	Low Density	10.217147011389555	4032.0	2616.0	4031.0
C-2495266-1868-226	240	-7.332813297044386	-8.924808709347172	Low	Very Large	Medium E	0.20181196999447962	-1.3369343270066354	Intermediate	Low Density	10.447150550517165	2349.0	2616.0	2349.0
C-2495266-1868-227	240	-7.333250905515827	-8.819782676201479	Very Low	Very Large	Medium E	0.1894648136834361	-1.3370141127264619	Linear	Low Density	10.507207574818873	2593.0	2616.0	2593.0
C-2495266-1868-228	240	-7.321689237410871	-11.59458302139102	Medium	Very Large	Low E	0.5156781587729913	-1.3349061644751128	Intermediate	Low Density	10.351795014768285	51.0	2616.0	51.0
C-2495266-1868-229	240	-7.334803877631559	-8.447069368425662	Very Low	Very Large	Medium E	0.14564758730183833	-1.3372972539502053	Intermediate	Low Density	10.563250604754689	4499.0	2616.0	4498.0
C-2495266-1868-23	240	-7.331570022041167	-9.223194710119667	Low	Very Large	Medium E	0.2368910687875347	-1.3367076504280317	Linear	Low Density	10.452472088618864	1122.0	2616.0	1122.0
C-2495266-1868-230	240	-7.333475642796597	-8.76584572881655	Very Low	Very Large	Medium E	0.18312383421051034	-1.337055087311938	Linear	Low Density	10.60119316481763	3130.0	2616.0	3130.0
C-2495266-1868-231	240	-7.332565022530039	-8.984394592790474	Low	Very Large	Medium E	0.2088170543032905	-1.3368890610619966	Linear	Low Density	9.909058523871966	1656.0	2616.0	1656.0
C-2495266-1868-232	240	-7.33408270961344	-8.620149692774179	Very Low	Very Large	Medium E	0.16599539779307096	-1.3371657690425844	Spherical	Low Density	10.32012518632904	3727.0	2616.0	3726.0
C-2495266-1868-233	240	-7.33726728691262	-7.855851140971326	Very Low	Very Large	Medium E	0.07614230704259863	-1.3377463880404792	Spherical	Low Density	10.485827011310544	5184.0	2616.0	5183.0
C-2495266-1868-234	240	-7.33183592006946	-9.159379183329536	Low	Very Large	Medium E	0.22938873569212434	-1.3367561295297228	Linear	Low Density	10.280622425924143	1207.0	2616.0	1207.0
C-2495266-1868-235	240	-7.333590039435237	-8.738390535543028	Very Low	Very Large	Medium E	0.17989612434900776	-1.3370759443536895	Intermediate	Low Density	10.3529778553907	3214.0	2616.0	3214.0
C-2495266-1868-236	240	-7.332565019370917	-8.984395350979973	Low	Very Large	Medium E	0.20881714343815388	-1.3368890604860186	Intermediate	Low Density	10.377294527751163	1649.0	2616.0	1649.0
C-2495266-1868-237	240	-7.334404742247087	-8.542861860699068	Very Low	Very Large	Medium E	0.15690922253737216	-1.3372244827265278	Spherical	Low Density	10.19325414865523	4064.0	2616.0	4063.0
C-2495266-1868-238	240	-7.3343901620690275	-8.546361103433263	Very Low	Very Large	Medium E	0.15732060337045187	-1.3372218244370349	Linear	Low Density	10.162320229119361	4009.0	2616.0	4008.0
C-2495266-1868-24	240	-7.332766363790711	-8.936072690229402	Low	Very Large	Medium E	0.20313619531719396	-1.3369257700346555	Linear	Low Density	10.447205924770216	2185.0	2616.0	2185.0
C-2495266-1868-25	240	-7.334768677686186	-8.45551735531544	Very Low	Very Large	Medium E	0.14664075643825114	-1.3372908362202873	Spherical	Low Density	10.457520460486775	4437.0	2616.0	4436.0
C-2495266-1868-26	240	-7.335050169054571	-8.387959426902952	Very Low	Very Large	Medium E	0.13869845606591694	-1.3373421583333571	Linear	Low Density	10.389442076749926	4610.0	2616.0	4609.0
C-2495266-1868-28	240	-7.334396755434185	-8.544778695795475	Very Low	Very Large	Medium E	0.15713457107095902	-1.3372230265535832	Linear	Medium Density	10.86615010901218	4029.0	2616.0	4028.0
C-2495266-1868-29	240	-7.331770890432215	-9.17498629626833	Low	Very Large	Medium E	0.23122355185386076	-1.3367442731860817	Spherical	Low Density	10.676011951143856	1160.0	2616.0	1160.0
C-2495266-1868-30	240	-7.330182678516445	-9.556157156053333	Low	Very Large	Medium E	0.27603507187426074	-1.3364547069660322	Intermediate	Low Density	10.032883943041934	984.0	2616.0	984.0
C-2495266-1868-31	240	-7.335171842357765	-8.358757834136505	Very Low	Very Large	Medium E	0.1352654345604916	-1.3373643420722756	Linear	Low Density	9.974903171054628	4780.0	2616.0	4779.0
C-2495266-1868-34	240	-7.325344557666927	-10.71730615993739	Medium	Very Large	Low E	0.4125430196843154	-1.3355726103436438	Linear	Low Density	10.383595070738375	326.0	2616.0	326.0
C-2495266-1868-36	240	-7.3344086128533315	-8.54193291520048	Very Low	Very Large	Medium E	0.1568000130877452	-1.3372251884238018	Linear	Low Density	10.201401787393532	4083.0	2616.0	4082.0
C-2495266-1868-37	240	-7.333372891584508	-8.790506019717823	Very Low	Very Large	Medium E	0.18602296747599453	-1.3370363534894583	Linear	Low Density	10.259249019323898	3007.0	2616.0	3007.0
C-2495266-1868-38	240	-7.335810911939765	-8.205381134456347	Very Low	Very Large	Medium E	0.11723403768966288	-1.3374808586160511	Spherical	Low Density	9.686269605063789	5064.0	2616.0	5063.0
C-2495266-1868-39	240	-7.335122452686535	-8.37061135523154	Very Low	Very Large	Medium E	0.13665896789137394	-1.3373553372409521	Intermediate	Low Density	10.085013498373733	4714.0	2616.0	4713.0
C-2495266-1868-4	240	-7.334082673267011	-8.620158415917324	Very Low	Very Large	Medium E	0.16599642331035452	-1.337165762415825	Spherical	Low Density	10.356460175876594	3706.0	2616.0	3705.0
C-2495266-1868-41	240	-7.326329012523794	-10.48103699428956	Low	Very Large	Low E	0.3847665510093089	-1.335752098275249	Spherical	Low Density	10.544755302737174	365.0	2616.0	365.0
C-2495266-1868-42	240	-7.334791406476795	-8.450062445569042	Very Low	Very Large	Medium E	0.14599946188219823	-1.3372949801823857	Intermediate	Low Density	10.697724816215239	4484.0	2616.0	4483.0
C-2495266-1868-45	240	-7.333494615839291	-8.761292198570079	Very Low	Very Large	Medium E	0.18258850836761734	-1.3370585465179803	Linear	Low Density	10.282938526103454	3149.0	2616.0	3149.0
C-2495266-1868-46	240	-7.331872021386545	-9.150714867229196	Low	Very Large	Medium E	0.2283701342843035	-1.336762711599674	Intermediate	Low Density	10.49881409777786	1242.0	2616.0	1242.0
C-2495266-1868-47	240	-7.326825775151317	-10.36181396368393	Low	Very Large	Low E	0.3707503556844951	-1.3358426691083258	Spherical	Low Density	10.653989261136793	390.0	2616.0	390.0
C-2495266-1868-48	240	-7.335227846621521	-8.345316810834916	Very Low	Very Large	Medium E	0.13368526999830477	-1.337374552890367	Spherical	Low Density	10.473665575234962	4845.0	2616.0	4844.0
C-2495266-1868-49	240	-7.334116264923404	-8.612096418383171	Very Low	Very Large	Medium E	0.16504863216986274	-1.3371718869190292	Linear	Low Density	10.574025945061237	3775.0	2616.0	3774.0
C-2495266-1868-50	240	-7.334036407213697	-8.631262268712758	Very Low	Very Large	Medium E	0.16730182352411097	-1.3371573270892532	Spherical	Low Density	9.966168638478623	3613.0	2616.0	3613.0
C-2495266-1868-51	240	-7.335224331595965	-8.34616041696832	Very Low	Very Large	Medium E	0.13378444671175774	-1.3373739120233308	Intermediate	Low Density	10.135683028846822	4835.0	2616.0	4834.0
C-2495266-1868-52	240	-7.333958196468816	-8.650032847483914	Very Low	Very Large	Medium E	0.16950854564048637	-1.3371430675376548	Spherical	Low Density	10.329727591932995	3518.0	2616.0	3518.0
C-2495266-1868-53	240	-7.333321886608598	-8.802747213936586	Very Low	Very Large	Medium E	0.1874620767513077	-1.3370270541523035	Linear	Low Density	10.009228447451513	2919.0	2616.0	2919.0
C-2495266-1868-54	240	-7.333291261031053	-8.810097352547329	Very Low	Very Large	Medium E	0.1883261797514617	-1.3370214704309886	Intermediate	Low Density	10.310791206196875	2878.0	2616.0	2878.0
C-2495266-1868-55	240	-7.323597461601411	-11.13660921566125	Medium	Very Large	Low E	0.4618374680762877	-1.3352540760229203	Spherical	Low Density	10.522965989442657	216.0	2616.0	216.0
C-2495266-1868-56	240	-7.332565082680259	-8.984380156737792	Low	Very Large	Medium E	0.20881535716025987	-1.3368890720287143	Intermediate	Low Density	10.00022412340663	1883.0	2616.0	1883.0
C-2495266-1868-57	240	-7.322473295029313	-11.40640919296469	Medium	Very Large	Low E	0.49355591342454325	-1.3350491155502302	Intermediate	Low Density	10.209570536045675	122.0	2616.0	122.0
C-2495266-1868-59	240	-7.3320052580859185	-9.118738059379416	Low	Very Large	Medium E	0.22461085067601594	-1.3367870036019103	Linear	Low Density	10.563716442171176	1312.0	2616.0	1312.0
C-2495266-1868-6	240	-7.328922978671164	-9.85848511892041	Low	Very Large	Medium E	0.3115775988355373	-1.3362250357748184	Linear	Low Density	10.370427012911733	788.0	2616.0	788.0
C-2495266-1868-60	240	-7.334082716205326	-8.620148110721912	Very Low	Very Large	Medium E	0.1659952118025269	-1.3371657702444313	Linear	Low Density	10.526273799543251	3730.0	2616.0	3729.0
C-2495266-1868-61	240	-7.334107518165897	-8.614195640184672	Very Low	Very Large	Medium E	0.16529542259829005	-1.337170292191346	Spherical	Low Density	10.644667586803289	3772.0	2616.0	3771.0
C-2495266-1868-62	240	-7.333271195533829	-8.814913071880884	Very Low	Very Large	Medium E	0.18889232928203392	-1.3370178120462815	Linear	Low Density	10.126159777918687	2790.0	2616.0	2790.0
C-2495266-1868-63	240	-7.328895162973485	-9.86516088636331	Low	Very Large	Medium E	0.3123624208615309	-1.3362199643568575	Intermediate	Low Density	9.920385435784745	682.0	2616.0	682.0
C-2495266-1868-64	240	-7.327610606573119	-10.1734544224514	Low	Very Large	Medium E	0.3486062774154042	-1.3359857612649395	Spherical	Low Density	10.648391050648367	478.0	2616.0	478.0
C-2495266-1868-65	240	-7.326879328452103	-10.34896117149542	Low	Very Large	Low E	0.36923934522896423	-1.335852433061565	Linear	Low Density	10.20434858761434	426.0	2616.0	426.0
C-2495266-1868-66	240	-7.33479554331335	-8.44906960479597	Very Low	Very Large	Medium E	0.1458827407241279	-1.3372957344193437	Intermediate	Low Density	10.474595730648897	4490.0	2616.0	4489.0
C-2495266-1868-67	240	-7.329972453806816	-9.606611086364088	Low	Very Large	Medium E	0.28196657804844916	-1.33641637834381	Spherical	Low Density	10.437352291472436	909.0	2616.0	909.0
C-2495266-1868-68	240	-7.33213693082992	-9.0871366008191	Low	Very Large	Medium E	0.22089569418753008	-1.3368110104604318	Spherical	Low Density	10.46129830883271	1403.0	2616.0	1403.0
C-2495266-1868-69	240	-7.330074917606682	-9.582019774396244	Low	Very Large	Medium E	0.2790755541406981	-1.3364350597646737	Intermediate	Low Density	10.523590413842733	958.0	2616.0	958.0
C-2495266-1868-7	240	-7.32889525274437	-9.865139341351036	Low	Very Large	Medium E	0.3123598879691831	-1.3362199807240789	Spherical	Low Density	10.317184251382969	754.0	2616.0	754.0
C-2495266-1868-70	240	-7.332766336541366	-8.936079230072252	Low	Very Large	Medium E	0.20313696415953608	-1.336925765066496	Linear	Low Density	10.515972768002811	2173.0	2616.0	2173.0
C-2495266-1868-71	240	-7.334436599809491	-8.535216045722033	Very Low	Very Large	Medium E	0.15601035899070256	-1.337230291065978	Spherical	Low Density	10.268201798544073	4157.0	2616.0	4156.0
C-2495266-1868-72	240	-7.33439904527414	-8.544229134206212	Very Low	Very Large	Medium E	0.15706996306243864	-1.3372234440421398	Linear	Low Density	10.339131695041772	4039.0	2616.0	4038.0
C-2495266-1868-73	240	-7.334071322849535	-8.622882516111524	Very Low	Very Large	Medium E	0.16631667620285664	-1.3371636929832438	Spherical	Low Density	10.381329569814449	3666.0	2616.0	3665.0
C-2495266-1868-74	240	-7.333322035017963	-8.802711595688926	Very Low	Very Large	Medium E	0.18745788936979027	-1.3370270812106189	Linear	Low Density	10.53365319677351	2963.0	2616.0	2963.0
C-2495266-1868-76	240	-7.329728752464514	-9.665099408516754	Low	Very Large	Medium E	0.28884262996011034	-1.3363719461897563	Spherical	Low Density	10.45773761012224	869.0	2616.0	869.0
C-2495266-1868-77	240	-7.333854747451981	-8.674860611524455	Very Low	Very Large	Medium E	0.17242736751997384	-1.3371242064899096	Spherical	Low Density	10.162775614422817	3425.0	2616.0	3425.0
C-2495266-1868-78	240	-7.332703790583741	-8.951090259902	Low	Very Large	Medium E	0.20490170311185268	-1.3369143615526773	Spherical	Low Density	10.217827620954107	2103.0	2616.0	2103.0
C-2495266-1868-79	240	-7.3307248558727105	-9.426034590549442	Low	Very Large	Medium E	0.26073749652321787	-1.3365535579103498	Linear	Low Density	10.54985749346492	1017.0	2616.0	1017.0
C-2495266-1868-8	240	-7.333321929781288	-8.802736852490819	Very Low	Very Large	Medium E	0.18746085863056633	-1.3370270620236415	Intermediate	Low Density	10.305928821846718	2941.0	2616.0	2941.0
C-2495266-1868-80	240	-7.3347675315378975	-8.455792430904562	Very Low	Very Large	Medium E	0.1466730950993936	-1.3372906272520608	Intermediate	Low Density	10.163637253599788	4381.0	2616.0	4380.0
C-2495266-1868-81	240	-7.335194950684036	-8.353211835831404	Very Low	Very Large	Medium E	0.13461343137687592	-1.337368555232134	Spherical	Low Density	10.712756546394363	4794.0	2616.0	4793.0
C-2495266-1868-83	240	-7.332565007181681	-8.984398276396671	Low	Very Large	Medium E	0.20881748735838299	-1.3368890582636508	Linear	Low Density	10.208604246842185	1617.0	2616.0	1617.0
C-2495266-1868-84	240	-7.328409012845794	-9.98183691700943	Low	Very Large	Medium E	0.3260791836962612	-1.3361313284176268	Spherical	Low Density	10.477335076174631	545.0	2616.0	545.0
C-2495266-1868-85	240	-7.328895138911449	-9.865166661252276	Low	Very Large	Medium E	0.31236309977370474	-1.3362199599698155	Spherical	Low Density	10.20269376631862	647.0	2616.0	647.0
C-2495266-1868-86	240	-7.334461945937593	-8.529132974977633	Very Low	Very Large	Medium E	0.15529521605819468	-1.3372349122266898	Linear	Low Density	10.500400754829242	4205.0	2616.0	4204.0
C-2495266-1868-87	240	-7.331257115327119	-9.298292321491392	Low	Very Large	Medium E	0.24571975552753866	-1.3366506006014216	Spherical	Low Density	10.745245920883978	1076.0	2616.0	1076.0
C-2495266-1868-88	240	-7.332565079672774	-8.984380878534235	Low	Very Large	Medium E	0.2088154420166759	-1.3368890714803832	Intermediate	Low Density	10.702756906034093	1874.0	2616.0	1874.0
C-2495266-1868-89	240	-7.3326014817884575	-8.975644370770171	Low	Very Large	Medium E	0.20778835355351705	-1.3368957083925832	Intermediate	Low Density	10.317281090270148	1991.0	2616.0	1991.0
C-2495266-1868-9	240	-7.331769212241554	-9.175389062027056	Low	Very Large	Medium E	0.2312709021310255	-1.3367439672147428	Linear	Low Density	10.270560223128578	1159.0	2616.0	1159.0
C-2495266-1868-90	240	-7.335224178308894	-8.346197205865334	Very Low	Very Large	Medium E	0.13378877171812772	-1.3373738840757015	Intermediate	Low Density	10.532902658095272	4815.0	2616.0	4814.0
C-2495266-1868-91	240	-7.333428084190497	-8.777259794280837	Very Low	Very Large	Medium E	0.18446570389946598	-1.337046416324356	Spherical	Low Density	10.187969607080163	3104.0	2616.0	3104.0
C-2495266-1868-92	240	-7.332601387127302	-8.975667089447336	Low	Very Large	Medium E	0.20779102442521646	-1.3368956911337575	Intermediate	Low Density	10.710871601914455	1969.0	2616.0	1969.0
C-2495266-1868-93	240	-7.334758051310966	-8.458067685368231	Very Low	Very Large	Medium E	0.1469405804234361	-1.337288898796651	Intermediate	Low Density	10.34266089775267	4360.0	2616.0	4359.0
C-2495266-1868-94	240	-7.332811322355877	-8.925282634589323	Low	Very Large	Medium E	0.20186768598099455	-1.3369339669771696	Spherical	Low Density	10.604270208824852	2345.0	2616.0	2345.0
C-2495266-1868-95	240	-7.334036506988879	-8.631238322669175	Very Low	Very Large	Medium E	0.1672990083597638	-1.3371573452804795	Spherical	Low Density	10.474868553732309	3617.0	2616.0	3617.0
C-2495266-1868-96	240	-7.326700714755847	-10.39182845859665	Low	Very Large	Low E	0.37427894425614705	-1.3358198678274422	Linear	Low Density	10.31743328306467	376.0	2616.0	376.0
C-2495266-1868-98	240	-7.333822385333807	-8.68262751988617	Very Low	Very Large	Medium E	0.17334046714606502	-1.337118306158764	Spherical	Low Density	10.522765097184108	3410.0	2616.0	3410.0
C-2495266-1868-99	240	-7.322473266786172	-11.40641597131864	Medium	Very Large	Low E	0.49355671030691955	-1.33504911040088	Intermediate	Low Density	10.41412537367584	110.0	2616.0	110.0
C-2509655-3548-10	240	-7.326825924309476	-10.36177816572557	Low	Very Large	Low E	0.37074614717567533	-1.335842696303163	Linear	Low Density	10.109074180174082	401.0	2616.0	401.0
C-2509655-3548-100	240	-7.33407128762606	-8.622890969745738	Very Low	Very Large	Medium E	0.16631767003590278	-1.3371636865612238	Linear	Low Density	10.457765074060019	3662.0	2616.0	3661.0
C-2509655-3548-1000	240	-7.334082661790877	-8.620161170189407	Very Low	Very Large	Medium E	0.1659967471103433	-1.3371657603234717	Intermediate	Low Density	10.145526530756372	3700.0	2616.0	3699.0
C-2509655-3548-1001	240	-7.332978448338644	-8.885172398725551	Very Low	Very Large	Medium E	0.1971522136637587	-1.3369644377466063	Spherical	Low Density	10.585255863745704	2424.0	2616.0	2424.0
C-2509655-3548-1002	240	-7.331805916578606	-9.16658002113452	Low	Very Large	Medium E	0.2302352864689551	-1.3367506592285945	Intermediate	Low Density	10.211548321039286	1185.0	2616.0	1185.0
C-2509655-3548-1004	240	-7.334622844249486	-8.490517380123242	Very Low	Very Large	Medium E	0.1507554579484422	-1.3372642475537482	Spherical	Low Density	10.01724452468182	4262.0	2616.0	4261.0
C-2509655-3548-1005	240	-7.328895141065658	-9.865166144241966	Low	Very Large	Medium E	0.31236303899252676	-1.3362199603625755	Linear	Medium Density	10.908060678865045	651.0	2616.0	651.0
C-2509655-3548-1007	240	-7.3300512282856	-9.587705211455935	Low	Very Large	Medium E	0.27974395013708847	-1.3364307406765892	Intermediate	Low Density	10.508132825450318	935.0	2616.0	935.0
C-2509655-3548-1008	240	-7.328922911517057	-9.858501235906154	Low	Very Large	Medium E	0.3115794935937794	-1.3362250235311368	Spherical	Low Density	10.201290096098857	765.0	2616.0	765.0
C-2509655-3548-1009	240	-7.334640886082938	-8.486187340094896	Very Low	Very Large	Medium E	0.15024640624512975	-1.3372675369797142	Spherical	Low Density	10.373274779121605	4306.0	2616.0	4305.0
C-2509655-3548-101	240	-7.33364862179493	-8.724330769216772	Very Low	Very Large	Medium E	0.17824321861384754	-1.3370866252157894	Linear	Low Density	10.246132153727578	3301.0	2616.0	3301.0
C-2509655-3548-1010	240	-7.323597370070917	-11.13663118297974	Medium	Very Large	Low E	0.46184005061612204	-1.3352540593348834	Intermediate	Low Density	10.463941754587637	163.0	2616.0	163.0
C-2509655-3548-1011	240	-7.33438534094133	-8.547518174080484	Very Low	Very Large	Medium E	0.15745663185517275	-1.3372209454386406	Linear	Low Density	10.308749198619317	3981.0	2616.0	3980.0
C-2509655-3548-1012	240	-7.333038018199176	-8.870875632197585	Very Low	Very Large	Medium E	0.19547144551732185	-1.3369752986519878	Intermediate	Low Density	10.362666801173468	2450.0	2616.0	2450.0
C-2509655-3548-1013	240	-7.3346408639334815	-8.48619265596438	Very Low	Very Large	Medium E	0.1502470311937296	-1.3372675329413777	Spherical	Low Density	10.074809190928212	4299.0	2616.0	4298.0
C-2509655-3548-1015	240	-7.334921858939262	-8.418753854577073	Very Low	Very Large	Medium E	0.14231873573003598	-1.3373187645565474	Spherical	Low Density	10.271725443427675	4532.0	2616.0	4531.0
C-2509655-3548-1016	240	-7.332601613109427	-8.975612853737612	Low	Very Large	Medium E	0.20778464832238105	-1.3368957323353055	Linear	Low Density	10.253473815626139	2021.0	2616.0	2021.0
C-2509655-3548-1017	240	-7.332630249783628	-8.968740051929181	Low	Very Large	Medium E	0.2069766623813577	-1.3369009534354754	Spherical	Low Density	10.42030219695278	2046.0	2616.0	2046.0
C-2509655-3548-1018	240	-7.333947294434528	-8.652649335713166	Very Low	Very Large	Medium E	0.16981614736727016	-1.3371410798552628	Intermediate	Low Density	10.437461421648237	3510.0	2616.0	3510.0
C-2509655-3548-1019	240	-7.333505956928096	-8.75857033725701	Very Low	Very Large	Medium E	0.18226851868425686	-1.3370606142497383	Intermediate	Low Density	10.424982679270741	3157.0	2616.0	3157.0
C-2509655-3548-1020	240	-7.333419437880152	-8.779334908763449	Very Low	Very Large	Medium E	0.18470966020358487	-1.3370448399104158	Intermediate	Low Density	10.241037256632861	3097.0	2616.0	3097.0
C-2509655-3548-1022	240	-7.334392807900508	-8.5457261038783	Very Low	Very Large	Medium E	0.15724595103396882	-1.3372223068307336	Intermediate	Low Density	10.422362851284495	4022.0	2616.0	4021.0
C-2509655-3548-1023	240	-7.324255695617295	-10.97863305184916	Medium	Very Large	Low E	0.4432653452455556	-1.3353740866675925	Intermediate	Low Density	10.263960186165582	303.0	2616.0	303.0
C-2509655-3548-1024	240	-7.335999655216669	-8.160082747999148	Very Low	Very Large	Medium E	0.11190863177392739	-1.3375152706971531	Intermediate	Low Density	9.886470171218523	5081.0	2616.0	5080.0
C-2509655-3548-1025	240	-7.332565078799457	-8.984381088130332	Low	Very Large	Medium E	0.20881546665736822	-1.336889071321158	Intermediate	Low Density	10.137934014519224	1871.0	2616.0	1871.0
C-2509655-3548-1027	240	-7.334783539473294	-8.451950526409401	Very Low	Very Large	Medium E	0.14622142998443247	-1.3372935458533493	Linear	Low Density	10.400917081965666	4461.0	2616.0	4460.0
C-2509655-3548-1028	240	-7.328582905274315	-9.9401027341643	Low	Very Large	Medium E	0.3211727955973728	-1.3361630328600391	Spherical	Low Density	10.067744578724616	566.0	2616.0	566.0
C-2509655-3548-1029	240	-7.333372898142331	-8.790504445840595	Very Low	Very Large	Medium E	0.18602278244652737	-1.3370363546850947	Intermediate	Low Density	10.419442294512855	3022.0	2616.0	3022.0
C-2509655-3548-103	240	-7.335042516165368	-8.389796120311768	Very Low	Very Large	Medium E	0.13891438291694952	-1.337340763042101	Linear	Medium Density	10.801645075049962	4594.0	2616.0	4593.0
C-2509655-3548-1030	240	-7.3235973338072275	-11.13663988626533	Medium	Very Large	Low E	0.46184107379888917	-1.3352540527232093	Spherical	Low Density	10.55694160589216	158.0	2616.0	158.0
C-2509655-3548-1032	240	-7.336077798160266	-8.14132844153592	Very Low	Very Large	Medium E	0.10970382267590417	-1.3375295178870756	Spherical	Low Density	10.761123448014496	5086.0	2616.0	5085.0
C-2509655-3548-1033	240	-7.333902564893922	-8.663384425458595	Very Low	Very Large	Medium E	0.17107819475808123	-1.337132924669	Spherical	Low Density	10.406665005565081	3460.0	2616.0	3460.0
C-2509655-3548-1034	240	-7.332766491839577	-8.936041958501331	Low	Very Large	Medium E	0.20313258240868143	-1.336925793380801	Intermediate	Low Density	10.323864238137633	2305.0	2616.0	2305.0
C-2509655-3548-1035	240	-7.334386668416935	-8.54719957993557	Very Low	Very Large	Medium E	0.15741917702999533	-1.3372211874668545	Linear	Low Density	9.968384134409254	3991.0	2616.0	3990.0
C-2509655-3548-1036	240	-7.322473231971261	-11.40642432689716	Medium	Very Large	Low E	0.49355769261228055	-1.3350491040533503	Intermediate	Low Density	10.255812542340417	97.0	2616.0	97.0
C-2509655-3548-1037	240	-7.33279423985398	-8.929382435044715	Low	Very Large	Medium E	0.2023496700714904	-1.3369308524586008	Linear	Low Density	10.376875217736467	2330.0	2616.0	2330.0
C-2509655-3548-1039	240	-7.326842932702705	-10.35769615135063	Low	Very Large	Low E	0.37026625406687463	-1.33584579731008	Spherical	Low Density	10.146874800251332	412.0	2616.0	412.0
C-2509655-3548-104	240	-7.33205406516636	-9.107024360073694	Low	Very Large	Medium E	0.22323375518856192	-1.3367959022140254	Linear	Medium Density	10.843863873714659	1332.0	2616.0	1332.0
C-2509655-3548-1040	240	-7.334790337335495	-8.450319039481087	Very Low	Very Large	Medium E	0.14602962778533168	-1.3372947852542392	Linear	Low Density	10.275860899382032	4480.0	2616.0	4479.0
C-2509655-3548-1041	240	-7.332782007268521	-8.932318255554929	Low	Very Large	Medium E	0.2026948134007684	-1.3369286221872512	Intermediate	Low Density	10.159447158030998	2322.0	2616.0	2322.0
C-2509655-3548-1042	240	-7.333372954650289	-8.790490883930598	Very Low	Very Large	Medium E	0.18602118807018497	-1.3370363649877475	Intermediate	Low Density	10.667327114381553	3063.0	2616.0	3063.0
C-2509655-3548-1043	240	-7.334404838558757	-8.5428387458982	Very Low	Very Large	Medium E	0.15690650509628362	-1.337224500286279	Spherical	Low Density	10.079892768572469	4073.0	2616.0	4072.0
C-2509655-3548-1044	240	-7.33297849274578	-8.885161741012798	Very Low	Very Large	Medium E	0.19715096071304553	-1.3369644458430112	Intermediate	Low Density	10.253278063560494	2427.0	2616.0	2427.0
C-2509655-3548-1045	240	-7.332787501381791	-8.930999668370106	Low	Very Large	Medium E	0.20253979657690926	-1.3369296238858257	Linear	Low Density	10.42107385807636	2325.0	2616.0	2325.0
C-2509655-3548-1047	240	-7.331122526534291	-9.330593631770055	Low	Very Large	Medium E	0.24951718855548846	-1.3366260620825923	Linear	Low Density	10.189226238865562	1043.0	2616.0	1043.0
C-2509655-3548-1048	240	-7.333667888295167	-8.719706809159765	Very Low	Very Large	Medium E	0.17769961284403826	-1.3370901379256437	Intermediate	Low Density	9.846862211789237	3349.0	2616.0	3349.0
C-2509655-3548-105	240	-7.32889515132302	-9.865163682475226	Low	Very Large	Medium E	0.3123627495802756	-1.3362199622327198	Linear	Low Density	10.287698398516094	664.0	2616.0	664.0
C-2509655-3548-1050	240	-7.327610581406126	-10.17346046252957	Low	Very Large	Medium E	0.34860698750402425	-1.3359857566764393	Intermediate	Low Density	10.27308849687603	470.0	2616.0	470.0
C-2509655-3548-1051	240	-7.332565071328978	-8.984382881045224	Low	Very Large	Medium E	0.20881567743751125	-1.3368890699591243	Intermediate	Low Density	10.431054809360965	1847.0	2616.0	1847.0
C-2509655-3548-1053	240	-7.331030033396727	-9.352791984785473	Low	Very Large	Medium E	0.25212688946790934	-1.3366091985343724	Spherical	Low Density	10.520327557884281	1040.0	2616.0	1040.0
C-2509655-3548-1054	240	-7.332766452446906	-8.93605141274251	Low	Very Large	Medium E	0.2031336938759001	-1.336925786198644	Spherical	Low Density	10.146675270495907	2297.0	2616.0	2297.0
C-2509655-3548-1055	240	-7.331788704965439	-9.170710808294398	Low	Very Large	Medium E	0.230720913443759	-1.3367475211701803	Spherical	Low Density	10.521766434117138	1172.0	2616.0	1172.0
C-2509655-3548-1056	240	-7.328408995429927	-9.981841096817268	Low	Very Large	Medium E	0.3260796750862726	-1.3361313252423284	Spherical	Low Density	10.312076433297493	543.0	2616.0	543.0
C-2509655-3548-1057	240	-7.332766064855367	-8.936144434711967	Low	Very Large	Medium E	0.2031446298006662	-1.3369257155321193	Linear	Low Density	10.435203939645145	2140.0	2616.0	2140.0
C-2509655-3548-1058	240	-7.3347676384042275	-8.455766782985371	Very Low	Very Large	Medium E	0.146670079857763	-1.3372906467361605	Linear	Low Density	10.222601409314358	4421.0	2616.0	4420.0
C-2509655-3548-106	240	-7.333629892508652	-8.728825797923571	Very Low	Very Large	Medium E	0.178771666850947	-1.3370832104519421	Linear	Low Density	10.25433698289824	3276.0	2616.0	3276.0
C-2509655-3548-1060	240	-7.335109503884877	-8.373719067629512	Very Low	Very Large	Medium E	0.13702431931517164	-1.3373529763875214	Spherical	Low Density	10.102425950320828	4658.0	2616.0	4657.0
C-2509655-3548-1061	240	-7.335113978303734	-8.372645207103949	Very Low	Very Large	Medium E	0.13689807324675446	-1.3373537921732124	Spherical	Low Density	10.442550105352309	4695.0	2616.0	4694.0
C-2509655-3548-1062	240	-7.32761068674573	-10.17343518102486	Low	Very Large	Medium E	0.3486040153390924	-1.335985775882183	Spherical	Low Density	10.388278077388014	498.0	2616.0	498.0
C-2509655-3548-1063	240	-7.333573757591961	-8.742298177929273	Very Low	Very Large	Medium E	0.18035551779562511	-1.337072975812926	Linear	Low Density	10.550137713841048	3203.0	2616.0	3203.0
C-2509655-3548-1064	240	-7.335999589095734	-8.160098617023673	Very Low	Very Large	Medium E	0.11191049738112434	-1.3375152586418417	Spherical	Low Density	10.427640379034827	5080.0	2616.0	5079.0
C-2509655-3548-1065	240	-7.3335154199345505	-8.756299215708012	Very Low	Very Large	Medium E	0.18200151923727162	-1.3370623395654737	Intermediate	Low Density	10.244786222601153	3162.0	2616.0	3162.0
C-2509655-3548-1066	240	-7.330173819486704	-9.558283323190764	Low	Very Large	Medium E	0.27628503007231603	-1.336453091768633	Linear	Low Density	10.16243191410593	966.0	2616.0	966.0
C-2509655-3548-1067	240	-7.332261221405374	-9.057306862710112	Low	Very Large	Medium E	0.21738882614618307	-1.3368336713860707	Intermediate	Low Density	10.53702963085194	1449.0	2616.0	1449.0
C-2509655-3548-1068	240	-7.3340827291119775	-8.620145013125443	Very Low	Very Large	Medium E	0.16599484764036604	-1.3371657725975998	Linear	Low Density	10.138259227172746	3741.0	2616.0	3740.0
C-2509655-3548-107	240	-7.334412882456793	-8.540908210369397	Very Low	Very Large	Medium E	0.1566795459012747	-1.3372259668671087	Intermediate	Low Density	10.035240836091775	4096.0	2616.0	4095.0
C-2509655-3548-1070	240	-7.33313498338674	-8.847603987182229	Very Low	Very Large	Medium E	0.1927355653739423	-1.336992977554004	Intermediate	Low Density	10.23689124826202	2524.0	2616.0	2524.0
C-2509655-3548-1071	240	-7.333321939546603	-8.802734508815316	Very Low	Very Large	Medium E	0.187460583101467	-1.3370270638040747	Intermediate	Low Density	9.927078172330733	2946.0	2616.0	2946.0
C-2509655-3548-1073	240	-7.333251452332937	-8.819651440094933	Very Low	Very Large	Medium E	0.1894493851970857	-1.3370142124233362	Intermediate	Low Density	10.502820115915222	2608.0	2616.0	2608.0
C-2509655-3548-1074	240	-7.334071330215019	-8.622880748395579	Very Low	Very Large	Medium E	0.16631646838518407	-1.3371636943261347	Spherical	Low Density	10.612156628182477	3668.0	2616.0	3667.0
C-2509655-3548-1075	240	-7.33363862251289	-8.726730596906414	Very Low	Very Large	Medium E	0.1785253491172788	-1.3370848021251331	Intermediate	Low Density	10.738956571971178	3290.0	2616.0	3290.0
C-2509655-3548-1076	240	-7.33396542898748	-8.648297043004796	Very Low	Very Large	Medium E	0.16930447957619724	-1.3371443861860481	Intermediate	Low Density	10.005869178960124	3529.0	2616.0	3529.0
C-2509655-3548-1077	240	-7.332405189825901	-9.022754441783691	Low	Very Large	Medium E	0.2133267462091759	-1.3368599200188411	Spherical	Low Density	10.18455996795089	1490.0	2616.0	1490.0
C-2509655-3548-1078	240	-7.323597471468149	-11.13660684764415	Medium	Very Large	Low E	0.46183718968550935	-1.3352540778218454	Spherical	Low Density	10.340322529734983	219.0	2616.0	219.0
C-2509655-3548-1079	240	-7.3235974733075215	-11.13660640619465	Medium	Very Large	Low E	0.46183713778748253	-1.3352540781572035	Linear	Low Density	10.266112877968947	221.0	2616.0	221.0
C-2509655-3548-108	240	-7.33298158567414	-8.88441943820634	Very Low	Very Large	Medium E	0.19706369350409572	-1.3369650097523769	Intermediate	Low Density	10.584271381633199	2428.0	2616.0	2428.0
C-2509655-3548-1080	240	-7.335109545768613	-8.373709015532759	Very Low	Very Large	Medium E	0.13702313756238582	-1.3373529840238543	Linear	Low Density	9.811626554370221	4670.0	2616.0	4669.0
C-2509655-3548-1081	240	-7.332766185827576	-8.936115401381826	Low	Very Large	Medium E	0.20314121656058284	-1.336925737588033	Linear	Low Density	10.299319391673428	2144.0	2616.0	2144.0
C-2509655-3548-1082	240	-7.334344335220515	-8.557359547076386	Very Low	Very Large	Medium E	0.15861361138732555	-1.3372134691872293	Spherical	Low Density	10.303702721959654	3856.0	2616.0	3855.0
C-2509655-3548-1083	240	-7.3344337038970915	-8.53591106469791	Very Low	Very Large	Medium E	0.15609206737935402	-1.3372297630769867	Spherical	Low Density	10.169153965875955	4148.0	2616.0	4147.0
C-2509655-3548-1084	240	-7.335109497537038	-8.373720591110661	Very Low	Very Large	Medium E	0.13702449841992342	-1.3373529752301696	Linear	Low Density	10.222159603135278	4656.0	2616.0	4655.0
C-2509655-3548-1085	240	-7.333059065678116	-8.865824237252086	Very Low	Very Large	Medium E	0.19487758929792143	-1.3369791360737184	Spherical	Low Density	10.278442101718333	2472.0	2616.0	2472.0
C-2509655-3548-1087	240	-7.332601496228821	-8.975640905082743	Low	Very Large	Medium E	0.20778794611756038	-1.3368957110253814	Spherical	Low Density	10.506655970060153	1999.0	2616.0	1999.0
C-2509655-3548-1089	240	-7.334348543790084	-8.556349490379693	Very Low	Very Large	Medium E	0.15849486627677783	-1.337214236502705	Spherical	Low Density	10.224237004995151	3865.0	2616.0	3864.0
C-2509655-3548-109	240	-7.335208789050891	-8.349890627786102	Very Low	Very Large	Medium E	0.13422298080336048	-1.337371078273009	Linear	Low Density	9.926004808209067	4804.0	2616.0	4803.0
C-2509655-3548-1090	240	-7.332978430036236	-8.885176791303406	Very Low	Very Large	Medium E	0.1971527300676062	-1.3369644344096718	Spherical	Low Density	10.037385035054712	2421.0	2616.0	2421.0
C-2509655-3548-1091	240	-7.333372842401237	-8.790517823702915	Very Low	Very Large	Medium E	0.18602435518572127	-1.3370363445222584	Linear	Low Density	9.985648380432373	2984.0	2616.0	2984.0
C-2509655-3548-1093	240	-7.334005817712887	-8.638603748907196	Very Low	Very Large	Medium E	0.16816490861643194	-1.3371517499455265	Intermediate	Low Density	10.442822565471864	3558.0	2616.0	3558.0
C-2509655-3548-1094	240	-7.335116406531309	-8.372062432485775	Very Low	Very Large	Medium E	0.13682956062099513	-1.3373542348928982	Linear	Low Density	10.552652216194002	4703.0	2616.0	4702.0
C-2509655-3548-1095	240	-7.327464316620068	-10.20856401118358	Low	Very Large	Medium E	0.35273385956916475	-1.3359590893653552	Linear	Low Density	10.35598409805554	449.0	2616.0	449.0
C-2509655-3548-1096	240	-7.328895227795851	-9.86514532899584	Low	Very Large	Medium E	0.3123605918935391	-1.3362199761754112	Spherical	Low Density	10.315587105970604	745.0	2616.0	745.0
C-2509655-3548-1097	240	-7.33440471672742	-8.542867985419146	Very Low	Very Large	Medium E	0.15690994257672544	-1.337224478073727	Intermediate	Low Density	10.090394871202903	4063.0	2616.0	4062.0
C-2509655-3548-1098	240	-7.335113845287009	-8.37267713111775	Very Low	Very Large	Medium E	0.13690182632376188	-1.3373537679213163	Linear	Low Density	10.718272642609739	4675.0	2616.0	4674.0
C-2509655-3548-1099	240	-7.334029578329885	-8.63290120082744	Very Low	Very Large	Medium E	0.16749450100035265	-1.3371560820324362	Linear	Low Density	9.998885442164926	3576.0	2616.0	3576.0
C-2509655-3548-11	240	-7.333252735381564	-8.81934350842456	Very Low	Very Large	Medium E	0.1894131838824624	-1.3370144463515277	Spherical	Low Density	10.363188239801161	2643.0	2616.0	2643.0
C-2509655-3548-110	240	-7.322473314087416	-11.40640461902003	Medium	Very Large	Low E	0.4935553756987272	-1.3350491190249445	Linear	Low Density	10.423697440514598	125.0	2616.0	125.0
C-2509655-3548-1100	240	-7.335239548676904	-8.34250831754287	Very Low	Very Large	Medium E	0.13335509561547546	-1.3373766864343297	Spherical	Low Density	10.55787462442284	4862.0	2616.0	4861.0
C-2509655-3548-1102	240	-7.330182608972704	-9.556173846550946	Low	Very Large	Medium E	0.27603703405619046	-1.3364546942866675	Linear	Low Density	10.70927924991344	978.0	2616.0	978.0
C-2509655-3548-1103	240	-7.334066276017721	-8.624093755746957	Very Low	Very Large	Medium E	0.16645907294642565	-1.3371627728339883	Linear	Low Density	10.148212371348535	3643.0	2616.0	3642.0
C-2509655-3548-1105	240	-7.323597390025989	-11.13662639376268	Medium	Very Large	Low E	0.46183948758226523	-1.335254062973135	Intermediate	Low Density	10.311688370664735	169.0	2616.0	169.0
C-2509655-3548-1106	240	-7.333251437404642	-8.819655022885941	Very Low	Very Large	Medium E	0.189449806400066	-1.3370142097015771	Intermediate	Low Density	10.62279705139179	2605.0	2616.0	2605.0
C-2509655-3548-1107	240	-7.327610597594546	-10.17345657730871	Low	Very Large	Medium E	0.3486065307465117	-1.335985759627947	Intermediate	Low Density	10.624000354866238	476.0	2616.0	476.0
C-2509655-3548-1108	240	-7.335269998023957	-8.335200474250277	Very Low	Very Large	Medium E	0.13249596497207114	-1.3373822380249212	Linear	Low Density	10.403117451620087	4891.0	2616.0	4890.0
C-2509655-3548-1109	240	-7.32746444934219	-10.20853215787429	Low	Very Large	Medium E	0.3527301148043911	-1.3359591135635387	Spherical	Low Density	9.969919572920709	450.0	2616.0	450.0
C-2509655-3548-111	240	-7.333656843153785	-8.722357643091508	Very Low	Very Large	Medium E	0.17801125234834542	-1.337088124151658	Intermediate	Low Density	10.385966578191928	3329.0	2616.0	3329.0
C-2509655-3548-1112	240	-7.33439863427218	-8.544327774676733	Very Low	Very Large	Medium E	0.1570815595140185	-1.3372233691073763	Linear	Low Density	10.673151863158491	4036.0	2616.0	4035.0
C-2509655-3548-1113	240	-7.332766438091852	-8.936054857955364	Low	Very Large	Medium E	0.20313409890484171	-1.3369257835813997	Intermediate	Low Density	10.382855445351453	2285.0	2616.0	2285.0
C-2509655-3548-1114	240	-7.333271865737866	-8.814752222912043	Very Low	Very Large	Medium E	0.18887341942414243	-1.3370179342393262	Spherical	Low Density	10.388918563023159	2810.0	2616.0	2810.0
C-2509655-3548-1115	240	-7.335109415676282	-8.373740237692285	Very Low	Very Large	Medium E	0.13702680812739237	-1.3373529603051402	Linear	Medium Density	10.964182559564705	4651.0	2616.0	4650.0
C-2509655-3548-1116	240	-7.331872867599378	-9.150511776149296	Low	Very Large	Medium E	0.22834625832484418	-1.336762865883022	Linear	Low Density	10.340035227689574	1245.0	2616.0	1245.0
C-2509655-3548-1117	240	-7.333271204172503	-8.814910998599341	Very Low	Very Large	Medium E	0.18889208554119616	-1.3370178136213031	Spherical	Low Density	10.3795306467056	2792.0	2616.0	2792.0
C-2509655-3548-1118	240	-7.335257278594531	-8.338253137312408	Very Low	Very Large	Medium E	0.13285484464091046	-1.3373799189911302	Intermediate	Low Density	10.17552644922127	4885.0	2616.0	4884.0
C-2509655-3548-1119	240	-7.334071264069542	-8.622896623309678	Very Low	Very Large	Medium E	0.16631833468483953	-1.3371636822663489	Intermediate	Low Density	9.932797126226964	3654.0	2616.0	3653.0
C-2509655-3548-112	240	-7.335109574621337	-8.373702090879107	Very Low	Very Large	Medium E	0.13702232348056484	-1.3373529892843452	Linear	Low Density	10.083532575414253	4671.0	2616.0	4670.0
C-2509655-3548-1120	240	-7.332565018657536	-8.984395522191292	Low	Very Large	Medium E	0.20881716356626306	-1.3368890603559533	Linear	Low Density	10.388056348986964	1644.0	2616.0	1644.0
C-2509655-3548-1122	240	-7.323262595240649	-11.21697714224411	Medium	Very Large	Low E	0.4712857479188058	-1.3351930224661848	Intermediate	Low Density	10.579847440363068	144.0	2616.0	144.0
C-2509655-3548-1123	240	-7.332671147751054	-8.958924539747033	Low	Very Large	Medium E	0.20582272311928154	-1.3369084100410566	Linear	Low Density	9.786100320853032	2070.0	2616.0	2070.0
C-2509655-3548-1124	240	-7.33325395234324	-8.819051437622313	Very Low	Very Large	Medium E	0.1893788472162145	-1.3370146682306037	Intermediate	Low Density	10.314812684282117	2692.0	2616.0	2692.0
C-2509655-3548-1125	240	-7.334622848289897	-8.490516410424457	Very Low	Very Large	Medium E	0.15075534394792264	-1.3372642482904047	Intermediate	Low Density	10.324861119129386	4263.0	2616.0	4262.0
C-2509655-3548-1126	240	-7.334153949820005	-8.603052043198824	Very Low	Very Large	Medium E	0.16398534994554698	-1.3371787577106113	Linear	Low Density	10.333319504705722	3787.0	2616.0	3786.0
C-2509655-3548-1127	240	-7.332565035872207	-8.984391390670185	Low	Very Large	Medium E	0.20881667785299812	-1.3368890634945694	Spherical	Low Density	10.284123570847143	1716.0	2616.0	1716.0
C-2509655-3548-1128	240	-7.333251476515353	-8.81964563631522	Very Low	Very Large	Medium E	0.18944870288837673	-1.3370142168323265	Spherical	Low Density	10.360135637205769	2622.0	2616.0	2622.0
C-2509655-3548-1129	240	-7.333321889208434	-8.802746589975873	Very Low	Very Large	Medium E	0.18746200339673993	-1.3370270546263112	Spherical	Low Density	10.457029222831641	2921.0	2616.0	2921.0
C-2509655-3548-113	240	-7.328895128075065	-9.865169261984256	Low	Very Large	Medium E	0.3123634055230852	-1.3362199579941025	Linear	Low Density	10.450926742930005	636.0	2616.0	636.0
C-2509655-3548-1130	240	-7.331972694065965	-9.126553424168444	Low	Very Large	Medium E	0.22552964697618136	-1.3367810664595972	Linear	Low Density	10.335239227436265	1298.0	2616.0	1298.0
C-2509655-3548-1131	240	-7.331570094760738	-9.223177257422876	Low	Very Large	Medium E	0.23688901699931245	-1.3367076636864208	Intermediate	Low Density	10.450145371187142	1130.0	2616.0	1130.0
C-2509655-3548-1132	240	-7.332125725117005	-9.089825971918842	Low	Very Large	Medium E	0.22121186422985453	-1.336808967410698	Linear	Low Density	10.488833306087006	1358.0	2616.0	1358.0
C-2509655-3548-1133	240	-7.332565014423704	-8.984396538311186	Low	Very Large	Medium E	0.20881728302415364	-1.336889059584032	Spherical	Low Density	10.304358465918677	1633.0	2616.0	1633.0
C-2509655-3548-1134	240	-7.333260476500568	-8.81748563986373	Very Low	Very Large	Medium E	0.18919476762090104	-1.3370158577290312	Linear	Low Density	10.384929767553963	2750.0	2616.0	2750.0
C-2509655-3548-1135	240	-7.333826716597191	-8.681588016674093	Very Low	Very Large	Medium E	0.17321826022021566	-1.3371190958440407	Intermediate	Low Density	10.004211534815928	3417.0	2616.0	3417.0
C-2509655-3548-1136	240	-7.337153096348274	-7.883256876414231	Very Low	Very Large	Medium E	0.07936420250220513	-1.3377255685706373	Intermediate	Medium Density	10.95269499526447	5181.0	2616.0	5180.0
C-2509655-3548-1137	240	-7.334782754507696	-8.45213891815289	Very Low	Very Large	Medium E	0.14624357784850164	-1.3372934027367294	Intermediate	Low Density	10.090964366246382	4457.0	2616.0	4456.0
C-2509655-3548-114	240	-7.335239524116182	-8.342514212116054	Very Low	Very Large	Medium E	0.13335578859812477	-1.337376681956366	Linear	Low Density	10.058278219938543	4856.0	2616.0	4855.0
C-2509655-3548-1140	240	-7.334414548391663	-8.540508386000754	Very Low	Very Large	Medium E	0.1566325414221867	-1.3372262706039453	Intermediate	Medium Density	10.81022405861131	4098.0	2616.0	4097.0
C-2509655-3548-1141	240	-7.334622965098737	-8.490488376302782	Very Low	Very Large	Medium E	0.15075204817761814	-1.3372642695872443	Linear	Low Density	10.404674069443452	4272.0	2616.0	4271.0
C-2509655-3548-1142	240	-7.334032536426311	-8.632191257685196	Very Low	Very Large	Medium E	0.16741103808465416	-1.3371566213589532	Spherical	Low Density	10.411163009477045	3587.0	2616.0	3587.0
C-2509655-3548-1143	240	-7.32999113007297	-9.60212878248712	Low	Very Large	Medium E	0.2814396257781898	-1.336419783440914	Linear	Low Density	10.650504299235973	925.0	2616.0	925.0
C-2509655-3548-1144	240	-7.328724045939622	-9.906228974490622	Low	Very Large	Medium E	0.31719050098901397	-1.3361887659303822	Spherical	Low Density	10.503745758227902	584.0	2616.0	584.0
C-2509655-3548-1145	240	-7.33337289232609	-8.790505841738405	Very Low	Very Large	Medium E	0.1860229465522046	-1.3370363536246652	Spherical	Low Density	10.580791946057404	3010.0	2616.0	3010.0
C-2509655-3548-1146	240	-7.334365214088043	-8.552348618869408	Very Low	Very Large	Medium E	0.15802451255173955	-1.3372172758673637	Linear	Low Density	9.952709989206472	3899.0	2616.0	3898.0
C-2509655-3548-1147	240	-7.333709784088241	-8.709651818822085	Very Low	Very Large	Medium E	0.17651751985540134	-1.337097776456948	Spherical	Low Density	10.124130584067784	3376.0	2616.0	3376.0
C-2509655-3548-1148	240	-7.33561320629708	-8.252830488700805	Very Low	Very Large	Medium E	0.12281231743768792	-1.3374448124971003	Linear	Low Density	10.052912826102462	5037.0	2616.0	5036.0
C-2509655-3548-1150	240	-7.33256501387002	-8.984396671195125	Low	Very Large	Medium E	0.20881729864639575	-1.3368890594830831	Spherical	Low Density	10.170036178580057	1631.0	2616.0	1631.0
C-2509655-3548-1151	240	-7.337913102098692	-7.700855496313995	Very Low	Very Large	Medium E	0.05792058243973984	-1.3378641344573299	Intermediate	Low Density	10.58510294813266	5212.0	2616.0	5211.0
C-2509655-3548-1152	240	-7.332469332207332	-9.007360270240378	Low	Very Large	Medium E	0.21151696403771775	-1.3368716145960895	Linear	Low Density	10.445846147653539	1512.0	2616.0	1512.0
C-2509655-3548-1153	240	-7.332525687654498	-8.993834962920412	Low	Very Large	Medium E	0.20992689080891802	-1.3368818894426973	Intermediate	Low Density	10.220338855449157	1530.0	2616.0	1530.0
C-2509655-3548-1154	240	-7.334303538430258	-8.567150776738167	Very Low	Very Large	Medium E	0.15976469592788553	-1.3372060310284877	Linear	Low Density	10.606873986586006	3825.0	2616.0	3824.0
C-2509655-3548-1155	240	-7.335465333037613	-8.288320070973011	Very Low	Very Large	Medium E	0.12698457270243785	-1.3374178519256772	Spherical	Low Density	10.17190550293058	4957.0	2616.0	4956.0
C-2509655-3548-1156	240	-7.333600142942598	-8.735965693776441	Very Low	Very Large	Medium E	0.1796110531202461	-1.3370777864469308	Linear	Low Density	10.381638828836188	3229.0	2616.0	3229.0
C-2509655-3548-1157	240	-7.319310085751478	-12.16557941964534	Medium	Very Large	Low E	0.5828061038273225	-1.334472392416048	Intermediate	Low Density	10.411926314790243	28.0	2616.0	28.0
C-2509655-3548-1158	240	-7.329700900071391	-9.67178398286602	Low	Very Large	Medium E	0.2896284873508483	-1.3363668680814031	Intermediate	Low Density	10.17234492794016	846.0	2616.0	846.0
C-2509655-3548-1159	240	-7.335095409866326	-8.377101632081814	Very Low	Very Large	Medium E	0.13742198312074466	-1.3373504067356778	Spherical	Low Density	10.230165190379184	4641.0	2616.0	4640.0
C-2509655-3548-116	240	-7.33337288398515	-8.790507843564061	Very Low	Very Large	Medium E	0.18602318189247202	-1.337036352103927	Linear	Low Density	10.408798177999133	3001.0	2616.0	3001.0
C-2509655-3548-1161	240	-7.333321883194543	-8.802748033309651	Very Low	Very Large	Medium E	0.18746217307912405	-1.3370270535298456	Intermediate	Low Density	10.076596839867882	2916.0	2616.0	2916.0
C-2509655-3548-1162	240	-7.33213280206579	-9.088127504210108	Low	Very Large	Medium E	0.22101218758152888	-1.3368102576952556	Intermediate	Low Density	10.573913047022598	1367.0	2616.0	1367.0
C-2509655-3548-1163	240	-7.322473225396874	-11.40642590475028	Medium	Very Large	Low E	0.4935578781091171	-1.3350491028546938	Spherical	Low Density	10.192871259443057	95.0	2616.0	95.0
C-2509655-3548-1164	240	-7.33407207155444	-8.622702826934619	Very Low	Very Large	Medium E	0.16629555143702715	-1.337163829488736	Linear	Low Density	10.197816086545878	3671.0	2616.0	3670.0
C-2509655-3548-1166	240	-7.334036539744579	-8.631230461300799	Very Low	Very Large	Medium E	0.167298084155186	-1.3371573512525694	Linear	Low Density	10.397204914251516	3618.0	2616.0	3618.0
C-2509655-3548-1167	240	-7.318560096754949	-12.34557677881223	High	Very Large	Low E	0.603967100416837	-1.3343356528055166	Linear	Low Density	10.255986610370302	26.0	2616.0	26.0
C-2509655-3548-1168	240	-7.333372999509376	-8.790480117749622	Very Low	Very Large	Medium E	0.18601992236762963	-1.3370363731665529	Spherical	Low Density	10.61367222901662	3076.0	2616.0	3076.0
C-2509655-3548-1169	240	-7.336519305604627	-8.035366654889538	Very Low	Very Large	Medium E	0.09724665654733416	-1.3376100144760497	Linear	Low Density	10.12661920139598	5145.0	2616.0	5144.0
C-2509655-3548-117	240	-7.333253959704304	-8.819049670967233	Very Low	Very Large	Medium E	0.1893786395232406	-1.3370146695726886	Intermediate	Low Density	10.369209078918214	2697.0	2616.0	2697.0
C-2509655-3548-1170	240	-7.334763706570185	-8.456710423155585	Very Low	Very Large	Medium E	0.1467810168543666	-1.3372899298757024	Linear	Low Density	10.445437605856624	4377.0	2616.0	4376.0
C-2509655-3548-1171	240	-7.333253982101226	-8.819044295705714	Very Low	Very Large	Medium E	0.18937800759236742	-1.337014673656144	Spherical	Low Density	10.099987906499804	2706.0	2616.0	2706.0
C-2509655-3548-1172	240	-7.334937569546594	-8.414983308817527	Very Low	Very Large	Medium E	0.14187545974905477	-1.337321628948342	Spherical	Low Density	10.486884995195457	4536.0	2616.0	4535.0
C-2509655-3548-1173	240	-7.333411423566228	-8.78125834410524	Very Low	Very Large	Medium E	0.18493578468059677	-1.3370433787234255	Intermediate	Low Density	10.650728713116774	3093.0	2616.0	3093.0
C-2509655-3548-1175	240	-7.334399214911031	-8.544188421352379	Very Low	Very Large	Medium E	0.15706517674467402	-1.3372234749707033	Intermediate	Low Density	10.685860614021665	4044.0	2616.0	4043.0
C-2509655-3548-1176	240	-7.327601892076465	-10.17554590164831	Low	Very Large	Medium E	0.3488521576014197	-1.3359841724191246	Linear	Low Density	10.195020092069816	455.0	2616.0	455.0
C-2509655-3548-1179	240	-7.335113850677655	-8.372675837362646	Very Low	Very Large	Medium E	0.13690167422627064	-1.3373537689041506	Linear	Low Density	10.62055674026766	4677.0	2616.0	4676.0
C-2509655-3548-118	240	-7.336473036003142	-8.046471359246004	Very Low	Very Large	Medium E	0.09855215687302035	-1.3376015785025674	Linear	Low Density	9.952189198651656	5115.0	2616.0	5114.0
C-2509655-3548-1180	240	-7.33259376878506	-8.977495491585724	Low	Very Large	Medium E	0.2080059765311207	-1.3368943021411777	Intermediate	Medium Density	10.812303408724608	1967.0	2616.0	1967.0
C-2509655-3548-1181	240	-7.335239534664487	-8.342511680522811	Very Low	Very Large	Medium E	0.13335549097688718	-1.3373766838795556	Intermediate	Low Density	9.964241549968166	4858.0	2616.0	4857.0
C-2509655-3548-1182	240	-7.3332711689825505	-8.814919444187739	Very Low	Very Large	Medium E	0.18889307842837685	-1.337017807205395	Spherical	Low Density	10.281274767740486	2778.0	2616.0	2778.0
C-2509655-3548-1183	240	-7.335040740215685	-8.390222348235518	Very Low	Very Large	Medium E	0.13896449147233753	-1.3373404392471266	Intermediate	Low Density	10.349492208825046	4581.0	2616.0	4580.0
C-2509655-3548-1184	240	-7.3373871020077	-7.827095518151886	Very Low	Very Large	Medium E	0.07276171502045442	-1.3377682329868887	Spherical	Low Density	10.450485356305501	5201.0	2616.0	5200.0
C-2509655-3548-1185	240	-7.332601571691016	-8.97562279415611	Low	Very Large	Medium E	0.207785816945996	-1.3368957247838116	Intermediate	Low Density	10.240013922303033	2018.0	2616.0	2018.0
C-2509655-3548-1186	240	-7.334412144226317	-8.541085385683958	Very Low	Very Large	Medium E	0.15670037513033414	-1.3372258322713368	Intermediate	Low Density	10.33632563490219	4090.0	2616.0	4089.0
C-2509655-3548-1187	240	-7.332564970009838	-8.984407197638824	Low	Very Large	Medium E	0.20881853616474663	-1.3368890514864002	Linear	Low Density	10.088462779976707	1557.0	2616.0	1557.0
C-2509655-3548-1189	240	-7.332766373820048	-8.936070283188482	Low	Very Large	Medium E	0.20313591233867737	-1.336925771863226	Intermediate	Low Density	10.302633903290694	2198.0	2616.0	2198.0
C-2509655-3548-119	240	-7.323597416579481	-11.13662002092454	Medium	Very Large	Low E	0.4618387383734728	-1.335254067814425	Intermediate	Low Density	10.294662866418843	185.0	2616.0	185.0
C-2509655-3548-1190	240	-7.333372939414905	-8.790494540422698	Very Low	Very Large	Medium E	0.18602161793771788	-1.3370363622099994	Spherical	Low Density	10.409395463968893	3054.0	2616.0	3054.0
C-2509655-3548-1192	240	-7.334656119456613	-8.482531330412753	Very Low	Very Large	Medium E	0.14981659544806045	-1.33727031436124	Spherical	Low Density	10.340625697298073	4330.0	2616.0	4329.0
C-2509655-3548-1193	240	-7.337387074155787	-7.827102202611065	Very Low	Very Large	Medium E	0.07276250086429213	-1.337768227908868	Linear	Low Density	10.260005221190763	5200.0	2616.0	5199.0
C-2509655-3548-1194	240	-7.334396764667087	-8.54477647989916	Very Low	Very Large	Medium E	0.15713431056393928	-1.3372230282369457	Linear	Low Density	10.722511469373536	4030.0	2616.0	4029.0
C-2509655-3548-1195	240	-7.323597439277526	-11.13661457339359	Medium	Very Large	Low E	0.4618380979464002	-1.3352540719527815	Intermediate	Low Density	10.636502789843998	198.0	2616.0	198.0
C-2509655-3548-1196	240	-7.335224337353024	-8.346159035274137	Very Low	Very Large	Medium E	0.1337842842759049	-1.33737391307297	Intermediate	Low Density	10.165385689851508	4836.0	2616.0	4835.0
C-2509655-3548-1197	240	-7.32106546033083	-11.74428952060071	Medium	Very Large	Low E	0.5332780765377059	-1.3347924360932595	Linear	Low Density	10.290124575934803	46.0	2616.0	46.0
C-2509655-3548-1199	240	-7.3332633485564145	-8.816796346460574	Very Low	Very Large	Medium E	0.18911373234671228	-1.3370163813684441	Spherical	Low Density	10.369003270831755	2760.0	2616.0	2760.0
C-2509655-3548-12	240	-7.334408662348849	-8.541921036276072	Very Low	Very Large	Medium E	0.15679861656794228	-1.3372251974479314	Spherical	Low Density	10.323860784459866	4085.0	2616.0	4084.0
C-2509655-3548-120	240	-7.335503323159695	-8.279202441673023	Very Low	Very Large	Medium E	0.12591267851794744	-1.337424778366627	Spherical	Low Density	10.251288585619704	5005.0	2616.0	5004.0
C-2509655-3548-1200	240	-7.332811291883268	-8.925289948015712	Low	Very Large	Medium E	0.20186854576795968	-1.336933961421338	Linear	Low Density	10.449311587266754	2340.0	2616.0	2340.0
C-2509655-3548-1201	240	-7.335163789156931	-8.3606906023367	Very Low	Very Large	Medium E	0.13549265623464368	-1.33736287379534	Spherical	Low Density	10.50385793560313	4767.0	2616.0	4766.0
C-2509655-3548-1202	240	-7.332766435461846	-8.936055489157079	Low	Very Large	Medium E	0.20313417311067333	-1.3369257831018913	Spherical	Low Density	10.284617047193382	2280.0	2616.0	2280.0
C-2509655-3548-1204	240	-7.318246183216291	-12.42091602808997	High	Very Large	Low E	0.6128241947897871	-1.3342784194124733	Intermediate	Low Density	10.550047061429689	23.0	2616.0	23.0
C-2509655-3548-1207	240	-7.323597426462267	-11.136617649056	Medium	Very Large	Low E	0.4618384595299099	-1.3352540696162758	Intermediate	Low Density	10.238022743454769	190.0	2616.0	190.0
C-2509655-3548-1208	240	-7.332565083069707	-8.984380063270162	Low	Very Large	Medium E	0.20881534617194156	-1.3368890720997193	Spherical	Low Density	10.720695026708043	1885.0	2616.0	1885.0
C-2509655-3548-1209	240	-7.332766399615175	-8.936064092358018	Low	Very Large	Medium E	0.20313518452720897	-1.336925776566249	Intermediate	Low Density	10.104208960925009	2236.0	2616.0	2236.0
C-2509655-3548-121	240	-7.33596592730777	-8.168177446135054	Very Low	Very Large	Medium E	0.1128602672892205	-1.3375091213520984	Intermediate	Low Density	10.223991108542409	5079.0	2616.0	5078.0
C-2509655-3548-1211	240	-7.332565013848169	-8.984396676439559	Low	Very Large	Medium E	0.2088172992629224	-1.3368890594790992	Intermediate	Low Density	10.271371806799497	1630.0	2616.0	1630.0
C-2509655-3548-1214	240	-7.333276743369362	-8.81358159135301	Very Low	Very Large	Medium E	0.18873579668043522	-1.3370188235396148	Intermediate	Low Density	10.114101575624458	2833.0	2616.0	2833.0
C-2509655-3548-1215	240	-7.333898825031349	-8.664281992476152	Very Low	Very Large	Medium E	0.17118371526508508	-1.3371322428091938	Linear	Low Density	9.970654163162797	3456.0	2616.0	3456.0
C-2509655-3548-1216	240	-7.336376809361527	-8.06956575323355	Very Low	Very Large	Medium E	0.10126719888624632	-1.3375840342538412	Spherical	Low Density	10.107354801664503	5111.0	2616.0	5110.0
C-2509655-3548-1217	240	-7.332565050393878	-8.984387905469156	Low	Very Large	Medium E	0.20881626812294682	-1.3368890661421917	Spherical	Low Density	10.753910532446248	1774.0	2616.0	1774.0
C-2509655-3548-1218	240	-7.332565059271993	-8.984385774721547	Low	Very Large	Medium E	0.20881601762625301	-1.3368890677608687	Intermediate	Low Density	10.620356440094408	1802.0	2616.0	1802.0
C-2509655-3548-122	240	-7.33196920273316	-9.127391344041692	Low	Very Large	Medium E	0.22562815519686613	-1.336780429912274	Linear	Low Density	10.468696274169702	1294.0	2616.0	1294.0
C-2509655-3548-1220	240	-7.33018263605301	-9.556167347277452	Low	Very Large	Medium E	0.2760362699832967	-1.3364546992240072	Intermediate	Low Density	10.322160831847793	981.0	2616.0	981.0
C-2509655-3548-1221	240	-7.332565088239366	-8.984378822552113	Low	Very Large	Medium E	0.20881520030963432	-1.3368890730422627	Linear	Low Density	10.214187430062232	1894.0	2616.0	1894.0
C-2509655-3548-1222	240	-7.334767549219419	-8.455788187339538	Very Low	Very Large	Medium E	0.1466725962139297	-1.3372906304757939	Linear	Low Density	10.491790358000415	4384.0	2616.0	4383.0
C-2509655-3548-1223	240	-7.33522420607946	-8.346190540929534	Very Low	Very Large	Medium E	0.1337879881694873	-1.337373889138891	Intermediate	Low Density	10.286617982966195	4818.0	2616.0	4817.0
C-2509655-3548-1224	240	-7.335126554862271	-8.369626833054744	Very Low	Very Large	Medium E	0.13654322469092628	-1.337356085158475	Intermediate	Low Density	10.498591858160175	4716.0	2616.0	4715.0
C-2509655-3548-1226	240	-7.328922925628758	-9.85849784909812	Low	Very Large	Medium E	0.3115790954310582	-1.3362250261040125	Intermediate	Low Density	10.465660321933115	767.0	2616.0	767.0
C-2509655-3548-1228	240	-7.334210805125849	-8.58940676979615	Very Low	Very Large	Medium E	0.16238117316609751	-1.3371891236925308	Linear	Low Density	10.650303290375886	3798.0	2616.0	3797.0
C-2509655-3548-1229	240	-7.331956222671333	-9.13050655888006	Low	Very Large	Medium E	0.2259943886287261	-1.3367780633594217	Intermediate	Low Density	10.537276658095806	1288.0	2616.0	1288.0
C-2509655-3548-123	240	-7.333475694705576	-8.765833270661751	Very Low	Very Large	Medium E	0.18312236959473466	-1.3370550967760948	Linear	Low Density	10.63732760546022	3138.0	2616.0	3138.0
C-2509655-3548-1230	240	-7.335366318736009	-8.312083503357714	Very Low	Very Large	Medium E	0.12977826875431558	-1.3373997994247724	Spherical	Low Density	10.549467497804983	4934.0	2616.0	4933.0
C-2509655-3548-1231	240	-7.327610617863933	-10.17345171265596	Low	Very Large	Medium E	0.34860595884421397	-1.3359857633235053	Intermediate	Low Density	10.099003487014913	483.0	2616.0	483.0
C-2509655-3548-1232	240	-7.333372914933977	-8.790500415845404	Very Low	Very Large	Medium E	0.18602230866894978	-1.3370363577465838	Spherical	Low Density	10.54333280592703	3042.0	2616.0	3042.0
C-2509655-3548-1233	240	-7.334758065854951	-8.458064194811847	Very Low	Very Large	Medium E	0.1469401700638019	-1.3372889014483416	Linear	Low Density	9.774338578777554	4367.0	2616.0	4366.0
C-2509655-3548-1234	240	-7.334091071376016	-8.618142869756255	Very Low	Very Large	Medium E	0.16575947002591007	-1.337167293577162	Linear	Low Density	10.219480796598063	3761.0	2616.0	3760.0
C-2509655-3548-1235	240	-7.333980876242995	-8.64458970168097	Very Low	Very Large	Medium E	0.16886863408676042	-1.3371472025629718	Spherical	Low Density	10.287043604341576	3543.0	2616.0	3543.0
C-2509655-3548-1236	240	-7.332565034946522	-8.984391612834674	Low	Very Large	Medium E	0.20881670397127944	-1.3368890633257964	Linear	Low Density	10.522290926821906	1710.0	2616.0	1710.0
C-2509655-3548-1237	240	-7.334124184294976	-8.610195769205708	Very Low	Very Large	Medium E	0.16482518649852804	-1.3371733307959253	Intermediate	Low Density	10.174641352479041	3780.0	2616.0	3779.0
C-2509655-3548-1238	240	-7.334424059454206	-8.538225730990382	Very Low	Very Large	Medium E	0.15636418606902291	-1.3372280046813703	Intermediate	Low Density	10.457479356332543	4133.0	2616.0	4132.0
C-2509655-3548-1239	240	-7.330054762897995	-9.586856904481188	Low	Very Large	Medium E	0.27964422077948825	-1.3364313851147402	Linear	Low Density	10.3009132900869	940.0	2616.0	940.0
C-2509655-3548-124	240	-7.323832856858817	-11.08011435388391	Medium	Very Large	Low E	0.4551957729818039	-1.3352969937936712	Spherical	Low Density	9.78874966787113	267.0	2616.0	267.0
C-2509655-3548-1240	240	-7.334374051318433	-8.550227683576102	Very Low	Very Large	Medium E	0.1577751694240496	-1.337218887090258	Intermediate	Low Density	10.349346446602663	3929.0	2616.0	3928.0
C-2509655-3548-1241	240	-7.334436612985583	-8.535212883459966	Very Low	Very Large	Medium E	0.15600998722625833	-1.3372302934682714	Linear	Low Density	10.078724606981798	4159.0	2616.0	4158.0
C-2509655-3548-1242	240	-7.334424028636199	-8.538233127312246	Very Low	Very Large	Medium E	0.15636505560145456	-1.3372279990625646	Linear	Low Density	10.48661756507701	4129.0	2616.0	4128.0
C-2509655-3548-1243	240	-7.3332711753809745	-8.814917908565993	Very Low	Very Large	Medium E	0.18889289789635658	-1.3370178083719695	Linear	Low Density	10.335736667844863	2781.0	2616.0	2781.0
C-2509655-3548-1244	240	-7.333516911708114	-8.75594119005273	Very Low	Very Large	Medium E	0.18195942873270107	-1.3370626115488453	Spherical	Low Density	9.948887427075485	3164.0	2616.0	3164.0
C-2509655-3548-1246	240	-7.332564984446674	-8.98440373279823	Low	Very Large	Medium E	0.20881812882832837	-1.3368890541185552	Spherical	Low Density	10.469186838138642	1569.0	2616.0	1569.0
C-2509655-3548-1247	240	-7.332777551058976	-8.933387745845758	Low	Very Large	Medium E	0.20282054569205438	-1.3369278097215211	Linear	Low Density	9.940306654274789	2314.0	2616.0	2314.0
C-2509655-3548-1248	240	-7.333029896967139	-8.872824727886657	Very Low	Very Large	Medium E	0.1957005866970388	-1.3369738179714568	Linear	Low Density	10.17303655063933	2446.0	2616.0	2446.0
C-2509655-3548-1249	240	-7.334071268650399	-8.622895523904392	Very Low	Very Large	Medium E	0.1663182054356226	-1.3371636831015403	Spherical	Low Density	10.454479443737814	3656.0	2616.0	3655.0
C-2509655-3548-1250	240	-7.327859830346485	-10.1136407168436	Low	Very Large	Medium E	0.3415744096911626	-1.3360312002805292	Intermediate	Low Density	10.189307160329841	505.0	2616.0	505.0
C-2509655-3548-1251	240	-7.332565042781695	-8.98438973239311	Low	Very Large	Medium E	0.20881648290126595	-1.3368890647543221	Intermediate	Low Density	10.116262281482026	1743.0	2616.0	1743.0
C-2509655-3548-1252	240	-7.333252799979307	-8.819328004966428	Very Low	Very Large	Medium E	0.18941136125225033	-1.3370144581291272	Intermediate	Low Density	10.191599930666907	2645.0	2616.0	2645.0
C-2509655-3548-1254	240	-7.333282411374835	-8.812221270039553	Very Low	Very Large	Medium E	0.18857587347484428	-1.3370198569425906	Linear	Low Density	10.689095849558422	2855.0	2616.0	2855.0
C-2509655-3548-1256	240	-7.328895220781858	-9.865147012354113	Low	Very Large	Medium E	0.3123607897938835	-1.3362199748966048	Spherical	Low Density	10.492109905460149	740.0	2616.0	740.0
C-2509655-3548-1257	240	-7.33276644647757	-8.93605284538304	Low	Very Large	Medium E	0.2031338623011733	-1.3369257851103018	Spherical	Low Density	10.383254238065655	2292.0	2616.0	2292.0
C-2509655-3548-1258	240	-7.332642242545884	-8.965861788987825	Low	Very Large	Medium E	0.20663828568202314	-1.3369031399817415	Linear	Low Density	10.344522885300345	2055.0	2616.0	2055.0
C-2509655-3548-1259	240	-7.333282369685024	-8.812231275593957	Very Low	Very Large	Medium E	0.18857704975605002	-1.3370198493416143	Intermediate	Low Density	10.1918461627285	2851.0	2616.0	2851.0
C-2509655-3548-126	240	-7.333920357060927	-8.6591143053775	Very Low	Very Large	Medium E	0.17057618741257782	-1.3371361685752412	Intermediate	Low Density	10.288616890743524	3473.0	2616.0	3473.0
C-2509655-3548-1260	240	-7.335337165573848	-8.319080262276467	Very Low	Very Large	Medium E	0.13060082744239382	-1.3373944841574044	Intermediate	Low Density	10.63347703380711	4922.0	2616.0	4921.0
C-2509655-3548-1261	240	-7.332565039832209	-8.984390440269584	Low	Very Large	Medium E	0.2088165661212375	-1.3368890642165654	Linear	Low Density	10.244152732457191	1728.0	2616.0	1728.0
C-2509655-3548-1262	240	-7.334797031267444	-8.448712495813483	Very Low	Very Large	Medium E	0.14584075798617097	-1.3372960057063417	Spherical	Low Density	10.19402935323426	4493.0	2616.0	4492.0
C-2509655-3548-1264	240	-7.331861880997482	-9.153148560604276	Low	Very Large	Medium E	0.22865624613309654	-1.3367608627820815	Intermediate	Low Density	10.20503822429527	1236.0	2616.0	1236.0
C-2509655-3548-1265	240	-7.331793800307472	-9.169487926206576	Low	Very Large	Medium E	0.2305771479806971	-1.3367484501639233	Intermediate	Low Density	10.09324032799474	1177.0	2616.0	1177.0
C-2509655-3548-1266	240	-7.332530724636262	-8.992626087296943	Low	Very Large	Medium E	0.20978477198527468	-1.3368828077960702	Linear	Low Density	10.145906096521353	1533.0	2616.0	1533.0
C-2509655-3548-1267	240	-7.334758052452699	-8.458067411352163	Very Low	Very Large	Medium E	0.14694054820935462	-1.3372888990048142	Linear	Low Density	10.226913862747823	4361.0	2616.0	4360.0
C-2509655-3548-1268	240	-7.334900073232671	-8.423982424159016	Very Low	Very Large	Medium E	0.14293342109877993	-1.33731479253956	Linear	Low Density	10.343571546021412	4523.0	2616.0	4522.0
C-2509655-3548-1269	240	-7.333075008993386	-8.861997841587428	Very Low	Very Large	Medium E	0.19442774744476007	-1.3369820428933261	Spherical	Low Density	10.710737968582594	2476.0	2616.0	2476.0
C-2509655-3548-127	240	-7.333649941630625	-8.724014008649887	Very Low	Very Large	Medium E	0.178205979349313	-1.3370868658510784	Linear	Low Density	10.233359314196838	3304.0	2616.0	3304.0
C-2509655-3548-1271	240	-7.3326139977721345	-8.972640534687539	Low	Very Large	Medium E	0.20743521412196594	-1.3368979903337068	Spherical	Low Density	10.282008097341274	2027.0	2616.0	2027.0
C-2509655-3548-1273	240	-7.334024013764322	-8.634236696562743	Very Low	Very Large	Medium E	0.167651505641015	-1.3371550674888477	Intermediate	Low Density	10.267955345376356	3572.0	2616.0	3572.0
C-2509655-3548-1275	240	-7.329589286223378	-9.698571306389448	Low	Very Large	Medium E	0.2927776805631128	-1.3363465184040375	Intermediate	Low Density	10.61969185713029	825.0	2616.0	825.0
C-2509655-3548-1276	240	-7.32889521524714	-9.865148340686392	Low	Very Large	Medium E	0.3123609459563609	-1.3362199738875031	Intermediate	Low Density	10.573911466064795	735.0	2616.0	735.0
C-2509655-3548-1277	240	-7.3268430173405825	-10.35767583826017	Low	Very Large	Low E	0.3702638660027323	-1.33584581274144	Intermediate	Low Density	10.0991073782123	423.0	2616.0	423.0
C-2509655-3548-1278	240	-7.3326014313531	-8.975656475255764	Low	Very Large	Medium E	0.2077897765909578	-1.3368956991971002	Linear	Low Density	10.336753111571866	1976.0	2616.0	1976.0
C-2509655-3548-1279	240	-7.335737832483613	-8.222920203932993	Very Low	Very Large	Medium E	0.1192959801042312	-1.3374675346120746	Linear	Low Density	10.178699614463854	5050.0	2616.0	5049.0
C-2509655-3548-128	240	-7.332811225022062	-8.925305994704917	Low	Very Large	Medium E	0.201870432261983	-1.3369339492310588	Intermediate	Low Density	10.321666449477073	2338.0	2616.0	2338.0
C-2509655-3548-1280	240	-7.329585689618472	-9.699434491566633	Low	Very Large	Medium E	0.2928791590441177	-1.3363458626632783	Intermediate	Low Density	10.321347345372695	824.0	2616.0	824.0
C-2509655-3548-1281	240	-7.332615244526577	-8.972341313621412	Low	Very Large	Medium E	0.20740003685052052	-1.3368982176446644	Linear	Low Density	10.123574261188626	2030.0	2616.0	2030.0
C-2509655-3548-1282	240	-7.333964959602775	-8.648409695334069	Very Low	Very Large	Medium E	0.1693177233013646	-1.3371443006068169	Intermediate	Low Density	10.443919806536245	3526.0	2616.0	3526.0
C-2509655-3548-1283	240	-7.333656882404395	-8.722348222945174	Very Low	Very Large	Medium E	0.178010144889402	-1.3370881313079137	Linear	Low Density	10.306639502946988	3331.0	2616.0	3331.0
C-2509655-3548-1284	240	-7.326826016929095	-10.36175593701707	Low	Very Large	Low E	0.37074353390608966	-1.3358427131897714	Linear	Low Density	10.431715488002789	403.0	2616.0	403.0
C-2509655-3548-1285	240	-7.332565021848554	-8.9843947563469	Low	Very Large	Medium E	0.20881707353144416	-1.3368890609377466	Linear	Low Density	10.425421503275944	1655.0	2616.0	1655.0
C-2509655-3548-1287	240	-7.30708457633457	-15.09970167970325	Very High	Very Large	Very Low E	0.9277497820326812	-1.3322434111857206	Spherical	Low Density	10.397120614429053	4.0	2616.0	4.0
C-2509655-3548-1288	240	-7.332373593646949	-9.03033752473224	Low	Very Large	Medium E	0.21421823480187005	-1.3368541593353853	Linear	Low Density	10.278827340827792	1484.0	2616.0	1484.0
C-2509655-3548-1289	240	-7.331971536568165	-9.126831223640192	Low	Very Large	Medium E	0.22556230586465567	-1.336780855422103	Linear	Low Density	10.43545149100374	1296.0	2616.0	1296.0
C-2509655-3548-129	240	-7.331570070875989	-9.22318298976255	Low	Very Large	Medium E	0.2368896909093306	-1.3367076593317018	Linear	Low Density	10.0562403032414	1126.0	2616.0	1126.0
C-2509655-3548-1290	240	-7.336589163637926	-8.01860072689769	Very Low	Very Large	Medium E	0.09527560682361791	-1.3376227511432675	Linear	Low Density	10.530659027632284	5155.0	2616.0	5154.0
C-2509655-3548-1291	240	-7.323597478949272	-11.13660505217473	Medium	Very Large	Low E	0.46183697860507206	-1.3352540791858196	Intermediate	Low Density	10.369650269457109	226.0	2616.0	226.0
C-2509655-3548-1292	240	-7.332601536137206	-8.975631327070358	Low	Very Large	Medium E	0.20778682009944058	-1.3368957183015644	Linear	Low Density	10.426606993677192	2011.0	2616.0	2011.0
C-2509655-3548-1293	240	-7.334767987255419	-8.455683058699298	Very Low	Very Large	Medium E	0.14666023699485764	-1.3372907103394618	Linear	Low Density	10.016113832360608	4435.0	2616.0	4434.0
C-2509655-3548-1294	240	-7.333906146220977	-8.6625249069654	Very Low	Very Large	Medium E	0.170977147342779	-1.3371335776242688	Intermediate	Low Density	10.28446069862174	3463.0	2616.0	3463.0
C-2509655-3548-1295	240	-7.335087140589035	-8.379086258631535	Very Low	Very Large	Medium E	0.13765530140854798	-1.337348899063217	Intermediate	Low Density	10.103637069194672	4630.0	2616.0	4629.0
C-2509655-3548-1297	240	-7.328895252371391	-9.86513943086598	Low	Very Large	Medium E	0.3123598984928134	-1.3362199806560766	Spherical	Low Density	10.668980701851869	753.0	2616.0	753.0
C-2509655-3548-1299	240	-7.329697617836001	-9.672571719359718	Low	Very Large	Medium E	0.28972109587203926	-1.3363662696571719	Intermediate	Low Density	10.268950132124205	841.0	2616.0	841.0
C-2509655-3548-13	240	-7.330906546394398	-9.38242886534452	Low	Very Large	Medium E	0.2556110846324203	-1.3365866841179177	Linear	Low Density	10.133973034164075	1033.0	2616.0	1033.0
C-2509655-3548-1300	240	-7.333253927463732	-8.819057408704076	Very Low	Very Large	Medium E	0.1893795491934319	-1.337014663694518	Intermediate	Low Density	10.309702575342909	2669.0	2616.0	2669.0
C-2509655-3548-1301	240	-7.335702635532474	-8.231367472206205	Very Low	Very Large	Medium E	0.12028906475807338	-1.3374611174280722	Linear	Low Density	10.096488665289627	5048.0	2616.0	5047.0
C-2509655-3548-1302	240	-7.334356538113904	-8.554430852663032	Very Low	Very Large	Medium E	0.15826930582206516	-1.3372156940450566	Intermediate	Low Density	10.444202438221344	3879.0	2616.0	3878.0
C-2509655-3548-1303	240	-7.33256503126306	-8.984392496865409	Low	Very Large	Medium E	0.2088168079004269	-1.3368890626542198	Intermediate	Low Density	10.023984974693528	1694.0	2616.0	1694.0
C-2509655-3548-1305	240	-7.332565017649868	-8.984395764031584	Low	Very Large	Medium E	0.20881719199768464	-1.3368890601722332	Linear	Low Density	9.841168001964665	1641.0	2616.0	1641.0
C-2509655-3548-1306	240	-7.332565064208836	-8.984384589879355	Low	Very Large	Medium E	0.20881587833285406	-1.3368890686609647	Intermediate	Low Density	10.409220822241476	1823.0	2616.0	1823.0
C-2509655-3548-1308	240	-7.3325649980971805	-8.984400456676614	Low	Very Large	Medium E	0.20881774367824898	-1.336889056607345	Spherical	Low Density	10.427914323433761	1590.0	2616.0	1590.0
C-2509655-3548-1309	240	-7.320180325214298	-11.95672194856845	Medium	Very Large	Low E	0.5582522311838239	-1.3346310563508066	Spherical	Low Density	10.0147749996036	33.0	2616.0	33.0
C-2509655-3548-131	240	-7.332766304556169	-8.936086906519476	Low	Very Large	Medium E	0.2031378666242945	-1.3369257592348862	Intermediate	Low Density	9.988477396476341	2158.0	2616.0	2158.0
C-2509655-3548-1310	240	-7.335151503347079	-8.363639196700872	Very Low	Very Large	Medium E	0.13583930129419092	-1.3373606338200046	Intermediate	Low Density	10.445468748461328	4750.0	2616.0	4749.0
C-2509655-3548-1311	240	-7.333629812927076	-8.728844897501569	Very Low	Very Large	Medium E	0.1787739122511676	-1.3370831959424576	Linear	Low Density	10.422182340372434	3266.0	2616.0	3266.0
C-2509655-3548-1312	240	-7.335246917501267	-8.34073979969603	Very Low	Very Large	Medium E	0.13314718367554032	-1.3373780299342717	Linear	Low Density	10.390956368057594	4881.0	2616.0	4880.0
C-2509655-3548-1313	240	-7.333475643785876	-8.765845491389653	Very Low	Very Large	Medium E	0.18312380629793149	-1.3370550874923055	Intermediate	Low Density	10.635622550446216	3131.0	2616.0	3131.0
C-2509655-3548-1314	240	-7.334405046611866	-8.542788813152127	Very Low	Very Large	Medium E	0.1569006348619874	-1.3372245382189705	Intermediate	Low Density	10.5362170127159	4076.0	2616.0	4075.0
C-2509655-3548-1315	240	-7.331815589051309	-9.164258627685747	Low	Very Large	Medium E	0.22996237691585097	-1.3367524227346677	Spherical	Low Density	10.556025587433238	1188.0	2616.0	1188.0
C-2509655-3548-1316	240	-7.333928825627523	-8.657081849394336	Very Low	Very Large	Medium E	0.17033724616184712	-1.337137712582558	Intermediate	Low Density	10.501443353630028	3494.0	2616.0	3494.0
C-2509655-3548-1317	240	-7.333273112428853	-8.814453017075266	Very Low	Very Large	Medium E	0.18883824394311027	-1.3370181615387142	Intermediate	Low Density	10.335669099230708	2819.0	2616.0	2819.0
C-2509655-3548-1318	240	-7.333372959945452	-8.790489613091495	Very Low	Very Large	Medium E	0.18602103866677136	-1.337036365953173	Intermediate	Low Density	10.27616885074742	3068.0	2616.0	3068.0
C-2509655-3548-1319	240	-7.331660488310646	-9.201482805444808	Low	Very Large	Medium E	0.23433855611231597	-1.3367241444332933	Spherical	Low Density	9.994523699108905	1143.0	2616.0	1143.0
C-2509655-3548-132	240	-7.333956395825022	-8.650465001994636	Very Low	Very Large	Medium E	0.1695593509421129	-1.3371427392403967	Intermediate	Low Density	10.554682397938587	3515.0	2616.0	3515.0
C-2509655-3548-1320	240	-7.335624258222609	-8.250178026573861	Very Low	Very Large	Medium E	0.12250048651816899	-1.3374468275079865	Intermediate	Low Density	10.113753909175413	5039.0	2616.0	5038.0
C-2509655-3548-1322	240	-7.3340911627690755	-8.618120935421857	Very Low	Very Large	Medium E	0.16575689136378835	-1.3371673102401416	Intermediate	Low Density	10.375728628107321	3762.0	2616.0	3761.0
C-2509655-3548-1323	240	-7.334383680010793	-8.547916797409567	Very Low	Very Large	Medium E	0.15750349513662593	-1.3372206426142048	Spherical	Low Density	10.338959236431082	3967.0	2616.0	3966.0
C-2509655-3548-1324	240	-7.332191631800396	-9.074008367905025	Low	Very Large	Medium E	0.21935230214439286	-1.336820983659283	Linear	Low Density	10.180141928082728	1417.0	2616.0	1417.0
C-2509655-3548-1326	240	-7.334440814286787	-8.534204571171056	Very Low	Very Large	Medium E	0.15589144719319514	-1.3372310594585632	Spherical	Low Density	10.583625627198963	4169.0	2616.0	4168.0
C-2509655-3548-1327	240	-7.333342616153688	-8.79777212311475	Very Low	Very Large	Medium E	0.18687719105966813	-1.337030833607649	Intermediate	Low Density	10.24366916741959	2970.0	2616.0	2970.0
C-2509655-3548-1328	240	-7.332847998361871	-8.916480393150712	Low	Very Large	Medium E	0.20083286968189176	-1.3369406538256416	Intermediate	Low Density	10.29109821428428	2368.0	2616.0	2368.0
C-2509655-3548-1329	240	-7.332978274723362	-8.885214066393129	Very Low	Very Large	Medium E	0.19715711223215168	-1.336964406092694	Intermediate	Low Density	10.21966936182268	2406.0	2616.0	2406.0
C-2509655-3548-133	240	-7.334082761462375	-8.620137249029806	Very Low	Very Large	Medium E	0.1659939348714279	-1.337165778495794	Spherical	Low Density	10.264093237595725	3753.0	2616.0	3752.0
C-2509655-3548-1330	240	-7.332766448353652	-8.936052395123495	Low	Very Large	Medium E	0.20313380936736566	-1.3369257854523533	Linear	Low Density	9.809711964620083	2293.0	2616.0	2293.0
C-2509655-3548-1331	240	-7.334082693957338	-8.620153450238742	Very Low	Very Large	Medium E	0.1659958395311853	-1.3371657661881302	Spherical	Low Density	10.471647321403458	3718.0	2616.0	3717.0
C-2509655-3548-1332	240	-7.3238329367655615	-11.08009517626499	Medium	Very Large	Low E	0.45519351840693395	-1.335297008362441	Intermediate	Low Density	10.447318664439452	281.0	2616.0	281.0
C-2509655-3548-1333	240	-7.334372718538692	-8.550547550713961	Very Low	Very Large	Medium E	0.157812773905822	-1.3372186440949825	Intermediate	Low Density	10.468313155519002	3923.0	2616.0	3922.0
C-2509655-3548-1334	240	-7.333258611292143	-8.817933289885591	Very Low	Very Large	Medium E	0.18924739461850204	-1.3370155176602105	Linear	Low Density	10.45288813910809	2715.0	2616.0	2715.0
C-2509655-3548-1336	240	-7.323597252867822	-11.13665931172262	Medium	Very Large	Low E	0.4618433575103697	-1.3352540379661624	Intermediate	Low Density	10.471566712297756	151.0	2616.0	151.0
C-2509655-3548-1338	240	-7.328267659412123	-10.01576174109024	Low	Very Large	Medium E	0.3300674815801906	-1.336105556554897	Intermediate	Low Density	10.07032090705695	528.0	2616.0	528.0
C-2509655-3548-1339	240	-7.337913173446442	-7.70083837285385	Very Low	Very Large	Medium E	0.05791856935754806	-1.3378641474656054	Intermediate	Low Density	10.021650020563126	5216.0	2616.0	5215.0
C-2509655-3548-1340	240	-7.334082676399543	-8.620157664109769	Very Low	Very Large	Medium E	0.165996334925713	-1.337165762986955	Spherical	Low Density	10.456365032402713	3707.0	2616.0	3706.0
C-2509655-3548-1342	240	-7.335040739075215	-8.390222621948269	Very Low	Very Large	Medium E	0.13896452365080872	-1.3373404390391934	Intermediate	Low Density	10.516296576699718	4580.0	2616.0	4579.0
C-2509655-3548-1344	240	-7.328267655564546	-10.01576266450891	Low	Very Large	Medium E	0.33006759013987874	-1.3361055558533983	Spherical	Low Density	10.224248504023787	527.0	2616.0	527.0
C-2509655-3548-1345	240	-7.334640895935225	-8.486184975545825	Very Low	Very Large	Medium E	0.15024612826210296	-1.3372675387760045	Intermediate	Low Density	10.452147463340875	4310.0	2616.0	4309.0
C-2509655-3548-1346	240	-7.333965361974669	-8.648313126079247	Very Low	Very Large	Medium E	0.1693063703477658	-1.337144373968128	Spherical	Low Density	10.189193805573158	3527.0	2616.0	3527.0
C-2509655-3548-1347	240	-7.33350173183733	-8.759584359040645	Very Low	Very Large	Medium E	0.18238772994160554	-1.3370598439220822	Linear	Low Density	10.283057619141927	3154.0	2616.0	3154.0
C-2509655-3548-1349	240	-7.332966446692207	-8.888052793870429	Very Low	Very Large	Medium E	0.19749084103097211	-1.336962249580557	Intermediate	Low Density	10.676143276564872	2399.0	2616.0	2399.0
C-2509655-3548-1350	240	-7.332877678862412	-8.90935707302105	Very Low	Very Large	Medium E	0.19999543210127949	-1.3369460652384801	Intermediate	Low Density	9.995147073770456	2379.0	2616.0	2379.0
C-2509655-3548-1351	240	-7.334444767449521	-8.533255812114948	Very Low	Very Large	Medium E	0.1557799084059327	-1.3372317802077145	Intermediate	Low Density	9.943719000496543	4183.0	2616.0	4182.0
C-2509655-3548-1352	240	-7.328884601221578	-9.86769570682126	Low	Very Large	Medium E	0.31266042149502576	-1.336218038715483	Spherical	Low Density	10.465950330730589	608.0	2616.0	608.0
C-2509655-3548-1353	240	-7.333999873905994	-8.640030262561412	Very Low	Very Large	Medium E	0.16833261358006654	-1.3371506662578414	Linear	Low Density	10.414836251385935	3552.0	2616.0	3552.0
C-2509655-3548-1354	240	-7.332766332880284	-8.936080108731943	Low	Very Large	Medium E	0.20313706745724616	-1.3369257643989998	Linear	Low Density	10.264818295145783	2168.0	2616.0	2168.0
C-2509655-3548-1355	240	-7.322045181479102	-11.50915644501532	Medium	Very Large	Low E	0.5056351698108021	-1.3349710609649097	Spherical	Low Density	10.25416289787411	61.0	2616.0	61.0
C-2509655-3548-1356	240	-7.3340827272990365	-8.62014544823113	Very Low	Very Large	Medium E	0.16599489879263168	-1.3371657722670605	Linear	Low Density	10.183657072853933	3739.0	2616.0	3738.0
C-2509655-3548-1358	240	-7.334384835747271	-8.547639420654935	Very Low	Very Large	Medium E	0.15747088594397893	-1.3372208533305707	Spherical	Low Density	9.899763922325619	3977.0	2616.0	3976.0
C-2509655-3548-136	240	-7.323640226961092	-11.12634552933777	Medium	Very Large	Low E	0.46063084019968087	-1.3352618730954828	Intermediate	Low Density	10.367427477239543	253.0	2616.0	253.0
C-2509655-3548-1360	240	-7.334384824900047	-8.547642023988496	Very Low	Very Large	Medium E	0.157471191999242	-1.3372208513528814	Spherical	Low Density	10.508455353749977	3976.0	2616.0	3975.0
C-2509655-3548-1362	240	-7.332564979337856	-8.984404958914554	Low	Very Large	Medium E	0.2088182729740241	-1.3368890531871045	Linear	Low Density	10.643846041614518	1562.0	2616.0	1562.0
C-2509655-3548-1363	240	-7.329946094975197	-9.61293720595264	Low	Very Large	Medium E	0.28271029448771534	-1.3364115725448098	Linear	Low Density	10.492979842287445	892.0	2616.0	892.0
C-2509655-3548-1364	240	-7.33276632938018	-8.936080948756688	Low	Very Large	Medium E	0.20313716621292754	-1.3369257637608534	Intermediate	Low Density	10.33532239031436	2165.0	2616.0	2165.0
C-2509655-3548-1365	240	-7.335470024540492	-8.287194110281918	Very Low	Very Large	Medium E	0.12685220159180474	-1.3374187072905952	Spherical	Low Density	9.943990881959909	4963.0	2616.0	4962.0
C-2509655-3548-1366	240	-7.323597480521951	-11.1366046747318	Medium	Very Large	Low E	0.46183693423181793	-1.3352540794725538	Intermediate	Low Density	10.444275807075218	227.0	2616.0	227.0
C-2509655-3548-1367	240	-7.334424012003452	-8.538237119171535	Very Low	Very Large	Medium E	0.156365524895669	-1.3372279960300464	Linear	Low Density	10.278463247024112	4127.0	2616.0	4126.0
C-2509655-3548-1368	240	-7.333006924667955	-8.87833807969093	Very Low	Very Large	Medium E	0.19634875186603654	-1.33696962961235	Intermediate	Low Density	10.331606412417992	2436.0	2616.0	2436.0
C-2509655-3548-1369	240	-7.333372959091587	-8.790489818019012	Very Low	Very Large	Medium E	0.18602106275862415	-1.3370363657974944	Spherical	Low Density	10.070452586713884	3066.0	2616.0	3066.0
C-2509655-3548-137	240	-7.334416942908527	-8.539933701953561	Very Low	Very Large	Medium E	0.1565649799467183	-1.3372267071774215	Spherical	Low Density	9.795372109357741	4107.0	2616.0	4106.0
C-2509655-3548-1370	240	-7.332601540010669	-8.975630397439243	Low	Very Large	Medium E	0.2077867108093781	-1.3368957190077826	Spherical	Low Density	10.44728951739293	2013.0	2616.0	2013.0
C-2509655-3548-1371	240	-7.335322655515879	-8.322562676188834	Very Low	Very Large	Medium E	0.13101022983179503	-1.3373918386523573	Linear	Low Density	10.437877504732624	4920.0	2616.0	4919.0
C-2509655-3548-1372	240	-7.333253948925941	-8.819052257774151	Very Low	Very Large	Medium E	0.18937894363555008	-1.3370146676075545	Linear	Low Density	10.101018384279213	2689.0	2616.0	2689.0
C-2509655-3548-1373	240	-7.333254636210101	-8.81888730957573	Very Low	Very Large	Medium E	0.18935955186071127	-1.3370147929146838	Intermediate	Low Density	10.178615264343582	2712.0	2616.0	2712.0
C-2509655-3548-1375	240	-7.333321897423092	-8.802744618457762	Very Low	Very Large	Medium E	0.18746177161953145	-1.3370270561240254	Spherical	Low Density	9.9332593656575	2924.0	2616.0	2924.0
C-2509655-3548-1378	240	-7.3224732742834835	-11.40641417196389	Medium	Very Large	Low E	0.49355649876971325	-1.3350491117678058	Linear	Low Density	10.199803886115829	115.0	2616.0	115.0
C-2509655-3548-1379	240	-7.333925971092914	-8.657766937700481	Very Low	Very Large	Medium E	0.17041778707297867	-1.337137192137655	Linear	Low Density	10.408420328290324	3490.0	2616.0	3490.0
C-2509655-3548-138	240	-7.333372912840894	-8.790500918185375	Very Low	Very Large	Medium E	0.18602236772544697	-1.3370363573649684	Spherical	Low Density	10.19834615016419	3041.0	2616.0	3041.0
C-2509655-3548-1380	240	-7.333321816988986	-8.802763922643274	Very Low	Very Large	Medium E	0.18746404107393963	-1.337027041459106	Linear	Low Density	10.087317557674107	2896.0	2616.0	2896.0
C-2509655-3548-1381	240	-7.332955619690582	-8.89065127426032	Very Low	Very Large	Medium E	0.19779632570544353	-1.336960275578282	Intermediate	Low Density	10.148789213350634	2395.0	2616.0	2395.0
C-2509655-3548-1382	240	-7.326825817831093	-10.36180372053753	Low	Very Large	Low E	0.3707491514713641	-1.3358426768897946	Intermediate	Low Density	10.21644514158153	394.0	2616.0	394.0
C-2509655-3548-1383	240	-7.331912082698503	-9.14110015235934	Low	Very Large	Medium E	0.22723980131989016	-1.3367700156644269	Intermediate	Low Density	10.096235031395052	1264.0	2616.0	1264.0
C-2509655-3548-1384	240	-7.333479305216527	-8.764966748033375	Very Low	Very Large	Medium E	0.18302049875358142	-1.3370557550522344	Spherical	Low Density	10.07448914720736	3147.0	2616.0	3147.0
C-2509655-3548-1385	240	-7.33256503720445	-8.984391070931968	Low	Very Large	Medium E	0.20881664026366728	-1.3368890637374666	Intermediate	Low Density	10.029679672307285	1720.0	2616.0	1720.0
C-2509655-3548-1386	240	-7.334071275492293	-8.622893881849734	Very Low	Very Large	Medium E	0.1663180123910583	-1.3371636843489694	Intermediate	Low Density	10.185782293999367	3659.0	2616.0	3658.0
C-2509655-3548-1387	240	-7.331570113930637	-9.223172656647217	Low	Very Large	Medium E	0.23688847611916639	-1.336707667181518	Intermediate	Low Density	10.365226961786318	1132.0	2616.0	1132.0
C-2509655-3548-1388	240	-7.329946099660884	-9.61293608138794	Low	Very Large	Medium E	0.2827101622807141	-1.3364115733991144	Intermediate	Low Density	10.295455145078128	893.0	2616.0	893.0
C-2509655-3548-1389	240	-7.33511642932388	-8.372056962268761	Very Low	Very Large	Medium E	0.13682891752688467	-1.337354239048489	Intermediate	Low Density	10.066626571753575	4705.0	2616.0	4704.0
C-2509655-3548-139	240	-7.335364305274849	-8.312566734036151	Very Low	Very Large	Medium E	0.12983507871409916	-1.3373994323261935	Linear	Low Density	10.512745015230102	4932.0	2616.0	4931.0
C-2509655-3548-1390	240	-7.334372706918375	-8.55055033958983	Very Low	Very Large	Medium E	0.15781310177395444	-1.3372186419763412	Linear	Low Density	10.246672969340098	3921.0	2616.0	3920.0
C-2509655-3548-1391	240	-7.328895134868137	-9.865167631646935	Low	Very Large	Medium E	0.31236321385604526	-1.33621995923263	Linear	Low Density	10.416110294890858	643.0	2616.0	643.0
C-2509655-3548-1392	240	-7.3338096893808755	-8.685674548589827	Very Low	Very Large	Medium E	0.17369868442382538	-1.337115991405258	Linear	Low Density	10.321571799767563	3408.0	2616.0	3408.0
C-2509655-3548-1393	240	-7.33273850178152	-8.942759572435142	Low	Very Large	Medium E	0.2039223240259953	-1.3369206901730804	Intermediate	Low Density	10.051460963688786	2113.0	2616.0	2113.0
C-2509655-3548-1394	240	-7.332794248972326	-8.929380246641475	Low	Very Large	Medium E	0.2023494127966622	-1.3369308541210772	Spherical	Low Density	10.285663028763672	2331.0	2616.0	2331.0
C-2509655-3548-1396	240	-7.335133995484998	-8.36784108360033	Very Low	Very Large	Medium E	0.13633328695464747	-1.3373574417488499	Spherical	Low Density	10.317646657188952	4728.0	2616.0	4727.0
C-2509655-3548-1397	240	-7.3327663479950305	-8.936076481192675	Low	Very Large	Medium E	0.20313664099351575	-1.336925767154753	Spherical	Low Density	10.639254270203754	2178.0	2616.0	2178.0
C-2509655-3548-1398	240	-7.333094868051462	-8.857231667649094	Very Low	Very Large	Medium E	0.19386742261044013	-1.336985663639603	Intermediate	Low Density	10.164742152911868	2491.0	2616.0	2491.0
C-2509655-3548-14	240	-7.334565822670096	-8.504202559177036	Very Low	Very Large	Medium E	0.15236432614861678	-1.3372538512564776	Intermediate	Low Density	10.186479565818091	4230.0	2616.0	4229.0
C-2509655-3548-140	240	-7.336589099041862	-8.018616229952984	Very Low	Very Large	Medium E	0.09527742940649159	-1.3376227393659736	Intermediate	Low Density	9.868612809315458	5152.0	2616.0	5151.0
C-2509655-3548-1400	240	-7.333253967182774	-8.819047876134185	Very Low	Very Large	Medium E	0.18937842851763256	-1.3370146709361794	Linear	Low Density	10.396806708257255	2700.0	2616.0	2700.0
C-2509655-3548-1401	240	-7.332132881247146	-9.088108500684893	Low	Very Large	Medium E	0.22100995347355454	-1.3368102721317712	Linear	Low Density	10.279484077908135	1394.0	2616.0	1394.0
C-2509655-3548-1402	240	-7.330517676955471	-9.47575753068696	Low	Very Large	Medium E	0.26658306543345495	-1.3365157846035616	Intermediate	Low Density	10.272832776049567	1006.0	2616.0	1006.0
C-2509655-3548-1403	240	-7.332565080378858	-8.984380709074035	Low	Very Large	Medium E	0.20881542209445986	-1.336889071609118	Spherical	Low Density	9.98891782960641	1876.0	2616.0	1876.0
C-2509655-3548-1404	240	-7.334401013180705	-8.54375683663068	Very Low	Very Large	Medium E	0.15701443842901167	-1.3372238028351067	Linear	Low Density	10.349175885664295	4056.0	2616.0	4055.0
C-2509655-3548-1406	240	-7.323597456941656	-11.13661033400235	Medium	Very Large	Low E	0.4618375995516115	-1.3352540751733437	Linear	Low Density	10.266320836010458	213.0	2616.0	213.0
C-2509655-3548-1407	240	-7.332601539197021	-8.975630592714836	Low	Very Large	Medium E	0.2077867337665382	-1.3368957188594364	Spherical	Low Density	10.1946115960965	2012.0	2616.0	2012.0
C-2509655-3548-1408	240	-7.332627591014567	-8.969378156503833	Low	Very Large	Medium E	0.20705167975269181	-1.3369004686829689	Linear	Low Density	10.28665273462325	2041.0	2616.0	2041.0
C-2509655-3548-1409	240	-7.333271160398973	-8.81492150424647	Very Low	Very Large	Medium E	0.18889332061466627	-1.3370178056404187	Spherical	Low Density	10.42812526180469	2775.0	2616.0	2775.0
C-2509655-3548-141	240	-7.328895186253961	-9.865155299049258	Low	Very Large	Medium E	0.31236176400112353	-1.3362199686014042	Spherical	Low Density	10.28500385332215	709.0	2616.0	709.0
C-2509655-3548-1410	240	-7.331959863234961	-9.129632823609224	Low	Very Large	Medium E	0.22589166984901105	-1.3367787271148301	Spherical	Low Density	10.094757829401114	1290.0	2616.0	1290.0
C-2509655-3548-1411	240	-7.333590282361786	-8.738332233171096	Very Low	Very Large	Medium E	0.1798892701579703	-1.3370759886445813	Intermediate	Low Density	10.561222283927107	3222.0	2616.0	3222.0
C-2509655-3548-1412	240	-7.329972437638928	-9.606614966657157	Low	Very Large	Medium E	0.2819670342266241	-1.3364163753960459	Intermediate	Low Density	10.298491072920221	908.0	2616.0	908.0
C-2509655-3548-1413	240	-7.334792852987736	-8.449715282943218	Very Low	Very Large	Medium E	0.1459586484659783	-1.3372952439133785	Intermediate	Low Density	10.485917564204966	4486.0	2616.0	4485.0
C-2509655-3548-1414	240	-7.3301825960091636	-9.556176957800831	Low	Very Large	Medium E	0.2760373998234708	-1.3364546919231268	Intermediate	Low Density	10.069047067294948	977.0	2616.0	977.0
C-2509655-3548-1415	240	-7.334082631490504	-8.620168442278958	Very Low	Very Large	Medium E	0.16599760203766903	-1.3371657547990423	Intermediate	Low Density	10.677910922189769	3685.0	2616.0	3684.0
C-2509655-3548-1416	240	-7.333372902561594	-8.790503385217356	Very Low	Very Large	Medium E	0.18602265775668064	-1.3370363554908242	Linear	Low Density	10.453672324770203	3031.0	2616.0	3031.0
C-2509655-3548-1417	240	-7.328922916387146	-9.85850006708472	Low	Very Large	Medium E	0.3115793561838416	-1.3362250244190619	Intermediate	Low Density	10.244805599632098	766.0	2616.0	766.0
C-2509655-3548-1418	240	-7.322473183963264	-11.40643584881662	Medium	Very Large	Low E	0.4935590471615842	-1.3350490953004286	Intermediate	Low Density	9.991398200523093	83.0	2616.0	83.0
C-2509655-3548-1419	240	-7.334304898034402	-8.566824471743502	Very Low	Very Large	Medium E	0.15972633459353788	-1.3372062789144459	Spherical	Low Density	10.342587459017047	3826.0	2616.0	3825.0
C-2509655-3548-142	240	-7.333251403098017	-8.819663256475918	Very Low	Very Large	Medium E	0.18945077436410285	-1.3370142034467194	Spherical	Low Density	10.452824950844725	2596.0	2616.0	2596.0
C-2509655-3548-1420	240	-7.317983635208032	-12.48392755007246	High	Very Large	Low E	0.6202320068151287	-1.3342305510936563	Intermediate	Low Density	9.92618286087013	21.0	2616.0	21.0
C-2509655-3548-1421	240	-7.336519262039586	-8.035377110499466	Very Low	Very Large	Medium E	0.09724788573828996	-1.3376100065331773	Linear	Low Density	10.660084359723191	5131.0	2616.0	5130.0
C-2509655-3548-1422	240	-7.332540645545392	-8.990245069105928	Low	Very Large	Medium E	0.2095048527794843	-1.3368846165976083	Spherical	Medium Density	10.840844296135682	1537.0	2616.0	1537.0
C-2509655-3548-1423	240	-7.329728685446512	-9.665115492836955	Low	Very Large	Medium E	0.2888445208781297	-1.3363719339708897	Intermediate	Low Density	10.231091670174834	858.0	2616.0	858.0
C-2509655-3548-1424	240	-7.334758049307098	-8.458068166296583	Very Low	Very Large	Medium E	0.1469406369627293	-1.3372888984313014	Spherical	Low Density	10.44074156431429	4359.0	2616.0	4358.0
C-2509655-3548-1425	240	-7.331916853111212	-9.139955253308846	Low	Very Large	Medium E	0.227105203762407	-1.3367708854163551	Spherical	Low Density	10.55999491618737	1266.0	2616.0	1266.0
C-2509655-3548-1426	240	-7.333253975477642	-8.819045885366052	Very Low	Very Large	Medium E	0.18937819447730364	-1.3370146724485177	Linear	Low Density	10.172906216189677	2703.0	2616.0	2703.0
C-2509655-3548-1428	240	-7.332601490568337	-8.975642263598948	Low	Very Large	Medium E	0.2077881058285368	-1.3368957099933498	Spherical	Low Density	10.274060374648803	1994.0	2616.0	1994.0
C-2509655-3548-1429	240	-7.333101180904399	-8.855716582944083	Very Low	Very Large	Medium E	0.1936893049845893	-1.3369868146125585	Linear	Low Density	10.454846476442265	2493.0	2616.0	2493.0
C-2509655-3548-143	240	-7.334360789754304	-8.553410458966924	Very Low	Very Large	Medium E	0.15814934546475964	-1.3372164692132993	Intermediate	Low Density	10.62052737718246	3886.0	2616.0	3885.0
C-2509655-3548-1430	240	-7.334081405217584	-8.62046274777974	Very Low	Very Large	Medium E	0.16603220142138087	-1.3371655312223203	Intermediate	Low Density	10.137648680623153	3680.0	2616.0	3679.0
C-2509655-3548-1431	240	-7.335128994187608	-8.369041394974222	Very Low	Very Large	Medium E	0.13647439894097294	-1.3373565299015286	Linear	Low Density	10.185459967500055	4726.0	2616.0	4725.0
C-2509655-3548-1432	240	-7.329374396920063	-9.75014473918472	Low	Very Large	Medium E	0.2988407986030041	-1.3363073393230394	Spherical	Low Density	10.35004180104061	819.0	2616.0	819.0
C-2509655-3548-1433	240	-7.327610615009804	-10.17345239764709	Low	Very Large	Medium E	0.34860603937369145	-1.3359857628031342	Linear	Low Density	9.933273822772598	482.0	2616.0	482.0
C-2509655-3548-1435	240	-7.323833031493572	-11.08007244154292	Medium	Very Large	Low E	0.4551908456489166	-1.335297025633456	Linear	Low Density	10.571356400765678	286.0	2616.0	286.0
C-2509655-3548-1436	240	-7.334071277922384	-8.622893298627822	Very Low	Very Large	Medium E	0.16631794382586168	-1.3371636847920287	Intermediate	Low Density	10.678466375912237	3660.0	2616.0	3659.0
C-2509655-3548-1439	240	-7.329990797558783	-9.602208585891876	Low	Very Large	Medium E	0.2814490076912665	-1.3364197228162107	Spherical	Low Density	10.484036593327826	922.0	2616.0	922.0
C-2509655-3548-144	240	-7.334082703596991	-8.62015113672208	Very Low	Very Large	Medium E	0.165995567547653	-1.3371657679456523	Spherical	Low Density	10.33809576178052	3724.0	2616.0	3723.0
C-2509655-3548-1440	240	-7.3336550964464	-8.722776852864015	Very Low	Very Large	Medium E	0.1780605358301108	-1.337087805688202	Spherical	Low Density	10.274161811850618	3321.0	2616.0	3321.0
C-2509655-3548-1442	240	-7.331917191518779	-9.139874035492944	Low	Very Large	Medium E	0.2270956555671651	-1.3367709471155522	Spherical	Low Density	10.381843310921557	1267.0	2616.0	1267.0
C-2509655-3548-1445	240	-7.333733872576754	-8.703870581578876	Very Low	Very Large	Medium E	0.1758378613195897	-1.337102168322099	Intermediate	Low Density	10.250309230522	3380.0	2616.0	3380.0
C-2509655-3548-1446	240	-7.332676334560365	-8.957679705512291	Low	Very Large	Medium E	0.20567637690000729	-1.336909355711311	Linear	Low Density	10.61377217114835	2080.0	2616.0	2080.0
C-2509655-3548-1447	240	-7.332565055570868	-8.98438666299168	Low	Very Large	Medium E	0.20881612205379416	-1.3368890670860716	Linear	Low Density	10.0167854699522	1791.0	2616.0	1791.0
C-2509655-3548-1448	240	-7.331257102527756	-9.298295393338664	Low	Very Large	Medium E	0.24572011666254914	-1.336650598267814	Intermediate	Low Density	10.346243733647942	1071.0	2616.0	1071.0
C-2509655-3548-1449	240	-7.332565034521508	-8.984391714837994	Low	Very Large	Medium E	0.2088167159630762	-1.336889063248307	Spherical	Low Density	10.085496437139096	1707.0	2616.0	1707.0
C-2509655-3548-145	240	-7.336064803177943	-8.144447237293734	Very Low	Very Large	Medium E	0.11007047709069237	-1.3375271486138864	Intermediate	Low Density	10.25235192405011	5084.0	2616.0	5083.0
C-2509655-3548-1450	240	-7.323597413675159	-11.13662071796169	Medium	Very Large	Low E	0.46183882031911716	-1.3352540672849027	Spherical	Low Density	10.227442691613	182.0	2616.0	182.0
C-2509655-3548-1453	240	-7.333635434382418	-8.727495748219468	Very Low	Very Large	Medium E	0.17861530246106	-1.3370842208583134	Intermediate	Low Density	10.20287406812621	3278.0	2616.0	3278.0
C-2509655-3548-1454	240	-7.333629852493501	-8.728835401559778	Very Low	Very Large	Medium E	0.1787727958814819	-1.3370832031562936	Linear	Low Density	10.229414064502999	3273.0	2616.0	3273.0
C-2509655-3548-1455	240	-7.333321908599836	-8.80274193603944	Very Low	Very Large	Medium E	0.18746145626684999	-1.3370270581617933	Linear	Low Density	10.187076553152066	2933.0	2616.0	2933.0
C-2509655-3548-1456	240	-7.3333561304452894	-8.794528693130577	Very Low	Very Large	Medium E	0.1864958842940898	-1.3370332975624255	Spherical	Low Density	10.040800650230809	2977.0	2616.0	2977.0
C-2509655-3548-1457	240	-7.336751163206261	-7.979720830497202	Very Low	Very Large	Medium E	0.09070477667956706	-1.3376522872537742	Spherical	Low Density	10.284468104036938	5165.0	2616.0	5164.0
C-2509655-3548-1458	240	-7.333672892798608	-8.71850572833383	Very Low	Very Large	Medium E	0.177558410398753	-1.3370910503574989	Spherical	Low Density	10.172766657977744	3356.0	2616.0	3356.0
C-2509655-3548-1459	240	-7.323597399083146	-11.13662422004482	Medium	Very Large	Low E	0.461839232033872	-1.3352540646244555	Linear	Low Density	10.347935432457941	176.0	2616.0	176.0
C-2509655-3548-146	240	-7.333372868901753	-8.79051146357924	Very Low	Very Large	Medium E	0.18602360747165883	-1.3370363493538895	Spherical	Low Density	10.017547953723259	2992.0	2616.0	2992.0
C-2509655-3548-1460	240	-7.331933052407636	-9.136067422167306	Low	Very Large	Medium E	0.2266481393815239	-1.3367738389069985	Linear	Low Density	10.48048484702265	1273.0	2616.0	1273.0
C-2509655-3548-1461	240	-7.334565852930208	-8.504195296750211	Very Low	Very Large	Medium E	0.15236347235726186	-1.3372538567735663	Linear	Low Density	9.942676207210217	4232.0	2616.0	4231.0
C-2509655-3548-1462	240	-7.323832780138022	-11.08013276687451	Medium	Very Large	Low E	0.4551979376648725	-1.3352969798057703	Spherical	Low Density	10.336887296462503	259.0	2616.0	259.0
C-2509655-3548-1463	240	-7.332827544849882	-8.921389236028048	Low	Very Large	Medium E	0.20140996707858097	-1.336936924697246	Linear	Low Density	10.656004729533057	2352.0	2616.0	2352.0
C-2509655-3548-1464	240	-7.333586143012897	-8.73932567690468	Very Low	Very Large	Medium E	0.18000606220174517	-1.3370752339495693	Spherical	Low Density	10.29956619375555	3209.0	2616.0	3209.0
C-2509655-3548-1465	240	-7.331437420551748	-9.25501906758033	Low	Very Large	Medium E	0.24063242989862485	-1.3366834742386438	Linear	Low Density	10.481551176796977	1111.0	2616.0	1111.0
C-2509655-3548-1466	240	-7.332105642620304	-9.09464577112705	Low	Very Large	Medium E	0.22177849340197422	-1.3368053059266094	Intermediate	Low Density	10.144464850487491	1353.0	2616.0	1353.0
C-2509655-3548-1467	240	-7.332529713580182	-8.992868740756368	Low	Very Large	Medium E	0.20981329900950188	-1.3368826234581461	Spherical	Low Density	10.475048655835458	1532.0	2616.0	1532.0
C-2509655-3548-1468	240	-7.335113917856637	-8.372659714407003	Very Low	Very Large	Medium E	0.13689977876619758	-1.3373537811523672	Linear	Low Density	10.428068582594799	4687.0	2616.0	4686.0
C-2509655-3548-1469	240	-7.333352976864734	-8.795285552463762	Very Low	Very Large	Medium E	0.18658486280936798	-1.3370327225948206	Spherical	Low Density	10.765648569894141	2975.0	2616.0	2975.0
C-2509655-3548-147	240	-7.3336104949711425	-8.733481206925788	Very Low	Very Large	Medium E	0.1793189698473705	-1.33707967385109	Linear	Low Density	10.429455914806422	3243.0	2616.0	3243.0
C-2509655-3548-1470	240	-7.3324510362015	-9.011751311640024	Low	Very Large	Medium E	0.21203318723406794	-1.3368682788288673	Intermediate	Medium Density	10.896233148962494	1505.0	2616.0	1505.0
C-2509655-3548-1471	240	-7.334538121809978	-8.510850765605236	Very Low	Very Large	Medium E	0.15314590802407166	-1.3372488007759487	Intermediate	Low Density	10.692352708124501	4223.0	2616.0	4222.0
C-2509655-3548-1472	240	-7.332320059581127	-9.043185700529374	Low	Very Large	Medium E	0.21572870254143284	-1.3368443988891061	Linear	Low Density	10.161694833599316	1459.0	2616.0	1459.0
C-2509655-3548-1473	240	-7.335206550298441	-8.350427928374176	Very Low	Very Large	Medium E	0.134286147374044	-1.3373706700988366	Linear	Low Density	10.156236708441476	4801.0	2616.0	4800.0
C-2509655-3548-1474	240	-7.332565108466738	-8.984373967982824	Low	Very Large	Medium E	0.2088146295928009	-1.3368890767301607	Linear	Low Density	10.234267125707543	1923.0	2616.0	1923.0
C-2509655-3548-1475	240	-7.33378516160623	-8.691561214504592	Very Low	Very Large	Medium E	0.17439073745129102	-1.3371115194485124	Spherical	Low Density	10.547405045671663	3401.0	2616.0	3401.0
C-2509655-3548-1476	240	-7.325773911326466	-10.61426128164816	Medium	Very Large	Low E	0.40042877351905243	-1.3356508910283702	Intermediate	Low Density	10.33856900904974	341.0	2616.0	341.0
C-2509655-3548-1477	240	-7.33510948274598	-8.373724140964637	Very Low	Very Large	Medium E	0.13702491575075448	-1.337352972533432	Linear	Low Density	10.32875621618878	4653.0	2616.0	4652.0
C-2509655-3548-1479	240	-7.333932839815607	-8.656118444254101	Very Low	Very Large	Medium E	0.17022398553968915	-1.3371384444579826	Intermediate	Low Density	10.591949766609766	3495.0	2616.0	3495.0
C-2509655-3548-1480	240	-7.32965905325677	-9.681827218375236	Low	Very Large	Medium E	0.2908091984086997	-1.336359238479956	Linear	Low Density	10.004335533817391	835.0	2616.0	835.0
C-2509655-3548-1481	240	-7.333079040995887	-8.861030160986909	Very Low	Very Large	Medium E	0.1943139841874573	-1.3369827780167136	Spherical	Low Density	10.13659859691224	2481.0	2616.0	2481.0
C-2509655-3548-1483	240	-7.326956585002235	-10.33041959946351	Low	Very Large	Low E	0.36705954578999317	-1.3358665186423204	Spherical	Low Density	10.37729331049198	429.0	2616.0	429.0
C-2509655-3548-1484	240	-7.335655926621751	-8.242577610779849	Very Low	Very Large	Medium E	0.12160696022732496	-1.3374526013587829	Intermediate	Low Density	10.321984413271586	5043.0	2616.0	5042.0
C-2509655-3548-1486	240	-7.332766389349311	-8.936066556165418	Low	Very Large	Medium E	0.2031354741793346	-1.3369257746945546	Spherical	Low Density	10.281854999716325	2216.0	2616.0	2216.0
C-2509655-3548-1487	240	-7.33187225724488	-9.150658261228733	Low	Very Large	Medium E	0.22836347952342456	-1.336762754601874	Intermediate	Medium Density	10.802522724620838	1243.0	2616.0	1243.0
C-2509655-3548-1488	240	-7.335040784359264	-8.390211753776653	Very Low	Very Large	Medium E	0.1389632459579101	-1.337340447295479	Linear	Low Density	10.383177590379287	4587.0	2616.0	4586.0
C-2509655-3548-1489	240	-7.334777911910794	-8.45330114140931	Very Low	Very Large	Medium E	0.14638021208847704	-1.3372925198240233	Spherical	Low Density	10.481764633463547	4448.0	2616.0	4447.0
C-2509655-3548-149	240	-7.334416987184856	-8.539923075634508	Very Low	Very Large	Medium E	0.15656373068674487	-1.337226715249977	Intermediate	Low Density	10.555440438370645	4114.0	2616.0	4113.0
C-2509655-3548-1490	240	-7.323074840959323	-11.26203816976239	Medium	Very Large	Low E	0.4765832492491026	-1.3351587907008882	Intermediate	Low Density	10.390802439198767	142.0	2616.0	142.0
C-2509655-3548-1491	240	-7.336519327410347	-8.035361421516708	Very Low	Very Large	Medium E	0.0972460412972885	-1.3376100184517155	Spherical	Low Density	9.943346399827329	5148.0	2616.0	5147.0
C-2509655-3548-1492	240	-7.334784220134849	-8.451787167636247	Very Low	Very Large	Medium E	0.14620222506688868	-1.3372936699530311	Intermediate	Low Density	10.187483005516455	4464.0	2616.0	4463.0
C-2509655-3548-1493	240	-7.334622861047362	-8.490513348633213	Very Low	Very Large	Medium E	0.1507549839950936	-1.3372642506163732	Spherical	Low Density	10.45646359388863	4265.0	2616.0	4264.0
C-2509655-3548-1494	240	-7.332766377370989	-8.93606943096266	Low	Very Large	Medium E	0.20313581214861046	-1.3369257725106412	Spherical	Low Density	10.202263500841772	2205.0	2616.0	2205.0
C-2509655-3548-1495	240	-7.333132193347357	-8.848273596634165	Very Low	Very Large	Medium E	0.19281428654738972	-1.3369924688680093	Intermediate	Low Density	10.026077076384116	2514.0	2616.0	2514.0
C-2509655-3548-1496	240	-7.334767626309484	-8.45576968572382	Very Low	Very Large	Medium E	0.14667042111188144	-1.3372906445310206	Intermediate	Low Density	10.126489593883237	4415.0	2616.0	4414.0
C-2509655-3548-1497	240	-7.3319867315952	-9.12318441715172	Low	Very Large	Medium E	0.22513357702096595	-1.3367836258121866	Linear	Low Density	10.314721376612733	1306.0	2616.0	1306.0
C-2509655-3548-1498	240	-7.332565045137513	-8.984389166996795	Low	Very Large	Medium E	0.20881641643168858	-1.3368890651838399	Spherical	Low Density	10.473748738947878	1755.0	2616.0	1755.0
C-2509655-3548-1499	240	-7.332552977750591	-8.987285339858195	Low	Very Large	Medium E	0.2091568986716637	-1.3368868650318437	Spherical	Low Density	10.17509138953473	1547.0	2616.0	1547.0
C-2509655-3548-15	240	-7.332565113681839	-8.984372716358614	Low	Very Large	Medium E	0.2088144824483227	-1.3368890776809892	Linear	Low Density	10.241248495056833	1925.0	2616.0	1925.0
C-2509655-3548-150	240	-7.329001725061149	-9.839585985324238	Low	Very Large	Medium E	0.30935576345179777	-1.336239392986387	Linear	Low Density	10.132783076873713	801.0	2616.0	801.0
C-2509655-3548-1500	240	-7.334082787937074	-8.620130895102118	Very Low	Very Large	Medium E	0.1659931878857851	-1.3371657833227182	Intermediate	Low Density	10.188709340290435	3756.0	2616.0	3755.0
C-2509655-3548-151	240	-7.333923944105096	-8.658253414776862	Very Low	Very Large	Medium E	0.17047497868847222	-1.3371368225728666	Linear	Low Density	10.099872405259548	3487.0	2616.0	3487.0
C-2509655-3548-152	240	-7.330772463643531	-9.41460872555235	Low	Very Large	Medium E	0.2593942396479391	-1.3365622378617497	Linear	Low Density	10.448282484037795	1026.0	2616.0	1026.0
C-2509655-3548-153	240	-7.334363893581784	-8.552665540371677	Very Low	Very Large	Medium E	0.15806177073628971	-1.337217035109816	Intermediate	Low Density	10.043270968440439	3894.0	2616.0	3893.0
C-2509655-3548-155	240	-7.333261443821646	-8.817253482804702	Very Low	Very Large	Medium E	0.1891674745830903	-1.3370160340930954	Linear	Low Density	10.28423047124559	2751.0	2616.0	2751.0
C-2509655-3548-156	240	-7.332565081194035	-8.984380513431532	Low	Very Large	Medium E	0.2088153990941715	-1.3368890717577426	Intermediate	Low Density	9.886498664404776	1879.0	2616.0	1879.0
C-2509655-3548-157	240	-7.332766375787576	-8.93606981098153	Low	Very Large	Medium E	0.20313585682474	-1.3369257722219499	Linear	Low Density	10.483413720879488	2202.0	2616.0	2202.0
C-2509655-3548-158	240	-7.33178522871165	-9.171545109204024	Low	Very Large	Medium E	0.23081899620887805	-1.336746887372096	Linear	Low Density	9.956076289214339	1170.0	2616.0	1170.0
C-2509655-3548-159	240	-7.333626882265793	-8.72954825620978	Very Low	Very Large	Medium E	0.17885660108221801	-1.3370826616179752	Spherical	Low Density	10.2841619051486	3262.0	2616.0	3262.0
C-2509655-3548-16	240	-7.335894557561786	-8.18530618517141	Very Low	Very Large	Medium E	0.11487397010133622	-1.3374961090661652	Intermediate	Low Density	10.47477298045445	5075.0	2616.0	5074.0
C-2509655-3548-160	240	-7.329991141013597	-9.6021261567367	Low	Very Large	Medium E	0.28143931708756476	-1.3364197854356328	Linear	Low Density	10.436617111776341	926.0	2616.0	926.0
C-2509655-3548-161	240	-7.333541744621461	-8.749981290849272	Very Low	Very Large	Medium E	0.1812587661935502	-1.3370671391391369	Linear	Low Density	10.399637971237757	3180.0	2616.0	3180.0
C-2509655-3548-162	240	-7.33256501801386	-8.984395676673659	Low	Very Large	Medium E	0.2088171817276116	-1.336889060238597	Intermediate	Low Density	10.234548975311132	1642.0	2616.0	1642.0
C-2509655-3548-163	240	-7.331949109650337	-9.132213683919083	Low	Very Large	Medium E	0.22619508305722905	-1.336776766498101	Linear	Low Density	10.213062431235654	1281.0	2616.0	1281.0
C-2509655-3548-164	240	-7.332147518946398	-9.084595452864566	Low	Very Large	Medium E	0.22059694967565968	-1.336812940908652	Linear	Low Density	10.457037879000927	1404.0	2616.0	1404.0
C-2509655-3548-165	240	-7.335042468044778	-8.389807669253114	Very Low	Very Large	Medium E	0.138915740643062	-1.3373407542686513	Linear	Low Density	10.333370559092177	4592.0	2616.0	4591.0
C-2509655-3548-166	240	-7.332565123967571	-8.984370247782934	Low	Very Large	Medium E	0.20881419223560438	-1.336889079556306	Spherical	Low Density	9.872872266098193	1935.0	2616.0	1935.0
C-2509655-3548-167	240	-7.331986790201365	-9.12317035167245	Low	Very Large	Medium E	0.2251319234435551	-1.336783636497389	Spherical	Low Density	9.957815514326372	1307.0	2616.0	1307.0
C-2509655-3548-168	240	-7.331398780165506	-9.264292760278488	Low	Very Large	Medium E	0.2417226713358768	-1.3366764292401305	Spherical	Low Density	10.231896594559343	1103.0	2616.0	1103.0
C-2509655-3548-169	240	-7.334132451195251	-8.608211713139568	Very Low	Very Large	Medium E	0.16459193527838462	-1.3371748380350037	Spherical	Low Density	10.319517272567092	3781.0	2616.0	3780.0
C-2509655-3548-17	240	-7.332978395528342	-8.885185073197754	Very Low	Very Large	Medium E	0.1971537037104444	-1.3369644281181183	Spherical	Low Density	10.301350673259055	2417.0	2616.0	2417.0
C-2509655-3548-170	240	-7.334640888745493	-8.486186701081543	Very Low	Very Large	Medium E	0.15024633112094857	-1.337267537465157	Intermediate	Low Density	10.193394576307142	4307.0	2616.0	4306.0
C-2509655-3548-171	240	-7.323832741941318	-11.0801419340837	Medium	Very Large	Low E	0.4551990153877946	-1.3352969728416648	Intermediate	Low Density	10.560357288944177	256.0	2616.0	256.0
C-2509655-3548-172	240	-7.326842955265352	-10.3576907363154	Low	Very Large	Low E	0.3702656174600771	-1.3358458014237504	Linear	Low Density	10.385468876588105	416.0	2616.0	416.0
C-2509655-3548-173	240	-7.332565072421878	-8.984382618749049	Low	Very Large	Medium E	0.20881564660125485	-1.3368890701583842	Intermediate	Low Density	10.71256020763364	1850.0	2616.0	1850.0
C-2509655-3548-174	240	-7.334791408706341	-8.450061910478016	Very Low	Very Large	Medium E	0.1459993989754041	-1.3372949805888812	Spherical	Low Density	10.239994915043688	4485.0	2616.0	4484.0
C-2509655-3548-175	240	-7.333321828261778	-8.802761217173249	Very Low	Very Large	Medium E	0.1874637230112674	-1.3370270435143856	Intermediate	Low Density	10.186109538547857	2897.0	2616.0	2897.0
C-2509655-3548-176	240	-7.333251424827759	-8.819658041337728	Very Low	Very Large	Medium E	0.18945016125776662	-1.337014207408533	Intermediate	Low Density	10.43645841074504	2599.0	2616.0	2599.0
C-2509655-3548-177	240	-7.328895142332482	-9.865165840204362	Low	Very Large	Medium E	0.3123630032489918	-1.3362199605935454	Linear	Low Density	9.989638472723254	654.0	2616.0	654.0
C-2509655-3548-178	240	-7.334406783945772	-8.542371853014735	Very Low	Very Large	Medium E	0.1568516158536668	-1.3372248549734331	Intermediate	Low Density	10.607726720966525	4080.0	2616.0	4079.0
C-2509655-3548-179	240	-7.324569664063248	-10.90328062482031	Medium	Very Large	Low E	0.4344067016590833	-1.3354313300714524	Spherical	Low Density	10.663959140931395	313.0	2616.0	313.0
C-2509655-3548-18	240	-7.333253925013385	-8.819057996787434	Very Low	Very Large	Medium E	0.18937961833014738	-1.3370146632477655	Spherical	Low Density	10.27831713364226	2668.0	2616.0	2668.0
C-2509655-3548-181	240	-7.333372852035965	-8.79051551136831	Very Low	Very Large	Medium E	0.1860240833411468	-1.3370363462788828	Intermediate	Low Density	10.100394032853345	2985.0	2616.0	2985.0
C-2509655-3548-182	240	-7.323832891583594	-11.08010601993736	Medium	Very Large	Low E	0.45519479321958406	-1.3352970001247673	Spherical	Low Density	9.966833731607078	271.0	2616.0	271.0
C-2509655-3548-183	240	-7.327610612242892	-10.17345306170585	Low	Very Large	Medium E	0.34860611744232495	-1.3359857622986648	Intermediate	Low Density	10.430946765978522	480.0	2616.0	480.0
C-2509655-3548-184	240	-7.33276640520711	-8.936062750293639	Low	Very Large	Medium E	0.20313502675033995	-1.3369257775857826	Spherical	Low Density	10.093686021343157	2244.0	2616.0	2244.0
C-2509655-3548-185	240	-7.332601481636474	-8.975644407246072	Low	Very Large	Medium E	0.20778835784173783	-1.3368957083648734	Intermediate	Low Density	10.336520123872097	1990.0	2616.0	1990.0
C-2509655-3548-186	240	-7.333084037049651	-8.8598311080837	Very Low	Very Large	Medium E	0.19417302015046273	-1.3369836889080053	Intermediate	Low Density	10.366460231738772	2485.0	2616.0	2485.0
C-2509655-3548-187	240	-7.332565007402843	-8.984398223317935	Low	Very Large	Medium E	0.2088174811182872	-1.3368890583039734	Intermediate	Low Density	10.135250677854085	1618.0	2616.0	1618.0
C-2509655-3548-188	240	-7.33511636086939	-8.372073391346461	Very Low	Very Large	Medium E	0.13683084897552958	-1.3373542265677187	Spherical	Low Density	10.1850014197444	4699.0	2616.0	4698.0
C-2509655-3548-189	240	-7.335929914778595	-8.176820453136907	Very Low	Very Large	Medium E	0.11387636353939642	-1.3375025554701503	Spherical	Low Density	10.690564116717876	5078.0	2616.0	5077.0
C-2509655-3548-191	240	-7.33444870960071	-8.532309695829527	Very Low	Very Large	Medium E	0.15566868031026287	-1.3372324989492168	Linear	Low Density	10.009938930046784	4196.0	2616.0	4195.0
C-2509655-3548-192	240	-7.332565073119971	-8.984382451206761	Low	Very Large	Medium E	0.2088156269045038	-1.336889070285662	Linear	Low Density	10.03011300945831	1851.0	2616.0	1851.0
C-2509655-3548-193	240	-7.3334756363368	-8.765847279167936	Very Low	Very Large	Medium E	0.18312401647417811	-1.337055086134174	Spherical	Low Density	10.468866175278842	3128.0	2616.0	3128.0
C-2509655-3548-194	240	-7.33437277202241	-8.550534714621666	Very Low	Very Large	Medium E	0.1578112648586529	-1.3372186538462494	Intermediate	Low Density	10.240741989454106	3924.0	2616.0	3923.0
C-2509655-3548-195	240	-7.333253975227297	-8.819045945448655	Very Low	Very Large	Medium E	0.18937820154079654	-1.3370146724028742	Intermediate	Low Density	10.219325820799064	2702.0	2616.0	2702.0
C-2509655-3548-196	240	-7.332565094909381	-8.984377221748652	Low	Very Large	Medium E	0.2088150121146604	-1.3368890742583541	Intermediate	Low Density	10.270351178362628	1902.0	2616.0	1902.0
C-2509655-3548-197	240	-7.333092716925832	-8.85774793780028	Very Low	Very Large	Medium E	0.19392811678371835	-1.3369852714417412	Linear	Low Density	10.451710972157697	2490.0	2616.0	2490.0
C-2509655-3548-198	240	-7.334399091447177	-8.544218052677397	Very Low	Very Large	Medium E	0.15706866028668867	-1.3372234524605073	Spherical	Low Density	10.479393663962494	4041.0	2616.0	4040.0
C-2509655-3548-199	240	-7.333897841328935	-8.664518081055503	Very Low	Very Large	Medium E	0.17121147050352026	-1.3371320634584494	Spherical	Low Density	10.333637396391108	3455.0	2616.0	3455.0
C-2509655-3548-2	240	-7.332507859998071	-8.998113600462746	Low	Very Large	Medium E	0.21042989949118981	-1.336878639065948	Linear	Low Density	10.073763205779134	1521.0	2616.0	1521.0
C-2509655-3548-200	240	-7.328923006297382	-9.858478488628352	Low	Very Large	Medium E	0.3115768193597017	-1.3362250408116898	Linear	Low Density	10.208552147511572	791.0	2616.0	791.0
C-2509655-3548-205	240	-7.335137259523394	-8.36705771438523	Very Low	Very Large	Medium E	0.13624119186300518	-1.3373580368553661	Spherical	Low Density	10.41097636714792	4732.0	2616.0	4731.0
C-2509655-3548-206	240	-7.335503293961071	-8.279209449342845	Very Low	Very Large	Medium E	0.12591350235934373	-1.337424773043071	Linear	Low Density	10.159267930141779	4994.0	2616.0	4993.0
C-2509655-3548-208	240	-7.329949520557338	-9.612115066238822	Low	Very Large	Medium E	0.28261364142703027	-1.33641219710433	Spherical	Medium Density	11.002295975800772	897.0	2616.0	897.0
C-2509655-3548-209	240	-7.335277130930972	-8.333488576566563	Very Low	Very Large	Medium E	0.13229470945802785	-1.337383538511904	Linear	Low Density	10.07883203519021	4897.0	2616.0	4896.0
C-2509655-3548-21	240	-7.329949460073467	-9.612129582367668	Low	Very Large	Medium E	0.2826153479840334	-1.3364121860767804	Intermediate	Low Density	10.729593017341188	896.0	2616.0	896.0
C-2509655-3548-210	240	-7.334777064363342	-8.453504552797812	Very Low	Very Large	Medium E	0.14640412570430275	-1.337292365297345	Spherical	Low Density	10.409131067245854	4447.0	2616.0	4446.0
C-2509655-3548-211	240	-7.33297837844091	-8.885189174181527	Very Low	Very Large	Medium E	0.19715418583363573	-1.3369644250027009	Spherical	Low Density	10.582913428678632	2412.0	2616.0	2412.0
C-2509655-3548-212	240	-7.335427105536954	-8.297494671130874	Very Low	Very Large	Medium E	0.12806316454151764	-1.3374108822053536	Intermediate	Low Density	10.623906933618395	4948.0	2616.0	4947.0
C-2509655-3548-213	240	-7.33435890965362	-8.553861683131109	Very Low	Very Large	Medium E	0.1582023926485807	-1.3372161264292897	Spherical	Low Density	10.076280182174928	3885.0	2616.0	3884.0
C-2509655-3548-214	240	-7.332573331577923	-8.982400421298356	Low	Very Large	Medium E	0.2085826138851541	-1.3368905759855179	Intermediate	Low Density	10.432945740455406	1954.0	2616.0	1954.0
C-2509655-3548-215	240	-7.333876803628613	-8.669567129132908	Very Low	Very Large	Medium E	0.17180505081847233	-1.3371282278195775	Linear	Low Density	10.251524564632543	3441.0	2616.0	3441.0
C-2509655-3548-216	240	-7.327285537120892	-10.25147109098593	Low	Very Large	Medium E	0.35777813673836867	-1.3359264939016864	Spherical	Low Density	10.33839292241192	444.0	2616.0	444.0
C-2509655-3548-217	240	-7.333652458326314	-8.72341000168465	Very Low	Very Large	Medium E	0.17813497058902017	-1.3370873247004613	Spherical	Low Density	10.223023569265113	3314.0	2616.0	3314.0
C-2509655-3548-218	240	-7.333271133675044	-8.814927917989182	Very Low	Very Large	Medium E	0.1888940746323516	-1.3370178007680544	Intermediate	Low Density	10.31091223025731	2771.0	2616.0	2771.0
C-2509655-3548-22	240	-7.332565060512935	-8.984385476895623	Low	Very Large	Medium E	0.20881598261299217	-1.33688906798712	Intermediate	Low Density	10.621159029115653	1807.0	2616.0	1807.0
C-2509655-3548-220	240	-7.333259729169428	-8.817664999337321	Very Low	Very Large	Medium E	0.18921585362586876	-1.3370157214740068	Linear	Low Density	10.111209193051085	2726.0	2616.0	2726.0
C-2509655-3548-221	240	-7.334335315633534	-8.559524247951936	Very Low	Very Large	Medium E	0.15886809972013224	-1.337211824716688	Linear	Low Density	10.438857491303542	3847.0	2616.0	3846.0
C-2509655-3548-222	240	-7.332673034821769	-8.958471642775375	Low	Very Large	Medium E	0.20576947927551198	-1.336908754095857	Intermediate	Low Density	10.685849367774994	2073.0	2616.0	2073.0
C-2509655-3548-223	240	-7.332766407114798	-8.936062292448547	Low	Very Large	Medium E	0.20313497292477142	-1.3369257779335966	Spherical	Low Density	10.423976798562514	2248.0	2616.0	2248.0
C-2509655-3548-224	240	-7.332405203699608	-9.022751112093967	Low	Very Large	Medium E	0.213326354761488	-1.336859922548325	Intermediate	Low Density	10.004885730636689	1491.0	2616.0	1491.0
C-2509655-3548-225	240	-7.334767632060843	-8.455768305397775	Very Low	Very Large	Medium E	0.1466702588368388	-1.337290645579621	Spherical	Low Density	10.142411738064528	4418.0	2616.0	4417.0
C-2509655-3548-226	240	-7.332101580828705	-9.095620601110836	Low	Very Large	Medium E	0.22189309716092656	-1.3368045653720095	Linear	Low Density	10.406019461490121	1352.0	2616.0	1352.0
C-2509655-3548-227	240	-7.332747020612887	-8.94071505290713	Low	Very Large	Medium E	0.20368196455095186	-1.3369222433447783	Intermediate	Low Density	10.40615607637474	2122.0	2616.0	2122.0
C-2509655-3548-228	240	-7.335503276360097	-8.279213673576699	Very Low	Very Large	Medium E	0.12591399897216438	-1.3374247698340234	Linear	Low Density	10.399928130559454	4983.0	2616.0	4982.0
C-2509655-3548-229	240	-7.332601459048218	-8.975649828427818	Low	Very Large	Medium E	0.20778899517111607	-1.3368957042465337	Intermediate	Low Density	9.886195851867798	1980.0	2616.0	1980.0
C-2509655-3548-23	240	-7.334767599173854	-8.455776198275162	Very Low	Very Large	Medium E	0.1466711867457389	-1.3372906395835942	Linear	Low Density	10.24377285382856	4398.0	2616.0	4397.0
C-2509655-3548-230	240	-7.333055665668687	-8.866640239514977	Very Low	Very Large	Medium E	0.19497352082259353	-1.3369785161766703	Spherical	Low Density	10.233266935693441	2469.0	2616.0	2469.0
C-2509655-3548-232	240	-7.332565033920114	-8.98439185917245	Low	Very Large	Medium E	0.20881673293146746	-1.3368890631386594	Linear	Low Density	10.103969082265193	1704.0	2616.0	1704.0
C-2509655-3548-233	240	-7.333600194808736	-8.735953245903438	Very Low	Very Large	Medium E	0.1796095897132155	-1.3370777959032767	Spherical	Low Density	10.275162578837566	3232.0	2616.0	3232.0
C-2509655-3548-234	240	-7.334203064678576	-8.591264477141799	Very Low	Very Large	Medium E	0.16259957047473939	-1.3371877124374987	Intermediate	Low Density	10.385843159097666	3796.0	2616.0	3795.0
C-2509655-3548-235	240	-7.333544983960369	-8.749203849511437	Very Low	Very Large	Medium E	0.18116736799983477	-1.3370677297423894	Spherical	Low Density	10.371774012707982	3182.0	2616.0	3182.0
C-2509655-3548-236	240	-7.323597433212961	-11.13661602888942	Medium	Very Large	Low E	0.4618382690585588	-1.3352540708470768	Intermediate	Low Density	10.343891531999796	194.0	2616.0	194.0
C-2509655-3548-237	240	-7.332075905955557	-9.101782570666384	Low	Very Large	Medium E	0.2226175156598986	-1.336799884273792	Spherical	Low Density	10.336233827999353	1343.0	2616.0	1343.0
C-2509655-3548-24	240	-7.320271349021818	-11.93487623476352	Medium	Very Large	Low E	0.5556839875303765	-1.3346476520076056	Linear	Low Density	10.168752632376126	34.0	2616.0	34.0
C-2509655-3548-240	240	-7.323640149579197	-11.12636410099256	Medium	Very Large	Low E	0.4606330235357255	-1.3352618589870489	Spherical	Low Density	10.316424947477278	250.0	2616.0	250.0
C-2509655-3548-241	240	-7.332978389357538	-8.885186554190728	Very Low	Very Large	Medium E	0.1971538778201575	-1.336964426993044	Spherical	Low Density	10.167673357647562	2414.0	2616.0	2414.0
C-2509655-3548-242	240	-7.328895197688699	-9.865152554712065	Low	Very Large	Medium E	0.3123614413691072	-1.3362199706862103	Linear	Low Density	10.345923813898638	720.0	2616.0	720.0
C-2509655-3548-243	240	-7.334379397686166	-8.548944555320114	Very Low	Very Large	Medium E	0.15762432125174744	-1.3372198618515476	Linear	Low Density	10.310510619340207	3945.0	2616.0	3944.0
C-2509655-3548-244	240	-7.333078793955903	-8.86108945058312	Very Low	Very Large	Medium E	0.19432095443939915	-1.3369827329758512	Intermediate	Medium Density	10.791949334500924	2479.0	2616.0	2479.0
C-2509655-3548-245	240	-7.332337697298578	-9.038952648341397	Low	Very Large	Medium E	0.21523105300183315	-1.3368476146357717	Spherical	Low Density	10.128264376100473	1479.0	2616.0	1479.0
C-2509655-3548-246	240	-7.332572498941545	-8.982600254029105	Low	Very Large	Medium E	0.2086061067839133	-1.3368904241774584	Intermediate	Low Density	10.251527937668703	1952.0	2616.0	1952.0
C-2509655-3548-248	240	-7.33325391609006	-8.819060138385458	Very Low	Very Large	Medium E	0.18937987010244642	-1.3370146616208456	Intermediate	Low Density	10.110837898353083	2662.0	2616.0	2662.0
C-2509655-3548-249	240	-7.332601527760896	-8.975633337384963	Low	Very Large	Medium E	0.20778705643767323	-1.3368957167743774	Linear	Medium Density	11.014341762034453	2007.0	2616.0	2007.0
C-2509655-3548-25	240	-7.33389221777887	-8.665867733071064	Very Low	Very Large	Medium E	0.17137013939638585	-1.3371310381606794	Linear	Low Density	9.883829003395073	3452.0	2616.0	3452.0
C-2509655-3548-250	240	-7.333972520215245	-8.646595148340941	Very Low	Very Large	Medium E	0.16910440004537097	-1.3371456790739802	Spherical	Low Density	10.359068955956293	3534.0	2616.0	3534.0
C-2509655-3548-251	240	-7.332565019218766	-8.984395387496095	Low	Very Large	Medium E	0.208817147731111	-1.336889060458278	Linear	Low Density	10.087427954281388	1648.0	2616.0	1648.0
C-2509655-3548-252	240	-7.334377752173396	-8.549339478384745	Very Low	Very Large	Medium E	0.15767074951971757	-1.3372195618381124	Intermediate	Low Density	10.564334831797435	3937.0	2616.0	3936.0
C-2509655-3548-253	240	-7.333372875388035	-8.790509906871554	Very Low	Very Large	Medium E	0.1860234244607263	-1.3370363505364824	Spherical	Low Density	10.193555646704393	2993.0	2616.0	2993.0
C-2509655-3548-254	240	-7.323597403205264	-11.13662323073657	Medium	Very Large	Low E	0.4618391157280059	-1.335254065376009	Linear	Low Density	10.567476901945277	179.0	2616.0	179.0
C-2509655-3548-255	240	-7.334082758157673	-8.620138042158437	Very Low	Very Large	Medium E	0.16599402811385439	-1.3371657778932735	Intermediate	Low Density	10.468456631098507	3752.0	2616.0	3751.0
C-2509655-3548-257	240	-7.320656501172453	-11.84243971861101	Medium	Very Large	Low E	0.5448168903012619	-1.3347178737779475	Linear	Low Density	9.919439374718946	39.0	2616.0	39.0
C-2509655-3548-258	240	-7.332811295423832	-8.925289098280368	Low	Very Large	Medium E	0.20186844587069405	-1.3369339620668612	Intermediate	Low Density	10.370504025807799	2341.0	2616.0	2341.0
C-2509655-3548-259	240	-7.332191638263451	-9.074006816771837	Low	Very Large	Medium E	0.21935211978880495	-1.3368209848376411	Linear	Low Density	10.279862174366235	1418.0	2616.0	1418.0
C-2509655-3548-26	240	-7.33476757503766	-8.455781990961393	Very Low	Very Large	Medium E	0.14667186775027422	-1.3372906351830314	Spherical	Low Density	10.138160338809001	4390.0	2616.0	4389.0
C-2509655-3548-260	240	-7.333268576907234	-8.815541542263583	Very Low	Very Large	Medium E	0.18896621403060435	-1.337017334612636	Linear	Low Density	10.218966469188395	2769.0	2616.0	2769.0
C-2509655-3548-261	240	-7.333039472094558	-8.870526697305854	Very Low	Very Large	Medium E	0.19543042374849814	-1.3369755637293281	Intermediate	Low Density	10.294637002114715	2451.0	2616.0	2451.0
C-2509655-3548-262	240	-7.328193617299711	-10.03353184806921	Low	Very Large	Medium E	0.33215658541437876	-1.336092057037356	Intermediate	Low Density	10.247485056692474	520.0	2616.0	520.0
C-2509655-3548-264	240	-7.322473236208807	-11.40642330988644	Medium	Very Large	Low E	0.493557573049614	-1.3350491048259485	Linear	Low Density	9.82012482679572	101.0	2616.0	101.0
C-2509655-3548-265	240	-7.328368962414099	-9.991449020616246	Low	Very Large	Medium E	0.32720920967322875	-1.336124026336587	Spherical	Low Density	10.34077566080484	538.0	2616.0	538.0
C-2509655-3548-266	240	-7.333647813229596	-8.724524824896847	Very Low	Very Large	Medium E	0.1782660323462741	-1.3370864777964147	Linear	Low Density	10.283459445986914	3298.0	2616.0	3298.0
C-2509655-3548-267	240	-7.333654047073187	-8.723028702435027	Very Low	Very Large	Medium E	0.17809014397512346	-1.337087614364216	Intermediate	Low Density	10.099638286504256	3318.0	2616.0	3318.0
C-2509655-3548-268	240	-7.33313001155486	-8.848797226833454	Very Low	Very Large	Medium E	0.19287584598866073	-1.336992071078898	Linear	Low Density	10.087991224074662	2511.0	2616.0	2511.0
C-2509655-3548-27	240	-7.333291233243004	-8.810104021678987	Very Low	Very Large	Medium E	0.1883269637933836	-1.3370214653646115	Spherical	Low Density	10.070740561711547	2876.0	2616.0	2876.0
C-2509655-3548-271	240	-7.328895253338791	-9.86513919869008	Low	Very Large	Medium E	0.31235987119753805	-1.336219980832455	Linear	Low Density	10.187939817378107	755.0	2616.0	755.0
C-2509655-3548-272	240	-7.332766240402181	-8.936102303476385	Low	Very Large	Medium E	0.20313967673394334	-1.3369257475381928	Intermediate	Low Density	10.588360974437457	2146.0	2616.0	2146.0
C-2509655-3548-273	240	-7.3347581317631	-8.458048376855817	Very Low	Very Large	Medium E	0.14693831046035963	-1.3372889134648576	Linear	Low Density	9.977295067295765	4374.0	2616.0	4373.0
C-2509655-3548-274	240	-7.336649417823722	-8.004139722306784	Very Low	Very Large	Medium E	0.09357553038779963	-1.3376337368163063	Spherical	Low Density	10.589141266441976	5159.0	2616.0	5158.0
C-2509655-3548-276	240	-7.333372896253384	-8.790504899187582	Very Low	Very Large	Medium E	0.18602283574330436	-1.3370363543406978	Linear	Low Density	10.261138356614213	3018.0	2616.0	3018.0
C-2509655-3548-277	240	-7.334767571215933	-8.455782908176188	Very Low	Very Large	Medium E	0.14667197558061548	-1.3372906344862456	Spherical	Low Density	10.498337649540616	4389.0	2616.0	4388.0
C-2509655-3548-278	240	-7.33337288739215	-8.790507025883949	Very Low	Very Large	Medium E	0.1860230857637074	-1.3370363527250986	Spherical	Low Density	10.342228252605633	3004.0	2616.0	3004.0
C-2509655-3548-279	240	-7.334388820981821	-8.546682964362876	Very Low	Very Large	Medium E	0.15735844224800452	-1.3372215799271245	Linear	Low Density	10.255410449259651	4005.0	2616.0	4004.0
C-2509655-3548-28	240	-7.328895247668958	-9.8651405594498	Low	Very Large	Medium E	0.31236003117229627	-1.3362199797987189	Intermediate	Low Density	10.257033268185939	750.0	2616.0	750.0
C-2509655-3548-280	240	-7.332565089233212	-8.984378584029237	Low	Very Large	Medium E	0.2088151722681968	-1.3368890732234626	Linear	Low Density	10.235038946438578	1895.0	2616.0	1895.0
C-2509655-3548-282	240	-7.328895194887698	-9.865153226952325	Low	Very Large	Medium E	0.3123615203995694	-1.3362199701755257	Intermediate	Low Density	9.981386497617061	716.0	2616.0	716.0
C-2509655-3548-283	240	-7.322473282051107	-11.40641230773425	Medium	Very Large	Low E	0.49355627960561466	-1.3350491131840156	Spherical	Low Density	10.228144199445397	118.0	2616.0	118.0
C-2509655-3548-284	240	-7.337913075078073	-7.700861981262418	Very Low	Very Large	Medium E	0.05792134482855001	-1.3378641295308724	Intermediate	Low Density	10.382499159924372	5211.0	2616.0	5210.0
C-2509655-3548-286	240	-7.33213284313862	-9.088117646731266	Low	Very Large	Medium E	0.22101102870851777	-1.3368102651837426	Intermediate	Low Density	10.118067876808322	1382.0	2616.0	1382.0
C-2509655-3548-287	240	-7.332191715772277	-9.073988214653548	Low	Very Large	Medium E	0.2193499328713825	-1.3368209989692172	Linear	Low Density	10.07022499863485	1430.0	2616.0	1430.0
C-2509655-3548-288	240	-7.332553126648081	-8.987249604460418	Low	Very Large	Medium E	0.20915269751765958	-1.336886892179155	Intermediate	Low Density	10.608158584548526	1548.0	2616.0	1548.0
C-2509655-3548-289	240	-7.334416922732351	-8.539938544235502	Very Low	Very Large	Medium E	0.156565549219067	-1.3372267034988576	Linear	Low Density	10.196884803082058	4102.0	2616.0	4101.0
C-2509655-3548-29	240	-7.332564991095958	-8.984402136970214	Low	Very Large	Medium E	0.2088179412182804	-1.336889055330867	Spherical	Low Density	10.1744552591368	1578.0	2616.0	1578.0
C-2509655-3548-291	240	-7.332565041311804	-8.984390085166961	Low	Very Large	Medium E	0.20881652437434883	-1.3368890644863285	Intermediate	Low Density	10.394506910827753	1734.0	2616.0	1734.0
C-2509655-3548-292	240	-7.312427546870045	-13.81738875118911	High	Very Large	Very Low E	0.7769974619288932	-1.333217553091112	Spherical	Low Density	10.031032049272618	12.0	2616.0	12.0
C-2509655-3548-293	240	-7.33256505941253	-8.98438574099287	Low	Very Large	Medium E	0.20881601366100577	-1.3368890677864917	Linear	Low Density	10.36140928724968	1803.0	2616.0	1803.0
C-2509655-3548-294	240	-7.335503272453542	-8.279214611149985	Very Low	Very Large	Medium E	0.12591410919591312	-1.337424769121772	Linear	Low Density	10.30012490914282	4981.0	2616.0	4980.0
C-2509655-3548-295	240	-7.33276631766299	-8.936083760882456	Low	Very Large	Medium E	0.20313749681435653	-1.33692576162455	Intermediate	Low Density	10.36655975382074	2160.0	2616.0	2160.0
C-2509655-3548-296	240	-7.332532362713101	-8.992232948855657	Low	Very Large	Medium E	0.20973855352266288	-1.3368831064537705	Linear	Low Density	10.324494739416622	1534.0	2616.0	1534.0
C-2509655-3548-297	240	-7.3319371702643075	-9.13507913656621	Low	Very Large	Medium E	0.22653195374228366	-1.3367745896835033	Intermediate	Low Density	10.57745754908253	1275.0	2616.0	1275.0
C-2509655-3548-298	240	-7.333192130941796	-8.833888573969048	Very Low	Very Large	Medium E	0.19112314276078377	-1.3370033968194295	Spherical	Low Density	10.65819949174359	2554.0	2616.0	2554.0
C-2509655-3548-3	240	-7.332321630698519	-9.042808632355545	Low	Very Large	Medium E	0.2156843733447083	-1.3368446853386158	Spherical	Low Density	9.985374501494102	1460.0	2616.0	1460.0
C-2509655-3548-300	240	-7.327610589084631	-10.1734586196886	Low	Very Large	Medium E	0.3486067708544232	-1.3359857580764007	Intermediate	Low Density	10.519662839526097	473.0	2616.0	473.0
C-2509655-3548-301	240	-7.332766384752503	-8.936067659399171	Low	Very Large	Medium E	0.20313560387862956	-1.3369257738564546	Intermediate	Low Density	10.55306693356332	2212.0	2616.0	2212.0
C-2509655-3548-302	240	-7.333115713779887	-8.85222869282703	Very Low	Very Large	Medium E	0.1932792587971667	-1.3369894642777447	Linear	Medium Density	10.829736008426055	2502.0	2616.0	2502.0
C-2509655-3548-303	240	-7.332766361581303	-8.936073220487385	Low	Very Large	Medium E	0.20313625765580218	-1.3369257696318315	Spherical	Low Density	10.471926439167236	2184.0	2616.0	2184.0
C-2509655-3548-304	240	-7.328895207283169	-9.865150252039484	Low	Very Large	Medium E	0.31236117066042834	-1.3362199724354946	Linear	Low Density	10.63059107994825	729.0	2616.0	729.0
C-2509655-3548-305	240	-7.332565012717968	-8.984396947687713	Low	Very Large	Medium E	0.20881733115162457	-1.3368890592730385	Spherical	Low Density	9.975515240279504	1627.0	2616.0	1627.0
C-2509655-3548-306	240	-7.334337272912113	-8.559054501092751	Very Low	Very Large	Medium E	0.15881287495612756	-1.3372121815719378	Intermediate	Low Density	10.108323906484584	3852.0	2616.0	3851.0
C-2509655-3548-307	240	-7.332766438181034	-8.936054836551827	Low	Very Large	Medium E	0.20313409638856492	-1.3369257835976596	Intermediate	Low Density	10.483176183949677	2286.0	2616.0	2286.0
C-2509655-3548-308	240	-7.331431242400851	-9.25650182379547	Low	Very Large	Medium E	0.24080674689617734	-1.3366823478248544	Spherical	Low Density	9.850551544604734	1110.0	2616.0	1110.0
C-2509655-3548-309	240	-7.332526151337741	-8.993723678942224	Low	Very Large	Medium E	0.20991380795094639	-1.3368819739824256	Linear	Low Density	10.114298816466322	1531.0	2616.0	1531.0
C-2509655-3548-31	240	-7.334351898418676	-8.555544379517645	Very Low	Very Large	Medium E	0.15840021517587008	-1.3372148481258213	Intermediate	Low Density	10.40064841069648	3871.0	2616.0	3870.0
C-2509655-3548-310	240	-7.335113856289254	-8.372674490578936	Very Low	Very Large	Medium E	0.13690151589457275	-1.3373537699272695	Intermediate	Medium Density	10.914946668924719	4678.0	2616.0	4677.0
C-2509655-3548-311	240	-7.329697582753259	-9.672580139217551	Low	Very Large	Medium E	0.2897220857342748	-1.3363662632608106	Linear	Low Density	9.842773438576618	839.0	2616.0	839.0
C-2509655-3548-313	240	-7.332740249556315	-8.942340106484062	Low	Very Large	Medium E	0.20387301042719613	-1.3369210088311485	Intermediate	Low Density	10.64626660106848	2116.0	2616.0	2116.0
C-2509655-3548-314	240	-7.3330673754556095	-8.86382989065369	Very Low	Very Large	Medium E	0.1946431282938042	-1.3369806511302638	Intermediate	Low Density	10.707019900101843	2475.0	2616.0	2475.0
C-2509655-3548-315	240	-7.328895227654433	-9.865145362935888	Low	Very Large	Medium E	0.31236059588364584	-1.3362199761496276	Spherical	Low Density	10.105609815096257	744.0	2616.0	744.0
C-2509655-3548-316	240	-7.332191678356854	-9.073997194354911	Low	Very Large	Medium E	0.2193509885503819	-1.3368209921475567	Linear	Low Density	9.812829966565387	1423.0	2616.0	1423.0
C-2509655-3548-317	240	-7.333638305258033	-8.726806738072213	Very Low	Very Large	Medium E	0.17853430048720442	-1.3370847442825438	Spherical	Low Density	10.029236693199238	3287.0	2616.0	3287.0
C-2509655-3548-319	240	-7.324115612327924	-11.01225304129824	Medium	Very Large	Low E	0.4472178059114405	-1.3353485463803094	Linear	Low Density	10.204144698228047	296.0	2616.0	296.0
C-2509655-3548-32	240	-7.333375436049636	-8.78989534808743	Very Low	Very Large	Medium E	0.18595117519886242	-1.3370368174018252	Linear	Low Density	10.197457946649353	3079.0	2616.0	3079.0
C-2509655-3548-320	240	-7.333494650093206	-8.761283977630363	Very Low	Very Large	Medium E	0.18258754189079257	-1.337058552763228	Linear	Low Density	10.14172731929353	3150.0	2616.0	3150.0
C-2509655-3548-321	240	-7.328540475857157	-9.950285794282356	Low	Very Large	Medium E	0.3223699448301465	-1.3361552970372415	Linear	Low Density	10.162014533812046	551.0	2616.0	551.0
C-2509655-3548-322	240	-7.332132855814207	-9.088114604590306	Low	Very Large	Medium E	0.22101067106587188	-1.3368102674947828	Linear	Low Density	10.265844396651534	1386.0	2616.0	1386.0
C-2509655-3548-323	240	-7.335128925636787	-8.369057847171002	Very Low	Very Large	Medium E	0.13647633310760274	-1.3373565174031952	Spherical	Low Density	10.304851589350655	4724.0	2616.0	4723.0
C-2509655-3548-324	240	-7.339824444163242	-7.24213340082183	Very Low	Very Large	High E	0.003991920690649324	-1.3382126144626478	Linear	Low Density	10.341883932412054	5229.0	2616.0	5228.0
C-2509655-3548-325	240	-7.335101394801585	-8.375665247619601	Very Low	Very Large	Medium E	0.13725311771712084	-1.3373514979219756	Linear	Low Density	10.498266179866715	4642.0	2616.0	4641.0
C-2509655-3548-326	240	-7.334082700031644	-8.62015199240539	Very Low	Very Large	Medium E	0.16599566814419345	-1.3371657672956105	Linear	Low Density	10.390706794135747	3720.0	2616.0	3719.0
C-2509655-3548-328	240	-7.332132802493485	-9.088127401563831	Low	Very Large	Medium E	0.22101217551410096	-1.336810257773234	Spherical	Low Density	10.718390441459915	1368.0	2616.0	1368.0
C-2509655-3548-329	240	-7.327610689783152	-10.17343445204346	Low	Very Large	Medium E	0.3486039296379782	-1.3359857764359724	Spherical	Low Density	10.349855178322418	499.0	2616.0	499.0
C-2509655-3548-33	240	-7.334032614779559	-8.632172452905596	Very Low	Very Large	Medium E	0.167408827341792	-1.3371566356444864	Linear	Low Density	10.552417043227882	3599.0	2616.0	3599.0
C-2509655-3548-330	240	-7.334404849956931	-8.542836010336426	Very Low	Very Large	Medium E	0.15690618349593827	-1.3372245023644187	Linear	Low Density	10.579162688843022	4074.0	2616.0	4073.0
C-2509655-3548-331	240	-7.333278636640694	-8.813127206233556	Very Low	Very Large	Medium E	0.1886823778857879	-1.337019168724925	Linear	Low Density	10.288133252406649	2836.0	2616.0	2836.0
C-2509655-3548-332	240	-7.332565072102181	-8.984382695476663	Low	Very Large	Medium E	0.20881565562153445	-1.3368890701000962	Linear	Low Density	10.0276172191798	1848.0	2616.0	1848.0
C-2509655-3548-333	240	-7.335224244562815	-8.346181304924027	Very Low	Very Large	Medium E	0.1337869023587188	-1.337373896155259	Linear	Low Density	10.12783933553832	4822.0	2616.0	4821.0
C-2509655-3548-334	240	-7.335155762488556	-8.36261700274638	Very Low	Very Large	Medium E	0.1357191292934246	-1.3373614103558595	Intermediate	Low Density	10.689161519928998	4758.0	2616.0	4757.0
C-2509655-3548-336	240	-7.331814312527874	-9.164564993310067	Low	Very Large	Medium E	0.22999839412166223	-1.3367521899961634	Linear	Low Density	10.552657625506724	1187.0	2616.0	1187.0
C-2509655-3548-337	240	-7.332557279116304	-8.98625301208688	Low	Very Large	Medium E	0.2090355353108761	-1.3368876492661126	Intermediate	Low Density	10.123043197980053	1550.0	2616.0	1550.0
C-2509655-3548-338	240	-7.329970876024131	-9.606989754208662	Low	Very Large	Medium E	0.2820110953069285	-1.3364160906790699	Linear	Low Density	10.55100125423289	898.0	2616.0	898.0
C-2509655-3548-339	240	-7.331820014740372	-9.163196462310657	Low	Very Large	Medium E	0.22983750576226528	-1.3367532296358378	Spherical	Low Density	10.378116512246743	1190.0	2616.0	1190.0
C-2509655-3548-34	240	-7.33213287325567	-9.088110418639294	Low	Very Large	Medium E	0.22101017895365568	-1.336810270674748	Spherical	Low Density	10.207151534699438	1392.0	2616.0	1392.0
C-2509655-3548-340	240	-7.333110274488151	-8.853534122843735	Very Low	Very Large	Medium E	0.19343272882727428	-1.3369884725743504	Intermediate	Low Density	10.547722183553132	2499.0	2616.0	2499.0
C-2509655-3548-341	240	-7.323597437596112	-11.13661497693306	Medium	Very Large	Low E	0.46183814538762746	-1.3352540716462225	Intermediate	Low Density	10.304591783964796	197.0	2616.0	197.0
C-2509655-3548-342	240	-7.334785683993371	-8.451435841590756	Very Low	Very Large	Medium E	0.14616092218732193	-1.3372939368468724	Intermediate	Low Density	10.63316636574083	4471.0	2616.0	4470.0
C-2509655-3548-343	240	-7.327610627636091	-10.17344936733832	Low	Very Large	Medium E	0.3486056831220522	-1.335985765105186	Intermediate	Low Density	10.46334469401315	486.0	2616.0	486.0
C-2509655-3548-345	240	-7.335279777748322	-8.332853340402627	Very Low	Very Large	Medium E	0.13222002930517132	-1.3373840210853487	Spherical	Low Density	10.257378551053659	4901.0	2616.0	4900.0
C-2509655-3548-346	240	-7.327610612854179	-10.17345291499699	Low	Very Large	Medium E	0.34860610019481514	-1.3359857624101161	Intermediate	Low Density	10.69451841977224	481.0	2616.0	481.0
C-2509655-3548-348	240	-7.331744499598879	-9.18132009626913	Low	Very Large	Medium E	0.23196817122400176	-1.3367394615524595	Spherical	Low Density	10.230991294606172	1153.0	2616.0	1153.0
C-2509655-3548-350	240	-7.322473348598461	-11.40639633636948	Medium	Very Large	Low E	0.49355440196697603	-1.3350491253170726	Spherical	Low Density	10.332321389920583	129.0	2616.0	129.0
C-2509655-3548-351	240	-7.333298275745908	-8.80841382098203	Very Low	Very Large	Medium E	0.18812825903820546	-1.337022749368922	Intermediate	Low Density	10.206622415750944	2883.0	2616.0	2883.0
C-2509655-3548-352	240	-7.333372877098004	-8.790509496479025	Very Low	Very Large	Medium E	0.18602337621381934	-1.3370363508482477	Intermediate	Low Density	10.278435474660931	2995.0	2616.0	2995.0
C-2509655-3548-354	240	-7.333253928287008	-8.819057211117967	Very Low	Very Large	Medium E	0.18937952596462115	-1.3370146638446196	Linear	Low Density	10.033457277241922	2671.0	2616.0	2671.0
C-2509655-3548-356	240	-7.3304574460318	-9.490212952367935	Low	Very Large	Medium E	0.268282485526656	-1.3365048031717235	Linear	Low Density	10.300202700081366	1001.0	2616.0	1001.0
C-2509655-3548-357	240	-7.322473237165856	-11.40642308019443	Medium	Very Large	Low E	0.49355754604638813	-1.33504910500044	Intermediate	Low Density	10.424268914654453	102.0	2616.0	102.0
C-2509655-3548-358	240	-7.334412910185471	-8.54090155548697	Very Low	Very Large	Medium E	0.156678763534515	-1.337225971922661	Linear	Low Density	10.300849694075962	4097.0	2616.0	4096.0
C-2509655-3548-359	240	-7.334381411561376	-8.54846122526992	Very Low	Very Large	Medium E	0.157567499609508	-1.337220229025617	Spherical	Low Density	10.208617743506254	3959.0	2616.0	3958.0
C-2509655-3548-36	240	-7.325533055552807	-10.67206666732627	Medium	Very Large	Low E	0.40722453749498766	-1.3356069776845254	Linear	Low Density	10.31710919930553	329.0	2616.0	329.0
C-2509655-3548-360	240	-7.332565013781378	-8.984396692469373	Low	Very Large	Medium E	0.20881730114743602	-1.3368890594669216	Intermediate	Low Density	10.31894308553179	1629.0	2616.0	1629.0
C-2509655-3548-361	240	-7.332766326817718	-8.936081563747532	Low	Very Large	Medium E	0.20313723851299464	-1.3369257632936598	Intermediate	Low Density	10.486346145948975	2163.0	2616.0	2163.0
C-2509655-3548-362	240	-7.333705209866702	-8.710749631991535	Very Low	Very Large	Medium E	0.17664658186409915	-1.3370969424750168	Spherical	Low Density	10.477398461894008	3374.0	2616.0	3374.0
C-2509655-3548-363	240	-7.33125709041944	-9.29829829933448	Low	Very Large	Medium E	0.24572045829960978	-1.3366505960601998	Intermediate	Low Density	10.649344943248021	1069.0	2616.0	1069.0
C-2509655-3548-364	240	-7.334585404693072	-8.499502873662447	Very Low	Very Large	Medium E	0.1518118178807357	-1.3372574214931177	Spherical	Low Density	9.953265912643015	4242.0	2616.0	4241.0
C-2509655-3548-365	240	-7.334372608764877	-8.550573896429636	Very Low	Very Large	Medium E	0.15781587118236076	-1.337218624080784	Intermediate	Low Density	10.61197093678594	3920.0	2616.0	3919.0
C-2509655-3548-366	240	-7.33438486644266	-8.547632053761514	Very Low	Very Large	Medium E	0.1574700198712587	-1.3372208589270203	Intermediate	Low Density	10.48426493025487	3978.0	2616.0	3977.0
C-2509655-3548-367	240	-7.333253973907357	-8.819046262234432	Very Low	Very Large	Medium E	0.189378238783021	-1.3370146721622198	Linear	Low Density	10.490108148539914	2701.0	2616.0	2701.0
C-2509655-3548-368	240	-7.332214596968801	-9.068496727487636	Low	Very Large	Medium E	0.21870433817085672	-1.3368251707182905	Intermediate	Low Density	10.132840583459725	1439.0	2616.0	1439.0
C-2509655-3548-37	240	-7.333589618495397	-8.73849156110458	Very Low	Very Large	Medium E	0.17990800119862363	-1.3370758676070305	Spherical	Low Density	10.393918584228038	3213.0	2616.0	3213.0
C-2509655-3548-370	240	-7.33374593270638	-8.7009761504687	Very Low	Very Large	Medium E	0.17549758384475098	-1.3371043671509293	Intermediate	Low Density	10.057929013634682	3389.0	2616.0	3389.0
C-2509655-3548-371	240	-7.331257184260608	-9.298275777454236	Low	Very Large	Medium E	0.2457178105639238	-1.3366506131695237	Spherical	Low Density	10.479820885080835	1087.0	2616.0	1087.0
C-2509655-3548-372	240	-7.331583593190414	-9.219937634300445	Low	Very Large	Medium E	0.23650815777915765	-1.3367101247492168	Intermediate	Low Density	10.266326844441295	1137.0	2616.0	1137.0
C-2509655-3548-373	240	-7.332565033676976	-8.984391917525443	Low	Very Large	Medium E	0.20881673979162335	-1.33688906309433	Linear	Low Density	10.516985861980235	1701.0	2616.0	1701.0
C-2509655-3548-374	240	-7.333926877446206	-8.657549412910354	Very Low	Very Large	Medium E	0.17039221424589837	-1.3371373573859409	Linear	Low Density	9.87228770901663	3492.0	2616.0	3492.0
C-2509655-3548-375	240	-7.334767618858109	-8.45577147405381	Very Low	Very Large	Medium E	0.14667063135298342	-1.33729064317247	Linear	Low Density	10.598786915934717	4409.0	2616.0	4408.0
C-2509655-3548-376	240	-7.335116403549089	-8.372063148218853	Very Low	Very Large	Medium E	0.13682964476457882	-1.3373542343491733	Spherical	Low Density	10.259562470870147	4702.0	2616.0	4701.0
C-2509655-3548-377	240	-7.332191670229703	-9.073999144871376	Low	Very Large	Medium E	0.21935121785857678	-1.336820990665797	Spherical	Low Density	10.189011029309263	1422.0	2616.0	1422.0
C-2509655-3548-379	240	-7.336923490466959	-7.938362287929822	Very Low	Very Large	Medium E	0.08584254990986584	-1.337683706331415	Linear	Low Density	10.236811737735964	5175.0	2616.0	5174.0
C-2509655-3548-380	240	-7.322934217996009	-11.29578768095777	Medium	Very Large	Low E	0.4805509368563391	-1.3351331520190886	Intermediate	Low Density	10.369295437061918	137.0	2616.0	137.0
C-2509655-3548-381	240	-7.33193924742284	-9.13458061851829	Low	Very Large	Medium E	0.22647334655628354	-1.3367749683955246	Intermediate	Low Density	10.356885443937834	1276.0	2616.0	1276.0
C-2509655-3548-382	240	-7.332565038869144	-8.984390671405485	Low	Very Large	Medium E	0.2088165932941949	-1.3368890640409774	Intermediate	Low Density	10.318228876332576	1724.0	2616.0	1724.0
C-2509655-3548-383	240	-7.3327664400560995	-8.936054386536103	Low	Very Large	Medium E	0.20313404348345102	-1.3369257839395257	Linear	Low Density	10.360726354615416	2288.0	2616.0	2288.0
C-2509655-3548-384	240	-7.328895149686862	-9.865164075152911	Low	Very Large	Medium E	0.3123627957445946	-1.336219961934412	Linear	Low Density	10.11811225061449	663.0	2616.0	663.0
C-2509655-3548-385	240	-7.328873006607632	-9.870478414168169	Low	Very Large	Medium E	0.3129875644095096	-1.336215924760475	Linear	Low Density	9.85903163114616	607.0	2616.0	607.0
C-2509655-3548-386	240	-7.3327470444728915	-8.940709326506036	Low	Very Large	Medium E	0.20368129133910592	-1.3369222476949858	Linear	Low Density	10.453346759590644	2127.0	2616.0	2127.0
C-2509655-3548-387	240	-7.33337289450364	-8.790505319126316	Very Low	Very Large	Medium E	0.1860228851124743	-1.3370363540216808	Linear	Low Density	10.641600453675338	3014.0	2616.0	3014.0
C-2509655-3548-388	240	-7.3343329743642975	-8.560086152568568	Very Low	Very Large	Medium E	0.15893415880973616	-1.3372113978514342	Linear	Low Density	10.347611159142591	3844.0	2616.0	3843.0
C-2509655-3548-39	240	-7.333188928142976	-8.834657245685456	Very Low	Very Large	Medium E	0.19121350997312847	-1.3370028128782445	Intermediate	Low Density	9.784833650068933	2552.0	2616.0	2552.0
C-2509655-3548-390	240	-7.32702346932096	-10.31436736296943	Low	Very Large	Low E	0.3651723996491998	-1.3358787131354868	Linear	Low Density	10.509692593367676	434.0	2616.0	434.0
C-2509655-3548-391	240	-7.330517669322793	-9.475759362529416	Low	Very Large	Medium E	0.26658328079003407	-1.3365157832119552	Spherical	Low Density	9.976116147092435	1005.0	2616.0	1005.0
C-2509655-3548-393	240	-7.337260403350878	-7.857503195789359	Very Low	Very Large	Medium E	0.07633652726078732	-1.3377451330146641	Linear	Low Density	9.968122573545452	5183.0	2616.0	5182.0
C-2509655-3548-394	240	-7.332774353499638	-8.934155160086897	Low	Very Large	Medium E	0.20291076507202332	-1.3369272267356098	Intermediate	Low Density	10.452458189767793	2310.0	2616.0	2310.0
C-2509655-3548-395	240	-7.323597474949574	-11.13660601210231	Medium	Very Large	Low E	0.4618370914568402	-1.3352540784565863	Intermediate	Low Density	10.203044142340097	223.0	2616.0	223.0
C-2509655-3548-396	240	-7.334348409704992	-8.556381670801695	Very Low	Very Large	Medium E	0.15849864949785886	-1.337214212056022	Linear	Low Density	9.978339358185474	3861.0	2616.0	3860.0
C-2509655-3548-397	240	-7.334814217629867	-8.44458776883204	Very Low	Very Large	Medium E	0.1453558434630219	-1.3372991391609856	Spherical	Low Density	10.412899128471798	4502.0	2616.0	4501.0
C-2509655-3548-398	240	-7.333129897166511	-8.84882468003721	Very Low	Very Large	Medium E	0.1928790734646173	-1.3369920502233679	Linear	Low Density	10.373394709242575	2510.0	2616.0	2510.0
C-2509655-3548-399	240	-7.330054748332766	-9.586860400136167	Low	Very Large	Medium E	0.27964463173853316	-1.3364313824591763	Spherical	Low Density	10.458856340269282	939.0	2616.0	939.0
C-2509655-3548-4	240	-7.334640875732713	-8.486189824148852	Very Low	Very Large	Medium E	0.15024669827750636	-1.337267535092639	Spherical	Low Density	10.558490607559365	4302.0	2616.0	4301.0
C-2509655-3548-40	240	-7.334326661713577	-8.561601188741303	Very Low	Very Large	Medium E	0.1591122707300215	-1.337210246915347	Intermediate	Low Density	10.474283726282579	3839.0	2616.0	3838.0
C-2509655-3548-400	240	-7.334429339013493	-8.536958636761737	Very Low	Very Large	Medium E	0.15621522290212872	-1.3372289672620001	Intermediate	Low Density	10.60729882022343	4136.0	2616.0	4135.0
C-2509655-3548-401	240	-7.333949478541578	-8.65212515002116	Very Low	Very Large	Medium E	0.16975452262068527	-1.3371414780663682	Intermediate	Low Density	10.3203870362993	3512.0	2616.0	3512.0
C-2509655-3548-402	240	-7.327523654525335	-10.19432291391936	Low	Very Large	Medium E	0.3510596360581686	-1.3359699079801528	Intermediate	Low Density	10.50194323809369	452.0	2616.0	452.0
C-2509655-3548-403	240	-7.331860793204176	-9.153409630997574	Low	Very Large	Medium E	0.22868693830397768	-1.336760664453261	Intermediate	Low Density	10.276263191861554	1235.0	2616.0	1235.0
C-2509655-3548-404	240	-7.3333218945218	-8.80274531476783	Very Low	Very Large	Medium E	0.1874618534796961	-1.3370270555950556	Linear	Low Density	10.68568611741962	2923.0	2616.0	2923.0
C-2509655-3548-405	240	-7.328895085813925	-9.865179404657924	Low	Very Large	Medium E	0.31236459792437543	-1.3362199502889605	Linear	Low Density	10.254946431457576	613.0	2616.0	613.0
C-2509655-3548-406	240	-7.334018172472499	-8.635638606600203	Very Low	Very Large	Medium E	0.16781631813414521	-1.337154002491931	Intermediate	Low Density	10.145990420241882	3567.0	2616.0	3567.0
C-2509655-3548-407	240	-7.334437388383015	-8.535026788076358	Very Low	Very Large	Medium E	0.15598810932874055	-1.3372304348404025	Intermediate	Medium Density	10.790866055045608	4162.0	2616.0	4161.0
C-2509655-3548-408	240	-7.333920439782277	-8.659094452253397	Very Low	Very Large	Medium E	0.1705738534233763	-1.3371361836571762	Spherical	Low Density	10.245495580153175	3480.0	2616.0	3480.0
C-2509655-3548-409	240	-7.329899043039281	-9.624229670572484	Low	Very Large	Medium E	0.2840378684388856	-1.336402993934428	Linear	Low Density	10.06216127638939	882.0	2616.0	882.0
C-2509655-3548-410	240	-7.330173860973332	-9.558273366400316	Low	Very Large	Medium E	0.2762838595239411	-1.3364530993325647	Spherical	Low Density	10.603948052230523	967.0	2616.0	967.0
C-2509655-3548-411	240	-7.333252746218378	-8.819340907589005	Very Low	Very Large	Medium E	0.1894128781209529	-1.3370144483273187	Linear	Low Density	9.969184308109405	2644.0	2616.0	2644.0
C-2509655-3548-413	240	-7.3341335428446035	-8.607949717294993	Very Low	Very Large	Medium E	0.16456113430886804	-1.3371750370668667	Intermediate	Low Density	10.235672267395538	3783.0	2616.0	3782.0
C-2509655-3548-414	240	-7.322605531785825	-11.37467237140178	Medium	Very Large	Low E	0.4898248432801694	-1.3350732252407285	Linear	Low Density	10.487038083486803	130.0	2616.0	130.0
C-2509655-3548-415	240	-7.311218157138952	-14.10764228665151	Very High	Very Large	Very Low E	0.811120485191225	-1.3329970545483658	Intermediate	Low Density	10.340363607373215	7.0	2616.0	7.0
C-2509655-3548-416	240	-7.334861067810384	-8.433343725507706	Very Low	Very Large	Medium E	0.1440339620557837	-1.3373076809868885	Linear	Low Density	10.205355768932028	4515.0	2616.0	4514.0
C-2509655-3548-418	240	-7.330230415433032	-9.544700296072367	Low	Very Large	Medium E	0.2746881711413427	-1.3364634104635666	Intermediate	Low Density	10.31109307944471	989.0	2616.0	989.0
C-2509655-3548-419	240	-7.334870930400118	-8.430976703971583	Very Low	Very Large	Medium E	0.14375568833617478	-1.3373094791555087	Spherical	Low Density	10.209603989450587	4517.0	2616.0	4516.0
C-2509655-3548-42	240	-7.33194970877667	-9.132069893599322	Low	Very Large	Medium E	0.22617817866215503	-1.3367768757321055	Intermediate	Low Density	10.536684589229402	1282.0	2616.0	1282.0
C-2509655-3548-420	240	-7.3330817686065295	-8.860375534432974	Very Low	Very Large	Medium E	0.19423702444569432	-1.3369832753205655	Intermediate	Low Density	10.290456500321367	2483.0	2616.0	2483.0
C-2509655-3548-421	240	-7.331831319568734	-9.16048330350366	Low	Very Large	Medium E	0.22951853917005247	-1.3367552907565137	Spherical	Low Density	10.651970342593655	1201.0	2616.0	1201.0
C-2509655-3548-423	240	-7.32640837425553	-10.46199017867282	Low	Very Large	Low E	0.38252735371123336	-1.3357665676772523	Spherical	Low Density	10.352731786897113	370.0	2616.0	370.0
C-2509655-3548-425	240	-7.333953283674105	-8.651211918214715	Very Low	Very Large	Medium E	0.1696471605169924	-1.337142171826333	Intermediate	Low Density	10.532808130863085	3514.0	2616.0	3514.0
C-2509655-3548-426	240	-7.332191704395398	-9.073990945104368	Low	Very Large	Medium E	0.21935025387088877	-1.3368209968949603	Linear	Low Density	10.494035076231992	1429.0	2616.0	1429.0
C-2509655-3548-427	240	-7.335050182985625	-8.387956083449923	Very Low	Very Large	Medium E	0.13869806300017862	-1.337342160873297	Spherical	Low Density	10.060384665162976	4614.0	2616.0	4613.0
C-2509655-3548-428	240	-7.3288952028978365	-9.865151304519213	Low	Very Large	Medium E	0.31236129439290705	-1.3362199716359515	Intermediate	Low Density	10.091006101151256	724.0	2616.0	724.0
C-2509655-3548-429	240	-7.331897948768462	-9.14449229556905	Low	Very Large	Medium E	0.22763859123119282	-1.3367674387358346	Linear	Low Density	10.194342768222757	1255.0	2616.0	1255.0
C-2509655-3548-43	240	-7.334388609585048	-8.54673369958838	Very Low	Very Large	Medium E	0.1573644068240352	-1.3372215413848092	Linear	Low Density	10.57653405691575	4003.0	2616.0	4002.0
C-2509655-3548-430	240	-7.333291276268167	-8.810093695640074	Very Low	Very Large	Medium E	0.18832574983513692	-1.3370214732090522	Spherical	Low Density	10.398750552645309	2880.0	2616.0	2880.0
C-2509655-3548-431	240	-7.3332823452527665	-8.812237139336052	Very Low	Very Large	Medium E	0.18857773911404288	-1.3370198448870725	Linear	Low Density	10.065235759165832	2846.0	2616.0	2846.0
C-2509655-3548-432	240	-7.329728687777906	-9.66511493330248	Low	Very Large	Medium E	0.2888444550976778	-1.3363719343959546	Spherical	Low Density	10.296558679830731	860.0	2616.0	860.0
C-2509655-3548-434	240	-7.334399214940219	-8.544188414347534	Very Low	Very Large	Medium E	0.1570651759211265	-1.337223474976025	Linear	Low Density	9.837047324302777	4045.0	2616.0	4044.0
C-2509655-3548-435	240	-7.334440899962766	-8.534184008936084	Very Low	Very Large	Medium E	0.15588902983892455	-1.3372310750791925	Spherical	Low Density	10.241285105101445	4180.0	2616.0	4179.0
C-2509655-3548-436	240	-7.328922969173121	-9.85848739845091	Low	Very Large	Medium E	0.3115778668235499	-1.3362250340431145	Intermediate	Low Density	10.285453636675168	784.0	2616.0	784.0
C-2509655-3548-437	240	-7.33401460330389	-8.636495207066215	Very Low	Very Large	Medium E	0.16791702249794904	-1.3371533517534167	Intermediate	Low Density	10.397108079500029	3563.0	2616.0	3563.0
C-2509655-3548-439	240	-7.333249552006396	-8.82010751846502	Very Low	Very Large	Medium E	0.18950300305501283	-1.3370138659517048	Spherical	Low Density	10.298364857585149	2586.0	2616.0	2586.0
C-2509655-3548-44	240	-7.333739088487148	-8.702618763084564	Very Low	Very Large	Medium E	0.17569069401103582	-1.3371031192981255	Intermediate	Low Density	10.361949296472776	3382.0	2616.0	3382.0
C-2509655-3548-440	240	-7.332565025712898	-8.984393828904373	Low	Very Large	Medium E	0.20881696449867296	-1.3368890616423021	Intermediate	Low Density	10.172959635824652	1673.0	2616.0	1673.0
C-2509655-3548-441	240	-7.332766335409602	-8.936079501695591	Low	Very Large	Medium E	0.20313699609234387	-1.3369257648601505	Linear	Low Density	10.119643176967099	2171.0	2616.0	2171.0
C-2509655-3548-442	240	-7.323597398693873	-11.13662431347058	Medium	Very Large	Low E	0.4618392430172535	-1.3352540645534823	Linear	Low Density	10.505624617596254	174.0	2616.0	174.0
C-2509655-3548-443	240	-7.332132890797841	-9.088106208517855	Low	Very Large	Medium E	0.22100968399995882	-1.3368102738730745	Linear	Low Density	10.632508621992033	1398.0	2616.0	1398.0
C-2509655-3548-444	240	-7.33276640413927	-8.936063006575163	Low	Very Large	Medium E	0.20313505687952788	-1.3369257773910919	Spherical	Low Density	10.752785780218495	2242.0	2616.0	2242.0
C-2509655-3548-445	240	-7.332565061047625	-8.984385348569946	Low	Very Large	Medium E	0.20881596752665862	-1.336889068084606	Linear	Low Density	10.216289168361543	1809.0	2616.0	1809.0
C-2509655-3548-447	240	-7.329074997185884	-9.822000675387748	Low	Very Large	Medium E	0.30728838487849486	-1.336252752118115	Linear	Low Density	10.579110760917613	806.0	2616.0	806.0
C-2509655-3548-448	240	-7.334640869357712	-8.486191354148957	Very Low	Very Large	Medium E	0.15024687814864374	-1.337267533930335	Intermediate	Medium Density	10.829613956944392	4300.0	2616.0	4299.0
C-2509655-3548-449	240	-7.334241688532797	-8.581994752128583	Very Low	Very Large	Medium E	0.161509795489745	-1.337194754421858	Intermediate	Low Density	10.242320771351622	3811.0	2616.0	3810.0
C-2509655-3548-45	240	-7.332565034905136	-8.984391622767042	Low	Very Large	Medium E	0.2088167051389762	-1.3368890633182509	Spherical	Low Density	9.802159808201854	1709.0	2616.0	1709.0
C-2509655-3548-450	240	-7.328579928212637	-9.94081722896702	Low	Very Large	Medium E	0.32125679361908765	-1.3361624900757365	Linear	Low Density	10.329304857588141	561.0	2616.0	561.0
C-2509655-3548-451	240	-7.334409805618097	-8.541646651656633	Very Low	Very Large	Medium E	0.15676635913916082	-1.337225405891245	Linear	Low Density	10.144926418127916	4086.0	2616.0	4085.0
C-2509655-3548-452	240	-7.333672941902637	-8.718493943367005	Very Low	Very Large	Medium E	0.17755702492485634	-1.3370910593102512	Spherical	Low Density	10.30980324858669	3360.0	2616.0	3360.0
C-2509655-3548-453	240	-7.336589051941464	-8.018627534048404	Very Low	Very Large	Medium E	0.09527875834781115	-1.3376227307785276	Linear	Low Density	10.349977926765241	5149.0	2616.0	5148.0
C-2509655-3548-454	240	-7.334351025246159	-8.555753940921843	Very Low	Very Large	Medium E	0.1584248518048717	-1.3372146889271257	Spherical	Low Density	10.127676956974023	3870.0	2616.0	3869.0
C-2509655-3548-455	240	-7.333047010811831	-8.868717405160305	Very Low	Very Large	Medium E	0.19521771826717194	-1.3369769382045118	Spherical	Low Density	10.392866458857615	2454.0	2616.0	2454.0
C-2509655-3548-457	240	-7.331827550149689	-9.161387964074455	Low	Very Large	Medium E	0.22962489361516042	-1.3367546035079079	Spherical	Low Density	10.26887498800695	1196.0	2616.0	1196.0
C-2509655-3548-46	240	-7.328895106446993	-9.865174452721629	Low	Very Large	Medium E	0.31236401576080075	-1.3362199540508257	Linear	Low Density	10.2569586178144	624.0	2616.0	624.0
C-2509655-3548-460	240	-7.326825731729188	-10.36182438499494	Low	Very Large	Low E	0.37075158084316806	-1.3358426611915097	Spherical	Low Density	10.478585441942222	384.0	2616.0	384.0
C-2509655-3548-461	240	-7.334814690017575	-8.44447439578208	Very Low	Very Large	Medium E	0.1453425150078914	-1.337299225287731	Spherical	Low Density	10.1121090548679	4503.0	2616.0	4502.0
C-2509655-3548-463	240	-7.334366540120255	-8.552030371138693	Very Low	Very Large	Medium E	0.15798709845200434	-1.337217517632415	Intermediate	Low Density	10.366982453797398	3909.0	2616.0	3908.0
C-2509655-3548-464	240	-7.32383284626862	-11.08011689553115	Medium	Very Large	Low E	0.45519607178502247	-1.3352969918628435	Intermediate	Low Density	10.498675035551328	264.0	2616.0	264.0
C-2509655-3548-465	240	-7.332132806298392	-9.088126488385749	Low	Very Large	Medium E	0.2210120681583464	-1.3368102584669528	Linear	Low Density	10.21009178276527	1369.0	2616.0	1369.0
C-2509655-3548-466	240	-7.3355032169322305	-8.279227936264595	Very Low	Very Large	Medium E	0.1259156757339295	-1.3374247589990067	Linear	Low Density	10.531551039038934	4970.0	2616.0	4969.0
C-2509655-3548-467	240	-7.3349375736868705	-8.414982315150958	Very Low	Very Large	Medium E	0.1418753429308365	-1.3373216297032062	Intermediate	Low Density	10.321696905499227	4537.0	2616.0	4536.0
C-2509655-3548-468	240	-7.334560450377128	-8.505491909489153	Very Low	Very Large	Medium E	0.1525159058033798	-1.337252871768443	Intermediate	Low Density	10.329982431270826	4227.0	2616.0	4226.0
C-2509655-3548-469	240	-7.335040669627719	-8.390239289347454	Very Low	Very Large	Medium E	0.13896648311718435	-1.3373404263773765	Intermediate	Low Density	10.092154889147938	4577.0	2616.0	4576.0
C-2509655-3548-47	240	-7.332565118713413	-8.984371508780976	Low	Very Large	Medium E	0.20881434048207195	-1.3368890785983565	Intermediate	Low Density	10.223533646857598	1929.0	2616.0	1929.0
C-2509655-3548-470	240	-7.331785201741522	-9.171551582034668	Low	Very Large	Medium E	0.23081975717307612	-1.336746882454844	Intermediate	Low Density	10.333520132749499	1168.0	2616.0	1168.0
C-2509655-3548-471	240	-7.332052208176142	-9.10747003772567	Low	Very Large	Medium E	0.2232861503088146	-1.336795563643566	Intermediate	Low Density	10.149372018074056	1331.0	2616.0	1331.0
C-2509655-3548-472	240	-7.330014174320371	-9.596598163110876	Low	Very Large	Medium E	0.2807894305847717	-1.3364239849177746	Spherical	Low Density	10.027993204974115	931.0	2616.0	931.0
C-2509655-3548-473	240	-7.329589690712307	-9.69847422904616	Low	Very Large	Medium E	0.29276626787719817	-1.3363465921513311	Linear	Low Density	10.205467862171398	826.0	2616.0	826.0
C-2509655-3548-474	240	-7.332766377301194	-8.936069447713415	Low	Very Large	Medium E	0.2031358141178771	-1.336925772497916	Intermediate	Low Density	10.325655520046281	2204.0	2616.0	2204.0
C-2509655-3548-475	240	-7.334450277602047	-8.53193337550878	Very Low	Very Large	Medium E	0.15562443903326637	-1.3372327848306005	Linear	Low Density	10.627942242348432	4203.0	2616.0	4202.0
C-2509655-3548-476	240	-7.33538389084973	-8.307866196064749	Very Low	Very Large	Medium E	0.12928247022893596	-1.3374030032104247	Intermediate	Low Density	10.570199155451208	4937.0	2616.0	4936.0
C-2509655-3548-477	240	-7.332132883887465	-9.088107867008418	Low	Very Large	Medium E	0.221009878976751	-1.3368102726131599	Spherical	Low Density	10.39623169779235	1396.0	2616.0	1396.0
C-2509655-3548-478	240	-7.334392059988898	-8.54590560266449	Very Low	Very Large	Medium E	0.15726705341693875	-1.3372221704698768	Spherical	Low Density	10.465202688712875	4017.0	2616.0	4016.0
C-2509655-3548-479	240	-7.332601519444752	-8.97563533325935	Low	Very Large	Medium E	0.20778729107831492	-1.33689571525816	Linear	Low Density	10.369672595084648	2005.0	2616.0	2005.0
C-2509655-3548-48	240	-7.336418696593843	-8.059512817477607	Very Low	Very Large	Medium E	0.1000853474400317	-1.3375916712243296	Spherical	Low Density	10.31538204373726	5114.0	2616.0	5113.0
C-2509655-3548-480	240	-7.333750349641769	-8.699916085975367	Very Low	Very Large	Medium E	0.17537295967674957	-1.3371051724561107	Linear	Low Density	10.211572526871027	3392.0	2616.0	3392.0
C-2509655-3548-482	240	-7.328922945315085	-9.85849312437951	Low	Very Large	Medium E	0.31157853997983775	-1.336225029693266	Intermediate	Low Density	10.343645785345563	775.0	2616.0	775.0
C-2509655-3548-483	240	-7.3332597062042755	-8.817670510973915	Very Low	Very Large	Medium E	0.18921650158939202	-1.3370157172869508	Linear	Low Density	10.220964084371609	2719.0	2616.0	2719.0
C-2509655-3548-484	240	-7.329986270181298	-9.603295156488514	Low	Very Large	Medium E	0.2815767479914181	-1.3364188973749882	Spherical	Low Density	10.313647790910068	920.0	2616.0	920.0
C-2509655-3548-486	240	-7.332564983024844	-8.98440407403731	Low	Very Large	Medium E	0.20881816894536334	-1.336889053859324	Intermediate	Medium Density	10.786435994897342	1565.0	2616.0	1565.0
C-2509655-3548-488	240	-7.333980906287476	-8.64458249100592	Very Low	Very Large	Medium E	0.1688677863794525	-1.3371472080407463	Spherical	Low Density	10.541002744125516	3546.0	2616.0	3546.0
C-2509655-3548-489	240	-7.331257077920716	-9.29830129902802	Low	Very Large	Medium E	0.24572081095205353	-1.3366505937814055	Spherical	Low Density	10.36007462441114	1065.0	2616.0	1065.0
C-2509655-3548-49	240	-7.332766429785341	-8.936056851518142	Low	Very Large	Medium E	0.20313433327368244	-1.3369257820669387	Linear	Low Density	10.603960637543299	2275.0	2616.0	2275.0
C-2509655-3548-490	240	-7.331826696694234	-9.161592793383749	Low	Very Large	Medium E	0.2296489739257395	-1.3367544479040696	Linear	Low Density	10.196337080150743	1194.0	2616.0	1194.0
C-2509655-3548-491	240	-7.334294867320512	-8.56923184307687	Very Low	Very Large	Medium E	0.16000935194898322	-1.337204450093067	Spherical	Low Density	9.998635397315983	3821.0	2616.0	3820.0
C-2509655-3548-492	240	-7.328895217743043	-9.86514774166942	Low	Very Large	Medium E	0.3123608755342667	-1.3362199743425616	Linear	Low Density	10.064040423261265	739.0	2616.0	739.0
C-2509655-3548-493	240	-7.328895195530063	-9.865153072784771	Low	Very Large	Medium E	0.3123615022751844	-1.3362199702926432	Linear	Low Density	10.375606177132427	719.0	2616.0	719.0
C-2509655-3548-494	240	-7.332775162090399	-8.933961098304328	Low	Very Large	Medium E	0.20288795062220347	-1.3369273741596204	Intermediate	Low Density	10.00697855593247	2311.0	2616.0	2311.0
C-2509655-3548-496	240	-7.328895155465558	-9.865162688266178	Low	Very Large	Medium E	0.31236263269825454	-1.3362199629879963	Intermediate	Low Density	10.295023720112992	670.0	2616.0	670.0
C-2509655-3548-498	240	-7.334082723944335	-8.62014625335953	Very Low	Very Large	Medium E	0.16599499344578703	-1.3371657716554242	Linear	Low Density	10.40341085562802	3735.0	2616.0	3734.0
C-2509655-3548-5	240	-7.334622801120346	-8.490527731117028	Very Low	Very Large	Medium E	0.15075667484041547	-1.3372642396903505	Linear	Low Density	10.466090441406564	4256.0	2616.0	4255.0
C-2509655-3548-50	240	-7.335360341880788	-8.313517948610672	Very Low	Very Large	Medium E	0.1299469061790283	-1.3373987097116449	Linear	Low Density	10.395611387241178	4931.0	2616.0	4930.0
C-2509655-3548-500	240	-7.332964216995702	-8.888587921031508	Very Low	Very Large	Medium E	0.19755375208746934	-1.336961843057484	Intermediate	Low Density	10.414943649862844	2397.0	2616.0	2397.0
C-2509655-3548-501	240	-7.331478297558058	-9.24520858606622	Low	Very Large	Medium E	0.2394790820560424	-1.336690927022549	Spherical	Low Density	10.290223672633598	1121.0	2616.0	1121.0
C-2509655-3548-502	240	-7.332565001953416	-8.984399531180118	Low	Very Large	Medium E	0.20881763487427576	-1.3368890573104222	Spherical	Low Density	10.292395343707046	1605.0	2616.0	1605.0
C-2509655-3548-503	240	-7.331257044544205	-9.298309309390842	Low	Very Large	Medium E	0.24572175267285978	-1.336650587696128	Intermediate	Low Density	10.327278740879647	1054.0	2616.0	1054.0
C-2509655-3548-504	240	-7.328895139473504	-9.865166526359031	Low	Very Large	Medium E	0.31236308391527196	-1.3362199600722904	Linear	Low Density	10.231762569102251	648.0	2616.0	648.0
C-2509655-3548-505	240	-7.335115886997788	-8.37218712053065	Very Low	Very Large	Medium E	0.1368442192988142	-1.3373541401704268	Spherical	Low Density	10.069976596896007	4698.0	2616.0	4697.0
C-2509655-3548-506	240	-7.311690444632395	-13.99429328822507	High	Very Large	Very Low E	0.7977948576363116	-1.3330831630222384	Intermediate	Low Density	10.121168459081323	10.0	2616.0	10.0
C-2509655-3548-507	240	-7.33401213228185	-8.637088252355996	Very Low	Very Large	Medium E	0.16798674257278984	-1.3371529012313517	Linear	Low Density	10.66882362161091	3561.0	2616.0	3561.0
C-2509655-3548-508	240	-7.332132690676561	-9.088154237625298	Low	Very Large	Medium E	0.22101533043710977	-1.3368102373865312	Spherical	Medium Density	10.928494197298413	1361.0	2616.0	1361.0
C-2509655-3548-509	240	-7.327329850035843	-10.24083599139739	Low	Very Large	Medium E	0.3565278444720777	-1.3359345731278618	Spherical	Low Density	10.124420679267196	445.0	2616.0	445.0
C-2509655-3548-51	240	-7.334260513302055	-8.577476807506814	Very Low	Very Large	Medium E	0.16097865319310853	-1.337198186594368	Spherical	Low Density	10.64091058943666	3813.0	2616.0	3812.0
C-2509655-3548-510	240	-7.336519247475166	-8.035380605960151	Very Low	Very Large	Medium E	0.09724829667450514	-1.337610003877761	Spherical	Low Density	10.378146187811613	5126.0	2616.0	5125.0
C-2509655-3548-511	240	-7.333194344517843	-8.833357315717603	Very Low	Very Large	Medium E	0.19106068654420622	-1.337003800403386	Linear	Low Density	10.594696392956736	2560.0	2616.0	2560.0
C-2509655-3548-512	240	-7.33365676754406	-8.722375789425458	Very Low	Very Large	Medium E	0.17801338568250472	-1.3370881103663297	Linear	Low Density	10.744547993471008	3325.0	2616.0	3325.0
C-2509655-3548-513	240	-7.334921829721113	-8.418760866932876	Very Low	Very Large	Medium E	0.1423195601223518	-1.3373187592294313	Spherical	Low Density	10.20901623298619	4531.0	2616.0	4530.0
C-2509655-3548-514	240	-7.332132825570266	-9.088121863136069	Low	Very Large	Medium E	0.221011524400959	-1.3368102619806423	Linear	Low Density	10.161965789976893	1375.0	2616.0	1375.0
C-2509655-3548-515	240	-7.331249572864332	-9.300102512560422	Low	Very Large	Medium E	0.24593256668885577	-1.3366492254433475	Intermediate	Low Density	10.457678159620219	1050.0	2616.0	1050.0
C-2509655-3548-516	240	-7.332565042217228	-8.984389867865225	Low	Very Large	Medium E	0.20881649882776177	-1.336889064651407	Spherical	Medium Density	10.937738371615135	1739.0	2616.0	1739.0
C-2509655-3548-518	240	-7.332565044279333	-8.984389372959983	Low	Very Large	Medium E	0.20881644064530802	-1.3368890650273746	Spherical	Low Density	10.450786919648417	1752.0	2616.0	1752.0
C-2509655-3548-52	240	-7.332565040066001	-8.984390384159758	Low	Very Large	Medium E	0.20881655952478823	-1.3368890642591909	Intermediate	Low Density	10.241615900877973	1730.0	2616.0	1730.0
C-2509655-3548-520	240	-7.33332194692286	-8.802732738513724	Very Low	Very Large	Medium E	0.18746037497981635	-1.3370270651489298	Spherical	Low Density	10.667404238087368	2949.0	2616.0	2949.0
C-2509655-3548-521	240	-7.332191716495569	-9.073988041063457	Low	Very Large	Medium E	0.2193499124636536	-1.3368209991010893	Spherical	Low Density	10.287369066137838	1431.0	2616.0	1431.0
C-2509655-3548-522	240	-7.3332597548210146	-8.817658842956561	Very Low	Very Large	Medium E	0.18921512986440056	-1.3370157261508593	Intermediate	Low Density	10.331358899694573	2729.0	2616.0	2729.0
C-2509655-3548-523	240	-7.333716215297051	-8.708108328707564	Very Low	Very Large	Medium E	0.1763360628096	-1.3370989490088014	Linear	Low Density	10.20080894812746	3377.0	2616.0	3377.0
C-2509655-3548-526	240	-7.306709727543895	-15.18966538946497	Very High	Very Large	Very Low E	0.9383261691767152	-1.3321750679461768	Linear	Low Density	10.301450371546256	3.0	2616.0	3.0
C-2509655-3548-527	240	-7.335151624702777	-8.363610071333323	Very Low	Very Large	Medium E	0.13583587723394203	-1.337360655945837	Linear	Low Density	10.548817339044858	4751.0	2616.0	4750.0
C-2509655-3548-528	240	-7.333253959919919	-8.819049619219467	Very Low	Very Large	Medium E	0.1893786334396447	-1.337014669612	Linear	Low Density	10.068724993631443	2698.0	2616.0	2698.0
C-2509655-3548-529	240	-7.332191624580687	-9.074010100635087	Low	Very Large	Medium E	0.21935250584903926	-1.33682098234297	Linear	Low Density	10.363304961068119	1416.0	2616.0	1416.0
C-2509655-3548-53	240	-7.329936840325998	-9.615158321760388	Low	Very Large	Medium E	0.2829714151188756	-1.3364098852172186	Linear	Low Density	10.334026832188853	889.0	2616.0	889.0
C-2509655-3548-530	240	-7.335289546965141	-8.330508728366006	Very Low	Very Large	Medium E	0.13194439010945458	-1.3373858022300178	Intermediate	Low Density	10.53959841188443	4907.0	2616.0	4906.0
C-2509655-3548-531	240	-7.328597575510876	-9.936581877389727	Low	Very Large	Medium E	0.32075887375683365	-1.3361657075691922	Spherical	Low Density	10.427411357518109	568.0	2616.0	568.0
C-2509655-3548-532	240	-7.3328765370885565	-8.909631098746333	Low	Very Large	Medium E	0.2000276473374798	-1.3369458570678094	Linear	Low Density	10.528394353004416	2377.0	2616.0	2377.0
C-2509655-3548-533	240	-7.333372900241154	-8.790503942123024	Very Low	Very Large	Medium E	0.18602272322806723	-1.3370363550677566	Spherical	Low Density	10.366531596943958	3026.0	2616.0	3026.0
C-2509655-3548-534	240	-7.327610584043314	-10.17345982960456	Low	Very Large	Medium E	0.3486069130955573	-1.335985757157257	Spherical	Low Density	9.961087709254056	471.0	2616.0	471.0
C-2509655-3548-535	240	-7.323832937073642	-11.08009510232587	Medium	Very Large	Low E	0.45519350971441436	-1.3352970084186109	Linear	Low Density	10.642095484405957	282.0	2616.0	282.0
C-2509655-3548-537	240	-7.335013507303265	-8.396758247216324	Very Low	Very Large	Medium E	0.13973287016791072	-1.3373354740838306	Spherical	Low Density	10.699421457856973	4554.0	2616.0	4553.0
C-2509655-3548-538	240	-7.334404757783816	-8.54285813188401	Very Low	Very Large	Medium E	0.15690878416737486	-1.337224485559218	Intermediate	Low Density	10.01106003517726	4065.0	2616.0	4064.0
C-2509655-3548-539	240	-7.33512361587148	-8.370332190844685	Very Low	Very Large	Medium E	0.13662614853964644	-1.3373555493153388	Intermediate	Low Density	10.374682416870884	4715.0	2616.0	4714.0
C-2509655-3548-54	240	-7.332180032238513	-9.07679226275671	Low	Very Large	Medium E	0.21967958466530038	-1.3368188688021565	Spherical	Low Density	10.47881014599899	1413.0	2616.0	1413.0
C-2509655-3548-540	240	-7.3350135483223315	-8.396748402640425	Very Low	Very Large	Medium E	0.13973171281183286	-1.3373354815625151	Linear	Low Density	10.101923176711042	4558.0	2616.0	4557.0
C-2509655-3548-541	240	-7.323597456542811	-11.13661042972527	Medium	Very Large	Low E	0.4618376108050648	-1.3352540751006254	Spherical	Low Density	10.464313671971334	212.0	2616.0	212.0
C-2509655-3548-543	240	-7.328895216413394	-9.865148060785549	Low	Very Large	Medium E	0.3123609130504223	-1.336219974100137	Linear	Low Density	9.937515826247399	736.0	2616.0	736.0
C-2509655-3548-544	240	-7.334767624289356	-8.455770170554711	Very Low	Very Large	Medium E	0.14667047810994846	-1.3372906441627066	Spherical	Low Density	10.179471283713228	4413.0	2616.0	4412.0
C-2509655-3548-545	240	-7.334448644036587	-8.532325431219098	Very Low	Very Large	Medium E	0.1556705302069814	-1.3372324869954246	Intermediate	Low Density	10.437530686558576	4191.0	2616.0	4190.0
C-2509655-3548-546	240	-7.32682447951889	-10.36212491546653	Low	Very Large	Low E	0.3707869120519865	-1.3358424328858287	Intermediate	Low Density	9.869819472988018	383.0	2616.0	383.0
C-2509655-3548-547	240	-7.332818098540621	-8.923656350250962	Low	Very Large	Medium E	0.20167649541297158	-1.336935202425779	Linear	Low Density	10.464336344213361	2350.0	2616.0	2350.0
C-2509655-3548-548	240	-7.332565019872738	-8.98439523054273	Low	Very Large	Medium E	0.20881712927924165	-1.3368890605775117	Spherical	Low Density	10.165637300176323	1652.0	2616.0	1652.0
C-2509655-3548-549	240	-7.332811304375199	-8.925286949952179	Low	Very Large	Medium E	0.20186819330717495	-1.3369339636988937	Spherical	Low Density	10.261871691424929	2343.0	2616.0	2343.0
C-2509655-3548-550	240	-7.333372977244656	-8.790485461282524	Very Low	Very Large	Medium E	0.18602055056841882	-1.3370363691072011	Intermediate	Low Density	10.046561323456432	3071.0	2616.0	3071.0
C-2509655-3548-552	240	-7.334415303662483	-8.54032712100419	Very Low	Very Large	Medium E	0.15661123139856817	-1.337226408306549	Intermediate	Low Density	9.992232839397886	4100.0	2616.0	4099.0
C-2509655-3548-553	240	-7.334785324092184	-8.451522217875768	Very Low	Very Large	Medium E	0.1461710768266933	-1.3372938712289122	Intermediate	Low Density	10.32084845087627	4468.0	2616.0	4467.0
C-2509655-3548-554	240	-7.332766398323986	-8.936064402243451	Low	Very Large	Medium E	0.20313522095821548	-1.3369257763308366	Spherical	Low Density	10.498140648425286	2234.0	2616.0	2234.0
C-2509655-3548-555	240	-7.335465351013147	-8.288315756844751	Very Low	Very Large	Medium E	0.12698406552138003	-1.3374178552030154	Intermediate	Low Density	10.226741278662244	4958.0	2616.0	4957.0
C-2509655-3548-556	240	-7.322759569260786	-11.33770337741112	Medium	Very Large	Low E	0.4854786642063743	-1.335101309685208	Spherical	Low Density	10.480787619310432	133.0	2616.0	133.0
C-2509655-3548-557	240	-7.332565053664018	-8.984387120635551	Low	Very Large	Medium E	0.208816175855706	-1.3368890667384106	Spherical	Low Density	9.89911412662789	1784.0	2616.0	1784.0
C-2509655-3548-559	240	-7.328895191597777	-9.865154016533554	Low	Very Large	Medium E	0.312361613224947	-1.3362199695757002	Intermediate	Low Density	10.297703279608847	712.0	2616.0	712.0
C-2509655-3548-560	240	-7.333253958313633	-8.819050004728181	Very Low	Very Large	Medium E	0.1893786787611199	-1.3370146693191385	Linear	Low Density	10.409781345599157	2696.0	2616.0	2696.0
C-2509655-3548-562	240	-7.336519306705015	-8.035366390796403	Very Low	Very Large	Medium E	0.0972466254997967	-1.3376100146766747	Intermediate	Low Density	10.287077956855638	5146.0	2616.0	5145.0
C-2509655-3548-563	240	-7.334640914331983	-8.486180560324017	Very Low	Very Large	Medium E	0.1502456091961795	-1.337267542130141	Spherical	Low Density	10.636253159938335	4317.0	2616.0	4316.0
C-2509655-3548-564	240	-7.332565075303507	-8.98438192715828	Low	Very Large	Medium E	0.20881556529586895	-1.336889070683769	Linear	Low Density	10.548480062397	1859.0	2616.0	1859.0
C-2509655-3548-565	240	-7.331954274917419	-9.130974019819302	Low	Very Large	Medium E	0.22604934465356913	-1.3367777082407297	Intermediate	Low Density	10.067913517030224	1285.0	2616.0	1285.0
C-2509655-3548-566	240	-7.336778647149846	-7.973124684036659	Very Low	Very Large	Medium E	0.0899293151205844	-1.3376572981856134	Spherical	Low Density	10.476024925258594	5170.0	2616.0	5169.0
C-2509655-3548-568	240	-7.333333856187054	-8.799874515106994	Very Low	Very Large	Medium E	0.18712435418462214	-1.3370292364716494	Intermediate	Low Density	10.56596383382153	2967.0	2616.0	2967.0
C-2509655-3548-569	240	-7.33511390492425	-8.372662818180105	Very Low	Very Large	Medium E	0.13690014365447256	-1.3373537787945067	Intermediate	Low Density	10.21006074601913	4685.0	2616.0	4684.0
C-2509655-3548-570	240	-7.328806273506728	-9.886494358385244	Low	Very Large	Medium E	0.31487044392799457	-1.3362037578376673	Linear	Low Density	10.07102077363156	598.0	2616.0	598.0
C-2509655-3548-571	240	-7.333519918674876	-8.755219518029977	Very Low	Very Large	Medium E	0.1818745869367735	-1.3370631597855072	Linear	Low Density	10.170622044978046	3165.0	2616.0	3165.0
C-2509655-3548-573	240	-7.334381265416707	-8.54849629999043	Very Low	Very Large	Medium E	0.1575716230924559	-1.337220202380206	Spherical	Low Density	10.11125586715773	3953.0	2616.0	3952.0
C-2509655-3548-574	240	-7.33439870559801	-8.544310656477405	Very Low	Very Large	Medium E	0.157079547050283	-1.3372233821116555	Linear	Low Density	10.49891613581521	4037.0	2616.0	4036.0
C-2509655-3548-575	240	-7.336519198574961	-8.035392342009281	Very Low	Very Large	Medium E	0.09724967639750275	-1.33760999496217	Linear	Low Density	10.653884494081046	5119.0	2616.0	5118.0
C-2509655-3548-576	240	-7.323597397878378	-11.1366245091892	Medium	Very Large	Low E	0.4618392660265134	-1.3352540644047994	Spherical	Low Density	10.004766060775484	173.0	2616.0	173.0
C-2509655-3548-577	240	-7.334622858294907	-8.490514009222414	Very Low	Very Large	Medium E	0.1507550616558251	-1.3372642501145395	Intermediate	Low Density	10.4001635581131	4264.0	2616.0	4263.0
C-2509655-3548-578	240	-7.33330769734848	-8.806152636364732	Very Low	Very Large	Medium E	0.18786242780492837	-1.3370244671358122	Spherical	Low Density	10.3839987287964	2887.0	2616.0	2887.0
C-2509655-3548-579	240	-7.329728742091844	-9.665101897957342	Low	Very Large	Medium E	0.28884292262577876	-1.3363719442985889	Spherical	Low Density	10.041001951102013	867.0	2616.0	867.0
C-2509655-3548-58	240	-7.335239551787272	-8.342507571054513	Very Low	Very Large	Medium E	0.13335500785620677	-1.3373766870014188	Linear	Low Density	10.205810770391436	4863.0	2616.0	4862.0
C-2509655-3548-581	240	-7.332565036532902	-8.98439123210335	Low	Very Large	Medium E	0.20881665921144943	-1.3368890636150286	Linear	Low Density	10.227631291484949	1718.0	2616.0	1718.0
C-2509655-3548-583	240	-7.33233762814179	-9.038969245970303	Low	Very Large	Medium E	0.21523300426586323	-1.3368476020269573	Spherical	Low Density	9.868258238667398	1469.0	2616.0	1469.0
C-2509655-3548-584	240	-7.333251458961171	-8.819649849318976	Very Low	Very Large	Medium E	0.18944919818096026	-1.3370142136318102	Intermediate	Low Density	10.472967520901653	2610.0	2616.0	2610.0
C-2509655-3548-585	240	-7.332601534600598	-8.975631695856471	Low	Very Large	Medium E	0.2077868634549571	-1.3368957180214065	Linear	Low Density	10.125804624681752	2009.0	2616.0	2009.0
C-2509655-3548-586	240	-7.334385436872637	-8.547495150567064	Very Low	Very Large	Medium E	0.15745392514606354	-1.3372209629290432	Spherical	Low Density	10.31530152965496	3983.0	2616.0	3982.0
C-2509655-3548-587	240	-7.3340326320631535	-8.63216830484321	Very Low	Very Large	Medium E	0.16740833968386937	-1.3371566387956684	Linear	Low Density	10.268611378025282	3601.0	2616.0	3601.0
C-2509655-3548-588	240	-7.334384039941494	-8.547830414041496	Very Low	Very Large	Medium E	0.1574933396645351	-1.337220708237546	Spherical	Low Density	9.999110791388407	3973.0	2616.0	3972.0
C-2509655-3548-589	240	-7.326729984051905	-10.38480382754289	Low	Very Large	Low E	0.3734531088413258	-1.3358252042685927	Linear	Low Density	10.216322996192	380.0	2616.0	380.0
C-2509655-3548-59	240	-7.333675984045074	-8.71776382918211	Very Low	Very Large	Medium E	0.1774711906445629	-1.337091613960218	Linear	Low Density	10.209703864467365	3362.0	2616.0	3362.0
C-2509655-3548-590	240	-7.33475808151216	-8.458060437081453	Very Low	Very Large	Medium E	0.14693972829446275	-1.3372889043029976	Linear	Low Density	10.094996548148238	4369.0	2616.0	4368.0
C-2509655-3548-591	240	-7.33337291252144	-8.79050099485427	Very Low	Very Large	Medium E	0.18602237673886016	-1.337036357306725	Spherical	Low Density	10.409698082024804	3040.0	2616.0	3040.0
C-2509655-3548-592	240	-7.332766423759007	-8.936058297838462	Low	Very Large	Medium E	0.20313450330715743	-1.3369257809682045	Spherical	Low Density	10.517876004237317	2268.0	2616.0	2268.0
C-2509655-3548-593	240	-7.334392690022792	-8.545754394529839	Very Low	Very Large	Medium E	0.15724927696268123	-1.3372222853390145	Spherical	Low Density	10.565475017211812	4020.0	2616.0	4019.0
C-2509655-3548-594	240	-7.335239539367089	-8.342510551898583	Very Low	Very Large	Medium E	0.13335535829261788	-1.3373766847369442	Intermediate	Medium Density	10.784228279506719	4859.0	2616.0	4858.0
C-2509655-3548-595	240	-7.333658227149811	-8.722025484045375	Very Low	Very Large	Medium E	0.17797220279520845	-1.3370883764847967	Intermediate	Low Density	9.890380119389784	3336.0	2616.0	3336.0
C-2509655-3548-596	240	-7.3318359018602255	-9.15938355354593	Low	Very Large	Medium E	0.22938924946705025	-1.3367561262097758	Linear	Low Density	10.579073865443837	1206.0	2616.0	1206.0
C-2509655-3548-597	240	-7.332766343487198	-8.93607756307229	Low	Very Large	Medium E	0.20313676818234785	-1.3369257663328753	Intermediate	Low Density	10.377358249081656	2176.0	2616.0	2176.0
C-2509655-3548-598	240	-7.334388437150173	-8.546775083958526	Very Low	Very Large	Medium E	0.15736927208715817	-1.3372215099461109	Intermediate	Low Density	10.389838234130146	3997.0	2616.0	3996.0
C-2509655-3548-60	240	-7.333855815425806	-8.674604297806555	Very Low	Very Large	Medium E	0.17239723455726153	-1.3371244012051995	Intermediate	Low Density	10.26009186406214	3426.0	2616.0	3426.0
C-2509655-3548-600	240	-7.334640517960377	-8.486275689509613	Very Low	Very Large	Medium E	0.15025679285118843	-1.3372674698628155	Linear	Low Density	10.149807486162553	4275.0	2616.0	4274.0
C-2509655-3548-601	240	-7.332565108375923	-8.984373989778211	Low	Very Large	Medium E	0.20881463215513799	-1.336889076713603	Spherical	Low Density	10.140215168215194	1922.0	2616.0	1922.0
C-2509655-3548-602	240	-7.333779049872944	-8.693028030493402	Very Low	Very Large	Medium E	0.17456318047089767	-1.337110405144125	Linear	Low Density	10.459174605334304	3399.0	2616.0	3399.0
C-2509655-3548-603	240	-7.332766437036356	-8.936055111274568	Low	Very Large	Medium E	0.20313412868574543	-1.3369257833889594	Spherical	Low Density	10.365227775062316	2284.0	2616.0	2284.0
C-2509655-3548-605	240	-7.335001958338296	-8.39952999880889	Very Low	Very Large	Medium E	0.14005872509305978	-1.3373333684516424	Linear	Low Density	10.265539544405758	4551.0	2616.0	4550.0
C-2509655-3548-607	240	-7.336418660814107	-8.059521404614204	Very Low	Very Large	Medium E	0.10008635696801904	-1.337591664700891	Intermediate	Low Density	10.383517595835157	5113.0	2616.0	5112.0
C-2509655-3548-608	240	-7.322623647369339	-11.37032463135865	Medium	Very Large	Low E	0.48931371071327084	-1.3350765281129646	Intermediate	Low Density	9.982707926187897	131.0	2616.0	131.0
C-2509655-3548-609	240	-7.332565046880978	-8.984388748565133	Low	Very Large	Medium E	0.208816367239693	-1.3368890655017123	Intermediate	Low Density	10.219990597936103	1762.0	2616.0	1762.0
C-2509655-3548-61	240	-7.334900227034953	-8.423945511611294	Very Low	Very Large	Medium E	0.14292908155569278	-1.3373148205811238	Intermediate	Low Density	10.167191426578393	4524.0	2616.0	4523.0
C-2509655-3548-610	240	-7.331257117650166	-9.298291763960105	Low	Very Large	Medium E	0.24571968998260088	-1.3366506010249646	Intermediate	Low Density	10.182720125137074	1077.0	2616.0	1077.0
C-2509655-3548-611	240	-7.333629815273208	-8.728844334429944	Very Low	Very Large	Medium E	0.17877384605486973	-1.3370831963702094	Intermediate	Low Density	10.073605735931576	3268.0	2616.0	3268.0
C-2509655-3548-612	240	-7.333117297308585	-8.851848645939512	Very Low	Very Large	Medium E	0.19323457941448094	-1.3369897529901105	Spherical	Low Density	10.287884651694457	2505.0	2616.0	2505.0
C-2509655-3548-613	240	-7.323597430241994	-11.13661674192118	Medium	Very Large	Low E	0.46183835288460695	-1.3352540703054039	Spherical	Low Density	10.624412620618214	192.0	2616.0	192.0
C-2509655-3548-614	240	-7.334778531225784	-8.453152505811595	Very Low	Very Large	Medium E	0.14636273806891092	-1.3372926327388674	Spherical	Low Density	10.239893372674794	4451.0	2616.0	4450.0
C-2509655-3548-615	240	-7.332132868303472	-9.088111607166644	Low	Very Large	Medium E	0.2210103186802923	-1.3368102697718527	Linear	Low Density	10.474759011675491	1390.0	2616.0	1390.0
C-2509655-3548-616	240	-7.3347676227591005	-8.455770537815791	Very Low	Very Large	Medium E	0.14667052128621066	-1.337290643883707	Intermediate	Low Density	10.446777445777215	4410.0	2616.0	4409.0
C-2509655-3548-62	240	-7.332747059050479	-8.940705827884878	Low	Very Large	Medium E	0.2036808800313759	-1.3369222503528029	Intermediate	Low Density	10.1992759668475	2129.0	2616.0	2129.0
C-2509655-3548-620	240	-7.334758028288693	-8.458073210713678	Very Low	Very Large	Medium E	0.14694122999861947	-1.3372888945991805	Intermediate	Low Density	10.059922931500866	4351.0	2616.0	4350.0
C-2509655-3548-621	240	-7.335313197130897	-8.324832688584719	Very Low	Very Large	Medium E	0.13127709888356853	-1.337390114179219	Intermediate	Low Density	10.323230735359543	4914.0	2616.0	4913.0
C-2509655-3548-622	240	-7.334767618688753	-8.455771514699293	Very Low	Very Large	Medium E	0.14667063613137823	-1.3372906431415927	Linear	Low Density	10.259779066466425	4407.0	2616.0	4406.0
C-2509655-3548-623	240	-7.334622830230811	-8.490520744605515	Very Low	Very Large	Medium E	0.1507558534864268	-1.3372642449978331	Linear	Low Density	9.963050553502882	4260.0	2616.0	4259.0
C-2509655-3548-624	240	-7.328895181227496	-9.86515650540071	Low	Very Large	Medium E	0.31236190582320394	-1.3362199676849684	Linear	Low Density	10.274730598562577	704.0	2616.0	704.0
C-2509655-3548-625	240	-7.334362842840203	-8.552917718351516	Very Low	Very Large	Medium E	0.1580914174899496	-1.3372168435363458	Linear	Low Density	9.78045262370712	3889.0	2616.0	3888.0
C-2509655-3548-626	240	-7.334878967023814	-8.429047914284745	Very Low	Very Large	Medium E	0.14352893438725417	-1.3373109444100646	Spherical	Low Density	10.203797514132354	4519.0	2616.0	4518.0
C-2509655-3548-627	240	-7.335261572838841	-8.337222518678013	Very Low	Very Large	Medium E	0.13273368221102583	-1.3373807019270094	Intermediate	Low Density	10.734643823647938	4888.0	2616.0	4887.0
C-2509655-3548-628	240	-7.335418163318639	-8.299640803526541	Very Low	Very Large	Medium E	0.12831546991152368	-1.3374092518408345	Spherical	Low Density	10.163216648752405	4943.0	2616.0	4942.0
C-2509655-3548-629	240	-7.327610606104511	-10.17345453491719	Low	Very Large	Medium E	0.3486062906371969	-1.335985761179502	Spherical	Low Density	10.243942734709886	477.0	2616.0	477.0
C-2509655-3548-63	240	-7.332766158126768	-8.936122049575616	Low	Very Large	Medium E	0.20314199814098413	-1.336925732537562	Linear	Low Density	10.049082880266663	2143.0	2616.0	2143.0
C-2509655-3548-630	240	-7.332472059977244	-9.006705605461656	Low	Very Large	Medium E	0.21143999980216663	-1.3368721119289797	Spherical	Low Density	10.180495626217734	1514.0	2616.0	1514.0
C-2509655-3548-631	240	-7.3333546499167	-8.794884019992013	Very Low	Very Large	Medium E	0.186537657520868	-1.3370330276292617	Spherical	Low Density	10.358815521100384	2976.0	2616.0	2976.0
C-2509655-3548-632	240	-7.334385572298959	-8.547462648249857	Very Low	Very Large	Medium E	0.15745010408209442	-1.337220987620262	Intermediate	Low Density	10.607382731023772	3986.0	2616.0	3985.0
C-2509655-3548-633	240	-7.332990859362637	-8.882193752967092	Very Low	Very Large	Medium E	0.19680203567769017	-1.336966700551254	Intermediate	Low Density	10.374615051886574	2432.0	2616.0	2432.0
C-2509655-3548-634	240	-7.329226968790146	-9.78552749036507	Low	Very Large	Medium E	0.30300049450361116	-1.3362804599085953	Spherical	Low Density	10.520483450253947	812.0	2616.0	812.0
C-2509655-3548-635	240	-7.335794041907025	-8.209429942313928	Very Low	Very Large	Medium E	0.11771002694673308	-1.3374777828353168	Intermediate	Low Density	10.45859257127017	5060.0	2616.0	5059.0
C-2509655-3548-636	240	-7.332337649958195	-9.038964010033236	Low	Very Large	Medium E	0.2152323887143455	-1.336847606004571	Spherical	Low Density	10.198796089471209	1475.0	2616.0	1475.0
C-2509655-3548-637	240	-7.332565048985129	-8.984388243569065	Low	Very Large	Medium E	0.20881630787092287	-1.3368890658853454	Linear	Low Density	9.969736727321186	1768.0	2616.0	1768.0
C-2509655-3548-638	240	-7.333372908039418	-8.790502070539471	Very Low	Very Large	Medium E	0.18602250319947308	-1.3370363564895529	Linear	Low Density	10.240989321228888	3037.0	2616.0	3037.0
C-2509655-3548-639	240	-7.3330469931570255	-8.868721642313952	Very Low	Very Large	Medium E	0.19521821639885545	-1.3369769349856495	Intermediate	Low Density	10.600726123679122	2453.0	2616.0	2453.0
C-2509655-3548-64	240	-7.327610576908759	-10.17346154189769	Low	Very Large	Medium E	0.34860711439757414	-1.3359857558564696	Intermediate	Low Density	10.230091199636576	467.0	2616.0	467.0
C-2509655-3548-640	240	-7.331836248283939	-9.159300411854485	Low	Very Large	Medium E	0.22937947509561496	-1.3367561893704942	Spherical	Low Density	10.068712324416591	1213.0	2616.0	1213.0
C-2509655-3548-641	240	-7.33501356822661	-8.39674362561361	Very Low	Very Large	Medium E	0.13973115121110857	-1.337335485191506	Spherical	Low Density	10.465264454550494	4560.0	2616.0	4559.0
C-2509655-3548-642	240	-7.328922966627974	-9.858488009286155	Low	Very Large	Medium E	0.3115779386350718	-1.336225033579078	Intermediate	Low Density	10.357823308744914	783.0	2616.0	783.0
C-2509655-3548-643	240	-7.334436503080697	-8.535239260632679	Very Low	Very Large	Medium E	0.15601308820097967	-1.3372302734301758	Linear	Low Density	10.324692577854407	4155.0	2616.0	4154.0
C-2509655-3548-644	240	-7.332451010467715	-9.011757487748447	Low	Very Large	Medium E	0.21203391331476595	-1.3368682741370281	Spherical	Low Density	10.505373732085244	1504.0	2616.0	1504.0
C-2509655-3548-645	240	-7.333253979421172	-8.819044938918724	Very Low	Very Large	Medium E	0.18937808321030622	-1.3370146731675105	Intermediate	Low Density	10.185875119627054	2704.0	2616.0	2704.0
C-2509655-3548-646	240	-7.334104393624752	-8.614945530059444	Very Low	Very Large	Medium E	0.1653835817643813	-1.337169722518269	Linear	Low Density	10.354903084128075	3767.0	2616.0	3766.0
C-2509655-3548-647	240	-7.334411613622594	-8.541212730577383	Very Low	Very Large	Medium E	0.15671534615473473	-1.3372257355305224	Intermediate	Low Density	10.235560201921192	4087.0	2616.0	4086.0
C-2509655-3548-648	240	-7.33550331475907	-8.279204457823308	Very Low	Very Large	Medium E	0.12591291554222322	-1.337424776835007	Spherical	Low Density	10.529015471367437	5002.0	2616.0	5001.0
C-2509655-3548-649	240	-7.333282375762502	-8.812229816999684	Very Low	Very Large	Medium E	0.18857687827954378	-1.3370198504496733	Spherical	Low Density	10.426092267190747	2852.0	2616.0	2852.0
C-2509655-3548-65	240	-7.333298922057751	-8.808258706139737	Very Low	Very Large	Medium E	0.1881100233003852	-1.3370228672058906	Intermediate	Low Density	10.16988334338135	2884.0	2616.0	2884.0
C-2509655-3548-650	240	-7.337387014448032	-7.827116532472271	Very Low	Very Large	Medium E	0.07276418552314669	-1.3377682170228213	Linear	Low Density	10.411477421291371	5196.0	2616.0	5195.0
C-2509655-3548-652	240	-7.328895045448927	-9.865189092257529	Low	Very Large	Medium E	0.3123657368258775	-1.336219942929527	Spherical	Low Density	9.957935191081917	609.0	2616.0	609.0
C-2509655-3548-653	240	-7.3351918795569615	-8.353948906329157	Very Low	Very Large	Medium E	0.13470008346090476	-1.3373679952976256	Intermediate	Low Density	10.417533897228337	4791.0	2616.0	4790.0
C-2509655-3548-655	240	-7.326825987976144	-10.36176288572547	Low	Very Large	Low E	0.3707443508158088	-1.3358427079110071	Intermediate	Low Density	10.278265873061402	402.0	2616.0	402.0
C-2509655-3548-656	240	-7.335536958681469	-8.271129916447585	Very Low	Very Large	Medium E	0.12496364971240338	-1.337430910867462	Linear	Low Density	10.124789937251421	5013.0	2616.0	5012.0
C-2509655-3548-657	240	-7.332578502791416	-8.981159330060102	Low	Very Large	Medium E	0.20843670770307027	-1.336891518812309	Spherical	Low Density	10.653069935343737	1957.0	2616.0	1957.0
C-2509655-3548-658	240	-7.336519252058	-8.035379506079737	Very Low	Very Large	Medium E	0.09724816736947953	-1.3376100047133133	Linear	Low Density	10.734654879462958	5127.0	2616.0	5126.0
C-2509655-3548-659	240	-7.334440864211923	-8.534192589138344	Very Low	Very Large	Medium E	0.15589003855168432	-1.3372310685610216	Linear	Low Density	10.678497530718154	4173.0	2616.0	4172.0
C-2509655-3548-66	240	-7.334622861093009	-8.49051333767787	Very Low	Very Large	Medium E	0.15075498270715884	-1.3372642506246957	Intermediate	Low Density	10.054801968300891	4266.0	2616.0	4265.0
C-2509655-3548-660	240	-7.33192922006475	-9.136987184459963	Low	Very Large	Medium E	0.22675626922757428	-1.3367731401859826	Linear	Low Density	10.452064413593854	1271.0	2616.0	1271.0
C-2509655-3548-661	240	-7.332766424551628	-8.93605810760919	Low	Very Large	Medium E	0.20313448094329337	-1.3369257811127169	Intermediate	Low Density	9.789126024398808	2269.0	2616.0	2269.0
C-2509655-3548-662	240	-7.324024635162183	-11.03408756107604	Medium	Very Large	Low E	0.4497847335635612	-1.33533195922734	Linear	Low Density	10.454884953330358	293.0	2616.0	293.0
C-2509655-3548-663	240	-7.33738697191585	-7.827126740195821	Very Low	Very Large	Medium E	0.07276538557187845	-1.3377682092682623	Intermediate	Low Density	10.28710639771516	5190.0	2616.0	5189.0
C-2509655-3548-664	240	-7.333321950377682	-8.802731909356298	Very Low	Very Large	Medium E	0.187460277501745	-1.3370270657788204	Linear	Low Density	9.996270119416494	2952.0	2616.0	2952.0
C-2509655-3548-665	240	-7.323597478685647	-11.1366051154445	Medium	Very Large	Low E	0.4618369860432624	-1.335254079137755	Linear	Low Density	9.900603501141298	225.0	2616.0	225.0
C-2509655-3548-666	240	-7.333135403100701	-8.847503255831688	Very Low	Very Large	Medium E	0.19272372311261937	-1.336993054077158	Linear	Low Density	9.889300869677099	2525.0	2616.0	2525.0
C-2509655-3548-667	240	-7.32819358811983	-10.03353885124077	Low	Very Large	Medium E	0.33215740872693345	-1.3360920517172172	Spherical	Low Density	10.066234483867722	518.0	2616.0	518.0
C-2509655-3548-668	240	-7.33311584485616	-8.852197234521444	Very Low	Very Large	Medium E	0.19327556047014188	-1.3369894881758533	Spherical	Low Density	10.105292371699203	2504.0	2616.0	2504.0
C-2509655-3548-67	240	-7.33476758424494	-8.455779781214469	Very Low	Very Large	Medium E	0.146671607966186	-1.3372906368617223	Linear	Low Density	10.197940516189869	4394.0	2616.0	4393.0
C-2509655-3548-671	240	-7.335624297952752	-8.250168491339226	Very Low	Very Large	Medium E	0.12249936552914445	-1.337446834751672	Spherical	Low Density	10.157835574671147	5041.0	2616.0	5040.0
C-2509655-3548-672	240	-7.334848821337103	-8.43628287909519	Very Low	Very Large	Medium E	0.14437949723100343	-1.3373054481834812	Intermediate	Low Density	10.451911374157342	4512.0	2616.0	4511.0
C-2509655-3548-673	240	-7.332564996961577	-8.984400729221571	Low	Very Large	Medium E	0.20881777571939125	-1.3368890564002993	Spherical	Low Density	10.513035872170901	1587.0	2616.0	1587.0
C-2509655-3548-676	240	-7.33475805904484	-8.458065829238523	Very Low	Very Large	Medium E	0.14694036221159326	-1.3372889002067077	Intermediate	Low Density	10.32870552376137	4363.0	2616.0	4362.0
C-2509655-3548-677	240	-7.333280896035874	-8.812584951390246	Very Low	Very Large	Medium E	0.18861862887890168	-1.3370195806627247	Spherical	Low Density	10.365913388380791	2837.0	2616.0	2837.0
C-2509655-3548-678	240	-7.329284302354883	-9.771767434828098	Low	Very Large	Medium E	0.301382823613141	-1.336290913087707	Linear	Low Density	10.429664793684246	815.0	2616.0	815.0
C-2509655-3548-679	240	-7.33438604101373	-8.547350156704741	Very Low	Very Large	Medium E	0.15743687925917513	-1.3372210730773495	Intermediate	Low Density	10.175487387831073	3990.0	2616.0	3989.0
C-2509655-3548-68	240	-7.334071269208867	-8.62289538987176	Very Low	Very Large	Medium E	0.16631818967838216	-1.3371636832033618	Spherical	Low Density	10.11994125639407	3657.0	2616.0	3656.0
C-2509655-3548-680	240	-7.333515030833643	-8.756392599925352	Very Low	Very Large	Medium E	0.18201249774896336	-1.3370622686237574	Intermediate	Low Density	10.308346915037482	3160.0	2616.0	3160.0
C-2509655-3548-682	240	-7.333697531306329	-8.71259248648114	Very Low	Very Large	Medium E	0.17686323302914833	-1.3370955425033375	Linear	Low Density	10.009732330210747	3372.0	2616.0	3372.0
C-2509655-3548-683	240	-7.3333728613278115	-8.79051328132532	Very Low	Very Large	Medium E	0.1860238211709937	-1.337036347972992	Linear	Low Density	10.588053652860069	2990.0	2616.0	2990.0
C-2509655-3548-684	240	-7.334406794939875	-8.542369214430067	Very Low	Very Large	Medium E	0.15685130565420288	-1.3372248569779017	Spherical	Low Density	10.371171099475207	4081.0	2616.0	4080.0
C-2509655-3548-685	240	-7.328895126147356	-9.86516972463463	Low	Very Large	Medium E	0.31236345991355674	-1.3362199576426383	Intermediate	Low Density	10.489744804669616	634.0	2616.0	634.0
C-2509655-3548-686	240	-7.333920379639077	-8.65910888662148	Very Low	Very Large	Medium E	0.1705755503683576	-1.3371361726917383	Intermediate	Low Density	10.760096938103468	3475.0	2616.0	3475.0
C-2509655-3548-687	240	-7.331786721828504	-9.171186761159175	Low	Very Large	Medium E	0.23077686780325507	-1.3367471596003795	Spherical	Low Density	10.346361820407369	1171.0	2616.0	1171.0
C-2509655-3548-688	240	-7.328922961199661	-9.85848931208158	Low	Very Large	Medium E	0.3115780917953336	-1.336225032589376	Linear	Low Density	10.355081650888309	780.0	2616.0	780.0
C-2509655-3548-69	240	-7.333475781798489	-8.765812368362583	Very Low	Very Large	Medium E	0.1831199122615599	-1.3370551126550625	Linear	Low Density	10.0022401063346	3146.0	2616.0	3146.0
C-2509655-3548-691	240	-7.323597439715096	-11.13661446837704	Medium	Very Large	Low E	0.4618380856003299	-1.33525407203256	Spherical	Low Density	10.189652391899632	199.0	2616.0	199.0
C-2509655-3548-692	240	-7.331257109261342	-9.298293777277902	Low	Very Large	Medium E	0.2457199266739042	-1.336650599495496	Linear	Low Density	10.560681235081526	1074.0	2616.0	1074.0
C-2509655-3548-693	240	-7.335113952844088	-8.372651317418855	Very Low	Very Large	Medium E	0.1368987915926016	-1.3373537875313548	Linear	Low Density	9.93174147463376	4694.0	2616.0	4693.0
C-2509655-3548-694	240	-7.3344065538257555	-8.542427081818659	Very Low	Very Large	Medium E	0.1568581087074343	-1.3372248130174558	Intermediate	Low Density	10.063561063809596	4078.0	2616.0	4077.0
C-2509655-3548-695	240	-7.317339611112863	-12.63849333291269	High	Very Large	Low E	0.6384031956519051	-1.33411313123236	Spherical	Low Density	10.200200643234442	20.0	2616.0	20.0
C-2509655-3548-696	240	-7.328408999703699	-9.981840071112176	Low	Very Large	Medium E	0.32607955450148296	-1.3361313260215317	Linear	Low Density	10.378531855964033	544.0	2616.0	544.0
C-2509655-3548-697	240	-7.334640911119921	-8.486181331218969	Very Low	Very Large	Medium E	0.15024569982474548	-1.337267541544511	Spherical	Low Density	10.5456585351192	4316.0	2616.0	4315.0
C-2509655-3548-698	240	-7.333187794463842	-8.834929328677765	Very Low	Very Large	Medium E	0.19124549681612543	-1.3370026061834213	Spherical	Low Density	10.411335968113452	2543.0	2616.0	2543.0
C-2509655-3548-699	240	-7.333053028456689	-8.867273170394622	Very Low	Very Large	Medium E	0.19504792995973577	-1.336978035354494	Linear	Low Density	10.091549533639867	2462.0	2616.0	2462.0
C-2509655-3548-7	240	-7.332676330778835	-8.957680613079567	Low	Very Large	Medium E	0.20567648359618207	-1.336909355021854	Spherical	Low Density	9.925478994937613	2079.0	2616.0	2079.0
C-2509655-3548-70	240	-7.336519291391263	-8.035370066096993	Very Low	Very Large	Medium E	0.09724705757847556	-1.3376100118846384	Intermediate	Low Density	9.996034139520352	5138.0	2616.0	5137.0
C-2509655-3548-700	240	-7.334175431214294	-8.597896508569452	Very Low	Very Large	Medium E	0.16337925077156654	-1.3371826742447237	Intermediate	Low Density	10.437743584913475	3792.0	2616.0	3791.0
C-2509655-3548-702	240	-7.332132857129227	-9.088114288985413	Low	Very Large	Medium E	0.22101063396247994	-1.3368102677345401	Spherical	Low Density	10.582901187926526	1387.0	2616.0	1387.0
C-2509655-3548-703	240	-7.322473273798414	-11.40641428838059	Medium	Very Large	Low E	0.4935565124559935	-1.3350491116793668	Spherical	Low Density	10.296742155091968	114.0	2616.0	114.0
C-2509655-3548-704	240	-7.335224213104128	-8.34618885500923	Very Low	Very Large	Medium E	0.13378778996794646	-1.3373738904196437	Linear	Low Density	10.736487046645218	4820.0	2616.0	4819.0
C-2509655-3548-705	240	-7.334082740096301	-8.620142376887658	Very Low	Very Large	Medium E	0.165994537716838	-1.3371657746002854	Intermediate	Low Density	10.256636457174979	3744.0	2616.0	3743.0
C-2509655-3548-706	240	-7.32632905412789	-10.48102700930647	Low	Very Large	Low E	0.38476537714657066	-1.3357521058605977	Intermediate	Low Density	10.360860667922369	367.0	2616.0	367.0
C-2509655-3548-707	240	-7.333249499568703	-8.8201201035113	Very Low	Very Large	Medium E	0.18950448258849317	-1.3370138563911516	Intermediate	Low Density	10.432568261468536	2584.0	2616.0	2584.0
C-2509655-3548-708	240	-7.334622901551111	-8.490503627733352	Very Low	Very Large	Medium E	0.15075384117874008	-1.3372642580011038	Intermediate	Low Density	10.694925729359175	4269.0	2616.0	4268.0
C-2509655-3548-709	240	-7.324482785650419	-10.92413144389936	Medium	Very Large	Low E	0.43685798268599024	-1.3354154902119493	Linear	Low Density	10.215069724943644	308.0	2616.0	308.0
C-2509655-3548-71	240	-7.333329476498822	-8.800925640282738	Very Low	Very Large	Medium E	0.1872479274212703	-1.33702843795745	Spherical	Low Density	10.447706122540385	2965.0	2616.0	2965.0
C-2509655-3548-710	240	-7.334767655440983	-8.455762694164257	Very Low	Very Large	Medium E	0.14666959916442135	-1.3372906498423385	Intermediate	Low Density	10.594650514209178	4425.0	2616.0	4424.0
C-2509655-3548-711	240	-7.332565051459209	-8.984387649789868	Low	Very Large	Medium E	0.20881623806455346	-1.3368890663364252	Linear	Medium Density	11.008281040112065	1778.0	2616.0	1778.0
C-2509655-3548-712	240	-7.335161026574188	-8.361353622194885	Very Low	Very Large	Medium E	0.13557060271689028	-1.3373623701152992	Spherical	Low Density	10.334073635275995	4765.0	2616.0	4764.0
C-2509655-3548-713	240	-7.335503267782911	-8.279215732101378	Very Low	Very Large	Medium E	0.1259142409781219	-1.3374247682702125	Spherical	Low Density	9.948588234725396	4980.0	2616.0	4979.0
C-2509655-3548-715	240	-7.332051639304109	-9.107606567013752	Low	Very Large	Medium E	0.2233022010765014	-1.3367954599255907	Intermediate	Low Density	9.97152726592912	1327.0	2616.0	1327.0
C-2509655-3548-716	240	-7.331907923344512	-9.142098397317149	Low	Very Large	Medium E	0.22735715780915283	-1.3367692573220413	Linear	Low Density	10.430541482978958	1260.0	2616.0	1260.0
C-2509655-3548-717	240	-7.332057031278605	-9.106312493134654	Low	Very Large	Medium E	0.2231500661059172	-1.3367964430020038	Intermediate	Low Density	10.463537297651456	1337.0	2616.0	1337.0
C-2509655-3548-718	240	-7.335154584597864	-8.362899696512704	Very Low	Very Large	Medium E	0.13575236356891798	-1.3373611956002895	Linear	Low Density	10.224823763488729	4755.0	2616.0	4754.0
C-2509655-3548-719	240	-7.3283527418655074	-9.995341952278068	Low	Very Large	Medium E	0.3276668736856494	-1.3361210689712026	Linear	Low Density	10.554689685086819	537.0	2616.0	537.0
C-2509655-3548-720	240	-7.332564998400392	-8.984400383905642	Low	Very Large	Medium E	0.20881773512310842	-1.3368890566626273	Spherical	Low Density	10.261323401228589	1593.0	2616.0	1593.0
C-2509655-3548-721	240	-7.332676347505916	-8.957676598580115	Low	Very Large	Medium E	0.2056760116403177	-1.3369093580715716	Linear	Low Density	10.160476162290685	2083.0	2616.0	2083.0
C-2509655-3548-722	240	-7.33256767442384	-8.983758138278256	Low	Very Large	Medium E	0.20874223091795047	-1.3368895445609907	Linear	Low Density	10.062316475508604	1949.0	2616.0	1949.0
C-2509655-3548-723	240	-7.335050196329856	-8.387952880834494	Very Low	Very Large	Medium E	0.1386976864916718	-1.337342163306246	Linear	Low Density	10.350260116971437	4617.0	2616.0	4616.0
C-2509655-3548-724	240	-7.3319816429640925	-9.124405688617848	Low	Very Large	Medium E	0.22527715313476432	-1.336782698041994	Linear	Low Density	10.373415645650324	1303.0	2616.0	1303.0
C-2509655-3548-726	240	-7.323832883822332	-11.08010788264017	Medium	Very Large	Low E	0.4551950122041777	-1.3352969987097172	Linear	Low Density	10.526819606815453	270.0	2616.0	270.0
C-2509655-3548-727	240	-7.334348624736705	-8.556330063190677	Very Low	Very Large	Medium E	0.1584925823617097	-1.3372142512610676	Spherical	Low Density	10.515035231902184	3866.0	2616.0	3865.0
C-2509655-3548-728	240	-7.331826723288983	-9.161586410644023	Low	Very Large	Medium E	0.22964822355288395	-1.3367544527528814	Linear	Low Density	10.3785306875041	1195.0	2616.0	1195.0
C-2509655-3548-729	240	-7.333253937319703	-8.819055043271131	Very Low	Very Large	Medium E	0.1893792711064561	-1.3370146654914798	Linear	Low Density	10.246959043515375	2678.0	2616.0	2678.0
C-2509655-3548-73	240	-7.335444984499631	-8.293203720088608	Very Low	Very Large	Medium E	0.12755870824952661	-1.3374141419363688	Linear	Low Density	10.128850632288886	4954.0	2616.0	4953.0
C-2509655-3548-730	240	-7.328922986021559	-9.85848335482579	Low	Very Large	Medium E	0.3115773914435844	-1.3362250371149582	Spherical	Low Density	10.509578547245118	789.0	2616.0	789.0
C-2509655-3548-731	240	-7.335116423955737	-8.372058250623068	Very Low	Very Large	Medium E	0.13682906898943015	-1.3373542380697576	Intermediate	Low Density	10.006569161837293	4704.0	2616.0	4703.0
C-2509655-3548-733	240	-7.335157396261492	-8.362224897241852	Very Low	Very Large	Medium E	0.1356730322657637	-1.3373617082288631	Intermediate	Low Density	10.388558817087887	4762.0	2616.0	4761.0
C-2509655-3548-735	240	-7.334565854560254	-8.504194905539032	Very Low	Very Large	Medium E	0.15236342636538094	-1.33725385707076	Spherical	Low Density	10.332706061553402	4234.0	2616.0	4233.0
C-2509655-3548-736	240	-7.322473278679598	-11.40641311689637	Medium	Very Large	Low E	0.4935563747330059	-1.335049112569315	Intermediate	Low Density	10.496715862087818	117.0	2616.0	117.0
C-2509655-3548-737	240	-7.337387112230922	-7.827093064578701	Very Low	Very Large	Medium E	0.07276142657146042	-1.3377682348508089	Intermediate	Medium Density	10.896322426553244	5202.0	2616.0	5201.0
C-2509655-3548-738	240	-7.323597452700921	-11.13661135177912	Medium	Very Large	Low E	0.4618377192042936	-1.3352540744001637	Linear	Low Density	10.135168187671264	210.0	2616.0	210.0
C-2509655-3548-739	240	-7.335903033341993	-8.183271997921546	Very Low	Very Large	Medium E	0.1146348253180212	-1.3374976543886832	Intermediate	Low Density	10.166768026708766	5077.0	2616.0	5076.0
C-2509655-3548-740	240	-7.335214863455465	-8.34843277068831	Very Low	Very Large	Medium E	0.13405159101621852	-1.337372185771545	Linear	Low Density	10.390853559118666	4808.0	2616.0	4807.0
C-2509655-3548-741	240	-7.333859173823211	-8.67379828242934	Very Low	Very Large	Medium E	0.17230247711898836	-1.3371250135154538	Spherical	Low Density	10.313090190982022	3427.0	2616.0	3427.0
C-2509655-3548-742	240	-7.322473245048306	-11.40642118840651	Medium	Very Large	Low E	0.4935573236424798	-1.3350491064375851	Linear	Low Density	10.21456124869545	106.0	2616.0	106.0
C-2509655-3548-743	240	-7.334433647915076	-8.535924500381824	Very Low	Very Large	Medium E	0.15609364691617905	-1.337229752870225	Intermediate	Low Density	10.687268324389112	4146.0	2616.0	4145.0
C-2509655-3548-744	240	-7.333874473028543	-8.670126473149697	Very Low	Very Large	Medium E	0.17187080887672102	-1.337127802899549	Linear	Low Density	10.446876576819442	3439.0	2616.0	3439.0
C-2509655-3548-745	240	-7.333251232239721	-8.819704262466795	Very Low	Very Large	Medium E	0.18945559514390808	-1.3370141722954667	Linear	Low Density	10.15441805896624	2594.0	2616.0	2594.0
C-2509655-3548-746	240	-7.33493811122259	-8.414853306578074	Very Low	Very Large	Medium E	0.14186017631960762	-1.3373217277078775	Intermediate	Low Density	10.614417613155037	4539.0	2616.0	4538.0
C-2509655-3548-748	240	-7.333475631291892	-8.765848489946027	Very Low	Very Large	Medium E	0.18312415881665495	-1.3370550852143752	Spherical	Low Density	10.263129955956247	3127.0	2616.0	3127.0
C-2509655-3548-75	240	-7.331835940799858	-9.159374208034055	Low	Very Large	Medium E	0.22938815078234717	-1.3367561333093336	Intermediate	Low Density	10.638482171343506	1210.0	2616.0	1210.0
C-2509655-3548-750	240	-7.334767631994525	-8.455768321313904	Very Low	Very Large	Medium E	0.1466702607079954	-1.3372906455675297	Intermediate	Low Density	10.225334386541101	4417.0	2616.0	4416.0
C-2509655-3548-751	240	-7.335810910863655	-8.205381392722847	Very Low	Very Large	Medium E	0.11723406805218467	-1.3374808584198523	Linear	Low Density	10.335881997910251	5063.0	2616.0	5062.0
C-2509655-3548-753	240	-7.333005334363323	-8.878719752802526	Very Low	Very Large	Medium E	0.19639362243220407	-1.3369693396645816	Linear	Low Density	10.6997960078799	2434.0	2616.0	2434.0
C-2509655-3548-755	240	-7.334506529382512	-8.51843294819699	Very Low	Very Large	Medium E	0.15403729076829636	-1.337243040776472	Linear	Low Density	10.075452649100736	4213.0	2616.0	4212.0
C-2509655-3548-757	240	-7.332565066243554	-8.984384101547041	Low	Very Large	Medium E	0.20881582092312606	-1.3368890690319388	Linear	Low Density	10.493819794567191	1830.0	2616.0	1830.0
C-2509655-3548-758	240	-7.334022426389226	-8.634617666585594	Very Low	Very Large	Medium E	0.1676962935500841	-1.3371547780751987	Linear	Low Density	10.511206456335147	3571.0	2616.0	3571.0
C-2509655-3548-759	240	-7.334411698133581	-8.541192447940396	Very Low	Very Large	Medium E	0.1567129616707924	-1.3372257509387477	Linear	Low Density	10.283576179266667	4088.0	2616.0	4087.0
C-2509655-3548-76	240	-7.323832901204341	-11.08010371095816	Medium	Very Large	Low E	0.45519452176947933	-1.3352970018788426	Spherical	Low Density	10.078859198295282	275.0	2616.0	275.0
C-2509655-3548-760	240	-7.329971044293717	-9.606949369507886	Low	Very Large	Medium E	0.2820063475677641	-1.3364161213583434	Linear	Low Density	10.558737983934602	900.0	2616.0	900.0
C-2509655-3548-761	240	-7.332606551429355	-8.974427656954676	Low	Very Large	Medium E	0.20764531324994673	-1.33689663270044	Intermediate	Low Density	10.314267123085893	2023.0	2616.0	2023.0
C-2509655-3548-762	240	-7.33322863060528	-8.825128654732742	Very Low	Very Large	Medium E	0.1900933019790006	-1.337010051516755	Intermediate	Low Density	10.233534228249122	2568.0	2616.0	2568.0
C-2509655-3548-763	240	-7.332978441523718	-8.885174034307793	Very Low	Very Large	Medium E	0.19715240594742553	-1.3369644365040942	Intermediate	Low Density	10.176195361080808	2423.0	2616.0	2423.0
C-2509655-3548-764	240	-7.329972376421258	-9.6066296588978	Low	Very Large	Medium E	0.2819687614878413	-1.3364163642347084	Intermediate	Low Density	10.288894647039358	907.0	2616.0	907.0
C-2509655-3548-765	240	-7.332766397791291	-8.936064530090203	Low	Very Large	Medium E	0.20313523598823913	-1.3369257762337146	Linear	Low Density	10.410166566929483	2230.0	2616.0	2230.0
C-2509655-3548-766	240	-7.336519294225341	-8.035369385917994	Very Low	Very Large	Medium E	0.09724697761475311	-1.3376100124013537	Linear	Low Density	10.515198749210157	5140.0	2616.0	5139.0
C-2509655-3548-767	240	-7.333251474947179	-8.819646012676989	Very Low	Very Large	Medium E	0.18944874713452642	-1.3370142165464136	Spherical	Low Density	10.308847921234848	2619.0	2616.0	2619.0
C-2509655-3548-768	240	-7.333372948041243	-8.790492470101803	Very Low	Very Large	Medium E	0.18602137454493875	-1.3370363637827718	Spherical	Low Density	10.571834691776894	3061.0	2616.0	3061.0
C-2509655-3548-769	240	-7.334041811459027	-8.629965249833495	Very Low	Very Large	Medium E	0.16714934233100842	-1.3371583124029114	Linear	Medium Density	11.02068798081179	3628.0	2616.0	3628.0
C-2509655-3548-77	240	-7.331744385575989	-9.18134746176255	Low	Very Large	Medium E	0.23197138838851122	-1.3367394407635604	Linear	Low Density	10.231845092063601	1150.0	2616.0	1150.0
C-2509655-3548-770	240	-7.335087149826567	-8.379084041623935	Very Low	Very Large	Medium E	0.13765504077089036	-1.3373489007474235	Spherical	Low Density	10.130913565574549	4631.0	2616.0	4630.0
C-2509655-3548-771	240	-7.3325650584946205	-8.984385961291094	Low	Very Large	Medium E	0.20881603955988662	-1.3368890676191365	Intermediate	Medium Density	10.881178776636924	1799.0	2616.0	1799.0
C-2509655-3548-772	240	-7.328623124412174	-9.930450141078191	Low	Very Large	Medium E	0.32003800956316264	-1.3361703656999504	Intermediate	Low Density	10.557323424014003	569.0	2616.0	569.0
C-2509655-3548-773	240	-7.335539548837317	-8.270508279044062	Very Low	Very Large	Medium E	0.12489056826811547	-1.3374313831102596	Intermediate	Low Density	10.192174638608002	5015.0	2616.0	5014.0
C-2509655-3548-774	240	-7.334071288591178	-8.622890738117032	Very Low	Very Large	Medium E	0.1663176428050066	-1.3371636867371863	Linear	Low Density	9.890117574472981	3663.0	2616.0	3662.0
C-2509655-3548-775	240	-7.334796963925395	-8.448728657905146	Very Low	Very Large	Medium E	0.14584265804718885	-1.3372959934283941	Intermediate	Low Density	10.323336832433858	4492.0	2616.0	4491.0
C-2509655-3548-776	240	-7.334071249438005	-8.62290013487871	Very Low	Very Large	Medium E	0.16631874751476539	-1.3371636795986954	Intermediate	Low Density	10.492308465966387	3648.0	2616.0	3647.0
C-2509655-3548-777	240	-7.335283741454477	-8.331902050925525	Very Low	Very Large	Medium E	0.13210819303447635	-1.3373847437567992	Linear	Low Density	10.368759820551562	4903.0	2616.0	4902.0
C-2509655-3548-778	240	-7.333206573270045	-8.830422415189055	Very Low	Very Large	Medium E	0.19071565137057364	-1.337006029975848	Intermediate	Low Density	10.03120612644484	2564.0	2616.0	2564.0
C-2509655-3548-779	240	-7.335013542712858	-8.396749748913983	Very Low	Very Large	Medium E	0.1397318710835621	-1.337335480539784	Spherical	Low Density	10.473526465554466	4556.0	2616.0	4555.0
C-2509655-3548-78	240	-7.332086800397169	-9.09916790467914	Low	Very Large	Medium E	0.22231012816106577	-1.336801870571871	Intermediate	Low Density	10.50866120458009	1346.0	2616.0	1346.0
C-2509655-3548-780	240	-7.33435650195467	-8.554439530879	Very Low	Very Large	Medium E	0.15827032605759833	-1.3372156874524272	Linear	Low Density	10.436357901527964	3878.0	2616.0	3877.0
C-2509655-3548-781	240	-7.31866177609724	-12.32117373666226	High	Very Large	Low E	0.6010982100392237	-1.3343541912023844	Intermediate	Low Density	10.544242957294983	27.0	2616.0	27.0
C-2509655-3548-782	240	-7.334336965533169	-8.559128272039334	Very Low	Very Large	Medium E	0.15882154767640475	-1.3372121255299463	Spherical	Low Density	10.300767281708087	3850.0	2616.0	3849.0
C-2509655-3548-783	240	-7.3334756600819535	-8.765841580331283	Very Low	Very Large	Medium E	0.18312334650286863	-1.3370550904634415	Spherical	Low Density	9.97911068333289	3132.0	2616.0	3132.0
C-2509655-3548-784	240	-7.3321657231053825	-9.08022645470806	Low	Very Large	Medium E	0.22008331794509747	-1.336816259930159	Intermediate	Low Density	10.256655840286308	1409.0	2616.0	1409.0
C-2509655-3548-785	240	-7.334399517104015	-8.544115895036398	Very Low	Very Large	Medium E	0.15705665034663063	-1.3372235300671795	Linear	Low Density	10.384340302660332	4053.0	2616.0	4052.0
C-2509655-3548-786	240	-7.33360219813424	-8.735472447782294	Very Low	Very Large	Medium E	0.1795530657317333	-1.3370781611539009	Spherical	Low Density	10.393212270799287	3238.0	2616.0	3238.0
C-2509655-3548-787	240	-7.335172850644671	-8.358515845278745	Very Low	Very Large	Medium E	0.13523698566872572	-1.337364525905318	Spherical	Low Density	10.68742179516606	4782.0	2616.0	4781.0
C-2509655-3548-788	240	-7.333372894139581	-8.790505406500623	Very Low	Very Large	Medium E	0.18602289538442682	-1.3370363539553047	Linear	Low Density	10.13536841732406	3013.0	2616.0	3013.0
C-2509655-3548-789	240	-7.331266043850504	-9.2961494758791	Low	Very Large	Medium E	0.24546783656103913	-1.3366522284690516	Intermediate	Low Density	10.345281762475665	1097.0	2616.0	1097.0
C-2509655-3548-79	240	-7.332989480539396	-8.882524670544846	Very Low	Very Large	Medium E	0.1968409392803086	-1.3369664491612285	Linear	Low Density	10.368218591043606	2429.0	2616.0	2429.0
C-2509655-3548-790	240	-7.333913644966088	-8.660725208138706	Very Low	Very Large	Medium E	0.17076556967903253	-1.3371349448116416	Spherical	Low Density	9.663993472201234	3467.0	2616.0	3467.0
C-2509655-3548-792	240	-7.332601507576474	-8.975638181645955	Low	Very Large	Medium E	0.20778762594267916	-1.33689571309431	Linear	Low Density	10.261990090102747	2002.0	2616.0	2002.0
C-2509655-3548-793	240	-7.333372899345795	-8.79050415700914	Very Low	Very Large	Medium E	0.1860227484906992	-1.3370363549045128	Intermediate	Low Density	10.497767133763313	3024.0	2616.0	3024.0
C-2509655-3548-794	240	-7.332214524239865	-9.068514182432256	Low	Very Large	Medium E	0.21870639022331184	-1.3368251574581942	Spherical	Low Density	10.423578947616525	1436.0	2616.0	1436.0
C-2509655-3548-795	240	-7.332565022637401	-8.984394567023715	Low	Very Large	Medium E	0.20881705127406014	-1.336889061081571	Spherical	Low Density	10.07889975568112	1657.0	2616.0	1657.0
C-2509655-3548-796	240	-7.33486049770093	-8.433480551776801	Very Low	Very Large	Medium E	0.14405004773739338	-1.3373075770433038	Spherical	Low Density	10.30284558542629	4513.0	2616.0	4512.0
C-2509655-3548-797	240	-7.335256098486008	-8.33853636335806	Very Low	Very Large	Medium E	0.13288814149265624	-1.3373797038312003	Spherical	Low Density	10.657779931196067	4884.0	2616.0	4883.0
C-2509655-3548-798	240	-7.3351095436127105	-8.373709532949444	Very Low	Very Large	Medium E	0.13702319839132823	-1.3373529836307856	Linear	Low Density	10.127644380130866	4668.0	2616.0	4667.0
C-2509655-3548-799	240	-7.332989564100279	-8.882504615932868	Very Low	Very Large	Medium E	0.19683858160364787	-1.336966464396229	Intermediate	Low Density	10.478597710336903	2431.0	2616.0	2431.0
C-2509655-3548-8	240	-7.320970508308505	-11.76707800595894	Medium	Very Large	Low E	0.5359571550707246	-1.3347751242358694	Intermediate	Low Density	9.92779639214637	43.0	2616.0	43.0
C-2509655-3548-80	240	-7.336589127597098	-8.018609376696416	Very Low	Very Large	Medium E	0.0952766237183244	-1.337622744572226	Spherical	Low Density	10.093395827520462	5153.0	2616.0	5152.0
C-2509655-3548-800	240	-7.327096314693693	-10.29688447351353	Low	Very Large	Low E	0.3631170619161144	-1.3358919944608698	Linear	Low Density	10.428326509097989	440.0	2616.0	440.0
C-2509655-3548-801	240	-7.335319314376057	-8.323364549746293	Very Low	Very Large	Medium E	0.1311045003460283	-1.3373912294885428	Spherical	Low Density	10.050921209057824	4918.0	2616.0	4917.0
C-2509655-3548-802	240	-7.332965012442755	-8.888397013738816	Very Low	Very Large	Medium E	0.19753130848835523	-1.3369619880851054	Intermediate	Low Density	10.312898571067382	2398.0	2616.0	2398.0
C-2509655-3548-804	240	-7.333618896239162	-8.731464902600848	Very Low	Very Large	Medium E	0.17908192743109488	-1.3370812055883852	Spherical	Low Density	10.14186486430079	3254.0	2616.0	3254.0
C-2509655-3548-805	240	-7.334373224120126	-8.550426211169645	Very Low	Very Large	Medium E	0.1577985088871876	-1.3372187362736796	Linear	Low Density	10.221349069620034	3925.0	2616.0	3924.0
C-2509655-3548-806	240	-7.334746292258885	-8.460889857867475	Very Low	Very Large	Medium E	0.14727236297243607	-1.3372867548609275	Linear	Low Density	10.519523430200927	4349.0	2616.0	4348.0
C-2509655-3548-807	240	-7.333844831493768	-8.677240441495652	Very Low	Very Large	Medium E	0.17270714703526413	-1.3371223985910332	Spherical	Low Density	10.472974742150026	3423.0	2616.0	3423.0
C-2509655-3548-808	240	-7.333282351932308	-8.812235536246032	Very Low	Very Large	Medium E	0.18857755065027515	-1.337019846104901	Linear	Low Density	10.104037703599866	2847.0	2616.0	2847.0
C-2509655-3548-809	240	-7.32028090862656	-11.93258192962539	Medium	Very Large	Low E	0.5554142625553585	-1.334649394935349	Spherical	Low Density	10.402889876151118	35.0	2616.0	35.0
C-2509655-3548-81	240	-7.334071253070217	-8.622899263147858	Very Low	Very Large	Medium E	0.16631864503163132	-1.3371636802609281	Linear	Low Density	10.418441127228546	3651.0	2616.0	3650.0
C-2509655-3548-810	240	-7.331257102949758	-9.29829529205809	Low	Very Large	Medium E	0.24572010475573094	-1.3366505983447545	Intermediate	Low Density	10.544658506184975	1073.0	2616.0	1073.0
C-2509655-3548-811	240	-7.33328232148805	-8.812242842868057	Very Low	Very Large	Medium E	0.1885784096373244	-1.3370198405542382	Intermediate	Low Density	10.234672682000209	2841.0	2616.0	2841.0
C-2509655-3548-812	240	-7.328193662549415	-10.03352098814032	Low	Very Large	Medium E	0.3321553086905261	-1.3360920652873796	Intermediate	Low Density	9.889092779177194	524.0	2616.0	524.0
C-2509655-3548-813	240	-7.324397982726217	-10.9444841457077	Medium	Very Large	Low E	0.4392507036433966	-1.3354000287600067	Spherical	Low Density	10.570762312081536	306.0	2616.0	306.0
C-2509655-3548-814	240	-7.333013074184881	-8.876862195628567	Very Low	Very Large	Medium E	0.19617524277817203	-1.3369707508055322	Intermediate	Low Density	10.322576291662076	2439.0	2616.0	2439.0
C-2509655-3548-815	240	-7.334082756330706	-8.620138480630422	Very Low	Very Large	Medium E	0.1659940796618679	-1.337165777560177	Linear	Low Density	10.023383570345057	3751.0	2616.0	3750.0
C-2509655-3548-816	240	-7.334758049237418	-8.458068183019776	Very Low	Very Large	Medium E	0.1469406389287632	-1.337288898418597	Linear	Low Density	10.345684056505844	4358.0	2616.0	4357.0
C-2509655-3548-817	240	-7.3288951529999	-9.865163280024143	Low	Very Large	Medium E	0.31236270226697976	-1.336219962538452	Intermediate	Low Density	10.22839757116181	666.0	2616.0	666.0
C-2509655-3548-818	240	-7.33392041136273	-8.659101272944861	Very Low	Very Large	Medium E	0.17057465528307386	-1.337136178475663	Intermediate	Low Density	10.569566030344333	3478.0	2616.0	3478.0
C-2509655-3548-819	240	-7.311669902356143	-13.99922343452566	High	Very Large	Very Low E	0.7983744595234478	-1.3330794177101508	Spherical	Low Density	10.233645369780213	9.0	2616.0	9.0
C-2509655-3548-82	240	-7.335224206943955	-8.346190333450792	Very Low	Very Large	Medium E	0.13378796377771615	-1.3373738892965075	Intermediate	Low Density	10.369711342364623	4819.0	2616.0	4818.0
C-2509655-3548-821	240	-7.326711365379893	-10.38927230882562	Low	Very Large	Low E	0.3739784360884902	-1.335821809672177	Intermediate	Low Density	10.113453959054292	378.0	2616.0	378.0
C-2509655-3548-822	240	-7.332766412331322	-8.93606104048261	Low	Very Large	Medium E	0.20313482574014707	-1.3369257788846844	Intermediate	Low Density	10.070665396243163	2255.0	2616.0	2255.0
C-2509655-3548-823	240	-7.326408280093932	-10.4620127774562	Low	Very Large	Low E	0.38253001048789853	-1.3357665505095067	Linear	Low Density	9.782868460748384	369.0	2616.0	369.0
C-2509655-3548-826	240	-7.337026397334705	-7.913664639670757	Very Low	Very Large	Medium E	0.08293902480817139	-1.3377024685333698	Intermediate	Low Density	10.200734879162473	5176.0	2616.0	5175.0
C-2509655-3548-827	240	-7.334022424531156	-8.634618112522615	Very Low	Very Large	Medium E	0.1676963459756745	-1.3371547777364312	Spherical	Low Density	10.256060395219547	3570.0	2616.0	3570.0
C-2509655-3548-828	240	-7.334381384691542	-8.548467674029826	Very Low	Very Large	Medium E	0.15756825774390337	-1.337220224126651	Spherical	Low Density	10.28493899465632	3957.0	2616.0	3956.0
C-2509655-3548-829	240	-7.332337681058674	-9.038956545918044	Low	Very Large	Medium E	0.21523151121194986	-1.3368476116748775	Linear	Low Density	10.407037929349807	1478.0	2616.0	1478.0
C-2509655-3548-83	240	-7.334758046696572	-8.458068792822738	Very Low	Very Large	Medium E	0.14694071061891947	-1.3372888979553448	Intermediate	Low Density	10.253280815338586	4357.0	2616.0	4356.0
C-2509655-3548-831	240	-7.332848031393751	-8.916472465499712	Low	Very Large	Medium E	0.20083193768487512	-1.3369406598480853	Spherical	Low Density	10.39402025645624	2369.0	2616.0	2369.0
C-2509655-3548-832	240	-7.335166206329726	-8.360110480865853	Very Low	Very Large	Medium E	0.1354244555203487	-1.3373633144994945	Intermediate	Low Density	10.29065502086973	4774.0	2616.0	4773.0
C-2509655-3548-833	240	-7.333134362291121	-8.84775305013084	Very Low	Very Large	Medium E	0.19275308963409046	-1.3369928643145117	Linear	Low Density	10.043228211403317	2523.0	2616.0	2523.0
C-2509655-3548-834	240	-7.335317659536893	-8.32376171114551	Very Low	Very Large	Medium E	0.13115119175891118	-1.3373909277746994	Linear	Low Density	10.55658318278573	4916.0	2616.0	4915.0
C-2509655-3548-835	240	-7.332766459677207	-8.936049677470285	Low	Very Large	Medium E	0.20313348987241295	-1.336925787516888	Intermediate	Low Density	10.08071317993329	2301.0	2616.0	2301.0
C-2509655-3548-836	240	-7.329001141890298	-9.83972594632844	Low	Very Large	Medium E	0.30937221766172585	-1.3362392866614201	Spherical	Low Density	10.043329597537618	800.0	2616.0	800.0
C-2509655-3548-837	240	-7.33256511204906	-8.984373108225467	Low	Very Large	Medium E	0.2088145285173133	-1.3368890773832973	Spherical	Low Density	10.354259864502932	1924.0	2616.0	1924.0
C-2509655-3548-838	240	-7.332564972716692	-8.984406547993988	Low	Very Large	Medium E	0.2088184597906718	-1.3368890519799197	Linear	Medium Density	10.822036173674782	1560.0	2616.0	1560.0
C-2509655-3548-84	240	-7.334032049060723	-8.63230822542639	Very Low	Very Large	Medium E	0.1674247891417908	-1.3371565325014085	Linear	Low Density	10.46481705054115	3578.0	2616.0	3578.0
C-2509655-3548-840	240	-7.334003952174466	-8.63905147812799	Very Low	Very Large	Medium E	0.1682175449248835	-1.3371514098165405	Spherical	Low Density	10.047559557771672	3555.0	2616.0	3555.0
C-2509655-3548-842	240	-7.333656252959489	-8.722499289722366	Very Low	Very Large	Medium E	0.17802790472530663	-1.3370880165461616	Spherical	Low Density	10.333039883196086	3323.0	2616.0	3323.0
C-2509655-3548-843	240	-7.33388544470813	-8.667493270048737	Very Low	Very Large	Medium E	0.17156124210254442	-1.337129803279822	Intermediate	Low Density	10.554902464592452	3447.0	2616.0	3447.0
C-2509655-3548-844	240	-7.326696237426884	-10.39290301754772	Low	Very Large	Low E	0.37440527243344957	-1.3358190515111743	Intermediate	Low Density	10.441359477289016	375.0	2616.0	375.0
C-2509655-3548-845	240	-7.333400651071662	-8.783843742801082	Very Low	Very Large	Medium E	0.1852397314342684	-1.3370414146589948	Linear	Low Density	10.144469893620784	3087.0	2616.0	3087.0
C-2509655-3548-846	240	-7.323597441589369	-11.13661401855142	Medium	Very Large	Low E	0.4618380327175695	-1.3352540723742816	Spherical	Low Density	10.207871886077875	204.0	2616.0	204.0
C-2509655-3548-847	240	-7.332748584170413	-8.940339799100865	Low	Very Large	Medium E	0.20363784865641096	-1.336922528415957	Spherical	Low Density	10.381325989158958	2134.0	2616.0	2134.0
C-2509655-3548-849	240	-7.332766378076116	-8.936069261732122	Low	Very Large	Medium E	0.20313579225340914	-1.3369257726392012	Linear	Low Density	10.410120638523644	2207.0	2616.0	2207.0
C-2509655-3548-85	240	-7.330594925776942	-9.457217813533845	Low	Very Large	Medium E	0.2644034840592494	-1.3365298687752105	Spherical	Low Density	10.415753026682953	1008.0	2616.0	1008.0
C-2509655-3548-850	240	-7.335551528713598	-8.267633108736407	Very Low	Very Large	Medium E	0.12455255514751941	-1.3374335673071271	Linear	Low Density	10.537086269895887	5021.0	2616.0	5020.0
C-2509655-3548-851	240	-7.333259749379047	-8.817660149028862	Very Low	Very Large	Medium E	0.18921528340993504	-1.337015725158668	Linear	Low Density	9.98104104498208	2727.0	2616.0	2727.0
C-2509655-3548-852	240	-7.33337288332596	-8.79050800176961	Very Low	Very Large	Medium E	0.18602320049156904	-1.337036351983742	Linear	Low Density	10.400082578239783	3000.0	2616.0	3000.0
C-2509655-3548-853	240	-7.333271187188325	-8.814915074802038	Very Low	Very Large	Medium E	0.18889256475105973	-1.3370178105247112	Linear	Low Density	10.064378753848294	2786.0	2616.0	2786.0
C-2509655-3548-854	240	-7.3347676188043645	-8.455771486952575	Very Low	Very Large	Medium E	0.1466706328693904	-1.3372906431626712	Intermediate	Low Density	10.000600826428016	4408.0	2616.0	4407.0
C-2509655-3548-855	240	-7.333656812639552	-8.722364966507428	Very Low	Very Large	Medium E	0.1780121133097735	-1.337088118588237	Intermediate	Low Density	10.110773837719668	3328.0	2616.0	3328.0
C-2509655-3548-856	240	-7.332464720767525	-9.0084670157939	Low	Very Large	Medium E	0.21164707616269157	-1.3368707738284433	Intermediate	Low Density	10.424770332526313	1510.0	2616.0	1510.0
C-2509655-3548-857	240	-7.335898310929165	-8.184405377000273	Very Low	Very Large	Medium E	0.11476806855519917	-1.3374967933881967	Intermediate	Low Density	10.239010448552449	5076.0	2616.0	5075.0
C-2509655-3548-858	240	-7.335254659289956	-8.338881770410643	Very Low	Very Large	Medium E	0.1329287485187477	-1.3373794414338738	Linear	Low Density	10.333335191962773	4883.0	2616.0	4882.0
C-2509655-3548-859	240	-7.331872395829296	-9.15062500096875	Low	Very Large	Medium E	0.22835956935358645	-1.3367627798688837	Linear	Low Density	10.532760569985347	1244.0	2616.0	1244.0
C-2509655-3548-860	240	-7.333831948492707	-8.68033236175033	Very Low	Very Large	Medium E	0.17307064189023783	-1.337120049734509	Intermediate	Low Density	10.256375315435578	3418.0	2616.0	3418.0
C-2509655-3548-861	240	-7.326084312270114	-10.5397650551724	Low	Very Large	Low E	0.3916707872815028	-1.3357074839975196	Intermediate	Low Density	10.59678432077435	352.0	2616.0	352.0
C-2509655-3548-862	240	-7.331257061499747	-9.298305240060412	Low	Very Large	Medium E	0.24572127427093132	-1.3366505907874993	Linear	Low Density	10.070603418020749	1059.0	2616.0	1059.0
C-2509655-3548-863	240	-7.332766421539771	-8.936058830454945	Low	Very Large	Medium E	0.20313456592305482	-1.3369257805635888	Spherical	Low Density	10.432246471250755	2263.0	2616.0	2263.0
C-2509655-3548-864	240	-7.322955459477449	-11.2906897254123	Medium	Very Large	Low E	0.47995160684163507	-1.335137024811773	Spherical	Low Density	10.283446093107472	139.0	2616.0	139.0
C-2509655-3548-867	240	-7.334622757079005	-8.490538301038637	Very Low	Very Large	Medium E	0.1507579174701838	-1.3372642316606382	Spherical	Low Density	10.265384126669433	4253.0	2616.0	4252.0
C-2509655-3548-868	240	-7.332766395263785	-8.936065136691692	Low	Very Large	Medium E	0.20313530730201895	-1.3369257757728943	Intermediate	Low Density	10.385812333831636	2226.0	2616.0	2226.0
C-2509655-3548-869	240	-7.330182568567271	-9.556183543854736	Low	Very Large	Medium E	0.27603817409854997	-1.336454686919862	Linear	Low Density	10.199204497091236	972.0	2616.0	972.0
C-2509655-3548-87	240	-7.332838766069971	-8.918696143206846	Low	Very Large	Medium E	0.2010933595001565	-1.3369389705742813	Spherical	Low Density	10.434579248303613	2360.0	2616.0	2360.0
C-2509655-3548-870	240	-7.333979176236999	-8.644997703119909	Very Low	Very Large	Medium E	0.16891659988527064	-1.337146892614214	Linear	Low Density	10.137897058783041	3542.0	2616.0	3542.0
C-2509655-3548-871	240	-7.335224328579295	-8.34616114096914	Very Low	Very Large	Medium E	0.1337845318273445	-1.337373911473325	Intermediate	Low Density	10.635982925612543	4833.0	2616.0	4832.0
C-2509655-3548-872	240	-7.333395463046254	-8.785088868899072	Very Low	Very Large	Medium E	0.1853861119657995	-1.3370404687670192	Linear	Low Density	10.29994740030233	3086.0	2616.0	3086.0
C-2509655-3548-873	240	-7.334657268388581	-8.48225558674057	Very Low	Very Large	Medium E	0.1497841782452014	-1.337270523836993	Spherical	Low Density	9.914338227064748	4332.0	2616.0	4331.0
C-2509655-3548-874	240	-7.334767625746799	-8.455769820768172	Very Low	Very Large	Medium E	0.1466704369880818	-1.3372906444284307	Linear	Low Density	10.555141317962095	4414.0	2616.0	4413.0
C-2509655-3548-875	240	-7.3361945107449795	-8.113317421204698	Very Low	Very Large	Medium E	0.1064107682197715	-1.3375507971771075	Spherical	Low Density	10.48079439338438	5101.0	2616.0	5100.0
C-2509655-3548-876	240	-7.334767557618234	-8.455786171623592	Very Low	Very Large	Medium E	0.14667235924072622	-1.3372906320070839	Spherical	Low Density	10.215002824823449	4386.0	2616.0	4385.0
C-2509655-3548-877	240	-7.332565099652886	-8.984376083307238	Low	Very Large	Medium E	0.2088148782763019	-1.3368890751232	Intermediate	Low Density	10.288202133979642	1909.0	2616.0	1909.0
C-2509655-3548-878	240	-7.326843048371758	-10.35766839077785	Low	Very Large	Low E	0.3702629904557451	-1.335845818399111	Spherical	Low Density	10.250621228199034	425.0	2616.0	425.0
C-2509655-3548-879	240	-7.334082657968669	-8.620162087519358	Very Low	Very Large	Medium E	0.16599685495421695	-1.3371657596265984	Intermediate	Low Density	10.220379643475791	3697.0	2616.0	3696.0
C-2509655-3548-88	240	-7.333252732057972	-8.819344306086549	Very Low	Very Large	Medium E	0.18941327765786542	-1.3370144457455633	Spherical	Low Density	10.188806734951116	2642.0	2616.0	2642.0
C-2509655-3548-880	240	-7.332766493107917	-8.93604165409979	Low	Very Large	Medium E	0.20313254662239408	-1.3369257936120473	Intermediate	Low Density	10.087106367188689	2306.0	2616.0	2306.0
C-2509655-3548-881	240	-7.332601408183834	-8.975662035879873	Low	Very Large	Medium E	0.20779043031357475	-1.3368956949728297	Spherical	Low Density	10.237680810626543	1972.0	2616.0	1972.0
C-2509655-3548-882	240	-7.326181189889431	-10.51651442653637	Low	Very Large	Low E	0.38893737788287025	-1.335725146933904	Intermediate	Low Density	10.381848160416961	357.0	2616.0	357.0
C-2509655-3548-883	240	-7.335151768571005	-8.363575542958813	Very Low	Very Large	Medium E	0.1358318179809574	-1.3373606821762023	Spherical	Low Density	10.180626832839422	4752.0	2616.0	4751.0
C-2509655-3548-884	240	-7.333335794112003	-8.79940941311932	Very Low	Very Large	Medium E	0.18706967548477982	-1.3370295897983033	Intermediate	Low Density	9.922340714764482	2969.0	2616.0	2969.0
C-2509655-3548-885	240	-7.332059390416267	-9.10574630009575	Low	Very Large	Medium E	0.22308350285731865	-1.3367968731250677	Intermediate	Low Density	10.35751411056016	1339.0	2616.0	1339.0
C-2509655-3548-886	240	-7.334434272733121	-8.53577454405087	Very Low	Very Large	Medium E	0.15607601762750026	-1.337229866788398	Spherical	Low Density	10.549155903453542	4149.0	2616.0	4148.0
C-2509655-3548-887	240	-7.332565026968273	-8.984393527614358	Low	Very Large	Medium E	0.20881692907818675	-1.3368890618711848	Spherical	Low Density	10.087661606233727	1677.0	2616.0	1677.0
C-2509655-3548-888	240	-7.334565812466474	-8.504205008046283	Very Low	Very Large	Medium E	0.15236461404458623	-1.3372538493961312	Intermediate	Low Density	10.3547764307341	4229.0	2616.0	4228.0
C-2509655-3548-889	240	-7.330173893441895	-9.55826557394524	Low	Very Large	Medium E	0.27628294342096754	-1.336453105252303	Linear	Medium Density	10.834448794193753	969.0	2616.0	969.0
C-2509655-3548-89	240	-7.328895214070474	-9.865148623086146	Low	Very Large	Medium E	0.3123609791560781	-1.336219973672971	Intermediate	Low Density	10.14301185383538	733.0	2616.0	733.0
C-2509655-3548-890	240	-7.335466202673787	-8.288111358291019	Very Low	Very Large	Medium E	0.1269600358516166	-1.3374180104796192	Spherical	Low Density	10.448303629286938	4962.0	2616.0	4961.0
C-2509655-3548-891	240	-7.328895111527903	-9.865173233303157	Low	Very Large	Medium E	0.312363872402541	-1.3362199549771883	Spherical	Low Density	10.348113363724858	627.0	2616.0	627.0
C-2509655-3548-892	240	-7.33390299085093	-8.66328219577669	Very Low	Very Large	Medium E	0.17106617634868812	-1.3371330023304	Spherical	Low Density	10.254705414909077	3461.0	2616.0	3461.0
C-2509655-3548-893	240	-7.326825759192482	-10.36181779380435	Low	Very Large	Low E	0.37075080596424265	-1.3358426661986766	Linear	Low Density	10.28579513920505	385.0	2616.0	385.0
C-2509655-3548-894	240	-7.322473240521162	-11.40642227492098	Medium	Very Large	Low E	0.49355745137619195	-1.3350491056121865	Intermediate	Low Density	10.1726700598869	104.0	2616.0	104.0
C-2509655-3548-895	240	-7.330744751541525	-9.421259630033983	Low	Very Large	Medium E	0.2601761387141278	-1.3365571853315754	Intermediate	Low Density	10.425645712424599	1024.0	2616.0	1024.0
C-2509655-3548-896	240	-7.332565077347093	-8.984381436697833	Low	Very Large	Medium E	0.2088155076359417	-1.33688907105636	Spherical	Low Density	10.215177184238646	1866.0	2616.0	1866.0
C-2509655-3548-897	240	-7.334365238436432	-8.55234277525627	Very Low	Very Large	Medium E	0.1580238255600894	-1.3372172803066145	Linear	Low Density	10.385956538858407	3900.0	2616.0	3899.0
C-2509655-3548-898	240	-7.331755857150798	-9.178594283808495	Low	Very Large	Medium E	0.2316477170326404	-1.3367415322858078	Spherical	Low Density	10.166344560307571	1156.0	2616.0	1156.0
C-2509655-3548-899	240	-7.3268428705253665	-10.35771107391211	Low	Very Large	Low E	0.37026800840521973	-1.3358457859737736	Intermediate	Low Density	10.192994229507036	406.0	2616.0	406.0
C-2509655-3548-9	240	-7.33290169141332	-8.90359406080315	Very Low	Very Large	Medium E	0.19931791615075964	-1.3369504432585233	Linear	Low Density	10.540100796108979	2388.0	2616.0	2388.0
C-2509655-3548-90	240	-7.335894511991282	-8.18531712209225	Very Low	Very Large	Medium E	0.11487525587656795	-1.337496100757653	Linear	Low Density	10.092136523993604	5074.0	2616.0	5073.0
C-2509655-3548-900	240	-7.332766269793725	-8.936095249505794	Low	Very Large	Medium E	0.20313884744930988	-1.3369257528969223	Linear	Low Density	10.44844810913414	2148.0	2616.0	2148.0
C-2509655-3548-901	240	-7.332781811951845	-8.932365131557235	Low	Very Large	Medium E	0.20270032427563184	-1.3369285865766938	Intermediate	Low Density	10.151455925602596	2321.0	2616.0	2321.0
C-2509655-3548-902	240	-7.328960770445202	-9.849415093151524	Low	Very Large	Medium E	0.31051130105619035	-1.3362319260525253	Linear	Low Density	10.246976148381057	798.0	2616.0	798.0
C-2509655-3548-903	240	-7.323487358134753	-11.16303404765935	Medium	Very Large	Low E	0.46494404576372195	-1.335234001721539	Linear	Low Density	9.935011810994393	147.0	2616.0	147.0
C-2509655-3548-904	240	-7.333475667980917	-8.765839684580026	Very Low	Very Large	Medium E	0.18312312363301933	-1.3370550919035975	Spherical	Low Density	10.377854622726566	3134.0	2616.0	3134.0
C-2509655-3548-905	240	-7.335503245685236	-8.279221035543296	Very Low	Very Large	Medium E	0.1259148644656974	-1.3374247642413166	Linear	Low Density	10.406169407512223	4972.0	2616.0	4971.0
C-2509655-3548-906	240	-7.335168735815347	-8.359503404316644	Very Low	Very Large	Medium E	0.13535308589113268	-1.3373637756807655	Linear	Low Density	10.33227286180503	4777.0	2616.0	4776.0
C-2509655-3548-908	240	-7.332543103225618	-8.9896552258517	Low	Very Large	Medium E	0.209435509144962	-1.3368850646871648	Intermediate	Low Density	10.395771263063747	1539.0	2616.0	1539.0
C-2509655-3548-909	240	-7.330054823942057	-9.586842253906326	Low	Very Large	Medium E	0.2796424984166282	-1.3364313962444252	Intermediate	Low Density	10.153198641007988	950.0	2616.0	950.0
C-2509655-3548-91	240	-7.325963949112408	-10.56865221302212	Low	Very Large	Low E	0.3950668429323173	-1.3356855391271507	Spherical	Low Density	10.700077171124194	345.0	2616.0	345.0
C-2509655-3548-910	240	-7.333252670776406	-8.819359013662545	Very Low	Very Large	Medium E	0.18941500672192563	-1.3370144345725758	Intermediate	Low Density	10.567538986111938	2635.0	2616.0	2635.0
C-2509655-3548-911	240	-7.334302152563006	-8.567483384878619	Very Low	Very Large	Medium E	0.159803798277827	-1.3372057783541829	Spherical	Low Density	10.57082516848191	3824.0	2616.0	3823.0
C-2509655-3548-912	240	-7.334475736053358	-8.525823347194198	Very Low	Very Large	Medium E	0.15490612689286073	-1.3372374264703222	Intermediate	Low Density	10.121007664513693	4210.0	2616.0	4209.0
C-2509655-3548-913	240	-7.334365672253445	-8.55223865917302	Very Low	Very Large	Medium E	0.15801158538007978	-1.3372173594010672	Linear	Low Density	9.961314089714064	3903.0	2616.0	3902.0
C-2509655-3548-914	240	-7.336107899309748	-8.13410416566053	Very Low	Very Large	Medium E	0.1088545164534596	-1.3375350059935354	Linear	Low Density	10.35121880884988	5091.0	2616.0	5090.0
C-2509655-3548-915	240	-7.332766396971896	-8.936064726744977	Low	Very Large	Medium E	0.20313525910753755	-1.3369257760843207	Intermediate	Low Density	10.36560830053137	2227.0	2616.0	2227.0
C-2509655-3548-916	240	-7.308489764052988	-14.762456627283	Very High	Very Large	Very Low E	0.8881023036634212	-1.33249960803958	Intermediate	Low Density	10.312411871303922	5.0	2616.0	5.0
C-2509655-3548-917	240	-7.333264881955803	-8.816428330607117	Very Low	Very Large	Medium E	0.18907046736631006	-1.3370166609411263	Spherical	Low Density	10.076057766591022	2767.0	2616.0	2767.0
C-2509655-3548-918	240	-7.334767635004481	-8.455767598924387	Very Low	Very Large	Medium E	0.14667017578186242	-1.3372906461163114	Intermediate	Low Density	10.538229761951937	4419.0	2616.0	4418.0
C-2509655-3548-919	240	-7.332565035357865	-8.984391514112296	Low	Very Large	Medium E	0.20881669236520653	-1.3368890634007933	Intermediate	Low Density	10.275255000040577	1714.0	2616.0	1714.0
C-2509655-3548-92	240	-7.333321876103435	-8.802749735175674	Very Low	Very Large	Medium E	0.18746237315527978	-1.3370270522369796	Linear	Low Density	10.115698771651656	2909.0	2616.0	2909.0
C-2509655-3548-920	240	-7.3322908693362	-9.050191359311995	Low	Very Large	Medium E	0.2165523075225801	-1.3368390768607281	Linear	Low Density	10.217789125970192	1453.0	2616.0	1453.0
C-2509655-3548-921	240	-7.336589085776919	-8.01861941353954	Very Low	Very Large	Medium E	0.09527780367786522	-1.3376227369474807	Intermediate	Low Density	10.285997494986558	5150.0	2616.0	5149.0
C-2509655-3548-922	240	-7.332191682972865	-9.073996086512423	Low	Very Large	Medium E	0.2193508583092893	-1.336820992989158	Intermediate	Low Density	10.110191344686525	1424.0	2616.0	1424.0
C-2509655-3548-923	240	-7.332565022674247	-8.98439455818051	Low	Very Large	Medium E	0.20881705023444513	-1.3368890610882889	Intermediate	Medium Density	10.96577202230565	1658.0	2616.0	1658.0
C-2509655-3548-925	240	-7.333321962822899	-8.802728922504018	Very Low	Very Large	Medium E	0.1874599263589921	-1.3370270680478593	Linear	Low Density	10.179482196768815	2956.0	2616.0	2956.0
C-2509655-3548-926	240	-7.334416982651161	-8.539924163721206	Very Low	Very Large	Medium E	0.1565638586052747	-1.3372267144233843	Intermediate	Low Density	10.47538052174353	4112.0	2616.0	4111.0
C-2509655-3548-927	240	-7.335013460528585	-8.396769473139532	Very Low	Very Large	Medium E	0.13973418991906877	-1.33733546555577	Spherical	Low Density	10.751443649658162	4553.0	2616.0	4552.0
C-2509655-3548-928	240	-7.329317387403181	-9.763827023236445	Low	Very Large	Medium E	0.3004493264585887	-1.3362969452250313	Linear	Low Density	10.215590947839182	817.0	2616.0	817.0
C-2509655-3548-93	240	-7.330054785470748	-9.586851487020464	Low	Very Large	Medium E	0.2796435838875578	-1.336431389230253	Intermediate	Low Density	10.03146144270784	944.0	2616.0	944.0
C-2509655-3548-930	240	-7.332726456509746	-8.945650437660946	Low	Very Large	Medium E	0.2042621822854142	-1.3369184940531653	Spherical	Low Density	10.358590303999787	2107.0	2616.0	2107.0
C-2509655-3548-931	240	-7.333273239130289	-8.81442260873063	Very Low	Very Large	Medium E	0.18883466905245494	-1.3370181846391933	Linear	Low Density	10.120459890962897	2828.0	2616.0	2828.0
C-2509655-3548-932	240	-7.333895323152233	-8.66512244346415	Very Low	Very Large	Medium E	0.17128252105072264	-1.3371316043390449	Intermediate	Low Density	9.981683940097968	3454.0	2616.0	3454.0
C-2509655-3548-933	240	-7.33332187453205	-8.802750112307898	Very Low	Very Large	Medium E	0.18746241749202144	-1.3370270519504812	Linear	Low Density	10.043792061626045	2908.0	2616.0	2908.0
C-2509655-3548-934	240	-7.333276636946435	-8.813607132855653	Very Low	Very Large	Medium E	0.18873879941142638	-1.3370188041363573	Intermediate	Low Density	9.975940383651592	2832.0	2616.0	2832.0
C-2509655-3548-935	240	-7.335214412616013	-8.348540972156874	Very Low	Very Large	Medium E	0.13406431148565234	-1.3373721035735244	Linear	Low Density	10.165630385202352	4807.0	2616.0	4806.0
C-2509655-3548-936	240	-7.333262902994675	-8.816903281277954	Very Low	Very Large	Medium E	0.18912630390508672	-1.3370163001326674	Spherical	Low Density	10.311219722561917	2758.0	2616.0	2758.0
C-2509655-3548-938	240	-7.33438488033861	-8.547628718733547	Very Low	Very Large	Medium E	0.15746962779596763	-1.3372208614605599	Spherical	Low Density	10.696656682720997	3979.0	2616.0	3978.0
C-2509655-3548-940	240	-7.333054449746823	-8.866932060762595	Very Low	Very Large	Medium E	0.19500782815049764	-1.3369782944871749	Spherical	Low Density	10.382927185617397	2465.0	2616.0	2465.0
C-2509655-3548-941	240	-7.333006861786445	-8.87835317125314	Very Low	Very Large	Medium E	0.19635052607261835	-1.3369696181476578	Spherical	Low Density	10.518806478308795	2435.0	2616.0	2435.0
C-2509655-3548-942	240	-7.336110551907103	-8.133467542295255	Very Low	Very Large	Medium E	0.10877967321729955	-1.3375354896208032	Intermediate	Low Density	9.867053201549647	5093.0	2616.0	5092.0
C-2509655-3548-943	240	-7.326183434855386	-10.51597563470728	Low	Very Large	Low E	0.38887403599768805	-1.3357255562409363	Intermediate	Low Density	10.367189806310083	359.0	2616.0	359.0
C-2509655-3548-944	240	-7.324763305240039	-10.85680674239047	Medium	Very Large	Low E	0.4289431011254351	-1.3354666351482198	Spherical	Low Density	10.30064913186254	319.0	2616.0	319.0
C-2509655-3548-945	240	-7.33318890140451	-8.834663662917535	Very Low	Very Large	Medium E	0.1912142644009712	-1.33700280800323	Spherical	Low Density	10.20684044560451	2549.0	2616.0	2549.0
C-2509655-3548-946	240	-7.332766398045151	-8.936064469163743	Low	Very Large	Medium E	0.20313522882555868	-1.3369257762799989	Intermediate	Low Density	10.31827523922483	2232.0	2616.0	2232.0
C-2509655-3548-947	240	-7.332564989363922	-8.98440255265861	Low	Very Large	Medium E	0.2088179900878036	-1.3368890550150785	Spherical	Low Density	9.964532244981841	1575.0	2616.0	1575.0
C-2509655-3548-948	240	-7.334082681528008	-8.62015643327791	Very Low	Very Large	Medium E	0.16599619022568957	-1.3371657639219878	Intermediate	Low Density	10.468201022204275	3712.0	2616.0	3711.0
C-2509655-3548-949	240	-7.333251436353387	-8.819655275187255	Very Low	Very Large	Medium E	0.18944983606130816	-1.3370142095099102	Intermediate	Low Density	10.28488981741755	2604.0	2616.0	2604.0
C-2509655-3548-95	240	-7.335084334843692	-8.379759637513857	Very Low	Very Large	Medium E	0.13773446572685405	-1.3373483875136778	Intermediate	Low Density	10.495627686105726	4628.0	2616.0	4627.0
C-2509655-3548-950	240	-7.328895226922686	-9.865145538555126	Low	Very Large	Medium E	0.3123606165299462	-1.336219976016214	Linear	Low Density	10.629868979159461	743.0	2616.0	743.0
C-2509655-3548-951	240	-7.329700895035168	-9.671785191559673	Low	Very Large	Medium E	0.2896286294482632	-1.336366867163188	Linear	Low Density	10.465717663032077	845.0	2616.0	845.0
C-2509655-3548-953	240	-7.332239227375518	-9.062585429875686	Low	Very Large	Medium E	0.2180093893716799	-1.3368296613871367	Linear	Low Density	10.336192553307788	1444.0	2616.0	1444.0
C-2509655-3548-954	240	-7.334416987126099	-8.539923089736273	Very Low	Very Large	Medium E	0.15656373234456555	-1.3372267152392645	Intermediate	Low Density	10.424245525251273	4113.0	2616.0	4112.0
C-2509655-3548-955	240	-7.333650942332094	-8.723773840297639	Very Low	Very Large	Medium E	0.17817774448125892	-1.3370870483011272	Intermediate	Low Density	10.48415404571401	3307.0	2616.0	3307.0
C-2509655-3548-956	240	-7.329250734663885	-9.779823680667562	Low	Very Large	Medium E	0.3023299385681647	-1.3362847929539254	Intermediate	Low Density	10.650222086924444	814.0	2616.0	814.0
C-2509655-3548-957	240	-7.3327664580924194	-8.936050057819271	Low	Very Large	Medium E	0.20313353458731034	-1.3369257872279463	Spherical	Low Density	10.346456577404355	2300.0	2616.0	2300.0
C-2509655-3548-958	240	-7.332565006535279	-8.984398431533053	Low	Very Large	Medium E	0.2088175055966658	-1.3368890581457973	Intermediate	Low Density	10.673526238268844	1615.0	2616.0	1615.0
C-2509655-3548-959	240	-7.332258900478792	-9.057863885089793	Low	Very Large	Medium E	0.21745431126623793	-1.3368332482297334	Intermediate	Low Density	10.161771997930892	1448.0	2616.0	1448.0
C-2509655-3548-96	240	-7.32826786103845	-10.0157133507722	Low	Very Large	Medium E	0.3300617926780561	-1.3361055933158434	Linear	Low Density	10.309668083553692	534.0	2616.0	534.0
C-2509655-3548-960	240	-7.332565032294464	-8.984392249328613	Low	Very Large	Medium E	0.2088167787993013	-1.3368890628422674	Linear	Low Density	10.662342812983498	1698.0	2616.0	1698.0
C-2509655-3548-961	240	-7.329728712259015	-9.665109057836482	Low	Very Large	Medium E	0.28884376436133363	-1.336371938859403	Spherical	Low Density	10.397128936699165	865.0	2616.0	865.0
C-2509655-3548-962	240	-7.332565045204925	-8.984389150818144	Low	Very Large	Medium E	0.208816414529658	-1.3368890651961305	Intermediate	Low Density	10.497851016336908	1756.0	2616.0	1756.0
C-2509655-3548-966	240	-7.335071986078363	-8.382723341192875	Very Low	Very Large	Medium E	0.1380828870799817	-1.337346136060164	Spherical	Low Density	10.257511697296733	4623.0	2616.0	4622.0
C-2509655-3548-967	240	-7.334861088761553	-8.433338697227278	Very Low	Very Large	Medium E	0.14403337091696222	-1.3373076848067507	Linear	Low Density	10.03842823249004	4516.0	2616.0	4515.0
C-2509655-3548-969	240	-7.33515576286177	-8.362616913175078	Very Low	Very Large	Medium E	0.13571911876317846	-1.3373614104239047	Intermediate	Low Density	10.76218037539233	4759.0	2616.0	4758.0
C-2509655-3548-97	240	-7.332766407076033	-8.93606230175205	Low	Very Large	Medium E	0.20313497401854114	-1.3369257779265287	Linear	Low Density	10.302457346280374	2247.0	2616.0	2247.0
C-2509655-3548-971	240	-7.333271160757578	-8.814921418181333	Very Low	Very Large	Medium E	0.18889331049660735	-1.3370178057058004	Linear	Low Density	10.363663688147884	2776.0	2616.0	2776.0
C-2509655-3548-973	240	-7.335475160527896	-8.285961473304676	Very Low	Very Large	Medium E	0.1267072893165187	-1.3374196436948897	Linear	Low Density	10.18089321322205	4965.0	2616.0	4964.0
C-2509655-3548-974	240	-7.332601472164755	-8.97564668045832	Low	Very Large	Medium E	0.20778862508702148	-1.336895706637969	Linear	Low Density	10.280794899786395	1983.0	2616.0	1983.0
C-2509655-3548-975	240	-7.326842968587186	-10.35768753907517	Low	Very Large	Low E	0.37026524158353386	-1.3358458038526158	Linear	Low Density	10.497808065573825	420.0	2616.0	420.0
C-2509655-3548-976	240	-7.328895213595567	-9.86514873706392	Low	Very Large	Medium E	0.31236099255562155	-1.336219973586385	Linear	Low Density	10.39934655975077	732.0	2616.0	732.0
C-2509655-3548-977	240	-7.33325151300085	-8.819636879795866	Very Low	Very Large	Medium E	0.1894476734472952	-1.3370142234844409	Spherical	Low Density	10.507932829788968	2629.0	2616.0	2629.0
C-2509655-3548-978	240	-7.334573707115608	-8.502310292254045	Very Low	Very Large	Medium E	0.15214186591872939	-1.337255288765579	Linear	Low Density	10.094253558892081	4240.0	2616.0	4239.0
C-2509655-3548-979	240	-7.33256504661879	-8.984388811490259	Low	Very Large	Medium E	0.2088163746373362	-1.3368890654539096	Linear	Low Density	10.323221838638348	1761.0	2616.0	1761.0
C-2509655-3548-98	240	-7.3333217959791215	-8.802768965010742	Very Low	Very Large	Medium E	0.18746463386887768	-1.337027037628542	Linear	Low Density	9.922072284014735	2895.0	2616.0	2895.0
C-2509655-3548-980	240	-7.333372924567145	-8.790498103885037	Very Low	Very Large	Medium E	0.1860220368683807	-1.3370363595029238	Intermediate	Low Density	10.341453388234639	3050.0	2616.0	3050.0
C-2509655-3548-981	240	-7.328895259284808	-9.865137771646086	Low	Very Large	Medium E	0.31235970343021574	-1.3362199819165457	Linear	Low Density	10.48781598582964	757.0	2616.0	757.0
C-2509655-3548-982	240	-7.3352792656777694	-8.332976237335217	Very Low	Very Large	Medium E	0.13223447741475491	-1.3373839277235418	Spherical	Low Density	10.675661323679005	4899.0	2616.0	4898.0
C-2509655-3548-983	240	-7.328895174552809	-9.86515810732588	Low	Very Large	Medium E	0.31236209415001864	-1.336219966468025	Spherical	Low Density	10.744826810435478	697.0	2616.0	697.0
C-2509655-3548-984	240	-7.332829842216441	-8.920837868054246	Low	Very Large	Medium E	0.20134514670634973	-1.3369373435580694	Linear	Low Density	10.692408232823178	2353.0	2616.0	2353.0
C-2509655-3548-985	240	-7.33403706332025	-8.63110480314007	Very Low	Very Large	Medium E	0.1672833114278049	-1.3371574467120144	Intermediate	Low Density	10.268933351077962	3619.0	2616.0	3619.0
C-2509655-3548-986	240	-7.332577843282114	-8.981317612292523	Low	Very Large	Medium E	0.2084553158082037	-1.3368913985691513	Linear	Low Density	10.216129633840083	1956.0	2616.0	1956.0
C-2509655-3548-987	240	-7.332550049273289	-8.987988174410747	Low	Very Large	Medium E	0.20923952588152417	-1.3368863311055492	Intermediate	Low Density	10.691706774024109	1546.0	2616.0	1546.0
C-2509655-3548-988	240	-7.332564998152488	-8.984400443402922	Low	Very Large	Medium E	0.20881774211773635	-1.336889056617429	Intermediate	Low Density	10.132816211782357	1592.0	2616.0	1592.0
C-2509655-3548-989	240	-7.332565062151684	-8.984385083595692	Low	Very Large	Medium E	0.20881593637557314	-1.3368890682859	Linear	Low Density	10.436429953151451	1814.0	2616.0	1814.0
C-2509655-3548-99	240	-7.335128960806674	-8.369049406397982	Very Low	Very Large	Medium E	0.13647534078655302	-1.337356523815445	Linear	Low Density	10.29543762797731	4725.0	2616.0	4724.0
C-2509655-3548-990	240	-7.335551561611244	-8.267625213301226	Very Low	Very Large	Medium E	0.1245516269379241	-1.3374335733050968	Intermediate	Low Density	9.981695902365768	5025.0	2616.0	5024.0
C-2509655-3548-991	240	-7.334448727909498	-8.53230530172046	Very Low	Very Large	Medium E	0.15566816372640926	-1.3372325022873146	Intermediate	Low Density	10.132430984775095	4197.0	2616.0	4196.0
C-2509655-3548-992	240	-7.332565073469309	-8.984382367365686	Low	Very Large	Medium E	0.20881561704792115	-1.336889070349354	Linear	Low Density	10.387975855868612	1853.0	2616.0	1853.0
C-2509655-3548-994	240	-7.332363702204201	-9.032711470991735	Low	Very Large	Medium E	0.21449732261144444	-1.3368523559062215	Spherical	Low Density	10.529870098846622	1483.0	2616.0	1483.0
C-2509655-3548-995	240	-7.333622937186217	-8.730495075307887	Very Low	Very Large	Medium E	0.17896791180255855	-1.3370819423425628	Intermediate	Medium Density	10.82935125695761	3256.0	2616.0	3256.0
C-2509655-3548-996	240	-7.328895105700702	-9.865174631831495	Low	Very Large	Medium E	0.3123640368174589	-1.3362199539147603	Spherical	Low Density	10.490279187815254	623.0	2616.0	623.0
C-2509655-3548-997	240	-7.333528484709666	-8.753163669680104	Very Low	Very Large	Medium E	0.1816328956135482	-1.3370647215634353	Linear	Low Density	10.375087531695812	3169.0	2616.0	3169.0
C-2509655-3548-998	240	-7.332327230544718	-9.041464669267642	Low	Very Large	Medium E	0.21552637325821203	-1.3368457063146457	Spherical	Low Density	10.552089585928856	1462.0	2616.0	1462.0
C-2509655-3548-999	240	-7.334783504281183	-8.451958972515945	Very Low	Very Large	Medium E	0.14622242293253404	-1.3372935394370475	Spherical	Low Density	10.357206414983825	4459.0	2616.0	4458.0
C-53965-5632-1	240	-7.333271165234209	-8.814920343789714	Very Low	Very Large	Medium E	0.18889318418810874	-1.3370178065219895	Linear	Low Density	10.310905587374045	2777.0	2616.0	2777.0
C-53965-5632-100	240	-7.3272673697507615	-10.25583125981716	Low	Very Large	Medium E	0.35829073046859894	-1.3359231815876025	Spherical	Low Density	10.378166512836765	442.0	2616.0	442.0
C-53965-5632-1002	240	-7.332798859542762	-8.928273709737185	Low	Very Large	Medium E	0.20221932520108912	-1.3369316947302177	Intermediate	Low Density	10.47444944582566	2333.0	2616.0	2333.0
C-53965-5632-1003	240	-7.3340153304849425	-8.636320683613828	Very Low	Very Large	Medium E	0.16789650502924203	-1.3371534843346335	Spherical	Low Density	10.290612287910252	3565.0	2616.0	3565.0
C-53965-5632-1005	240	-7.332755570346516	-8.938663116835995	Low	Very Large	Medium E	0.2034407331662079	-1.3369238021506435	Linear	Low Density	10.230671634523366	2138.0	2616.0	2138.0
C-53965-5632-1006	240	-7.3329783665251265	-8.885192033969572	Very Low	Very Large	Medium E	0.19715452203838535	-1.3369644228301896	Intermediate	Low Density	10.576088094608947	2409.0	2616.0	2409.0
C-53965-5632-1007	240	-7.334082678848079	-8.620157076460904	Very Low	Very Large	Medium E	0.1659962658400949	-1.3371657634333773	Intermediate	Low Density	10.023653204086068	3709.0	2616.0	3708.0
C-53965-5632-1008	240	-7.322473227719124	-11.4064253474102	Medium	Very Large	Low E	0.49355781258665815	-1.3350491032780913	Spherical	Low Density	10.34991063650361	96.0	2616.0	96.0
C-53965-5632-101	240	-7.333920399683859	-8.65910407587384	Very Low	Very Large	Medium E	0.17057498480328823	-1.3371361763463463	Linear	Low Density	10.323768482991513	3477.0	2616.0	3477.0
C-53965-5632-1010	240	-7.33256504757608	-8.984388581740928	Low	Very Large	Medium E	0.20881634762734413	-1.3368890656284447	Spherical	Low Density	10.172936836671651	1764.0	2616.0	1764.0
C-53965-5632-1011	240	-7.333800030129636	-8.687992768887405	Very Low	Very Large	Medium E	0.1739712209323442	-1.3371142303097503	Spherical	Low Density	10.276388546988363	3404.0	2616.0	3404.0
C-53965-5632-1012	240	-7.330072702773141	-9.582551334445938	Low	Very Large	Medium E	0.27913804583753	-1.3364346559514482	Linear	Low Density	10.120403966495278	957.0	2616.0	957.0
C-53965-5632-1013	240	-7.334071252740076	-8.622899342381688	Very Low	Very Large	Medium E	0.16631865434659174	-1.337163680200736	Spherical	Low Density	10.26454198455426	3650.0	2616.0	3649.0
C-53965-5632-1014	240	-7.332601469428964	-8.975647337048398	Low	Very Large	Medium E	0.20778870227757687	-1.3368957061391737	Spherical	Low Density	10.46587016098397	1982.0	2616.0	1982.0
C-53965-5632-1015	240	-7.328267727076707	-10.01574550159024	Low	Very Large	Medium E	0.33006557241882634	-1.3361055688916497	Linear	Low Density	10.248241514553483	531.0	2616.0	531.0
C-53965-5632-1017	240	-7.331604348542088	-9.214956349898896	Low	Very Large	Medium E	0.2359225439528005	-1.3367139089096742	Intermediate	Low Density	10.588529449577125	1140.0	2616.0	1140.0
C-53965-5632-1018	240	-7.333249204662787	-8.82019088093128	Very Low	Very Large	Medium E	0.18951280338136317	-1.3370138026232692	Intermediate	Low Density	10.303887430026048	2580.0	2616.0	2580.0
C-53965-5632-1019	240	-7.331924003266872	-9.138239215950666	Low	Very Large	Medium E	0.22690346157655292	-1.336772189048148	Linear	Low Density	10.33534531587313	1268.0	2616.0	1268.0
C-53965-5632-102	240	-7.33502582057971	-8.39380306086965	Very Low	Very Large	Medium E	0.13938545013634004	-1.3373377190669347	Linear	Low Density	10.374411809568118	4573.0	2616.0	4572.0
C-53965-5632-1020	240	-7.332601475316377	-8.975645924069665	Low	Very Large	Medium E	0.2077885361637649	-1.3368957072125796	Linear	Low Density	10.356598699189359	1987.0	2616.0	1987.0
C-53965-5632-1021	240	-7.327610477001068	-10.17348551974371	Low	Very Large	Medium E	0.348609933300676	-1.335985737641084	Linear	Low Density	10.763791681675382	456.0	2616.0	456.0
C-53965-5632-1023	240	-7.335465400937427	-8.288303775017333	Very Low	Very Large	Medium E	0.126982656904002	-1.3374178643053178	Intermediate	Low Density	10.451351352576873	4961.0	2616.0	4960.0
C-53965-5632-1024	240	-7.322249097578197	-11.46021658123249	Medium	Very Large	Low E	0.49988166156271974	-1.3350082393876603	Linear	Low Density	10.307364524490675	66.0	2616.0	66.0
C-53965-5632-1027	240	-7.327088505207993	-10.2987587500817	Low	Very Large	Low E	0.3633374071492378	-1.3358905706186026	Spherical	Low Density	10.29255371416367	439.0	2616.0	439.0
C-53965-5632-1028	240	-7.333236720339929	-8.823187118416774	Very Low	Very Large	Medium E	0.18986504950047672	-1.3370115264546145	Spherical	Low Density	10.561491807566405	2569.0	2616.0	2569.0
C-53965-5632-1029	240	-7.335164812659484	-8.360444961723672	Very Low	Very Large	Medium E	0.13546377803222873	-1.337363060402532	Linear	Low Density	10.054144080382097	4768.0	2616.0	4767.0
C-53965-5632-103	240	-7.334404838217893	-8.542838827705511	Very Low	Very Large	Medium E	0.15690651471379366	-1.337224500224132	Intermediate	Low Density	10.524094350188982	4072.0	2616.0	4071.0
C-53965-5632-1030	240	-7.329704119931791	-9.671011216370148	Low	Very Large	Medium E	0.2895376387447093	-1.3363674551332922	Intermediate	Low Density	10.116922675923817	848.0	2616.0	848.0
C-53965-5632-1031	240	-7.333259722942468	-8.817666493807634	Very Low	Very Large	Medium E	0.18921602932002676	-1.337015720338694	Spherical	Low Density	10.2338881546799	2724.0	2616.0	2724.0
C-53965-5632-1032	240	-7.321906356141064	-11.54247452614453	Medium	Very Large	Low E	0.5095521372841236	-1.3349457500300252	Linear	Low Density	10.473586599358494	55.0	2616.0	55.0
C-53965-5632-1033	240	-7.332601476168264	-8.975645719616432	Low	Very Large	Medium E	0.2077885121276957	-1.3368957073678975	Linear	Low Density	9.947957458046218	1988.0	2616.0	1988.0
C-53965-5632-1034	240	-7.314666685777667	-13.27999541335972	High	Very Large	Very Low E	0.7138199873166787	-1.3336257977234611	Spherical	Low Density	10.60020027265417	14.0	2616.0	14.0
C-53965-5632-1035	240	-7.335239586410319	-8.342499261523441	Very Low	Very Large	Medium E	0.13335403096431167	-1.3373766933139672	Spherical	Low Density	10.127660355512207	4876.0	2616.0	4875.0
C-53965-5632-1036	240	-7.334440877289242	-8.534189450581751	Very Low	Very Large	Medium E	0.15588966957414005	-1.3372310709453066	Spherical	Low Density	10.110290106406266	4176.0	2616.0	4175.0
C-53965-5632-1037	240	-7.333321930975804	-8.802736565807052	Very Low	Very Large	Medium E	0.18746082492721788	-1.3370270622414282	Spherical	Low Density	10.47916415942548	2942.0	2616.0	2942.0
C-53965-5632-1038	240	-7.333251423448757	-8.819658372298356	Very Low	Very Large	Medium E	0.1894502001664324	-1.33701420715711	Linear	Low Density	10.027520225392694	2597.0	2616.0	2597.0
C-53965-5632-1039	240	-7.334213342708291	-8.58879775001017	Very Low	Very Large	Medium E	0.16230957508446126	-1.3371895863500318	Intermediate	Low Density	10.383822051649338	3799.0	2616.0	3798.0
C-53965-5632-104	240	-7.33256499992466	-8.98440001808159	Low	Very Large	Medium E	0.20881769211577583	-1.336889056940535	Linear	Low Density	10.264197496062698	1599.0	2616.0	1599.0
C-53965-5632-1040	240	-7.328895169195844	-9.865159392997477	Low	Very Large	Medium E	0.31236224529718376	-1.3362199654913316	Linear	Low Density	10.270428514997892	692.0	2616.0	692.0
C-53965-5632-1041	240	-7.33310886591715	-8.853872179884114	Very Low	Very Large	Medium E	0.19347247176522378	-1.336988215760649	Spherical	Low Density	10.357888478857982	2498.0	2616.0	2498.0
C-53965-5632-1042	240	-7.330054832029039	-9.58684031303049	Low	Very Large	Medium E	0.2796422702418229	-1.336431397718861	Linear	Low Density	10.150865455585114	951.0	2616.0	951.0
C-53965-5632-1043	240	-7.334376187452039	-8.549715011510468	Very Low	Very Large	Medium E	0.15771489825185833	-1.3372192765547417	Intermediate	Low Density	10.15458475097657	3933.0	2616.0	3932.0
C-53965-5632-1044	240	-7.3324975963577	-9.000576874151902	Low	Very Large	Medium E	0.21071948888500905	-1.3368767677769111	Spherical	Low Density	10.731708407830073	1519.0	2616.0	1519.0
C-53965-5632-1045	240	-7.333251472465481	-8.819646608284618	Very Low	Very Large	Medium E	0.18944881715583564	-1.3370142160939449	Linear	Low Density	10.046014850689922	2618.0	2616.0	2618.0
C-53965-5632-1046	240	-7.332677694935929	-8.957353215377081	Low	Very Large	Medium E	0.20563799380000336	-1.336909603737916	Spherical	Low Density	10.711103902820588	2086.0	2616.0	2086.0
C-53965-5632-1047	240	-7.328895151395518	-9.865163665075732	Low	Very Large	Medium E	0.31236274753475135	-1.3362199622459376	Spherical	Low Density	10.103487845578938	665.0	2616.0	665.0
C-53965-5632-1048	240	-7.33180629717131	-9.16648867888558	Low	Very Large	Medium E	0.23022454801685913	-1.3367507286190767	Intermediate	Low Density	10.083502896801509	1186.0	2616.0	1186.0
C-53965-5632-1049	240	-7.333372905128901	-8.790502769063659	Very Low	Very Large	Medium E	0.18602258531991112	-1.3370363559589014	Linear	Low Density	10.576220305579191	3035.0	2616.0	3035.0
C-53965-5632-105	240	-7.32819365263714	-10.03352336708625	Low	Very Large	Medium E	0.33215558836613185	-1.336092063480152	Linear	Low Density	10.420061809868336	523.0	2616.0	523.0
C-53965-5632-1050	240	-7.334417010100598	-8.539917575856487	Very Low	Very Large	Medium E	0.1565630841173357	-1.3372267194280247	Intermediate	Low Density	10.579655935440618	4115.0	2616.0	4114.0
C-53965-5632-1051	240	-7.332766440248604	-8.9360543403349	Low	Very Large	Medium E	0.20313403805191685	-1.3369257839746234	Linear	Low Density	10.375937705621757	2289.0	2616.0	2289.0
C-53965-5632-1052	240	-7.327610575367135	-10.17346191188741	Low	Very Large	Medium E	0.3486071578946046	-1.3359857555753973	Linear	Low Density	10.396864369578536	465.0	2616.0	465.0
C-53965-5632-1053	240	-7.335139376779006	-8.366549573038636	Very Low	Very Large	Medium E	0.1361814533348586	-1.3373584228779734	Spherical	Low Density	10.15755624903902	4738.0	2616.0	4737.0
C-53965-5632-1054	240	-7.3327663263365235	-8.93608167923424	Low	Very Large	Medium E	0.203137252089938	-1.3369257632059273	Linear	Low Density	10.044760099600547	2162.0	2616.0	2162.0
C-53965-5632-1056	240	-7.333253931603715	-8.819056415108543	Very Low	Very Large	Medium E	0.18937943238348343	-1.3370146644493288	Spherical	Low Density	10.02684605198666	2674.0	2616.0	2674.0
C-53965-5632-1057	240	-7.323565644362753	-11.14424535293941	Medium	Very Large	Low E	0.4627351938853931	-1.3352482750353827	Linear	Low Density	10.454411418873786	148.0	2616.0	148.0
C-53965-5632-1058	240	-7.334488182294927	-8.522836249217665	Very Low	Very Large	Medium E	0.15455495524019472	-1.3372396956959143	Intermediate	Low Density	10.374659588772085	4211.0	2616.0	4210.0
C-53965-5632-1059	240	-7.332565105716508	-8.984374628038047	Low	Very Large	Medium E	0.208814707190732	-1.3368890762287329	Spherical	Low Density	10.716112724851163	1917.0	2616.0	1917.0
C-53965-5632-106	240	-7.335091345370285	-8.378077111131672	Very Low	Very Large	Medium E	0.13753666318573385	-1.3373496656879982	Linear	Low Density	10.510197827655485	4640.0	2616.0	4639.0
C-53965-5632-1060	240	-7.331452909784873	-9.251301651630468	Low	Very Large	Medium E	0.24019540000773335	-1.3366862982690157	Linear	Low Density	10.117904832951703	1118.0	2616.0	1118.0
C-53965-5632-1061	240	-7.328895236435097	-9.865143255576651	Low	Very Large	Medium E	0.3123603481365376	-1.3362199777505372	Intermediate	Low Density	9.980998055705951	748.0	2616.0	748.0
C-53965-5632-1062	240	-7.332811298820093	-8.925288283177606	Low	Very Large	Medium E	0.20186835004493017	-1.3369339626860748	Spherical	Low Density	10.60973921905359	2342.0	2616.0	2342.0
C-53965-5632-1063	240	-7.333271147265068	-8.814924656383623	Very Low	Very Large	Medium E	0.18889369118880958	-1.3370178032458169	Spherical	Low Density	10.461314345036328	2773.0	2616.0	2773.0
C-53965-5632-1064	240	-7.333372889287842	-8.790506570917872	Very Low	Very Large	Medium E	0.18602303227659955	-1.3370363530707252	Linear	Low Density	10.333826871713182	3005.0	2616.0	3005.0
C-53965-5632-1065	240	-7.334352843818122	-8.555317483650683	Very Low	Very Large	Medium E	0.1583735406585882	-1.3372150204930862	Linear	Low Density	10.266070603993182	3874.0	2616.0	3873.0
C-53965-5632-1066	240	-7.335503285600227	-8.279211455945333	Very Low	Very Large	Medium E	0.12591373826118116	-1.337424771518704	Spherical	Low Density	10.511057091990457	4989.0	2616.0	4988.0
C-53965-5632-1067	240	-7.328895131288266	-9.86516849081602	Low	Very Large	Medium E	0.31236331486239227	-1.3362199585799401	Spherical	Low Density	10.234571867149036	641.0	2616.0	641.0
C-53965-5632-1068	240	-7.332766402264005	-8.936063456638728	Low	Very Large	Medium E	0.2031351097902803	-1.3369257770491894	Intermediate	Low Density	10.43433783202122	2240.0	2616.0	2240.0
C-53965-5632-1069	240	-7.333475668329473	-8.765839600926462	Very Low	Very Large	Medium E	0.1831231137984895	-1.337055091967147	Spherical	Low Density	10.331168204642646	3135.0	2616.0	3135.0
C-53965-5632-107	240	-7.33339481714857	-8.785243884343187	Very Low	Very Large	Medium E	0.1854043360180815	-1.337040351005561	Intermediate	Low Density	10.207969427543167	3085.0	2616.0	3085.0
C-53965-5632-1070	240	-7.333335533376833	-8.799471989559983	Very Low	Very Large	Medium E	0.1870770321474204	-1.3370295422605054	Intermediate	Low Density	10.326528616004081	2968.0	2616.0	2968.0
C-53965-5632-1071	240	-7.335427067682199	-8.297503756272317	Very Low	Very Large	Medium E	0.12806423261633146	-1.337410875303593	Linear	Low Density	10.425849409116443	4946.0	2616.0	4945.0
C-53965-5632-1072	240	-7.3325650543801935	-8.98438694875367	Low	Very Large	Medium E	0.20881615564875802	-1.3368890668689852	Intermediate	Low Density	10.352370905844106	1787.0	2616.0	1787.0
C-53965-5632-1073	240	-7.330054896239456	-9.586824902530438	Low	Very Large	Medium E	0.2796404585400357	-1.3364314094258427	Intermediate	Low Density	10.34762920786671	956.0	2616.0	956.0
C-53965-5632-1074	240	-7.332634636192221	-8.967687313866866	Low	Very Large	Medium E	0.20685289952923333	-1.3369017531749454	Linear	Low Density	10.410840137726256	2050.0	2616.0	2050.0
C-53965-5632-1075	240	-7.333257804363376	-8.81812695278967	Very Low	Very Large	Medium E	0.18927016217505704	-1.3370153705392183	Intermediate	Low Density	10.385787859515021	2714.0	2616.0	2714.0
C-53965-5632-1076	240	-7.333372976402867	-8.790485663312008	Very Low	Very Large	Medium E	0.18602057431955557	-1.3370363689537244	Spherical	Low Density	9.984514158948008	3070.0	2616.0	3070.0
C-53965-5632-1077	240	-7.332149979606393	-9.0840048944658	Low	Very Large	Medium E	0.22052752196671935	-1.3368133895414864	Spherical	Low Density	10.204793277616236	1405.0	2616.0	1405.0
C-53965-5632-1078	240	-7.33256500204098	-8.984399510164767	Low	Very Large	Medium E	0.20881763240365833	-1.336889057326387	Intermediate	Low Density	10.394038016623588	1606.0	2616.0	1606.0
C-53965-5632-1079	240	-7.334082655540857	-8.620162670194226	Very Low	Very Large	Medium E	0.16599692345513464	-1.3371657591839545	Spherical	Low Density	10.175365091297692	3695.0	2616.0	3694.0
C-53965-5632-108	240	-7.33684142661834	-7.958057611598176	Very Low	Very Large	Medium E	0.08815798764132686	-1.3376687442736372	Linear	Low Density	10.402674377757501	5173.0	2616.0	5172.0
C-53965-5632-1080	240	-7.332311775922616	-9.045173778572128	Low	Very Large	Medium E	0.215962426596471	-1.33684288859463	Intermediate	Low Density	10.073679565584392	1458.0	2616.0	1458.0
C-53965-5632-1081	240	-7.33332187050632	-8.802751078483213	Very Low	Very Large	Medium E	0.18746253107829886	-1.3370270512165014	Spherical	Low Density	10.246461041987482	2905.0	2616.0	2905.0
C-53965-5632-1082	240	-7.333252713934275	-8.819348655773943	Very Low	Very Large	Medium E	0.18941378901936087	-1.3370144424412116	Intermediate	Low Density	10.351855690720521	2640.0	2616.0	2640.0
C-53965-5632-1084	240	-7.335040672716828	-8.390238547961209	Very Low	Very Large	Medium E	0.13896639595772728	-1.3373404269405895	Linear	Low Density	10.229412240744562	4578.0	2616.0	4577.0
C-53965-5632-1085	240	-7.33519190760113	-8.353942175728617	Very Low	Very Large	Medium E	0.1346992921925497	-1.337368000410699	Linear	Low Density	10.689250915425813	4792.0	2616.0	4791.0
C-53965-5632-1086	240	-7.333253951355744	-8.819051674621344	Very Low	Very Large	Medium E	0.18937887507847287	-1.3370146680505612	Spherical	Low Density	10.584569759800807	2691.0	2616.0	2691.0
C-53965-5632-1087	240	-7.33553958445819	-8.270499730034343	Very Low	Very Large	Medium E	0.12488956322246385	-1.337431389604734	Intermediate	Low Density	10.600267732513437	5017.0	2616.0	5016.0
C-53965-5632-1088	240	-7.335385696679096	-8.30743279701681	Very Low	Very Large	Medium E	0.12923151861600177	-1.3374033324531274	Spherical	Low Density	10.296287856444827	4938.0	2616.0	4937.0
C-53965-5632-1089	240	-7.333431707487701	-8.776390202951621	Very Low	Very Large	Medium E	0.18436347229321326	-1.3370470769317127	Intermediate	Low Density	9.956788542949747	3107.0	2616.0	3107.0
C-53965-5632-1090	240	-7.332766434452707	-8.936055731350276	Low	Very Large	Medium E	0.2031342015835943	-1.3369257829179029	Spherical	Low Density	9.854826032279375	2278.0	2616.0	2278.0
C-53965-5632-1091	240	-7.337387046424603	-7.827108858095338	Very Low	Very Large	Medium E	0.07276328330174614	-1.337768222852859	Spherical	Low Density	10.188086670999688	5199.0	2616.0	5198.0
C-53965-5632-1092	240	-7.33256507891376	-8.984381060697721	Low	Very Large	Medium E	0.20881546343231885	-1.336889071341998	Intermediate	Low Density	10.217843436592606	1872.0	2616.0	1872.0
C-53965-5632-1093	240	-7.334640834855775	-8.486199634614037	Very Low	Very Large	Medium E	0.15024785162342946	-1.3372675276398676	Intermediate	Low Density	10.744326077669797	4284.0	2616.0	4283.0
C-53965-5632-1095	240	-7.332564972416966	-8.984406619928077	Low	Very Large	Medium E	0.20881846824745176	-1.336889051925273	Intermediate	Low Density	10.449974519322273	1559.0	2616.0	1559.0
C-53965-5632-1096	240	-7.332337626706949	-9.038969590332137	Low	Very Large	Medium E	0.21523304475000246	-1.3368476017653539	Spherical	Low Density	10.506037201757053	1468.0	2616.0	1468.0
C-53965-5632-1097	240	-7.336104403387029	-8.134943187112782	Very Low	Very Large	Medium E	0.10895315417889838	-1.3375343686093695	Intermediate	Low Density	10.46778969864408	5090.0	2616.0	5089.0
C-53965-5632-1098	240	-7.334767604321686	-8.455774962795203	Very Low	Very Large	Medium E	0.1466710414992566	-1.337290640522158	Intermediate	Low Density	10.365456556863933	4401.0	2616.0	4400.0
C-53965-5632-1099	240	-7.333600179587665	-8.735956898960271	Very Low	Very Large	Medium E	0.1796100191768811	-1.3370777931281383	Linear	Low Density	10.433941184650731	3231.0	2616.0	3231.0
C-53965-5632-11	240	-7.333321932448643	-8.80273621232544	Very Low	Very Large	Medium E	0.18746078337093575	-1.3370270625099594	Spherical	Medium Density	10.78736521497028	2943.0	2616.0	2943.0
C-53965-5632-1100	240	-7.33432548657689	-8.561883221546504	Very Low	Very Large	Medium E	0.15914542730105358	-1.3372100326618932	Linear	Low Density	10.164385556036084	3836.0	2616.0	3835.0
C-53965-5632-1102	240	-7.333289470195792	-8.810527153009774	Very Low	Very Large	Medium E	0.18837670830456824	-1.3370211439220436	Intermediate	Low Density	10.571975332825422	2864.0	2616.0	2864.0
C-53965-5632-1103	240	-7.332676327355503	-8.957681434679115	Low	Very Large	Medium E	0.20567658018575036	-1.3369093543977049	Intermediate	Low Density	10.275061904762339	2078.0	2616.0	2078.0
C-53965-5632-1104	240	-7.33005485728929	-9.586834250570348	Low	Very Large	Medium E	0.2796415575219256	-1.3364314023243644	Intermediate	Low Density	9.88673858879749	955.0	2616.0	955.0
C-53965-5632-1105	240	-7.325696684345217	-10.63279575714799	Medium	Very Large	Low E	0.40260773866973065	-1.3356368108386776	Spherical	Low Density	10.53638645773687	337.0	2616.0	337.0
C-53965-5632-1106	240	-7.3333219010422095	-8.802743749869796	Very Low	Very Large	Medium E	0.1874616695058573	-1.3370270567838707	Linear	Medium Density	10.922616923878751	2927.0	2616.0	2927.0
C-53965-5632-1107	240	-7.332565070816977	-8.984383003925624	Low	Very Large	Medium E	0.20881569188366148	-1.3368890698657752	Intermediate	Low Density	10.391905621326451	1843.0	2616.0	1843.0
C-53965-5632-1108	240	-7.332120508867756	-9.091077871738714	Low	Very Large	Medium E	0.2213590410992327	-1.3368080163728906	Spherical	Low Density	10.088959444145654	1356.0	2616.0	1356.0
C-53965-5632-111	240	-7.332836539059796	-8.919230625648792	Low	Very Large	Medium E	0.20115619476164084	-1.3369385645409857	Spherical	Low Density	9.910363322130287	2358.0	2616.0	2358.0
C-53965-5632-1110	240	-7.332565024652582	-8.984394083380273	Low	Very Large	Medium E	0.20881699441557744	-1.336889061448983	Linear	Low Density	10.608613842225335	1668.0	2616.0	1668.0
C-53965-5632-1111	240	-7.332766411117066	-8.936061331904003	Low	Very Large	Medium E	0.2031348600004796	-1.3369257786632986	Spherical	Low Density	10.218745145752605	2253.0	2616.0	2253.0
C-53965-5632-1113	240	-7.331851804047305	-9.155567028646766	Low	Very Large	Medium E	0.22894056804891622	-1.336759025530803	Intermediate	Low Density	10.432403635640963	1228.0	2616.0	1228.0
C-53965-5632-1114	240	-7.334399443618937	-8.54413353145511	Very Low	Very Large	Medium E	0.15705872373370966	-1.3372235166692217	Spherical	Low Density	10.351553463409738	4051.0	2616.0	4050.0
C-53965-5632-1115	240	-7.323597428549601	-11.1366171480959	Medium	Very Large	Low E	0.4618384006356262	-1.335254069996843	Intermediate	Low Density	9.771958422419573	191.0	2616.0	191.0
C-53965-5632-1116	240	-7.332766302491169	-8.936087402119256	Low	Very Large	Medium E	0.20313792488841886	-1.336925758858391	Intermediate	Low Density	10.673110895091982	2156.0	2616.0	2156.0
C-53965-5632-1117	240	-7.337443124042993	-7.813650229681459	Very Low	Very Large	Medium E	0.07118104903299556	-1.3377784470451253	Spherical	Low Density	10.271875175535511	5203.0	2616.0	5202.0
C-53965-5632-1119	240	-7.334408636101249	-8.54192733570018	Very Low	Very Large	Medium E	0.15679935714598814	-1.3372251926624124	Spherical	Low Density	10.225059235878101	4084.0	2616.0	4083.0
C-53965-5632-112	240	-7.332564972292648	-8.984406649764399	Low	Very Large	Medium E	0.208818471755103	-1.336889051902607	Intermediate	Low Density	10.09217806911493	1558.0	2616.0	1558.0
C-53965-5632-1120	240	-7.333472525575455	-8.766593861890794	Very Low	Very Large	Medium E	0.18321178684217757	-1.3370545189734597	Linear	Low Density	10.30622736456893	3119.0	2616.0	3119.0
C-53965-5632-1121	240	-7.333271150529042	-8.814923873029791	Very Low	Very Large	Medium E	0.1888935990955104	-1.3370178038409117	Intermediate	Low Density	10.259950664164341	2774.0	2616.0	2774.0
C-53965-5632-1122	240	-7.335139346372577	-8.366556870581526	Very Low	Very Large	Medium E	0.13618231125457644	-1.3373584173342075	Intermediate	Low Density	10.415728259489198	4737.0	2616.0	4736.0
C-53965-5632-1123	240	-7.322473163033872	-11.40644087187069	Medium	Very Large	Low E	0.493559637685959	-1.3350490914845368	Linear	Low Density	10.26849392698709	76.0	2616.0	76.0
C-53965-5632-1124	240	-7.335224294109413	-8.346169413740844	Very Low	Very Large	Medium E	0.13378550439768896	-1.3373739051887017	Linear	Low Density	10.404787894477302	4828.0	2616.0	4827.0
C-53965-5632-1125	240	-7.334640856344705	-8.486194477270747	Very Low	Very Large	Medium E	0.15024724531164196	-1.3372675315577756	Spherical	Low Density	10.191651448154063	4295.0	2616.0	4294.0
C-53965-5632-1127	240	-7.328895189309418	-9.865154565739768	Low	Very Large	Medium E	0.31236167779116564	-1.3362199691584817	Linear	Low Density	10.41074966051456	711.0	2616.0	711.0
C-53965-5632-1128	240	-7.330182673392497	-9.556158385800629	Low	Very Large	Medium E	0.27603521644682893	-1.336454706031823	Spherical	Low Density	10.244829975984953	983.0	2616.0	983.0
C-53965-5632-1129	240	-7.329183992650991	-9.795841763762269	Low	Very Large	Medium E	0.30421306953910765	-1.3362726244062648	Linear	Low Density	10.334462534375245	809.0	2616.0	809.0
C-53965-5632-113	240	-7.333372950809893	-8.790491805625665	Very Low	Very Large	Medium E	0.1860212964272628	-1.3370363642875582	Intermediate	Low Density	10.083641621354875	3062.0	2616.0	3062.0
C-53965-5632-1130	240	-7.337026440188997	-7.913654354640564	Very Low	Very Large	Medium E	0.08293781567107193	-1.3377024763466565	Linear	Low Density	10.339389060675368	5180.0	2616.0	5179.0
C-53965-5632-1131	240	-7.335050155133633	-8.387962767928089	Very Low	Very Large	Medium E	0.13869884884624667	-1.3373421557952616	Linear	Low Density	10.737590195054006	4605.0	2616.0	4604.0
C-53965-5632-1132	240	-7.332214608510321	-9.06849395752312	Low	Very Large	Medium E	0.21870401252599928	-1.3368251728225653	Spherical	Low Density	10.054941529612865	1440.0	2616.0	1440.0
C-53965-5632-1133	240	-7.333565420914272	-8.744298980574584	Very Low	Very Large	Medium E	0.18059073779078946	-1.3370714558518793	Spherical	Low Density	10.533229872331699	3194.0	2616.0	3194.0
C-53965-5632-1136	240	-7.332565073863639	-8.98438227272642	Low	Very Large	Medium E	0.20881560592184792	-1.3368890704212493	Linear	Low Density	10.475309802466017	1854.0	2616.0	1854.0
C-53965-5632-1137	240	-7.328895203675833	-9.865151117799982	Low	Very Large	Medium E	0.3123612724416813	-1.3362199717777974	Intermediate	Low Density	10.462043313775164	726.0	2616.0	726.0
C-53965-5632-1138	240	-7.316482303454871	-12.84424717083105	High	Very Large	Low E	0.6625921964384494	-1.3339568250521334	Intermediate	Low Density	10.031298016023463	18.0	2616.0	18.0
C-53965-5632-1139	240	-7.332337637357091	-9.038967034297857	Low	Very Large	Medium E	0.2152327442554329	-1.3368476037071109	Spherical	Medium Density	10.825409035689258	1471.0	2616.0	1471.0
C-53965-5632-114	240	-7.322473180836642	-11.40643659920578	Medium	Very Large	Low E	0.4935591353794513	-1.3350490947303761	Spherical	Low Density	9.674776602195678	81.0	2616.0	81.0
C-53965-5632-1140	240	-7.331798266436112	-9.168416055332909	Low	Very Large	Medium E	0.23045113582136945	-1.3367492644381243	Intermediate	Low Density	10.098490373898898	1179.0	2616.0	1179.0
C-53965-5632-1141	240	-7.334790790071569	-8.450210382823316	Very Low	Very Large	Medium E	0.14601685380255217	-1.337294867798056	Spherical	Low Density	10.278584090235826	4482.0	2616.0	4481.0
C-53965-5632-1143	240	-7.333251429900186	-8.819656823955272	Very Low	Very Large	Medium E	0.18945001813885512	-1.3370142083333487	Spherical	Low Density	10.340168681949683	2601.0	2616.0	2601.0
C-53965-5632-1144	240	-7.331257162053992	-9.298281107041804	Low	Very Large	Medium E	0.24571843712526134	-1.336650609120766	Linear	Low Density	10.264886633645862	1084.0	2616.0	1084.0
C-53965-5632-1145	240	-7.33325391490905	-8.819060421827995	Very Low	Very Large	Medium E	0.18937990342473218	-1.3370146614055214	Intermediate	Low Density	10.213434702104793	2661.0	2616.0	2661.0
C-53965-5632-1146	240	-7.333253919985922	-8.819059203378698	Very Low	Very Large	Medium E	0.1893797601803953	-1.3370146623311476	Spherical	Low Density	10.186537629919254	2664.0	2616.0	2664.0
C-53965-5632-1147	240	-7.333052054751645	-8.867506859605024	Very Low	Very Large	Medium E	0.19507540312161467	-1.3369778578264915	Spherical	Low Density	10.205946513254998	2460.0	2616.0	2460.0
C-53965-5632-1148	240	-7.334313645882379	-8.564724988228809	Very Low	Very Large	Medium E	0.15947951339739327	-1.337207873840946	Intermediate	Low Density	10.30808706779748	3830.0	2616.0	3829.0
C-53965-5632-115	240	-7.334396380540137	-8.544868670367025	Very Low	Very Large	Medium E	0.15714514873504895	-1.3372229582020922	Intermediate	Low Density	10.37199556798293	4027.0	2616.0	4026.0
C-53965-5632-1150	240	-7.334433422483682	-8.535978603916131	Very Low	Very Large	Medium E	0.15610000748012198	-1.3372297117690872	Intermediate	Low Density	10.361681649514985	4142.0	2616.0	4141.0
C-53965-5632-1151	240	-7.332564981928352	-8.984404337195746	Low	Very Large	Medium E	0.20881819988298755	-1.3368890536594094	Intermediate	Low Density	10.371450950111093	1564.0	2616.0	1564.0
C-53965-5632-1152	240	-7.333271193619144	-8.814913531405479	Very Low	Very Large	Medium E	0.18889238330502528	-1.3370178116971918	Intermediate	Low Density	10.082006568549692	2789.0	2616.0	2789.0
C-53965-5632-1153	240	-7.333475714330514	-8.765828560676763	Very Low	Very Large	Medium E	0.18312181587561274	-1.337055100354156	Intermediate	Low Density	10.197717407881015	3141.0	2616.0	3141.0
C-53965-5632-1154	240	-7.322774928403561	-11.33401718314532	Medium	Very Large	Low E	0.48504530482458047	-1.3351041099972272	Spherical	Medium Density	11.025507356957505	134.0	2616.0	134.0
C-53965-5632-1155	240	-7.328895159704112	-9.865161671013016	Low	Very Large	Medium E	0.3123625131071198	-1.3362199637607786	Spherical	Low Density	10.184228248043086	676.0	2616.0	676.0
C-53965-5632-1156	240	-7.332601574807536	-8.975622046191338	Low	Very Large	Medium E	0.20778572901313655	-1.3368957253520222	Linear	Low Density	10.28486144681189	2019.0	2616.0	2019.0
C-53965-5632-1157	240	-7.331933681212249	-9.13591650906018	Low	Very Large	Medium E	0.22663039761153925	-1.336773953552011	Intermediate	Low Density	10.332114765588162	1274.0	2616.0	1274.0
C-53965-5632-1158	240	-7.33318750609168	-8.83499853799657	Very Low	Very Large	Medium E	0.19125363325860473	-1.337002553606787	Intermediate	Low Density	10.415020853473719	2542.0	2616.0	2542.0
C-53965-5632-1159	240	-7.339824350912205	-7.24215578107072	Very Low	Very Large	High E	0.003994551775755208	-1.3382125974609176	Spherical	Low Density	10.084052070973332	5223.0	2616.0	5222.0
C-53965-5632-116	240	-7.328895138576423	-9.86516674165833	Low	Very Large	Medium E	0.31236310922647026	-1.3362199599087328	Linear	Low Density	10.121601208630972	646.0	2616.0	646.0
C-53965-5632-1160	240	-7.323832901258825	-11.08010369788186	Medium	Very Large	Low E	0.45519452023219736	-1.3352970018887762	Intermediate	Low Density	10.50261064027247	276.0	2616.0	276.0
C-53965-5632-1161	240	-7.33276639137334	-8.936066070398189	Low	Very Large	Medium E	0.20313541707120397	-1.33692577506358	Spherical	Low Density	10.238284895266924	2221.0	2616.0	2221.0
C-53965-5632-1162	240	-7.33256506859989	-8.98438353602643	Low	Very Large	Medium E	0.20881575443893868	-1.336889069461551	Intermediate	Low Density	10.54848995991828	1837.0	2616.0	1837.0
C-53965-5632-1163	240	-7.331942101500143	-9.133895639965646	Low	Very Large	Medium E	0.22639281854805596	-1.3367754887570507	Spherical	Low Density	10.643916598297203	1279.0	2616.0	1279.0
C-53965-5632-1164	240	-7.332378208541935	-9.029229949935564	Low	Very Large	Medium E	0.2140880251887758	-1.3368550007329871	Spherical	Low Density	10.469129791186795	1485.0	2616.0	1485.0
C-53965-5632-1166	240	-7.331570161093825	-9.223161337481915	Low	Very Large	Medium E	0.2368871454062286	-1.3367076757804122	Linear	Low Density	10.13980389246466	1134.0	2616.0	1134.0
C-53965-5632-1167	240	-7.333378696810478	-8.789112765485244	Very Low	Very Large	Medium E	0.18585917258363693	-1.337037411910771	Linear	Low Density	10.120406439262203	3081.0	2616.0	3081.0
C-53965-5632-1168	240	-7.33183805404922	-9.15886702818685	Low	Very Large	Medium E	0.22932852529086156	-1.3367565186015127	Spherical	Low Density	10.215181614343406	1217.0	2616.0	1217.0
C-53965-5632-1169	240	-7.333475728887034	-8.765825067111741	Very Low	Very Large	Medium E	0.18312140516228137	-1.3370551030081321	Spherical	Low Density	10.169298493752354	3143.0	2616.0	3143.0
C-53965-5632-117	240	-7.333534244036768	-8.751781431175742	Very Low	Very Large	Medium E	0.18147039576123766	-1.3370657716163674	Linear	Low Density	10.21450928261058	3173.0	2616.0	3173.0
C-53965-5632-1171	240	-7.331835012903168	-9.159596903239652	Low	Very Large	Medium E	0.22941433145804582	-1.336755964133209	Linear	Low Density	10.472502157511867	1203.0	2616.0	1203.0
C-53965-5632-1172	240	-7.332564934736784	-8.984415663171934	Low	Very Large	Medium E	0.20881953139666823	-1.336889045055341	Linear	Low Density	10.232856603984432	1552.0	2616.0	1552.0
C-53965-5632-1173	240	-7.328408959444226	-9.98184973338592	Low	Very Large	Medium E	0.32608069042557875	-1.3361313186813377	Spherical	Low Density	10.153098212650038	541.0	2616.0	541.0
C-53965-5632-1174	240	-7.334071219621894	-8.622907290745337	Very Low	Very Large	Medium E	0.1663195887786155	-1.3371636741625577	Linear	Low Density	10.163012285494577	3647.0	2616.0	3646.0
C-53965-5632-1175	240	-7.335239561577353	-8.34250522143528	Very Low	Very Large	Medium E	0.13335473162833378	-1.3373766887863674	Intermediate	Low Density	10.0703427020187	4868.0	2616.0	4867.0
C-53965-5632-1176	240	-7.333600196684924	-8.735952795618275	Very Low	Very Large	Medium E	0.17960953677642572	-1.3370777962453475	Spherical	Low Density	10.172917556785798	3233.0	2616.0	3233.0
C-53965-5632-1177	240	-7.324592614830015	-10.89777244079615	Medium	Very Large	Low E	0.4337591440288618	-1.3354355145047223	Linear	Low Density	10.250442141913323	314.0	2616.0	314.0
C-53965-5632-1179	240	-7.335131074309462	-8.368542165728886	Very Low	Very Large	Medium E	0.13641570814461626	-1.337356909153829	Intermediate	Low Density	10.095497009407403	4727.0	2616.0	4726.0
C-53965-5632-118	240	-7.332852647264569	-8.915364656503359	Low	Very Large	Medium E	0.20070170053861072	-1.3369415014236028	Linear	Low Density	10.333852568143737	2371.0	2616.0	2371.0
C-53965-5632-1180	240	-7.333251463127095	-8.819648849496982	Very Low	Very Large	Medium E	0.1894490806391088	-1.3370142143913502	Spherical	Low Density	10.527718214692133	2611.0	2616.0	2611.0
C-53965-5632-1181	240	-7.333282365899794	-8.812232184049396	Very Low	Very Large	Medium E	0.18857715655659982	-1.337019848651483	Linear	Low Density	10.36432028369235	2850.0	2616.0	2850.0
C-53965-5632-1183	240	-7.323832816308539	-11.08012408595057	Medium	Very Large	Low E	0.45519691711097676	-1.3352969864004571	Spherical	Low Density	10.496185864236976	262.0	2616.0	262.0
C-53965-5632-1184	240	-7.334783905486459	-8.451862683249747	Very Low	Very Large	Medium E	0.14621110289514844	-1.3372936125856585	Spherical	Low Density	10.480207043098925	4462.0	2616.0	4461.0
C-53965-5632-1185	240	-7.33004056580551	-9.590264206677386	Low	Very Large	Medium E	0.2800447928239328	-1.3364287966702348	Linear	Low Density	10.360171025446586	934.0	2616.0	934.0
C-53965-5632-1186	240	-7.332697150555686	-8.952683866635493	Low	Very Large	Medium E	0.20508905200854952	-1.3369131509284489	Linear	Low Density	10.507103404929898	2099.0	2616.0	2099.0
C-53965-5632-1188	240	-7.333600245674787	-8.735941038051081	Very Low	Very Large	Medium E	0.17960815452371914	-1.337077805177285	Intermediate	Low Density	10.396847985464033	3234.0	2616.0	3234.0
C-53965-5632-1189	240	-7.331452863965457	-9.251312648290194	Low	Very Large	Medium E	0.24019669280603614	-1.3366862899151213	Linear	Low Density	10.766632338699585	1113.0	2616.0	1113.0
C-53965-5632-119	240	-7.328895116489552	-9.86517204250728	Low	Very Large	Medium E	0.3123637324092156	-1.3362199558818069	Spherical	Low Density	10.28077352325933	628.0	2616.0	628.0
C-53965-5632-1190	240	-7.322158434286667	-11.48197577119985	Medium	Very Large	Low E	0.5024397332300985	-1.3349917094609138	Spherical	Low Density	10.327687713420715	64.0	2616.0	64.0
C-53965-5632-1191	240	-7.3367511898025635	-7.979714447384838	Very Low	Very Large	Medium E	0.09070402626288152	-1.3376522921028693	Intermediate	Low Density	10.51278023370813	5166.0	2616.0	5165.0
C-53965-5632-1192	240	-7.323832919585612	-11.08009929945323	Medium	Very Large	Low E	0.4551940031405275	-1.3352970052301554	Intermediate	Low Density	10.183505534359313	280.0	2616.0	280.0
C-53965-5632-1193	240	-7.332747074602286	-8.94070209545134	Low	Very Large	Medium E	0.20368044123595966	-1.3369222531882419	Intermediate	Low Density	10.123726641719452	2131.0	2616.0	2131.0
C-53965-5632-1194	240	-7.323597470888273	-11.13660698681448	Medium	Very Large	Low E	0.4618372060467715	-1.335254077716121	Spherical	Low Density	10.697990313332966	218.0	2616.0	218.0
C-53965-5632-1195	240	-7.332601474654994	-8.975646082801468	Low	Very Large	Medium E	0.2077885548247351	-1.336895707091995	Intermediate	Low Density	10.500278006953288	1984.0	2616.0	1984.0
C-53965-5632-1196	240	-7.331911109860608	-9.14133363345389	Low	Very Large	Medium E	0.22726725001511858	-1.3367698382945248	Linear	Low Density	10.501752327876922	1263.0	2616.0	1263.0
C-53965-5632-1198	240	-7.334783924639002	-8.45185808663961	Very Low	Very Large	Medium E	0.14621056250470024	-1.3372936160775912	Linear	Low Density	10.541134161413638	4463.0	2616.0	4462.0
C-53965-5632-1199	240	-7.333403809872015	-8.7830856307162	Very Low	Very Large	Medium E	0.18515060564199462	-1.3370419905782844	Intermediate	Low Density	10.146859943977033	3090.0	2616.0	3090.0
C-53965-5632-12	240	-7.334326639700879	-8.561606471788997	Very Low	Very Large	Medium E	0.15911289181997942	-1.3372102429019446	Intermediate	Low Density	10.371208450119349	3838.0	2616.0	3837.0
C-53965-5632-120	240	-7.332553272602518	-8.987214575395578	Low	Very Large	Medium E	0.20914857940211726	-1.3368869187898826	Intermediate	Low Density	10.387073130448398	1549.0	2616.0	1549.0
C-53965-5632-1200	240	-7.315119334359932	-13.17135975361645	High	Very Large	Very Low E	0.7010484731346353	-1.3337083255887137	Linear	Medium Density	10.793323247251111	15.0	2616.0	15.0
C-53965-5632-1201	240	-7.332766418126467	-8.936059649647834	Low	Very Large	Medium E	0.20313466222969548	-1.3369257799412677	Spherical	Low Density	10.18865608862359	2259.0	2616.0	2259.0
C-53965-5632-1202	240	-7.322372278233682	-11.4306532239163	Medium	Very Large	Low E	0.4964061099977384	-1.3350306979502977	Linear	Low Density	10.610890694308178	69.0	2616.0	69.0
C-53965-5632-1203	240	-7.3343962864176655	-8.5448912597604	Very Low	Very Large	Medium E	0.15714780440774498	-1.3372229410414802	Linear	Low Density	10.314654380112037	4026.0	2616.0	4025.0
C-53965-5632-1204	240	-7.333652373424476	-8.723430378125643	Very Low	Very Large	Medium E	0.1781373661008255	-1.3370873092209752	Intermediate	Low Density	10.266681963685034	3309.0	2616.0	3309.0
C-53965-5632-1205	240	-7.333600162709971	-8.735960949606875	Very Low	Very Large	Medium E	0.17961049538229865	-1.3370777900509607	Linear	Low Density	10.034187574487047	3230.0	2616.0	3230.0
C-53965-5632-1206	240	-7.322473196954304	-11.406432730967	Medium	Very Large	Low E	0.4935586806183955	-1.335049097668983	Intermediate	Low Density	10.627232606646293	88.0	2616.0	88.0
C-53965-5632-1208	240	-7.333273779625913	-8.81429288978071	Very Low	Very Large	Medium E	0.18881941892730045	-1.3370182831835205	Intermediate	Medium Density	11.045582172474344	2831.0	2616.0	2831.0
C-53965-5632-1210	240	-7.329978536698934	-9.60515119225582	Low	Very Large	Medium E	0.28179494878460754	-1.3364174873898134	Intermediate	Low Density	10.287261115202726	913.0	2616.0	913.0
C-53965-5632-1211	240	-7.33074174168348	-9.421981995964794	Low	Very Large	Medium E	0.26026106208784366	-1.3365566365677684	Intermediate	Low Density	9.942764613046602	1023.0	2616.0	1023.0
C-53965-5632-1212	240	-7.33411763416037	-8.611767801510872	Very Low	Very Large	Medium E	0.16500999904469435	-1.3371721365612645	Linear	Low Density	10.059783088762119	3776.0	2616.0	3775.0
C-53965-5632-1213	240	-7.323597475845866	-11.13660579699208	Medium	Very Large	Low E	0.46183706616789527	-1.33525407862	Linear	Low Density	10.281573843837181	224.0	2616.0	224.0
C-53965-5632-1215	240	-7.330054822212798	-9.5868426689286	Low	Very Large	Medium E	0.2796425472078138	-1.336431395929143	Spherical	Low Density	10.438376140209545	948.0	2616.0	948.0
C-53965-5632-1216	240	-7.333194246937422	-8.833380735018732	Very Low	Very Large	Medium E	0.19106343978320994	-1.3370037826123133	Intermediate	Low Density	10.15165670968523	2556.0	2616.0	2556.0
C-53965-5632-1218	240	-7.332565092328517	-8.984377841156023	Low	Very Large	Medium E	0.20881508493392104	-1.3368890737878054	Intermediate	Low Density	10.548927982270387	1900.0	2616.0	1900.0
C-53965-5632-1219	240	-7.334326603083705	-8.561615259911022	Very Low	Very Large	Medium E	0.15911392497633448	-1.3372102362258225	Linear	Low Density	10.223172293348973	3837.0	2616.0	3836.0
C-53965-5632-122	240	-7.334352181231079	-8.555476504541096	Very Low	Very Large	Medium E	0.1583922356024104	-1.3372148996887883	Intermediate	Low Density	10.21683740766121	3873.0	2616.0	3872.0
C-53965-5632-1220	240	-7.330313833277425	-9.52468001341792	Low	Very Large	Medium E	0.27233453031611365	-1.3364786193847726	Intermediate	Low Density	10.097608094875245	992.0	2616.0	992.0
C-53965-5632-1221	240	-7.335810955287697	-8.205370730952552	Very Low	Very Large	Medium E	0.11723281462445397	-1.3374808665193396	Intermediate	Low Density	9.749071058024619	5068.0	2616.0	5067.0
C-53965-5632-1222	240	-7.328895249197912	-9.865140192501114	Low	Very Large	Medium E	0.312359988032747	-1.3362199800774812	Spherical	Low Density	10.241482175339076	751.0	2616.0	751.0
C-53965-5632-1223	240	-7.334779495640435	-8.452921046295572	Very Low	Very Large	Medium E	0.14633552703618694	-1.3372928085730253	Linear	Low Density	10.442310940833497	4452.0	2616.0	4451.0
C-53965-5632-1224	240	-7.332098097123359	-9.096456690393854	Low	Very Large	Medium E	0.22199139017225983	-1.3368039302153414	Linear	Low Density	10.333641899388093	1348.0	2616.0	1348.0
C-53965-5632-1226	240	-7.325686022259847	-10.63535465763644	Medium	Very Large	Low E	0.4029085702195004	-1.3356348669042897	Spherical	Low Density	10.736639913945291	335.0	2616.0	335.0
C-53965-5632-1227	240	-7.333590142357695	-8.738365834152996	Very Low	Very Large	Medium E	0.17989322038404776	-1.3370759631187337	Spherical	Low Density	10.484678962617446	3220.0	2616.0	3220.0
C-53965-5632-1228	240	-7.332638935837282	-8.966655399052009	Low	Very Large	Medium E	0.20673158471677466	-1.3369025370955012	Linear	Low Density	10.41971531156929	2052.0	2616.0	2052.0
C-53965-5632-1229	240	-7.332776826722976	-8.933561586485691	Low	Very Large	Medium E	0.20284098288739733	-1.3369276776590202	Intermediate	Low Density	10.445747974372994	2312.0	2616.0	2312.0
C-53965-5632-123	240	-7.333965390232241	-8.648306344261998	Very Low	Very Large	Medium E	0.16930557305821428	-1.3371443791201094	Linear	Low Density	10.294209576316486	3528.0	2616.0	3528.0
C-53965-5632-1230	240	-7.33477425823524	-8.454178023542509	Very Low	Very Large	Medium E	0.14648330082217506	-1.3372918536780205	Linear	Low Density	10.514007893057805	4439.0	2616.0	4438.0
C-53965-5632-1231	240	-7.327342720598406	-10.2377470563826	Low	Very Large	Medium E	0.35616470057030286	-1.335936919716572	Linear	Low Density	10.084705046791004	446.0	2616.0	446.0
C-53965-5632-1232	240	-7.334404794197067	-8.542849392703834	Very Low	Very Large	Medium E	0.1569077567647256	-1.3372244921981602	Linear	Low Density	10.327909575665185	4068.0	2616.0	4067.0
C-53965-5632-1233	240	-7.33256501458845	-8.984396498771993	Low	Very Large	Medium E	0.20881727837582034	-1.3368890596140688	Spherical	Low Density	10.330022741577142	1634.0	2616.0	1634.0
C-53965-5632-1234	240	-7.334381644026283	-8.548405433692063	Very Low	Very Large	Medium E	0.15756094059447656	-1.33722027140912	Intermediate	Low Density	10.401338813635467	3962.0	2616.0	3961.0
C-53965-5632-1235	240	-7.335128910284805	-8.369061531646778	Very Low	Very Large	Medium E	0.13647676626494012	-1.3373565146041888	Linear	Low Density	10.293583545414648	4723.0	2616.0	4722.0
C-53965-5632-1236	240	-7.332978455758258	-8.885170618018002	Very Low	Very Large	Medium E	0.19715200431880311	-1.3369644390993662	Linear	Low Density	10.147798795415738	2425.0	2616.0	2425.0
C-53965-5632-1238	240	-7.328895195511151	-9.865153077323594	Low	Very Large	Medium E	0.3123615028087874	-1.3362199702891953	Spherical	Low Density	10.5243147990134	718.0	2616.0	718.0
C-53965-5632-1239	240	-7.335319363811619	-8.323352685211315	Very Low	Very Large	Medium E	0.1311031055178771	-1.3373912385017412	Linear	Low Density	10.47630437857198	4919.0	2616.0	4918.0
C-53965-5632-124	240	-7.333968132399713	-8.647648224068993	Very Low	Very Large	Medium E	0.16922820259439905	-1.3371448790779938	Intermediate	Low Density	10.395894251861153	3530.0	2616.0	3530.0
C-53965-5632-1240	240	-7.3327663949113	-8.936065221287832	Low	Very Large	Medium E	0.20313531724741435	-1.3369257757086284	Intermediate	Low Density	10.63595729439162	2224.0	2616.0	2224.0
C-53965-5632-1241	240	-7.335239543315136	-8.342509604367258	Very Low	Very Large	Medium E	0.13335524689819023	-1.3373766854567604	Intermediate	Low Density	10.513279715774942	4860.0	2616.0	4859.0
C-53965-5632-1243	240	-7.327859800656224	-10.11364784250614	Low	Very Large	Medium E	0.3415752474041329	-1.3360311948673367	Linear	Low Density	10.434878046783428	504.0	2616.0	504.0
C-53965-5632-1244	240	-7.332766319351446	-8.936083355653007	Low	Very Large	Medium E	0.20313744917442836	-1.3369257619323929	Linear	Low Density	10.137235072113043	2161.0	2616.0	2161.0
C-53965-5632-1245	240	-7.321814485714202	-11.56452342859143	Medium	Very Large	Low E	0.5121442683667267	-1.3349290000157628	Linear	Low Density	10.269936402660308	53.0	2616.0	53.0
C-53965-5632-1246	240	-7.332565016887538	-8.984395946990764	Low	Very Large	Medium E	0.20881721350687665	-1.3368890600332435	Linear	Low Density	10.285114061329232	1638.0	2616.0	1638.0
C-53965-5632-1247	240	-7.334448700087631	-8.532311978968425	Very Low	Very Large	Medium E	0.15566894872251655	-1.3372324972147718	Intermediate	Low Density	10.14226681981561	4194.0	2616.0	4193.0
C-53965-5632-1248	240	-7.335134535228978	-8.36771154504534	Very Low	Very Large	Medium E	0.13631805803721295	-1.3373575401561355	Intermediate	Low Density	10.358573152456403	4730.0	2616.0	4729.0
C-53965-5632-1249	240	-7.324255189273127	-10.97875457444965	Medium	Very Large	Low E	0.44327963178478436	-1.3353739943498322	Linear	Low Density	10.241908544552297	301.0	2616.0	301.0
C-53965-5632-125	240	-7.332766105728168	-8.936134625239662	Low	Very Large	Medium E	0.2031434765714727	-1.3369257229841365	Linear	Low Density	10.35094481578123	2141.0	2616.0	2141.0
C-53965-5632-1250	240	-7.334758029583622	-8.458072899930784	Very Low	Very Large	Medium E	0.14694119346211026	-1.3372888948352748	Intermediate	Low Density	10.269320964365537	4352.0	2616.0	4351.0
C-53965-5632-1251	240	-7.330173790866084	-9.55829019213969	Low	Very Large	Medium E	0.2762858376052767	-1.33645308655046	Intermediate	Low Density	10.459101954109085	965.0	2616.0	965.0
C-53965-5632-1252	240	-7.332565024706901	-8.984394070343626	Low	Very Large	Medium E	0.20881699288295663	-1.3368890614588866	Spherical	Medium Density	10.89992927175058	1669.0	2616.0	1669.0
C-53965-5632-1253	240	-7.328301410018201	-10.00766159563148	Low	Very Large	Medium E	0.32911520566225844	-1.3361117100381503	Intermediate	Low Density	10.357881867531445	535.0	2616.0	535.0
C-53965-5632-1254	240	-7.334337676076371	-8.55895774167082	Very Low	Very Large	Medium E	0.15880149964590703	-1.3372122550777144	Intermediate	Low Density	10.021180539501024	3853.0	2616.0	3852.0
C-53965-5632-1255	240	-7.332191643875818	-9.074005469803508	Low	Very Large	Medium E	0.21935196143543012	-1.3368209858609	Intermediate	Low Density	10.126151691282775	1419.0	2616.0	1419.0
C-53965-5632-1257	240	-7.333639398167364	-8.726544439832661	Very Low	Very Large	Medium E	0.1785034639672905	-1.337084943544129	Spherical	Low Density	10.11778841781589	3292.0	2616.0	3292.0
C-53965-5632-1258	240	-7.33278032857527	-8.932721141935291	Low	Very Large	Medium E	0.20274217785854737	-1.3369283161242789	Spherical	Low Density	10.060376748208254	2317.0	2616.0	2317.0
C-53965-5632-126	240	-7.334942591052114	-8.413778147492726	Very Low	Very Large	Medium E	0.14173377758882125	-1.337322544480053	Linear	Low Density	10.308291414537049	4542.0	2616.0	4541.0
C-53965-5632-1260	240	-7.32247324011945	-11.40642237133197	Medium	Very Large	Low E	0.493557462710514	-1.3350491055389455	Linear	Low Density	10.284293026853327	103.0	2616.0	103.0
C-53965-5632-1261	240	-7.333253955461517	-8.819050689235823	Very Low	Very Large	Medium E	0.18937875923378633	-1.3370146687991347	Linear	Low Density	10.467060232970143	2695.0	2616.0	2695.0
C-53965-5632-1262	240	-7.332565065281183	-8.984384332516138	Low	Very Large	Medium E	0.2088158480765116	-1.3368890688564772	Intermediate	Low Density	10.398674950924018	1826.0	2616.0	1826.0
C-53965-5632-1263	240	-7.333273013297235	-8.814476808663695	Very Low	Very Large	Medium E	0.18884104094926643	-1.3370181434648238	Spherical	Low Density	10.192906855851223	2817.0	2616.0	2817.0
C-53965-5632-1264	240	-7.333251455293191	-8.819650729634104	Very Low	Very Large	Medium E	0.18944930167328647	-1.337014212963056	Intermediate	Low Density	10.067180689445713	2609.0	2616.0	2609.0
C-53965-5632-1265	240	-7.334082754262322	-8.620138977042707	Very Low	Very Large	Medium E	0.16599413802147095	-1.337165777183065	Linear	Low Density	10.359036907725462	3749.0	2616.0	3748.0
C-53965-5632-1266	240	-7.332564983696954	-8.984403912731025	Low	Very Large	Medium E	0.20881814998174325	-1.3368890539818648	Spherical	Low Density	10.42897618786564	1567.0	2616.0	1567.0
C-53965-5632-1267	240	-7.334640838997019	-8.486198640715493	Very Low	Very Large	Medium E	0.15024773477792083	-1.337267528394908	Spherical	Low Density	10.327838267028861	4286.0	2616.0	4285.0
C-53965-5632-1269	240	-7.332884552478992	-8.907707405041704	Very Low	Very Large	Medium E	0.19980149248659393	-1.3369473184510718	Linear	Low Density	10.196060275980473	2381.0	2616.0	2381.0
C-53965-5632-127	240	-7.332525158090131	-8.993962058368675	Low	Very Large	Medium E	0.20994183250783066	-1.33688179289138	Intermediate	Low Density	10.659099810000109	1528.0	2616.0	1528.0
C-53965-5632-1270	240	-7.3340826331379185	-8.620168046899668	Very Low	Very Large	Medium E	0.16599755555573936	-1.3371657550994025	Intermediate	Medium Density	10.864738281522204	3686.0	2616.0	3685.0
C-53965-5632-1272	240	-7.332565086871023	-8.984379150954405	Low	Very Large	Medium E	0.20881523891752973	-1.3368890727927834	Spherical	Low Density	10.451763701652379	1892.0	2616.0	1892.0
C-53965-5632-1273	240	-7.327610576743927	-10.17346158145723	Low	Very Large	Medium E	0.3486071190483132	-1.3359857558264172	Spherical	Low Density	10.60654224954512	466.0	2616.0	466.0
C-53965-5632-1274	240	-7.333543902671679	-8.749463358796898	Very Low	Very Large	Medium E	0.18119787664246934	-1.3370675325995047	Intermediate	Low Density	10.442123885589659	3181.0	2616.0	3181.0
C-53965-5632-1275	240	-7.332877596115627	-8.909376932249431	Very Low	Very Large	Medium E	0.19999776680812484	-1.3369460501519077	Spherical	Low Density	10.360900416261927	2378.0	2616.0	2378.0
C-53965-5632-1276	240	-7.332766276119783	-8.936093731251994	Low	Very Large	Medium E	0.20313866895907995	-1.336925754050303	Spherical	Low Density	10.429669407613588	2149.0	2616.0	2149.0
C-53965-5632-1277	240	-7.329936849008442	-9.615156237974	Low	Very Large	Medium E	0.2829711701430549	-1.3364098868002205	Intermediate	Low Density	10.014966597897043	890.0	2616.0	890.0
C-53965-5632-1278	240	-7.33356040499891	-8.745502800261402	Very Low	Very Large	Medium E	0.18073226222429908	-1.337070541339378	Linear	Low Density	10.255852557372412	3189.0	2616.0	3189.0
C-53965-5632-1279	240	-7.323597516565661	-11.13659602424127	Medium	Very Large	Low E	0.46183591725579165	-1.3352540860441209	Spherical	Low Density	10.26161243036388	239.0	2616.0	239.0
C-53965-5632-128	240	-7.333535898899485	-8.751384264123619	Very Low	Very Large	Medium E	0.18142370368378805	-1.3370660733345052	Linear	Low Density	10.191513983967576	3174.0	2616.0	3174.0
C-53965-5632-1280	240	-7.323597413515202	-11.13662075635151	Medium	Very Large	Low E	0.4618388248323268	-1.3352540672557391	Intermediate	Low Density	10.58738665979477	181.0	2616.0	181.0
C-53965-5632-1281	240	-7.335083124550565	-8.38005010786418	Very Low	Very Large	Medium E	0.13776861423947703	-1.3373481668504261	Spherical	Low Density	10.102091751466105	4627.0	2616.0	4626.0
C-53965-5632-1282	240	-7.33365678469608	-8.722371672940692	Very Low	Very Large	Medium E	0.17801290173694861	-1.337088113493523	Spherical	Low Density	10.344819589493351	3326.0	2616.0	3326.0
C-53965-5632-1283	240	-7.3268429264893955	-10.35769764254486	Low	Very Large	Low E	0.37026642937588516	-1.3358457961772559	Intermediate	Low Density	10.18107880712866	411.0	2616.0	411.0
C-53965-5632-1284	240	-7.333658217733002	-8.7220277440794	Very Low	Very Large	Medium E	0.1779724684911813	-1.3370883747679039	Linear	Low Density	10.571769082487497	3335.0	2616.0	3335.0
C-53965-5632-1285	240	-7.332486574399211	-9.003222144189332	Low	Very Large	Medium E	0.2110304742822284	-1.3368747582296803	Intermediate	Low Density	10.685177813917617	1517.0	2616.0	1517.0
C-53965-5632-1286	240	-7.33256502840639	-8.98439318246637	Low	Very Large	Medium E	0.2088168885016011	-1.3368890621333855	Linear	Low Density	10.149345544888964	1680.0	2616.0	1680.0
C-53965-5632-1287	240	-7.33501365566938	-8.396722639348775	Very Low	Very Large	Medium E	0.13972868400669106	-1.3373355011342605	Linear	Low Density	10.244981042994237	4564.0	2616.0	4563.0
C-53965-5632-1288	240	-7.33441694484411	-8.539933237413653	Very Low	Very Large	Medium E	0.15656492533411473	-1.337226707530321	Spherical	Low Density	10.532379160019657	4109.0	2616.0	4108.0
C-53965-5632-1289	240	-7.332978374915583	-8.885190020260078	Very Low	Very Large	Medium E	0.19715428530102172	-1.3369644243599557	Linear	Low Density	10.52489929654482	2410.0	2616.0	2410.0
C-53965-5632-129	240	-7.333112614609103	-8.852972493815244	Very Low	Very Large	Medium E	0.19336670213659457	-1.3369888992302468	Intermediate	Low Density	10.083771999110535	2501.0	2616.0	2501.0
C-53965-5632-1290	240	-7.334072531251297	-8.622592499688722	Very Low	Very Large	Medium E	0.16628258105522403	-1.337163913301658	Intermediate	Low Density	10.59921133977425	3672.0	2616.0	3671.0
C-53965-5632-1291	240	-7.331835884215893	-9.15938778818562	Low	Very Large	Medium E	0.22938974730322598	-1.3367561229928233	Spherical	Low Density	9.97537887216835	1204.0	2616.0	1204.0
C-53965-5632-1292	240	-7.332051742874932	-9.107581710016383	Low	Very Large	Medium E	0.2232992788178509	-1.3367954788088463	Intermediate	Low Density	10.532048498991363	1330.0	2616.0	1330.0
C-53965-5632-1293	240	-7.332565086572385	-8.98437922262776	Low	Very Large	Medium E	0.20881524734363624	-1.336889072738335	Linear	Low Density	10.18801297035863	1891.0	2616.0	1891.0
C-53965-5632-1294	240	-7.334317263133644	-8.563856847925313	Very Low	Very Large	Medium E	0.15937745237779047	-1.337208533345994	Linear	Low Density	10.401501945266913	3832.0	2616.0	3831.0
C-53965-5632-1296	240	-7.333254015718066	-8.819036227664226	Very Low	Very Large	Medium E	0.18937705909067015	-1.3370146797852385	Intermediate	Low Density	10.19563131274958	2709.0	2616.0	2709.0
C-53965-5632-1297	240	-7.333253949808264	-8.819052046016651	Very Low	Very Large	Medium E	0.18937891874074914	-1.3370146677684214	Intermediate	Low Density	10.450302181540584	2690.0	2616.0	2690.0
C-53965-5632-1298	240	-7.332676319251965	-8.957683379528286	Low	Very Large	Medium E	0.2056768088276995	-1.3369093529202503	Intermediate	Low Density	10.364258952681368	2076.0	2616.0	2076.0
C-53965-5632-1299	240	-7.333321868838178	-8.802751478837235	Very Low	Very Large	Medium E	0.1874625781450542	-1.3370270509123623	Intermediate	Low Density	10.318870438733269	2904.0	2616.0	2904.0
C-53965-5632-13	240	-7.335224291752009	-8.346169979517727	Very Low	Very Large	Medium E	0.1337855709119985	-1.3373739047588948	Linear	Low Density	10.555572155225809	4827.0	2616.0	4826.0
C-53965-5632-130	240	-7.333281678213622	-8.812397228730857	Very Low	Very Large	Medium E	0.188596559674256	-1.337019723271058	Intermediate	Low Density	10.165910949456451	2838.0	2616.0	2838.0
C-53965-5632-1300	240	-7.334640822229267	-8.48620266497569	Very Low	Very Large	Medium E	0.15024820788130866	-1.3372675253377755	Intermediate	Low Density	10.44327649143091	4280.0	2616.0	4279.0
C-53965-5632-1301	240	-7.333273202724194	-8.814431346193377	Very Low	Very Large	Medium E	0.1888356962531956	-1.3370181780015555	Linear	Low Density	10.379006675385128	2826.0	2616.0	2826.0
C-53965-5632-1302	240	-7.334525976579719	-8.513765620867492	Very Low	Very Large	Medium E	0.15348858661975004	-1.3372465864313872	Linear	Low Density	10.553753052493573	4216.0	2616.0	4215.0
C-53965-5632-1303	240	-7.333321863031278	-8.802752872493082	Very Low	Very Large	Medium E	0.18746274198717522	-1.3370270498536359	Linear	Medium Density	10.930587774187	2902.0	2616.0	2902.0
C-53965-5632-1304	240	-7.333370273200618	-8.791134431851535	Very Low	Very Large	Medium E	0.18609684537663837	-1.3370358761000634	Linear	Low Density	10.370581407117765	2979.0	2616.0	2979.0
C-53965-5632-1305	240	-7.334622890436418	-8.490506295259507	Very Low	Very Large	Medium E	0.15075415478062817	-1.3372642559746493	Intermediate	Low Density	9.818276872827067	4268.0	2616.0	4267.0
C-53965-5632-1306	240	-7.334113803258635	-8.612687217927425	Very Low	Very Large	Medium E	0.1651180882285791	-1.3371714381030022	Linear	Low Density	10.156493700453742	3774.0	2616.0	3773.0
C-53965-5632-1307	240	-7.32889512776603	-9.865169336152748	Low	Very Large	Medium E	0.3123634142425443	-1.3362199579377585	Linear	Low Density	10.332237448748634	635.0	2616.0	635.0
C-53965-5632-1309	240	-7.33431792456322	-8.563698104827129	Very Low	Very Large	Medium E	0.15935879009198803	-1.33720865393926	Linear	Low Density	10.38670810836435	3833.0	2616.0	3832.0
C-53965-5632-1310	240	-7.332704016061721	-8.95103614518678	Low	Very Large	Medium E	0.20489534123348654	-1.3369144026623088	Spherical	Low Density	10.32296558137701	2104.0	2616.0	2104.0
C-53965-5632-1311	240	-7.334082733365031	-8.620143992392528	Very Low	Very Large	Medium E	0.16599472764012646	-1.3371657733730258	Spherical	Low Density	10.207788190421033	3742.0	2616.0	3741.0
C-53965-5632-1312	240	-7.329301999257047	-9.767520178308576	Low	Very Large	Medium E	0.30088350417235815	-1.3362941396250572	Linear	Low Density	10.59719912063647	816.0	2616.0	816.0
C-53965-5632-1313	240	-7.326084329737305	-10.53976086304663	Low	Very Large	Low E	0.391670294443373	-1.3357074871821757	Linear	Low Density	10.086126728597433	354.0	2616.0	354.0
C-53965-5632-1314	240	-7.334902175212581	-8.423477948980382	Very Low	Very Large	Medium E	0.1428741135757158	-1.3373151757770685	Linear	Low Density	10.171391879769978	4527.0	2616.0	4526.0
C-53965-5632-1315	240	-7.333746763126667	-8.700776849599832	Very Low	Very Large	Medium E	0.17547415347317666	-1.3371045185549462	Intermediate	Low Density	10.170787464709836	3390.0	2616.0	3390.0
C-53965-5632-1316	240	-7.328785113311929	-9.891572805136992	Low	Very Large	Medium E	0.31546748043392736	-1.3361998998653386	Linear	Low Density	10.231427233188171	592.0	2616.0	592.0
C-53965-5632-1317	240	-7.328940520063608	-9.854275184734044	Low	Very Large	Medium E	0.3110826671133275	-1.3362282339593012	Spherical	Low Density	10.32359817181438	795.0	2616.0	795.0
C-53965-5632-1318	240	-7.328895162871675	-9.865160910797782	Low	Very Large	Medium E	0.31236242373408596	-1.3362199643382955	Intermediate	Low Density	10.180564746577621	680.0	2616.0	680.0
C-53965-5632-1319	240	-7.333249735020595	-8.820063595057254	Very Low	Very Large	Medium E	0.18949783929545608	-1.3370138993192482	Spherical	Low Density	10.198094958894648	2591.0	2616.0	2591.0
C-53965-5632-1320	240	-7.323597542394707	-11.13658982527013	Medium	Very Large	Low E	0.46183518848728106	-1.3352540907533283	Linear	Low Density	10.407235235410075	243.0	2616.0	243.0
C-53965-5632-1321	240	-7.33125708828622	-9.298298811307118	Low	Very Large	Medium E	0.24572051848856938	-1.3366505956712667	Spherical	Low Density	10.457015500863061	1067.0	2616.0	1067.0
C-53965-5632-1322	240	-7.33266428574658	-8.960571420820434	Low	Very Large	Medium E	0.2060163350975396	-1.336907158945609	Spherical	Low Density	10.305370355372744	2068.0	2616.0	2068.0
C-53965-5632-1323	240	-7.334826231549647	-8.441704428084629	Very Low	Very Large	Medium E	0.14501686980252068	-1.3373013295647374	Linear	Low Density	9.994831775355731	4509.0	2616.0	4508.0
C-53965-5632-1324	240	-7.334032508648662	-8.632197924320977	Very Low	Very Large	Medium E	0.16741182183312323	-1.3371566162944724	Intermediate	Low Density	10.610855200301492	3584.0	2616.0	3584.0
C-53965-5632-1325	240	-7.32383299367604	-11.08008151775005	Medium	Very Large	Low E	0.4551919126734649	-1.335297018738482	Linear	Low Density	10.664705572177377	285.0	2616.0	285.0
C-53965-5632-1326	240	-7.334230960708532	-8.584569429952385	Very Low	Very Large	Medium E	0.1618124818674441	-1.3371927985018133	Linear	Low Density	10.2914714092738	3803.0	2616.0	3802.0
C-53965-5632-1327	240	-7.323597443538528	-11.1366135507532	Medium	Very Large	Low E	0.46183797772189844	-1.3352540727296565	Linear	Low Density	10.316659580025112	206.0	2616.0	206.0
C-53965-5632-1328	240	-7.333321947597679	-8.802732576556998	Very Low	Very Large	Medium E	0.18746035593973814	-1.3370270652719642	Intermediate	Low Density	10.289578356314896	2950.0	2616.0	2950.0
C-53965-5632-133	240	-7.333920443075139	-8.659093661966606	Very Low	Very Large	Medium E	0.17057376051502496	-1.337136184257538	Intermediate	Low Density	10.274026842125183	3481.0	2616.0	3481.0
C-53965-5632-1330	240	-7.326843039250853	-10.35767057979523	Low	Very Large	Low E	0.37026324780279635	-1.3358458167361678	Spherical	Low Density	10.377795449226282	424.0	2616.0	424.0
C-53965-5632-1331	240	-7.332766393763744	-8.936065496701602	Low	Very Large	Medium E	0.20313534962578933	-1.3369257754994035	Linear	Low Density	10.007158538908207	2222.0	2616.0	2222.0
C-53965-5632-1332	240	-7.333253922012819	-8.819058716923427	Very Low	Very Large	Medium E	0.18937970299134582	-1.3370146627006958	Spherical	Low Density	10.696403577565937	2665.0	2616.0	2665.0
C-53965-5632-1334	240	-7.333253952823592	-8.81905132233793	Very Low	Very Large	Medium E	0.1893788336630531	-1.3370146683181823	Linear	Low Density	10.515407638345238	2693.0	2616.0	2693.0
C-53965-5632-1335	240	-7.334783536823584	-8.451951162339553	Very Low	Very Large	Medium E	0.14622150474622067	-1.3372935453702484	Spherical	Low Density	10.350952183413828	4460.0	2616.0	4459.0
C-53965-5632-1336	240	-7.332564983622618	-8.98440393057176	Low	Very Large	Medium E	0.20881815207914178	-1.3368890539683116	Intermediate	Low Density	10.706492118518108	1566.0	2616.0	1566.0
C-53965-5632-1337	240	-7.33276636962907	-8.936071289023198	Low	Very Large	Medium E	0.20313603058744698	-1.3369257710991178	Linear	Low Density	10.367182773630134	2193.0	2616.0	2193.0
C-53965-5632-1338	240	-7.328895100082892	-9.865175980105825	Low	Very Large	Medium E	0.3123641953243765	-1.3362199528905092	Spherical	Low Density	9.971483567866668	620.0	2616.0	620.0
C-53965-5632-1340	240	-7.334365819927657	-8.55220321736213	Very Low	Very Large	Medium E	0.1580074187409428	-1.337217386325348	Linear	Low Density	10.323316232996207	3906.0	2616.0	3905.0
C-53965-5632-1341	240	-7.336519291217294	-8.035370107849591	Very Low	Very Large	Medium E	0.09724706248703212	-1.33761001185292	Intermediate	Low Density	10.276941948215068	5137.0	2616.0	5136.0
C-53965-5632-1342	240	-7.332887173421777	-8.907078378773525	Very Low	Very Large	Medium E	0.19972754238654908	-1.33694779630701	Intermediate	Low Density	10.615796855824229	2383.0	2616.0	2383.0
C-53965-5632-1343	240	-7.331050852046178	-9.34779550891733	Low	Very Large	Medium E	0.2515394896899647	-1.336612994235417	Intermediate	Low Density	10.466765689258724	1041.0	2616.0	1041.0
C-53965-5632-1344	240	-7.331801862356867	-9.167553034351949	Low	Very Large	Medium E	0.23034967664372338	-1.3367499200541477	Intermediate	Low Density	10.412011138756355	1180.0	2616.0	1180.0
C-53965-5632-1345	240	-7.331209711842373	-9.309669157830449	Low	Very Large	Medium E	0.24705724845569138	-1.3366419578958992	Spherical	Low Density	10.399044921374754	1047.0	2616.0	1047.0
C-53965-5632-1346	240	-7.331835933991493	-9.15937584204173	Low	Very Large	Medium E	0.2293883428808956	-1.336756132068018	Linear	Low Density	10.050789160903115	1209.0	2616.0	1209.0
C-53965-5632-1347	240	-7.333375448648316	-8.789892324404073	Very Low	Very Large	Medium E	0.18595081972613875	-1.3370368196988438	Spherical	Low Density	10.205493736444813	3080.0	2616.0	3080.0
C-53965-5632-1348	240	-7.332565120157694	-8.984371162153387	Low	Very Large	Medium E	0.20881429973156976	-1.336889078861681	Spherical	Low Density	10.580997689985297	1931.0	2616.0	1931.0
C-53965-5632-135	240	-7.332507763143211	-8.99813684562929	Low	Very Large	Medium E	0.21043263225841125	-1.336878621407161	Linear	Low Density	10.27346576092797	1520.0	2616.0	1520.0
C-53965-5632-1350	240	-7.335775045807194	-8.213989006273358	Very Low	Very Large	Medium E	0.11824600334851554	-1.3374743194254475	Linear	Low Density	10.21841393507525	5053.0	2616.0	5052.0
C-53965-5632-1351	240	-7.328059580397079	-10.06570070470104	Low	Very Large	Medium E	0.33593844681844715	-1.336067619140337	Spherical	Low Density	10.080655917502135	513.0	2616.0	513.0
C-53965-5632-1352	240	-7.333262890798818	-8.816906208283536	Very Low	Very Large	Medium E	0.18912664801211324	-1.3370162979090925	Intermediate	Low Density	9.988276085929279	2757.0	2616.0	2757.0
C-53965-5632-1353	240	-7.33401872605225	-8.635505747460043	Very Low	Very Large	Medium E	0.16780069883936138	-1.3371541034217846	Intermediate	Low Density	10.558568984701754	3568.0	2616.0	3568.0
C-53965-5632-1354	240	-7.329202427156596	-9.791417482417089	Low	Very Large	Medium E	0.30369293856113944	-1.3362759854250643	Linear	Low Density	10.511345732975538	810.0	2616.0	810.0
C-53965-5632-1355	240	-7.3333728968306655	-8.790504760640363	Very Low	Very Large	Medium E	0.1860228194552676	-1.3370363544459491	Intermediate	Low Density	10.615189532715855	3019.0	2616.0	3019.0
C-53965-5632-1356	240	-7.333194303056301	-8.833367266487894	Very Low	Very Large	Medium E	0.19106185638478593	-1.3370037928440281	Linear	Low Density	10.38022318634509	2559.0	2616.0	2559.0
C-53965-5632-1357	240	-7.332565053408479	-8.984387181964747	Low	Very Large	Medium E	0.2088161830657499	-1.3368890666918203	Intermediate	Low Density	10.225349984793008	1782.0	2616.0	1782.0
C-53965-5632-1358	240	-7.331272651632523	-9.294563608194256	Low	Very Large	Medium E	0.24528139748870284	-1.3366534332141131	Spherical	Low Density	10.113112067427151	1099.0	2616.0	1099.0
C-53965-5632-1359	240	-7.332406066542696	-9.022544029752812	Low	Very Large	Medium E	0.21330200957810766	-1.336860079863737	Linear	Low Density	10.344861222423617	1494.0	2616.0	1494.0
C-53965-5632-136	240	-7.332564996266433	-8.984400896055773	Low	Very Large	Medium E	0.20881779533291794	-1.3368890562735594	Intermediate	Low Density	10.399525362091206	1584.0	2616.0	1584.0
C-53965-5632-1360	240	-7.332451040305342	-9.011750326717795	Low	Very Large	Medium E	0.21203307144386188	-1.3368682795770885	Spherical	Low Density	10.294341352584485	1506.0	2616.0	1506.0
C-53965-5632-1361	240	-7.335239544262319	-8.342509377043392	Very Low	Very Large	Medium E	0.13335522017333107	-1.337376685629453	Spherical	Low Density	10.516938819278993	4861.0	2616.0	4860.0
C-53965-5632-1362	240	-7.328895116653439	-9.865172003174582	Low	Very Large	Medium E	0.31236372778514043	-1.336219955911687	Spherical	Low Density	9.88359210719705	629.0	2616.0	629.0
C-53965-5632-1363	240	-7.334071340186687	-8.622878355194807	Very Low	Very Large	Medium E	0.1663161870338147	-1.3371636961441906	Intermediate	Low Density	10.69801443374738	3669.0	2616.0	3668.0
C-53965-5632-1366	240	-7.335165295429529	-8.3603290969132	Very Low	Very Large	Medium E	0.13545015663870158	-1.337363148422207	Spherical	Low Density	10.287064668682012	4772.0	2616.0	4771.0
C-53965-5632-1367	240	-7.327366495484806	-10.23204108364666	Low	Very Large	Medium E	0.35549389034194523	-1.33594125440511	Linear	Low Density	9.89702835332243	447.0	2616.0	447.0
C-53965-5632-1369	240	-7.33337288185767	-8.790508354159057	Very Low	Very Large	Medium E	0.18602324191946867	-1.3370363517160402	Linear	Low Density	10.326444734369858	2999.0	2616.0	2999.0
C-53965-5632-137	240	-7.333271254170096	-8.814898999176823	Very Low	Very Large	Medium E	0.1888906748552888	-1.337017822736972	Linear	Low Density	10.370359877217348	2804.0	2616.0	2804.0
C-53965-5632-1370	240	-7.334124151034771	-8.610203751654872	Very Low	Very Large	Medium E	0.16482612493772444	-1.3371733247318531	Intermediate	Low Density	10.40800355504203	3779.0	2616.0	3778.0
C-53965-5632-1372	240	-7.332748866258057	-8.940272098066252	Low	Very Large	Medium E	0.20362988953207933	-1.336922579846784	Spherical	Low Density	10.368198830836022	2135.0	2616.0	2135.0
C-53965-5632-1373	240	-7.328922941888938	-9.858493946654866	Low	Very Large	Medium E	0.31157863664884633	-1.3362250290686035	Intermediate	Low Density	10.031631273854243	774.0	2616.0	774.0
C-53965-5632-1374	240	-7.333321867659029	-8.802751761832964	Very Low	Very Large	Medium E	0.18746261141483922	-1.3370270506973772	Intermediate	Medium Density	10.844041878134933	2903.0	2616.0	2903.0
C-53965-5632-1375	240	-7.328932993776901	-9.856081493543734	Low	Very Large	Medium E	0.311295021865316	-1.3362268617504849	Spherical	Low Density	9.99807665004339	794.0	2616.0	794.0
C-53965-5632-1376	240	-7.332565076785931	-8.984381571376352	Low	Very Large	Medium E	0.2088155234691641	-1.3368890709540477	Intermediate	Low Density	10.654392096196311	1864.0	2616.0	1864.0
C-53965-5632-1377	240	-7.333663163882022	-8.720840668314622	Very Low	Very Large	Medium E	0.17783291252031946	-1.3370892765604552	Intermediate	Low Density	10.38755360335095	3339.0	2616.0	3339.0
C-53965-5632-1378	240	-7.333320241630677	-8.80314200863751	Very Low	Very Large	Medium E	0.1875084899284836	-1.337026754236383	Intermediate	Low Density	10.424232439248259	2894.0	2616.0	2894.0
C-53965-5632-1379	240	-7.3354718882168495	-8.286746827956094	Very Low	Very Large	Medium E	0.12679961782161342	-1.337419047080086	Intermediate	Low Density	10.198801536123511	4964.0	2616.0	4963.0
C-53965-5632-138	240	-7.333372771936149	-8.790534735324442	Very Low	Very Large	Medium E	0.18602634336356424	-1.3370363316749114	Linear	Low Density	10.695741065363613	2980.0	2616.0	2980.0
C-53965-5632-1381	240	-7.335722308857077	-8.226645874301212	Very Low	Very Large	Medium E	0.11973398040782438	-1.3374647043110217	Spherical	Low Density	10.22626183356679	5049.0	2616.0	5048.0
C-53965-5632-1382	240	-7.333386231368217	-8.787304471627898	Very Low	Very Large	Medium E	0.18564658446388038	-1.3370387856275796	Linear	Low Density	9.896884815298908	3083.0	2616.0	3083.0
C-53965-5632-1383	240	-7.334032545713429	-8.63218902877709	Very Low	Very Large	Medium E	0.1674107760479206	-1.3371566230522005	Linear	Low Density	10.640036747253394	3588.0	2616.0	3588.0
C-53965-5632-1384	240	-7.33464089079834	-8.486186208398275	Very Low	Very Large	Medium E	0.1502462731996954	-1.3372675378394367	Spherical	Low Density	10.285970041488357	4308.0	2616.0	4307.0
C-53965-5632-1385	240	-7.326825858702279	-10.36179391145279	Low	Very Large	Low E	0.3707479982877297	-1.3358426843415174	Linear	Low Density	10.477188350558299	398.0	2616.0	398.0
C-53965-5632-1386	240	-7.328688838137203	-9.91467884707127	Low	Very Large	Medium E	0.31818389181256834	-1.3361823467679508	Intermediate	Low Density	10.23417337437601	579.0	2616.0	579.0
C-53965-5632-1387	240	-7.32889514182932	-9.865165960963171	Low	Very Large	Medium E	0.3123630174457447	-1.336219960501808	Linear	Low Density	10.323702280578848	653.0	2616.0	653.0
C-53965-5632-1388	240	-7.334186512736825	-8.595236943161764	Very Low	Very Large	Medium E	0.1630665847703545	-1.3371846946517991	Intermediate	Low Density	10.472503371646033	3793.0	2616.0	3792.0
C-53965-5632-1389	240	-7.332191734993828	-9.07398360148107	Low	Very Large	Medium E	0.2193493905338458	-1.336821002473732	Linear	Low Density	10.220665784171379	1432.0	2616.0	1432.0
C-53965-5632-139	240	-7.334431849075814	-8.53635622180466	Very Low	Very Large	Medium E	0.15614440130280824	-1.337229424901973	Intermediate	Low Density	9.941974439941179	4141.0	2616.0	4140.0
C-53965-5632-1390	240	-7.333321963155123	-8.80272884277051	Very Low	Very Large	Medium E	0.18745991698526596	-1.337027068108431	Intermediate	Low Density	10.370553630237394	2957.0	2616.0	2957.0
C-53965-5632-1391	240	-7.332565100870815	-8.984375791004188	Low	Very Large	Medium E	0.20881484391234623	-1.3368890753452556	Spherical	Low Density	10.170448647246769	1912.0	2616.0	1912.0
C-53965-5632-1392	240	-7.334113074517792	-8.61286211572982	Very Low	Very Large	Medium E	0.16513864970689426	-1.3371713052374008	Intermediate	Low Density	10.623575744473422	3773.0	2616.0	3772.0
C-53965-5632-1393	240	-7.333638861912561	-8.726673140985117	Very Low	Very Large	Medium E	0.17851859443733203	-1.3370848457729974	Spherical	Low Density	10.544962850193844	3291.0	2616.0	3291.0
C-53965-5632-1394	240	-7.333260112167729	-8.81757307974491	Very Low	Very Large	Medium E	0.18920504729965634	-1.3370157913030827	Linear	Low Density	10.224032747480091	2742.0	2616.0	2742.0
C-53965-5632-1395	240	-7.331966905896055	-9.12794258494678	Low	Very Large	Medium E	0.22569296063051775	-1.336780011147982	Intermediate	Low Density	10.008357774609543	1293.0	2616.0	1293.0
C-53965-5632-1396	240	-7.335271071850303	-8.334942755927205	Very Low	Very Large	Medium E	0.1324656668800298	-1.3373824338072555	Intermediate	Low Density	10.24953047736721	4892.0	2616.0	4891.0
C-53965-5632-1397	240	-7.334345857474584	-8.556994206099949	Very Low	Very Large	Medium E	0.15857066087298125	-1.3372137467278724	Spherical	Low Density	10.397995827695928	3858.0	2616.0	3857.0
C-53965-5632-1398	240	-7.332766436395933	-8.936055264976014	Low	Very Large	Medium E	0.20313414675532418	-1.3369257832721961	Linear	Low Density	10.328113057748759	2283.0	2616.0	2283.0
C-53965-5632-1399	240	-7.332789497200159	-8.930520671961629	Low	Very Large	Medium E	0.20248348440982228	-1.3369299877677328	Intermediate	Low Density	10.613506579153935	2326.0	2616.0	2326.0
C-53965-5632-14	240	-7.33256500836377	-8.984397992695312	Low	Very Large	Medium E	0.2088174540056493	-1.3368890584791717	Spherical	Low Density	10.195343746056633	1620.0	2616.0	1620.0
C-53965-5632-140	240	-7.334272783896642	-8.574531864805762	Very Low	Very Large	Medium E	0.16063243743338448	-1.3372004237956239	Linear	Low Density	10.135534646234687	3816.0	2616.0	3815.0
C-53965-5632-1400	240	-7.335239565504151	-8.342504279003938	Very Low	Very Large	Medium E	0.13335462083344207	-1.3373766895023096	Spherical	Low Density	10.429406970016604	4869.0	2616.0	4868.0
C-53965-5632-1401	240	-7.3334757138516515	-8.765828675603741	Very Low	Very Large	Medium E	0.18312182938674848	-1.3370551002668487	Linear	Low Density	10.43347660807562	3140.0	2616.0	3140.0
C-53965-5632-1402	240	-7.332565058871752	-8.984385870779521	Low	Very Large	Medium E	0.2088160289191007	-1.336889067687896	Spherical	Low Density	10.269207623551207	1800.0	2616.0	1800.0
C-53965-5632-1403	240	-7.333590131948338	-8.738368332398988	Very Low	Very Large	Medium E	0.17989351408484544	-1.3370759612208774	Spherical	Low Density	10.425925010605951	3219.0	2616.0	3219.0
C-53965-5632-1404	240	-7.331910208813429	-9.14154988477678	Low	Very Large	Medium E	0.2272926731297952	-1.3367696740136608	Intermediate	Low Density	10.342672668096752	1261.0	2616.0	1261.0
C-53965-5632-1405	240	-7.333475729163741	-8.76582500070216	Very Low	Very Large	Medium E	0.18312139735498198	-1.3370551030585818	Intermediate	Low Density	9.881520172995137	3144.0	2616.0	3144.0
C-53965-5632-1406	240	-7.332565074470087	-8.98438212717908	Low	Very Large	Medium E	0.20881558881089016	-1.336889070531818	Linear	Low Density	10.383143522013393	1857.0	2616.0	1857.0
C-53965-5632-1407	240	-7.332910297766137	-8.901528536126891	Very Low	Very Large	Medium E	0.1990750872513316	-1.3369520123873209	Spherical	Low Density	10.40820548170508	2389.0	2616.0	2389.0
C-53965-5632-1408	240	-7.336519237843721	-8.035382917506968	Very Low	Very Large	Medium E	0.0972485684264578	-1.337610002121735	Intermediate	Low Density	10.473887014124433	5125.0	2616.0	5124.0
C-53965-5632-1409	240	-7.324131890056666	-11.00834638639998	Medium	Very Large	Low E	0.44675852855672676	-1.335351514170902	Linear	Low Density	10.16518593902555	299.0	2616.0	299.0
C-53965-5632-141	240	-7.333372916847599	-8.790499956576037	Very Low	Very Large	Medium E	0.18602225467595526	-1.3370363580954796	Spherical	Low Density	10.368385276801984	3043.0	2616.0	3043.0
C-53965-5632-1410	240	-7.334059701133395	-8.625671727985354	Very Low	Very Large	Medium E	0.16664458380783848	-1.3371615740869052	Intermediate	Low Density	10.474305552628515	3640.0	2616.0	3639.0
C-53965-5632-1411	240	-7.332747085471968	-8.940699486727665	Low	Very Large	Medium E	0.20368013454705394	-1.3369222551700257	Linear	Low Density	10.042449394516703	2133.0	2616.0	2133.0
C-53965-5632-1412	240	-7.3357851122817825	-8.211573052372195	Very Low	Very Large	Medium E	0.11796197700224442	-1.3374761547667937	Linear	Low Density	10.021838597046592	5055.0	2616.0	5054.0
C-53965-5632-1413	240	-7.334758062788404	-8.458064930783122	Very Low	Very Large	Medium E	0.1469402565866592	-1.3372889008892421	Linear	Low Density	10.463129366826976	4364.0	2616.0	4363.0
C-53965-5632-1414	240	-7.332565117630708	-8.984371768630206	Low	Very Large	Medium E	0.20881437103068948	-1.3368890784009553	Intermediate	Low Density	10.76009774235929	1927.0	2616.0	1927.0
C-53965-5632-1415	240	-7.332565081910878	-8.984380341389075	Low	Very Large	Medium E	0.2088153788684034	-1.336889071888439	Intermediate	Low Density	10.108814257860779	1882.0	2616.0	1882.0
C-53965-5632-1416	240	-7.329971142640677	-9.60692576623731	Low	Very Large	Medium E	0.28200357270080895	-1.3364161392891731	Intermediate	Low Density	10.48237021578922	904.0	2616.0	904.0
C-53965-5632-1417	240	-7.332565023003927	-8.984394479057402	Low	Very Large	Medium E	0.20881704093249087	-1.3368890611483968	Spherical	Low Density	10.155199855849382	1661.0	2616.0	1661.0
C-53965-5632-1419	240	-7.334400903129166	-8.543783249000082	Very Low	Very Large	Medium E	0.15701754354156863	-1.3372237827702729	Spherical	Medium Density	10.785136274867206	4054.0	2616.0	4053.0
C-53965-5632-142	240	-7.333251480841401	-8.819644598063647	Very Low	Very Large	Medium E	0.18944858082860433	-1.3370142176210609	Intermediate	Low Density	10.133338373397125	2623.0	2616.0	2623.0
C-53965-5632-1420	240	-7.333271212521736	-8.81490899478339	Very Low	Very Large	Medium E	0.18889184996694333	-1.3370178151435532	Linear	Low Density	10.60430669201176	2796.0	2616.0	2796.0
C-53965-5632-1422	240	-7.322473156791642	-11.40644237000591	Medium	Very Large	Low E	0.4935598138109489	-1.33504909034644	Spherical	Low Density	10.16807741437115	74.0	2616.0	74.0
C-53965-5632-1423	240	-7.332768452058603	-8.935571505935282	Low	Very Large	Medium E	0.20307727467976608	-1.336926150772159	Intermediate	Low Density	10.324784770816292	2309.0	2616.0	2309.0
C-53965-5632-1425	240	-7.333875735528121	-8.669823473251077	Very Low	Very Large	Medium E	0.17183518735509457	-1.3371280330811934	Intermediate	Low Density	10.54438443967148	3440.0	2616.0	3440.0
C-53965-5632-1426	240	-7.332565131908018	-8.984368342075427	Low	Very Large	Medium E	0.2088139681953017	-1.3368890810040253	Intermediate	Low Density	10.419207288712933	1938.0	2616.0	1938.0
C-53965-5632-1427	240	-7.329972513268629	-9.60659681552898	Low	Very Large	Medium E	0.28196490032886495	-1.336416389185016	Intermediate	Low Density	10.177659828104277	911.0	2616.0	911.0
C-53965-5632-1428	240	-7.332766407569078	-8.93606218342118	Low	Very Large	Medium E	0.2031349601072219	-1.3369257780164219	Spherical	Low Density	10.304476984863541	2249.0	2616.0	2249.0
C-53965-5632-1429	240	-7.330714697892981	-9.428472505684583	Low	Very Large	Medium E	0.26102410469401005	-1.336551705885589	Linear	Low Density	10.199698811890915	1013.0	2616.0	1013.0
C-53965-5632-143	240	-7.334071268359522	-8.62289559371477	Very Low	Very Large	Medium E	0.16631821364272956	-1.3371636830485072	Spherical	Low Density	9.90666257491773	3655.0	2616.0	3654.0
C-53965-5632-1430	240	-7.334622794226522	-8.490529385634522	Very Low	Very Large	Medium E	0.15075686935016402	-1.3372642384334537	Linear	Low Density	10.687671850505996	4255.0	2616.0	4254.0
C-53965-5632-1431	240	-7.3340032229439425	-8.639226493453968	Very Low	Very Large	Medium E	0.16823812021959053	-1.3371512768616594	Spherical	Low Density	9.980659824748168	3554.0	2616.0	3554.0
C-53965-5632-1432	240	-7.333260153404405	-8.817563182942788	Very Low	Very Large	Medium E	0.1892038838037228	-1.3370157988214424	Linear	Low Density	10.304817335773432	2745.0	2616.0	2745.0
C-53965-5632-1433	240	-7.330863457661967	-9.392770161127864	Low	Very Large	Medium E	0.25682683649576526	-1.3365788280873385	Linear	Low Density	10.531624073017436	1030.0	2616.0	1030.0
C-53965-5632-1434	240	-7.333750480750547	-8.699884619868785	Very Low	Very Large	Medium E	0.17536926043260312	-1.3371051963601457	Linear	Low Density	10.632292105088322	3393.0	2616.0	3393.0
C-53965-5632-1435	240	-7.332565150892639	-8.984363785766295	Low	Very Large	Medium E	0.2088134325427764	-1.3368890844653423	Intermediate	Low Density	10.370154058367186	1948.0	2616.0	1948.0
C-53965-5632-1436	240	-7.332743459180053	-8.94156979678719	Low	Very Large	Medium E	0.2037824506492844	-1.336921594016667	Linear	Low Density	10.127127035357324	2118.0	2616.0	2118.0
C-53965-5632-1437	240	-7.332158642642215	-9.081925765868284	Low	Very Large	Medium E	0.2202830937519945	-1.3368149690048516	Intermediate	Low Density	10.356377841457896	1408.0	2616.0	1408.0
C-53965-5632-1438	240	-7.331951992445017	-9.13152181319582	Low	Very Large	Medium E	0.22611374478602708	-1.336777292095441	Intermediate	Low Density	10.002718429464968	1283.0	2616.0	1283.0
C-53965-5632-1439	240	-7.335024932725097	-8.394016145976616	Very Low	Very Large	Medium E	0.1394105010217842	-1.3373375571913677	Linear	Low Density	10.660832948848388	4572.0	2616.0	4571.0
C-53965-5632-144	240	-7.332564999354412	-8.98440015494106	Low	Very Large	Medium E	0.20881770820536227	-1.3368890568365663	Linear	Low Density	10.330642721698348	1597.0	2616.0	1597.0
C-53965-5632-1440	240	-7.330517639296806	-9.475766568766383	Low	Very Large	Medium E	0.2665841279755422	-1.3365157777375527	Spherical	Low Density	10.613972606646964	1004.0	2616.0	1004.0
C-53965-5632-1441	240	-7.327610620061677	-10.17345118519757	Low	Very Large	Medium E	0.348605896834719	-1.3359857637242025	Spherical	Low Density	10.247775840229325	484.0	2616.0	484.0
C-53965-5632-1442	240	-7.33195770002768	-9.130151993356815	Low	Very Large	Medium E	0.22595270490699793	-1.3367783327142158	Spherical	Low Density	10.134560027830714	1289.0	2616.0	1289.0
C-53965-5632-1445	240	-7.332565066394888	-8.984384065227085	Low	Very Large	Medium E	0.20881581665324922	-1.3368890690595303	Spherical	Low Density	10.42231245666428	1832.0	2616.0	1832.0
C-53965-5632-1446	240	-7.32892122783929	-9.85890531857044	Low	Very Large	Medium E	0.311626998690054	-1.336224716559377	Linear	Medium Density	10.941022208339735	762.0	2616.0	762.0
C-53965-5632-1447	240	-7.322473295340793	-11.4064091182097	Medium	Very Large	Low E	0.493555904636119	-1.3350491156070199	Linear	Low Density	10.28393333589289	123.0	2616.0	123.0
C-53965-5632-1448	240	-7.333271553369707	-8.8148271912703	Very Low	Very Large	Medium E	0.18888223291550782	-1.3370178772876902	Linear	Low Density	10.231806106377533	2805.0	2616.0	2805.0
C-53965-5632-145	240	-7.333372892045834	-8.790505908999592	Very Low	Very Large	Medium E	0.18602295445964387	-1.3370363535735683	Spherical	Low Density	10.23888712100784	3009.0	2616.0	3009.0
C-53965-5632-1450	240	-7.332565091507538	-8.984378038190732	Low	Very Large	Medium E	0.20881510809790146	-1.336889073638123	Spherical	Low Density	10.060450238601474	1897.0	2616.0	1897.0
C-53965-5632-1452	240	-7.33273867896142	-8.942717049259123	Low	Very Large	Medium E	0.20391732488163616	-1.3369207224769015	Intermediate	Low Density	10.571581987931182	2115.0	2616.0	2115.0
C-53965-5632-1453	240	-7.328895163551661	-9.865160747601246	Low	Very Large	Medium E	0.3123624045482336	-1.336219964462272	Linear	Low Density	10.178976895632623	685.0	2616.0	685.0
C-53965-5632-1454	240	-7.334384820250032	-8.54764313999236	Very Low	Very Large	Medium E	0.15747132319975757	-1.3372208505050809	Linear	Low Density	10.069583408614037	3975.0	2616.0	3974.0
C-53965-5632-1455	240	-7.309648481235069	-14.48436450358343	Very High	Very Large	Very Low E	0.8554090102261747	-1.3327108678539599	Linear	Low Density	10.73892469789014	6.0	2616.0	6.0
C-53965-5632-1456	240	-7.331220886687831	-9.306987194920568	Low	Very Large	Medium E	0.2467419493410153	-1.3366439953178118	Intermediate	Low Density	10.257407070263223	1048.0	2616.0	1048.0
C-53965-5632-1457	240	-7.333253892326037	-8.819065841751094	Very Low	Very Large	Medium E	0.18938054060615606	-1.3370146572881378	Linear	Low Density	10.441224316707977	2654.0	2616.0	2654.0
C-53965-5632-1458	240	-7.330717315815392	-9.427844204305782	Low	Very Large	Medium E	0.2609502398140272	-1.336552183190846	Spherical	Low Density	10.346103572634972	1016.0	2616.0	1016.0
C-53965-5632-1459	240	-7.328659951335675	-9.921611679438026	Low	Very Large	Medium E	0.3189989351151212	-1.3361770800640276	Intermediate	Low Density	10.251267835378364	574.0	2616.0	574.0
C-53965-5632-146	240	-7.335503321904493	-8.279202742921559	Very Low	Very Large	Medium E	0.12591271393354692	-1.3374247781377762	Spherical	Low Density	10.437375708804467	5004.0	2616.0	5003.0
C-53965-5632-1460	240	-7.334772740499647	-8.454542280084443	Very Low	Very Large	Medium E	0.14652612384739302	-1.3372915769611955	Spherical	Low Density	10.480328275553337	4438.0	2616.0	4437.0
C-53965-5632-1462	240	-7.333925499028543	-8.657880233149573	Very Low	Very Large	Medium E	0.17043110640513356	-1.3371371060698611	Spherical	Low Density	10.320371736719583	3489.0	2616.0	3489.0
C-53965-5632-1463	240	-7.335239585456348	-8.342499490476447	Very Low	Very Large	Medium E	0.13335405788067953	-1.337376693140037	Intermediate	Low Density	10.575353374766614	4875.0	2616.0	4874.0
C-53965-5632-1464	240	-7.323597560090939	-11.13658557817456	Medium	Very Large	Low E	0.46183468918674797	-1.3352540939797435	Intermediate	Low Density	10.57502234203123	245.0	2616.0	245.0
C-53965-5632-1466	240	-7.329405885196872	-9.742587552750846	Low	Very Large	Medium E	0.29795235447748913	-1.3363130803335437	Intermediate	Low Density	10.179158828389255	820.0	2616.0	820.0
C-53965-5632-1468	240	-7.331676188477878	-9.197714765309124	Low	Very Large	Medium E	0.23389557469956002	-1.3367270069216264	Intermediate	Low Density	10.589713309904603	1146.0	2616.0	1146.0
C-53965-5632-1469	240	-7.332564994188638	-8.98440139472703	Low	Very Large	Medium E	0.20881785395808203	-1.336889055894731	Intermediate	Low Density	10.181978977241178	1581.0	2616.0	1581.0
C-53965-5632-147	240	-7.332565034102216	-8.984391815468245	Low	Very Large	Medium E	0.2088167277934363	-1.3368890631718606	Spherical	Low Density	10.226170629184852	1705.0	2616.0	1705.0
C-53965-5632-1470	240	-7.335272677396946	-8.33455742473276	Very Low	Very Large	Medium E	0.13242036625935658	-1.3373827265339804	Spherical	Low Density	10.726258559053825	4893.0	2616.0	4892.0
C-53965-5632-1471	240	-7.334032668408159	-8.632159582041922	Very Low	Very Large	Medium E	0.16740731420678207	-1.3371566454221682	Spherical	Low Density	10.480753128085714	3603.0	2616.0	3603.0
C-53965-5632-1472	240	-7.329728692969183	-9.665113687396092	Low	Very Large	Medium E	0.28884430862540966	-1.3363719353424393	Spherical	Low Density	10.069245032249372	862.0	2616.0	862.0
C-53965-5632-1473	240	-7.331257071207784	-9.298302910131891	Low	Very Large	Medium E	0.24572100035795277	-1.3366505925574892	Linear	Low Density	10.550694691229554	1063.0	2616.0	1063.0
C-53965-5632-1474	240	-7.333372885908383	-8.79050738198821	Very Low	Very Large	Medium E	0.186023127628303	-1.337036352454575	Linear	Low Density	10.432198169444883	3003.0	2616.0	3003.0
C-53965-5632-1475	240	-7.335421161868491	-8.298921151562048	Very Low	Very Large	Medium E	0.1282308655993474	-1.3374097985429072	Intermediate	Low Density	10.226286185299067	4944.0	2616.0	4943.0
C-53965-5632-1476	240	-7.335849421510064	-8.19613883758453	Very Low	Very Large	Medium E	0.1161474872342181	-1.3374878797639196	Intermediate	Low Density	10.156754554156233	5072.0	2616.0	5071.0
C-53965-5632-1477	240	-7.328895155241684	-9.865162741995944	Low	Very Large	Medium E	0.3123626390148836	-1.336219962947179	Spherical	Low Density	10.384157298100016	669.0	2616.0	669.0
C-53965-5632-1478	240	-7.333627753884479	-8.729339067724968	Very Low	Very Large	Medium E	0.17883200829467177	-1.337082820533373	Intermediate	Low Density	10.462464935389237	3264.0	2616.0	3264.0
C-53965-5632-1479	240	-7.332781423232594	-8.93245842417718	Low	Very Large	Medium E	0.20271129201888188	-1.3369285157045618	Intermediate	Low Density	10.02125968148221	2319.0	2616.0	2319.0
C-53965-5632-148	240	-7.323481787249627	-11.16437106008939	Medium	Very Large	Low E	0.4651012287113252	-1.3352329860257544	Intermediate	Low Density	9.95547004977823	146.0	2616.0	146.0
C-53965-5632-1480	240	-7.33452720256634	-8.513471384078276	Very Low	Very Large	Medium E	0.15345399531396076	-1.337246809955911	Linear	Low Density	10.114918495960977	4217.0	2616.0	4216.0
C-53965-5632-1481	240	-7.339499251428359	-7.320179657193958	Very Low	Very Large	High E	0.013167258443133488	-1.338153324622235	Intermediate	Low Density	10.30903074401394	5222.0	2616.0	5221.0
C-53965-5632-1483	240	-7.335224447905511	-8.34613250267733	Very Low	Very Large	Medium E	0.13378116502906973	-1.337373933229138	Spherical	Low Density	10.510749177970556	4842.0	2616.0	4841.0
C-53965-5632-1484	240	-7.334365200059557	-8.552351985706157	Very Low	Very Large	Medium E	0.15802490836653718	-1.33721727330966	Linear	Low Density	10.515856260398236	3898.0	2616.0	3897.0
C-53965-5632-1485	240	-7.334412860495418	-8.540913481099654	Very Low	Very Large	Medium E	0.15668016554313927	-1.3372259628630634	Intermediate	Low Density	10.21313226995952	4094.0	2616.0	4093.0
C-53965-5632-1487	240	-7.328267671690469	-10.01575879428744	Low	Very Large	Medium E	0.3300671351457397	-1.3361055587935113	Intermediate	Low Density	10.235807767897132	530.0	2616.0	530.0
C-53965-5632-1488	240	-7.328895209329209	-9.865149760989668	Low	Very Large	Medium E	0.3123611129312352	-1.3362199728085333	Linear	Low Density	10.025607333683961	730.0	2616.0	730.0
C-53965-5632-1489	240	-7.328579910368329	-9.94082151160111	Low	Very Large	Medium E	0.3212572970976024	-1.3361624868223236	Linear	Low Density	10.185406169257018	558.0	2616.0	558.0
C-53965-5632-149	240	-7.33273298075955	-8.944084617707794	Low	Very Large	Medium E	0.20407810008087635	-1.3369196835684534	Spherical	Low Density	10.67313699442332	2110.0	2616.0	2110.0
C-53965-5632-1490	240	-7.335050166110134	-8.387960133567631	Very Low	Very Large	Medium E	0.13869853914342226	-1.3373421577965212	Intermediate	Low Density	10.099363477110563	4609.0	2616.0	4608.0
C-53965-5632-1491	240	-7.335019166006691	-8.39540015839415	Very Low	Very Large	Medium E	0.13957320942028723	-1.337336505790837	Linear	Low Density	10.554614301205158	4568.0	2616.0	4567.0
C-53965-5632-1492	240	-7.320076540404811	-11.98163030284541	Medium	Very Large	Low E	0.5611805274785164	-1.3346121340806214	Linear	Low Density	10.413993361453773	32.0	2616.0	32.0
C-53965-5632-1493	240	-7.33276637281107	-8.936070525342878	Low	Very Large	Medium E	0.2031359408070625	-1.3369257716792669	Spherical	Low Density	10.272653261444074	2197.0	2616.0	2197.0
C-53965-5632-1494	240	-7.332565050759294	-8.984387817769406	Low	Very Large	Medium E	0.20881625781270258	-1.336889066208815	Intermediate	Low Density	9.902732954625385	1775.0	2616.0	1775.0
C-53965-5632-1495	240	-7.337913136319703	-7.700847283270958	Very Low	Very Large	Medium E	0.05791961689128861	-1.3378641406965786	Intermediate	Low Density	9.68020656920341	5214.0	2616.0	5213.0
C-53965-5632-1497	240	-7.32997854573443	-9.605149023736946	Low	Very Large	Medium E	0.2817946938474032	-1.3364174890371845	Linear	Low Density	10.194865679184606	915.0	2616.0	915.0
C-53965-5632-1498	240	-7.334664822498449	-8.480442600372292	Very Low	Very Large	Medium E	0.14957103846061823	-1.3372719011185878	Spherical	Low Density	10.368827055257787	4335.0	2616.0	4334.0
C-53965-5632-1499	240	-7.324215130545836	-10.98836866899939	Medium	Very Large	Low E	0.44440989182260493	-1.3353666907563215	Intermediate	Low Density	10.210527070633932	300.0	2616.0	300.0
C-53965-5632-150	240	-7.330105120224905	-9.574771146022693	Low	Very Large	Medium E	0.27822338496998333	-1.3364405663711332	Linear	Low Density	10.134395687949143	960.0	2616.0	960.0
C-53965-5632-1500	240	-7.333251493321397	-8.81964160286464	Very Low	Very Large	Medium E	0.1894482287045762	-1.3370142198964405	Intermediate	Low Density	10.399710144892715	2627.0	2616.0	2627.0
C-53965-5632-152	240	-7.322806689450738	-11.32639453182296	Medium	Very Large	Low E	0.4841491644623805	-1.3351099007398128	Intermediate	Low Density	9.943856260326566	135.0	2616.0	135.0
C-53965-5632-153	240	-7.329800836941883	-9.647799133948208	Low	Very Large	Medium E	0.28680876094761626	-1.3363850887870563	Spherical	Low Density	10.277080602717234	877.0	2616.0	877.0
C-53965-5632-156	240	-7.32359748883265	-11.1366026801639	Medium	Very Large	Low E	0.46183669974479413	-1.3352540809877786	Spherical	Low Density	10.218518060495656	229.0	2616.0	229.0
C-53965-5632-157	240	-7.330054834703925	-9.5868396710579	Low	Very Large	Medium E	0.2796421947697084	-1.336431398206552	Linear	Low Density	10.182062833776484	952.0	2616.0	952.0
C-53965-5632-16	240	-7.328895092623825	-9.8651777702818	Low	Very Large	Medium E	0.3123644057825233	-1.336219951530556	Spherical	Low Density	10.235111871034357	618.0	2616.0	618.0
C-53965-5632-160	240	-7.332974330886866	-8.886160587152279	Very Low	Very Large	Medium E	0.1972683878789119	-1.3369636870439225	Spherical	Low Density	10.144829990729235	2403.0	2616.0	2403.0
C-53965-5632-161	240	-7.334444840580568	-8.533238260663692	Very Low	Very Large	Medium E	0.15577784500787856	-1.3372317935411244	Spherical	Low Density	10.466969228997797	4188.0	2616.0	4187.0
C-53965-5632-162	240	-7.333049089418352	-8.868218539595448	Very Low	Very Large	Medium E	0.19515907022606907	-1.3369773171805333	Linear	Low Density	10.453531153045654	2456.0	2616.0	2456.0
C-53965-5632-163	240	-7.334054022348464	-8.627034636368515	Very Low	Very Large	Medium E	0.16680481115666296	-1.3371605387185954	Intermediate	Low Density	10.57836181175731	3634.0	2616.0	3633.0
C-53965-5632-165	240	-7.333321908154015	-8.802742043036549	Very Low	Very Large	Medium E	0.18746146884572787	-1.3370270580805104	Linear	Low Density	10.23120359091097	2932.0	2616.0	2932.0
C-53965-5632-166	240	-7.3306253506411	-9.449915846135962	Low	Very Large	Medium E	0.26354504420258495	-1.336535415902028	Spherical	Low Density	10.15771188132792	1009.0	2616.0	1009.0
C-53965-5632-167	240	-7.334395354638388	-8.545114886786827	Very Low	Very Large	Medium E	0.1571740946309477	-1.3372227711574738	Linear	Low Density	10.227220497124756	4023.0	2616.0	4022.0
C-53965-5632-168	240	-7.332565117939834	-8.984371694439927	Low	Very Large	Medium E	0.20881436230867423	-1.336889078457316	Intermediate	Low Density	9.968786775789082	1928.0	2616.0	1928.0
C-53965-5632-169	240	-7.332565054691912	-8.984386873941006	Low	Very Large	Medium E	0.20881614685359257	-1.3368890669258184	Intermediate	Low Density	10.329199299377752	1788.0	2616.0	1788.0
C-53965-5632-17	240	-7.3256967036368765	-10.63279112714971	Medium	Very Large	Low E	0.40260719435408115	-1.3356368143559747	Linear	Low Density	10.181454343827252	338.0	2616.0	338.0
C-53965-5632-170	240	-7.334535515289656	-8.511476330482493	Very Low	Very Large	Medium E	0.15321945119324457	-1.3372483255495449	Intermediate	Low Density	10.57639145939781	4220.0	2616.0	4219.0
C-53965-5632-171	240	-7.334423177118216	-8.538437491627896	Very Low	Very Large	Medium E	0.15638908124610237	-1.3372278438119705	Spherical	Low Density	10.41470024740128	4121.0	2616.0	4120.0
C-53965-5632-173	240	-7.334443121069358	-8.533650943353818	Very Low	Very Large	Medium E	0.15582636114746987	-1.3372314800361342	Intermediate	Low Density	10.175670677285039	4182.0	2616.0	4181.0
C-53965-5632-175	240	-7.33374580757687	-8.70100618155119	Very Low	Very Large	Medium E	0.17550111438340307	-1.3371043443370474	Spherical	Low Density	10.142651691277514	3385.0	2616.0	3385.0
C-53965-5632-176	240	-7.332565074750864	-8.984382059792482	Low	Very Large	Medium E	0.2088155808887407	-1.3368890705830099	Linear	Low Density	10.393697405867917	1858.0	2616.0	1858.0
C-53965-5632-177	240	-7.333252684775919	-8.819355653779267	Very Low	Very Large	Medium E	0.1894146117245859	-1.3370144371249975	Intermediate	Low Density	10.34389108449847	2637.0	2616.0	2637.0
C-53965-5632-178	240	-7.333259781669864	-8.817652399232761	Very Low	Very Large	Medium E	0.1892143723220733	-1.3370157310459996	Intermediate	Low Density	10.67664899946619	2736.0	2616.0	2736.0
C-53965-5632-179	240	-7.333321830712293	-8.802760629049462	Very Low	Very Large	Medium E	0.1874636538697905	-1.3370270439611687	Linear	Low Density	10.407909622788287	2898.0	2616.0	2898.0
C-53965-5632-180	240	-7.333686203432042	-8.715311176309791	Very Low	Very Large	Medium E	0.17718284986386781	-1.3370934771808791	Intermediate	Low Density	10.133812065400301	3367.0	2616.0	3367.0
C-53965-5632-182	240	-7.335190997591815	-8.354160577964304	Very Low	Very Large	Medium E	0.13472496817459817	-1.337367834495839	Intermediate	Low Density	10.201694910866113	4790.0	2616.0	4789.0
C-53965-5632-183	240	-7.33459683663335	-8.496759207996167	Very Low	Very Large	Medium E	0.15148926481615302	-1.337259505789112	Intermediate	Low Density	10.217882317251014	4244.0	2616.0	4243.0
C-53965-5632-184	240	-7.333439403376488	-8.774543189642735	Very Low	Very Large	Medium E	0.18414633220566262	-1.3370484800627456	Spherical	Low Density	10.31690660352683	3109.0	2616.0	3109.0
C-53965-5632-185	240	-7.334758124574853	-8.458050102035067	Very Low	Very Large	Medium E	0.1469385132772798	-1.3372889121542808	Intermediate	Low Density	10.326386237582462	4373.0	2616.0	4372.0
C-53965-5632-186	240	-7.333952961789665	-8.651289170480476	Very Low	Very Large	Medium E	0.16965624251095285	-1.337142113139668	Linear	Low Density	10.47680850052195	3513.0	2616.0	3513.0
C-53965-5632-187	240	-7.334363879422195	-8.55266893867314	Very Low	Very Large	Medium E	0.15806217025017208	-1.3372170325282093	Linear	Low Density	10.174960874149047	3893.0	2616.0	3892.0
C-53965-5632-188	240	-7.333372891804961	-8.79050596680911	Very Low	Very Large	Medium E	0.18602296125589668	-1.3370363535296519	Intermediate	Low Density	10.235245802263522	3008.0	2616.0	3008.0
C-53965-5632-189	240	-7.333643845494566	-8.725477081303902	Very Low	Very Large	Medium E	0.17837798229195898	-1.3370857543904113	Linear	Low Density	10.219763450686022	3294.0	2616.0	3294.0
C-53965-5632-19	240	-7.335425170109058	-8.297959173825943	Very Low	Very Large	Medium E	0.12811777278683814	-1.3374105293339675	Linear	Low Density	10.446190459138451	4945.0	2616.0	4944.0
C-53965-5632-190	240	-7.332565007008636	-8.984398317927386	Low	Very Large	Medium E	0.20881749224085205	-1.336889058232101	Intermediate	Medium Density	10.82972447712351	1616.0	2616.0	1616.0
C-53965-5632-191	240	-7.332766375191611	-8.936069954013432	Low	Very Large	Medium E	0.20313587363993937	-1.336925772113292	Intermediate	Low Density	10.089766791428314	2200.0	2616.0	2200.0
C-53965-5632-192	240	-7.334640772876471	-8.486214509646679	Very Low	Very Large	Medium E	0.15024960037421667	-1.3372675163396672	Linear	Low Density	10.43547164508442	4276.0	2616.0	4275.0
C-53965-5632-193	240	-7.335224120133493	-8.346211167961568	Very Low	Very Large	Medium E	0.13379041314150328	-1.337373873469037	Spherical	Low Density	10.523310094310276	4812.0	2616.0	4811.0
C-53965-5632-194	240	-7.324610517462746	-10.89347580894077	Medium	Very Large	Low E	0.43325401988448636	-1.3354387785513129	Intermediate	Low Density	10.176114825165664	315.0	2616.0	315.0
C-53965-5632-195	240	-7.333260124834192	-8.817570039794052	Very Low	Very Large	Medium E	0.18920468991445208	-1.3370157936124596	Linear	Low Density	10.4158105461328	2744.0	2616.0	2744.0
C-53965-5632-196	240	-7.333475612704704	-8.765852950871079	Very Low	Very Large	Medium E	0.18312468325557235	-1.3370550818255191	Spherical	Low Density	10.097666197112147	3125.0	2616.0	3125.0
C-53965-5632-198	240	-7.33359007744873	-8.738381412304756	Very Low	Very Large	Medium E	0.17989505179541673	-1.3370759512843915	Intermediate	Low Density	10.19263959211298	3217.0	2616.0	3217.0
C-53965-5632-199	240	-7.332565057921744	-8.984386098781197	Low	Very Large	Medium E	0.20881605572365072	-1.3368890675146883	Intermediate	Low Density	10.17825313010349	1798.0	2616.0	1798.0
C-53965-5632-2	240	-7.326842942668595	-10.35769375953717	Low	Very Large	Low E	0.3702659728785458	-1.3358457991270825	Intermediate	Low Density	10.640692867018194	413.0	2616.0	413.0
C-53965-5632-20	240	-7.333291200277554	-8.810111933387024	Very Low	Very Large	Medium E	0.18832789391606097	-1.3370214593542797	Linear	Low Density	10.06547926846963	2871.0	2616.0	2871.0
C-53965-5632-200	240	-7.33407124997405	-8.622900006227749	Very Low	Very Large	Medium E	0.16631873239021533	-1.3371636796964284	Spherical	Low Density	10.270224435591727	3649.0	2616.0	3648.0
C-53965-5632-201	240	-7.332766399511682	-8.93606411719627	Low	Very Large	Medium E	0.20313518744727788	-1.3369257765473799	Intermediate	Low Density	10.410674425423753	2235.0	2616.0	2235.0
C-53965-5632-202	240	-7.332699835797142	-8.952039408685893	Low	Very Large	Medium E	0.20501328771660335	-1.3369136405074595	Spherical	Low Density	10.296189491706881	2101.0	2616.0	2101.0
C-53965-5632-203	240	-7.334032144851404	-8.632285235663016	Very Low	Very Large	Medium E	0.16742208640043482	-1.3371565499661722	Spherical	Low Density	10.738359553207898	3581.0	2616.0	3581.0
C-53965-5632-204	240	-7.336613945908948	-8.012652981852503	Very Low	Very Large	Medium E	0.09457637316151933	-1.337627269500341	Intermediate	Low Density	10.237935384431172	5158.0	2616.0	5157.0
C-53965-5632-205	240	-7.332565046972975	-8.984388726486069	Low	Very Large	Medium E	0.20881636464400102	-1.3368890655184853	Linear	Low Density	10.561886033678594	1763.0	2616.0	1763.0
C-53965-5632-206	240	-7.330904528525339	-9.382913153918498	Low	Very Large	Medium E	0.2556680189614077	-1.3365863162156812	Linear	Low Density	10.637559969738174	1031.0	2616.0	1031.0
C-53965-5632-207	240	-7.335109490021541	-8.373722394830152	Very Low	Very Large	Medium E	0.13702471047025874	-1.337352973859928	Intermediate	Low Density	10.67771431198764	4654.0	2616.0	4653.0
C-53965-5632-208	240	-7.33511394314992	-8.37265364401915	Very Low	Very Large	Medium E	0.13689906511429298	-1.3373537857638933	Intermediate	Low Density	10.086472902005735	4693.0	2616.0	4692.0
C-53965-5632-209	240	-7.334036395418379	-8.631265099588942	Very Low	Very Large	Medium E	0.16730215632989465	-1.3371573249387054	Linear	Low Density	10.469711212962377	3612.0	2616.0	3612.0
C-53965-5632-21	240	-7.334335055211133	-8.55958674932802	Very Low	Very Large	Medium E	0.15887544755798644	-1.3372117772359147	Intermediate	Low Density	9.998015422181943	3846.0	2616.0	3845.0
C-53965-5632-211	240	-7.333530930885236	-8.752576587543178	Very Low	Very Large	Medium E	0.18156387658374207	-1.3370651675554381	Linear	Low Density	10.448411268445959	3170.0	2616.0	3170.0
C-53965-5632-212	240	-7.335128854443896	-8.369074933464859	Very Low	Very Large	Medium E	0.1364783418204294	-1.337356504423154	Spherical	Low Density	10.721838340697946	4720.0	2616.0	4719.0
C-53965-5632-213	240	-7.335312421268749	-8.32501889550022	Very Low	Very Large	Medium E	0.13129898989309108	-1.3373899727223597	Linear	Low Density	10.582179552883192	4912.0	2616.0	4911.0
C-53965-5632-214	240	-7.333372834891392	-8.790519626065743	Very Low	Very Large	Medium E	0.1860245670765746	-1.3370363431530472	Spherical	Low Density	10.0604440333869	2982.0	2616.0	2982.0
C-53965-5632-215	240	-7.333936741400411	-8.655182063901355	Very Low	Very Large	Medium E	0.17011390202765572	-1.3371391558033343	Spherical	Low Density	10.362716230336185	3499.0	2616.0	3499.0
C-53965-5632-216	240	-7.334344724313399	-8.55726616478419	Very Low	Very Large	Medium E	0.158602633102001	-1.3372135401274825	Intermediate	Low Density	10.451251768936288	3857.0	2616.0	3856.0
C-53965-5632-217	240	-7.335107794355597	-8.374129354656642	Very Low	Very Large	Medium E	0.1370725538138501	-1.3373526647024578	Spherical	Low Density	10.29251799733255	4646.0	2616.0	4645.0
C-53965-5632-218	240	-7.333648561569631	-8.724345223288614	Very Low	Very Large	Medium E	0.1782449178752519	-1.337086614235383	Intermediate	Low Density	10.217639360399447	3300.0	2616.0	3300.0
C-53965-5632-219	240	-7.332565019419968	-8.984395339207598	Low	Very Large	Medium E	0.20881714205418914	-1.3368890604949615	Intermediate	Low Density	10.085474613686214	1650.0	2616.0	1650.0
C-53965-5632-220	240	-7.33443647511715	-8.53524597188386	Very Low	Very Large	Medium E	0.15601387719458645	-1.3372302683318016	Intermediate	Low Density	10.01579587319804	4154.0	2616.0	4153.0
C-53965-5632-221	240	-7.333348367834168	-8.796391719799386	Very Low	Very Large	Medium E	0.18671490695737905	-1.3370318822664327	Linear	Low Density	10.408527887085137	2971.0	2616.0	2971.0
C-53965-5632-222	240	-7.332671002641281	-8.95895936609241	Low	Very Large	Medium E	0.20582681740256784	-1.33690838358433	Intermediate	Low Density	10.63128752114144	2069.0	2616.0	2069.0
C-53965-5632-223	240	-7.334973752156919	-8.406299482339444	Very Low	Very Large	Medium E	0.14085456464629187	-1.3373282258398522	Intermediate	Low Density	10.420661481210917	4544.0	2616.0	4543.0
C-53965-5632-224	240	-7.334032581068857	-8.632180543474396	Very Low	Very Large	Medium E	0.16740977849183236	-1.3371566294982784	Intermediate	Low Density	10.270437597900859	3593.0	2616.0	3593.0
C-53965-5632-225	240	-7.335599701424351	-8.256071658155763	Very Low	Very Large	Medium E	0.12319335844907893	-1.3374423502595931	Linear	Low Density	10.546659456393648	5032.0	2616.0	5031.0
C-53965-5632-226	240	-7.335206570807957	-8.350423006090406	Very Low	Very Large	Medium E	0.13428556869649375	-1.3373706738381756	Intermediate	Low Density	10.54512838185182	4802.0	2616.0	4801.0
C-53965-5632-227	240	-7.332565053470121	-8.98438716717081	Low	Very Large	Medium E	0.20881618132650923	-1.336889066703059	Linear	Low Density	10.25211925467018	1783.0	2616.0	1783.0
C-53965-5632-229	240	-7.334998809076398	-8.400285821664514	Very Low	Very Large	Medium E	0.14014758175709	-1.3373327942714244	Linear	Low Density	10.338778553392542	4549.0	2616.0	4548.0
C-53965-5632-23	240	-7.333656305008237	-8.722486798022995	Very Low	Very Large	Medium E	0.17802643616593555	-1.3370880260358016	Linear	Low Density	10.320672508201548	3324.0	2616.0	3324.0
C-53965-5632-231	240	-7.330726772092776	-9.425574697733838	Low	Very Large	Medium E	0.26068343022830687	-1.3365539072797226	Linear	Low Density	10.49930659499923	1019.0	2616.0	1019.0
C-53965-5632-233	240	-7.334032599936139	-8.632176015326614	Very Low	Very Large	Medium E	0.16740924615003663	-1.3371566329382019	Linear	Low Density	10.379410834580957	3596.0	2616.0	3596.0
C-53965-5632-234	240	-7.324527794163606	-10.9133294007344	Medium	Very Large	Low E	0.4355880640625835	-1.3354236962610944	Spherical	Low Density	10.537507960863328	309.0	2616.0	309.0
C-53965-5632-235	240	-7.334067754492636	-8.623738921767425	Very Low	Very Large	Medium E	0.1664173576642315	-1.3371630423927219	Linear	Low Density	10.133851592616159	3644.0	2616.0	3643.0
C-53965-5632-238	240	-7.332565144212347	-8.984365389036782	Low	Very Large	Medium E	0.20881362102771983	-1.3368890832473772	Intermediate	Low Density	10.102913009930091	1945.0	2616.0	1945.0
C-53965-5632-239	240	-7.335109498129296	-8.37372044896901	Very Low	Very Large	Medium E	0.1370244817093246	-1.3373529753381515	Linear	Low Density	10.755190900086374	4657.0	2616.0	4656.0
C-53965-5632-24	240	-7.334640841076453	-8.486198141651057	Very Low	Very Large	Medium E	0.15024767610652098	-1.337267528774035	Spherical	Low Density	10.538729003772138	4287.0	2616.0	4286.0
C-53965-5632-240	240	-7.332565129784295	-8.984368851769155	Low	Very Large	Medium E	0.20881402811629446	-1.3368890806168237	Intermediate	Low Density	10.671582495713919	1936.0	2616.0	1936.0
C-53965-5632-241	240	-7.332766496471489	-8.936040846842625	Low	Very Large	Medium E	0.20313245171893923	-1.336925794225301	Linear	Low Density	10.474454326638352	2307.0	2616.0	2307.0
C-53965-5632-243	240	-7.332447385688818	-9.012627434683724	Low	Very Large	Medium E	0.21213618672709914	-1.3368676132595259	Intermediate	Low Density	10.346530708848361	1502.0	2616.0	1502.0
C-53965-5632-244	240	-7.333475733576797	-8.765823941568684	Very Low	Very Large	Medium E	0.18312127284027974	-1.3370551038631797	Intermediate	Low Density	10.660470579714485	3145.0	2616.0	3145.0
C-53965-5632-245	240	-7.331891693568647	-9.145993543524767	Low	Very Large	Medium E	0.2278150821698129	-1.3367662982743205	Intermediate	Low Density	10.536958963441247	1251.0	2616.0	1251.0
C-53965-5632-246	240	-7.333652433129787	-8.72341604885111	Very Low	Very Large	Medium E	0.17813568151093612	-1.3370873201065763	Linear	Low Density	10.555983013420034	3313.0	2616.0	3313.0
C-53965-5632-247	240	-7.334695943270456	-8.472973615090535	Very Low	Very Large	Medium E	0.14869296351103975	-1.3372775751248245	Spherical	Low Density	10.282100681701468	4340.0	2616.0	4339.0
C-53965-5632-248	240	-7.3286611693645245	-9.921319352514098	Low	Very Large	Medium E	0.3189645683384804	-1.3361773021376728	Intermediate	Low Density	10.312568695267373	575.0	2616.0	575.0
C-53965-5632-250	240	-7.328806234401068	-9.886503743743797	Low	Very Large	Medium E	0.3148715472971675	-1.3362037507078393	Intermediate	Low Density	10.490871689018434	597.0	2616.0	597.0
C-53965-5632-251	240	-7.329971127070468	-9.606929503087532	Low	Very Large	Medium E	0.2820040120154187	-1.3364161364503793	Spherical	Low Density	10.288810991477314	903.0	2616.0	903.0
C-53965-5632-252	240	-7.329047937426475	-9.828495017645986	Low	Very Large	Medium E	0.30805187804868966	-1.336247818524449	Intermediate	Low Density	10.450886045050828	803.0	2616.0	803.0
C-53965-5632-253	240	-7.335245293678784	-8.34112951709178	Very Low	Very Large	Medium E	0.13319299995041556	-1.3373777338754564	Spherical	Low Density	10.388678321851973	4879.0	2616.0	4878.0
C-53965-5632-255	240	-7.334086737671715	-8.619182958788398	Very Low	Very Large	Medium E	0.16588174582243773	-1.337166503446852	Intermediate	Low Density	9.969002167670485	3760.0	2616.0	3759.0
C-53965-5632-256	240	-7.333372941912071	-8.790493941103117	Very Low	Very Large	Medium E	0.1860215474799884	-1.3370363626652881	Spherical	Low Density	10.038426005941366	3056.0	2616.0	3056.0
C-53965-5632-257	240	-7.333652396399509	-8.723424864117879	Very Low	Very Large	Medium E	0.17813671785853455	-1.3370873134098327	Linear	Low Density	10.625059190454051	3312.0	2616.0	3312.0
C-53965-5632-258	240	-7.335503260684729	-8.279217435664957	Very Low	Very Large	Medium E	0.12591444125385565	-1.3374247669760566	Spherical	Low Density	10.146804694898936	4976.0	2616.0	4975.0
C-53965-5632-259	240	-7.328895143117204	-9.865165651870992	Low	Very Large	Medium E	0.3123629811080116	-1.3362199607366176	Spherical	Low Density	10.150739172678431	655.0	2616.0	655.0
C-53965-5632-26	240	-7.32797210116732	-10.08669571984309	Low	Very Large	Medium E	0.3384066799407509	-1.3360516697385958	Linear	Low Density	10.589589313485012	509.0	2616.0	509.0
C-53965-5632-260	240	-7.3355032978299075	-8.279208520822111	Very Low	Very Large	Medium E	0.12591339319981892	-1.3374247737484457	Linear	Low Density	10.149154984481608	4998.0	2616.0	4997.0
C-53965-5632-261	240	-7.333243566720771	-8.821543987014845	Very Low	Very Large	Medium E	0.18967187834421376	-1.3370127747015277	Linear	Low Density	9.99713996969019	2571.0	2616.0	2571.0
C-53965-5632-263	240	-7.329888450294592	-9.626771929297774	Low	Very Large	Medium E	0.2843367435360731	-1.3364010626423826	Spherical	Low Density	10.583584272271615	880.0	2616.0	880.0
C-53965-5632-264	240	-7.334396993457845	-8.544721570117126	Very Low	Very Large	Medium E	0.15712785521530095	-1.3372230699505698	Linear	Low Density	10.535951255740011	4034.0	2616.0	4033.0
C-53965-5632-267	240	-7.333180009387386	-8.836797747027312	Very Low	Very Large	Medium E	0.19146515334056108	-1.3370011867915002	Intermediate	Low Density	10.106654339644928	2539.0	2616.0	2539.0
C-53965-5632-268	240	-7.335352165078758	-8.315480381098117	Very Low	Very Large	Medium E	0.13017761527032645	-1.3373972188994727	Linear	Low Density	10.267973691786045	4929.0	2616.0	4928.0
C-53965-5632-269	240	-7.334038277997264	-8.630813280656625	Very Low	Very Large	Medium E	0.16724903922345077	-1.3371576681745458	Intermediate	Low Density	10.20684242085016	3625.0	2616.0	3625.0
C-53965-5632-27	240	-7.333027473705388	-8.873406310706692	Very Low	Very Large	Medium E	0.19576895921166562	-1.3369733761571507	Intermediate	Low Density	10.252819716559873	2445.0	2616.0	2445.0
C-53965-5632-270	240	-7.332565049037568	-8.984388230983514	Low	Very Large	Medium E	0.20881630639135412	-1.3368890658949062	Spherical	Low Density	10.241858047753094	1769.0	2616.0	1769.0
C-53965-5632-271	240	-7.334622721994436	-8.490546721335237	Very Low	Very Large	Medium E	0.15075890738396783	-1.337264225263944	Intermediate	Low Density	10.63138746432045	4249.0	2616.0	4248.0
C-53965-5632-272	240	-7.33475803899841	-8.458070640381822	Very Low	Very Large	Medium E	0.14694092782314894	-1.3372888965517993	Spherical	Low Density	10.100347401507465	4355.0	2616.0	4354.0
C-53965-5632-273	240	-7.331913139007324	-9.140846638242198	Low	Very Large	Medium E	0.22720999748615517	-1.336770208252928	Intermediate	Low Density	10.074426896702864	1265.0	2616.0	1265.0
C-53965-5632-274	240	-7.336519214683671	-8.035388475919126	Very Low	Very Large	Medium E	0.0972492218890269	-1.337609997899145	Linear	Low Density	10.379184159794224	5120.0	2616.0	5119.0
C-53965-5632-276	240	-7.333906176026757	-8.66251775357819	Very Low	Very Large	Medium E	0.17097630637042707	-1.3371335830585227	Linear	Low Density	10.337626180885778	3465.0	2616.0	3465.0
C-53965-5632-28	240	-7.328922964921255	-9.858488418898764	Low	Very Large	Medium E	0.31157798679025916	-1.3362250332679053	Intermediate	Low Density	10.679792689145309	782.0	2616.0	782.0
C-53965-5632-280	240	-7.334784444447313	-8.45173333264485	Very Low	Very Large	Medium E	0.1461958960736613	-1.337293710850163	Spherical	Low Density	10.21492741206977	4466.0	2616.0	4465.0
C-53965-5632-281	240	-7.33513804328261	-8.366869612173552	Very Low	Very Large	Medium E	0.13621907803711142	-1.3373581797520357	Spherical	Low Density	10.202377420023836	4734.0	2616.0	4733.0
C-53965-5632-282	240	-7.333420632002418	-8.779048319419648	Very Low	Very Large	Medium E	0.18467596795301275	-1.3370450576253614	Linear	Low Density	10.341794334030562	3103.0	2616.0	3103.0
C-53965-5632-283	240	-7.332132860275832	-9.088113533800088	Low	Very Large	Medium E	0.22101054518076235	-1.3368102683082361	Linear	Low Density	10.084001091618301	1388.0	2616.0	1388.0
C-53965-5632-284	240	-7.332337644719329	-9.038965267360984	Low	Very Large	Medium E	0.21523253652932964	-1.3368476050494098	Linear	Low Density	10.402732485644602	1474.0	2616.0	1474.0
C-53965-5632-286	240	-7.328806276092636	-9.88649373776726	Low	Very Large	Medium E	0.314870370966393	-1.3362037583091357	Spherical	Low Density	10.203993545033951	599.0	2616.0	599.0
C-53965-5632-287	240	-7.328895154849601	-9.865162836095916	Low	Very Large	Medium E	0.31236265007752995	-1.3362199628756937	Spherical	Low Density	10.559630540200706	668.0	2616.0	668.0
C-53965-5632-288	240	-7.334402253947124	-8.543459052689876	Very Low	Very Large	Medium E	0.15697943011012735	-1.3372240290543147	Spherical	Low Density	10.333192054831187	4059.0	2616.0	4058.0
C-53965-5632-289	240	-7.328895143570489	-9.865165543082645	Low	Very Large	Medium E	0.3123629683185293	-1.3362199608192615	Intermediate	Low Density	10.366846881457553	656.0	2616.0	656.0
C-53965-5632-29	240	-7.335503288721738	-8.279210706782827	Very Low	Very Large	Medium E	0.12591365018750944	-1.3374247720878245	Intermediate	Low Density	10.27812871620552	4992.0	2616.0	4991.0
C-53965-5632-290	240	-7.32857991028371	-9.940821531909462	Low	Very Large	Medium E	0.32125729948512083	-1.336162486806896	Intermediate	Low Density	10.410730827251202	557.0	2616.0	557.0
C-53965-5632-291	240	-7.335109513877398	-8.373716669424516	Very Low	Very Large	Medium E	0.1370240373754431	-1.3373529782093792	Linear	Low Density	10.357254604478053	4663.0	2616.0	4662.0
C-53965-5632-292	240	-7.332565070473233	-8.984383086423923	Low	Very Large	Medium E	0.20881570158241614	-1.336889069803103	Intermediate	Low Density	10.147595223767668	1841.0	2616.0	1841.0
C-53965-5632-293	240	-7.334382686457002	-8.54815525031958	Very Low	Very Large	Medium E	0.15753152833242642	-1.337220461467336	Linear	Low Density	10.425935088274608	3965.0	2616.0	3964.0
C-53965-5632-294	240	-7.333617321231062	-8.731842904545172	Very Low	Very Large	Medium E	0.1791263664044723	-1.3370809184295132	Linear	Low Density	10.697755996911113	3253.0	2616.0	3253.0
C-53965-5632-295	240	-7.33527783792529	-8.333318897930463	Very Low	Very Large	Medium E	0.13227476155958307	-1.337383667412632	Spherical	Low Density	9.95326443467612	4898.0	2616.0	4897.0
C-53965-5632-296	240	-7.333944930244752	-8.653216741259572	Very Low	Very Large	Medium E	0.16988285316163243	-1.3371406488110866	Spherical	Low Density	10.029827404247847	3507.0	2616.0	3507.0
C-53965-5632-297	240	-7.323898693457666	-11.06431357015996	Medium	Very Large	Low E	0.45333818833701844	-1.3353089972642913	Intermediate	Low Density	10.623338210990761	292.0	2616.0	292.0
C-53965-5632-299	240	-7.3336136190907295	-8.732731418224756	Very Low	Very Large	Medium E	0.17923082257556747	-1.3370802434473072	Intermediate	Low Density	10.176928453941006	3250.0	2616.0	3250.0
C-53965-5632-3	240	-7.331960077287798	-9.129581450928578	Low	Very Large	Medium E	0.22588563033193781	-1.3367787661414048	Intermediate	Low Density	10.44095062662183	1291.0	2616.0	1291.0
C-53965-5632-30	240	-7.334622821223137	-8.490522906447067	Very Low	Very Large	Medium E	0.15075610763862599	-1.3372642433555346	Spherical	Low Density	10.269732959384825	4258.0	2616.0	4257.0
C-53965-5632-300	240	-7.334640976380684	-8.486165668635637	Very Low	Very Large	Medium E	0.15024385848735256	-1.337267553442994	Spherical	Low Density	10.262983766919136	4320.0	2616.0	4319.0
C-53965-5632-301	240	-7.333321950925864	-8.802731777792594	Very Low	Very Large	Medium E	0.18746026203474975	-1.3370270658787662	Spherical	Low Density	10.380310271013848	2953.0	2616.0	2953.0
C-53965-5632-302	240	-7.328895147217481	-9.865164667804429	Low	Very Large	Medium E	0.3123628654183714	-1.336219961484189	Spherical	Low Density	10.505113317214608	659.0	2616.0	659.0
C-53965-5632-303	240	-7.3352242189503185	-8.346187451923463	Very Low	Very Large	Medium E	0.1337876250172453	-1.3373738914855335	Linear	Low Density	10.483723569825152	4821.0	2616.0	4820.0
C-53965-5632-304	240	-7.323597341384133	-11.13663806780811	Medium	Very Large	Low E	0.46184086001592906	-1.335254054104647	Intermediate	Low Density	10.535648100437964	159.0	2616.0	159.0
C-53965-5632-307	240	-7.331570163940618	-9.223160654251702	Low	Very Large	Medium E	0.23688706508374688	-1.3367076762994454	Intermediate	Low Density	10.516173690320205	1135.0	2616.0	1135.0
C-53965-5632-308	240	-7.329949444592439	-9.612133297814536	Low	Very Large	Medium E	0.28261578478241656	-1.336412183254246	Linear	Low Density	10.342905708385134	895.0	2616.0	895.0
C-53965-5632-309	240	-7.3299047868369	-9.622851159143888	Low	Very Large	Medium E	0.2838758067521327	-1.3364040411559912	Spherical	Low Density	10.489501282456583	884.0	2616.0	884.0
C-53965-5632-31	240	-7.327610739367738	-10.17342255174298	Low	Very Large	Medium E	0.3486025306051313	-1.3359857854763408	Linear	Low Density	10.178580605381686	501.0	2616.0	501.0
C-53965-5632-310	240	-7.323832861226034	-11.08011330575188	Medium	Very Large	Low E	0.45519564976044935	-1.3352969945899116	Linear	Low Density	10.007704616995417	268.0	2616.0	268.0
C-53965-5632-312	240	-7.328737287253613	-9.903051059132949	Low	Very Large	Medium E	0.3168168963074758	-1.3361911801152921	Intermediate	Low Density	10.458485421506357	588.0	2616.0	588.0
C-53965-5632-314	240	-7.335224315482934	-8.346164284095806	Very Low	Very Large	Medium E	0.13378490134215057	-1.3373739090855683	Spherical	Low Density	10.275027232453198	4831.0	2616.0	4830.0
C-53965-5632-315	240	-7.332565075835033	-8.984381799592104	Low	Very Large	Medium E	0.2088155502988243	-1.336889070780678	Linear	Low Density	10.218095615070938	1862.0	2616.0	1862.0
C-53965-5632-316	240	-7.332955416055726	-8.890700146625742	Very Low	Very Large	Medium E	0.19780207127838625	-1.336960238451136	Intermediate	Low Density	10.224120729881546	2394.0	2616.0	2394.0
C-53965-5632-317	240	-7.3336665581355	-8.72002604748007	Very Low	Very Large	Medium E	0.17773714340025032	-1.3370898954080659	Intermediate	Low Density	10.311104181669135	3346.0	2616.0	3346.0
C-53965-5632-318	240	-7.332565010427373	-8.984397497430274	Low	Very Large	Medium E	0.20881739578091926	-1.3368890588554123	Linear	Low Density	10.165510915338194	1624.0	2616.0	1624.0
C-53965-5632-319	240	-7.332280443805389	-9.052693486706602	Low	Very Large	Medium E	0.21684646466749624	-1.3368371760554774	Intermediate	Low Density	10.2218897319291	1451.0	2616.0	1451.0
C-53965-5632-32	240	-7.333158516666715	-8.841955999988418	Very Low	Very Large	Medium E	0.19207157208926026	-1.3369972681923374	Spherical	Low Density	10.610516348880287	2534.0	2616.0	2534.0
C-53965-5632-320	240	-7.328895163004318	-9.865160878963696	Low	Very Large	Medium E	0.3123624199915722	-1.3362199643624793	Intermediate	Low Density	10.138355557473412	683.0	2616.0	683.0
C-53965-5632-321	240	-7.334371587689178	-8.55081895459727	Very Low	Very Large	Medium E	0.15784468091087275	-1.3372184379160617	Spherical	Low Density	10.134473699859479	3917.0	2616.0	3916.0
C-53965-5632-322	240	-7.33493755664401	-8.414986405437604	Very Low	Very Large	Medium E	0.14187582379644076	-1.3373216265959151	Linear	Low Density	10.500406944840533	4535.0	2616.0	4534.0
C-53965-5632-323	240	-7.334348192402077	-8.556433823501473	Very Low	Very Large	Medium E	0.15850478071614219	-1.3372141724368862	Linear	Low Density	10.31953183603196	3860.0	2616.0	3859.0
C-53965-5632-325	240	-7.334230944007023	-8.584573438314242	Very Low	Very Large	Medium E	0.16181295310180538	-1.337192795456758	Spherical	Low Density	10.178305000093086	3802.0	2616.0	3801.0
C-53965-5632-326	240	-7.333253948457397	-8.819052370224737	Very Low	Very Large	Medium E	0.18937895685556355	-1.3370146675221284	Intermediate	Low Density	10.374680206433217	2688.0	2616.0	2688.0
C-53965-5632-327	240	-7.334825792833244	-8.441809720021451	Very Low	Very Large	Medium E	0.14502924821919821	-1.3373012495770171	Intermediate	Low Density	10.094896612448304	4508.0	2616.0	4507.0
C-53965-5632-328	240	-7.324763345689002	-10.85679703463971	Medium	Very Large	Low E	0.4289419598548839	-1.335466642522962	Spherical	Low Density	9.828075700846513	320.0	2616.0	320.0
C-53965-5632-329	240	-7.33256502755228	-8.984393387452664	Low	Very Large	Medium E	0.20881691260037047	-1.3368890619776623	Linear	Low Density	10.505623829412993	1678.0	2616.0	1678.0
C-53965-5632-330	240	-7.3341358587954435	-8.607393889093693	Very Low	Very Large	Medium E	0.16449578957974084	-1.3371754593160161	Spherical	Low Density	10.644253286916586	3785.0	2616.0	3784.0
C-53965-5632-332	240	-7.334051869496747	-8.627551320780535	Very Low	Very Large	Medium E	0.16686555403161235	-1.3371601462060296	Linear	Low Density	10.260878836235422	3632.0	2616.0	3632.0
C-53965-5632-333	240	-7.33201329557257	-9.11680906258319	Low	Very Large	Medium E	0.22438407237872815	-1.3367884690138023	Linear	Low Density	10.170059786215901	1315.0	2616.0	1315.0
C-53965-5632-334	240	-7.328692790388541	-9.913730306750276	Low	Very Large	Medium E	0.3180723787404216	-1.336183067350934	Linear	Low Density	10.379515349223041	580.0	2616.0	580.0
C-53965-5632-335	240	-7.334133709219286	-8.607909787371165	Very Low	Very Large	Medium E	0.16455644003453318	-1.3371750674006575	Spherical	Low Density	10.014800870490582	3784.0	2616.0	3783.0
C-53965-5632-336	240	-7.334423994742218	-8.538241261867901	Very Low	Very Large	Medium E	0.15636601192270558	-1.337227992882941	Linear	Low Density	10.63424536818425	4124.0	2616.0	4123.0
C-53965-5632-337	240	-7.333978734273885	-8.645103774267552	Very Low	Very Large	Medium E	0.16892906990813067	-1.3371468120345464	Spherical	Low Density	10.176235701122234	3537.0	2616.0	3537.0
C-53965-5632-338	240	-7.333321925593117	-8.802737857651966	Very Low	Very Large	Medium E	0.18746097680014628	-1.337027061260045	Spherical	Low Density	10.464369627954481	2940.0	2616.0	2940.0
C-53965-5632-339	240	-7.3299710539509615	-9.6069470517692	Low	Very Large	Medium E	0.28200607508786796	-1.3364161231190732	Intermediate	Low Density	9.959502575039664	901.0	2616.0	901.0
C-53965-5632-34	240	-7.332565039272636	-8.984390574567335	Low	Very Large	Medium E	0.2088165819096526	-1.3368890641145428	Intermediate	Low Density	9.903376978805229	1725.0	2616.0	1725.0
C-53965-5632-340	240	-7.333172610521107	-8.83857347493422	Very Low	Very Large	Medium E	0.19167391291545588	-1.3369998378142511	Intermediate	Low Density	10.501181219891196	2538.0	2616.0	2538.0
C-53965-5632-342	240	-7.333372879499362	-8.790508920153057	Very Low	Very Large	Medium E	0.1860233084593144	-1.3370363512860683	Linear	Low Density	10.451540741222962	2997.0	2616.0	2997.0
C-53965-5632-343	240	-7.3332649624772355	-8.81640900546336	Very Low	Very Large	Medium E	0.1890681954479755	-1.3370166756219672	Intermediate	Low Density	10.140404882273057	2768.0	2616.0	2768.0
C-53965-5632-344	240	-7.33550327546239	-8.279213889026337	Very Low	Very Large	Medium E	0.12591402430102996	-1.3374247696703516	Intermediate	Low Density	10.414707240595352	4982.0	2616.0	4981.0
C-53965-5632-345	240	-7.328711002933709	-9.909359295909733	Low	Very Large	Medium E	0.31755851039305955	-1.3361863879014284	Spherical	Low Density	10.338056841519888	583.0	2616.0	583.0
C-53965-5632-346	240	-7.3351393769984545	-8.366549520370809	Very Low	Very Large	Medium E	0.1361814471431036	-1.3373584229179836	Spherical	Low Density	10.322316798967448	4739.0	2616.0	4738.0
C-53965-5632-347	240	-7.332868973627972	-8.911446329286512	Low	Very Large	Medium E	0.2002410509532194	-1.336944478081372	Spherical	Low Density	10.772929164566012	2375.0	2616.0	2375.0
C-53965-5632-349	240	-7.332612892036236	-8.972905911303423	Low	Very Large	Medium E	0.20746641254445378	-1.3368977887335542	Spherical	Low Density	10.331031560416255	2025.0	2616.0	2025.0
C-53965-5632-35	240	-7.332564969249314	-8.984407380164678	Low	Very Large	Medium E	0.20881855762299162	-1.3368890513477398	Intermediate	Low Density	10.483537351965944	1556.0	2616.0	1556.0
C-53965-5632-350	240	-7.331422175566991	-9.258677863922085	Low	Very Large	Medium E	0.24106256830325248	-1.3366806947401606	Intermediate	Low Density	10.438713616726046	1108.0	2616.0	1108.0
C-53965-5632-351	240	-7.330054796589668	-9.586848818479544	Low	Very Large	Medium E	0.27964327016638396	-1.3364313912574786	Spherical	Low Density	10.016813187972804	945.0	2616.0	945.0
C-53965-5632-352	240	-7.3344239243450575	-8.538258157186277	Very Low	Very Large	Medium E	0.15636799818393302	-1.337227980047979	Intermediate	Low Density	10.614938124704638	4122.0	2616.0	4121.0
C-53965-5632-354	240	-7.326842946127955	-10.3576929292908	Low	Very Large	Low E	0.37026587527244276	-1.3358457997578004	Spherical	Low Density	10.15035094386792	414.0	2616.0	414.0
C-53965-5632-355	240	-7.330433108478703	-9.496053965111203	Low	Very Large	Medium E	0.2689691714386788	-1.3365003658965804	Intermediate	Low Density	10.390321693905896	997.0	2616.0	997.0
C-53965-5632-356	240	-7.332767289811078	-8.935850445341153	Low	Very Large	Medium E	0.20311006758209418	-1.336925938868685	Intermediate	Low Density	10.3905010071326	2308.0	2616.0	2308.0
C-53965-5632-357	240	-7.333980894864817	-8.644585232443854	Very Low	Very Large	Medium E	0.1688681086706275	-1.3371472059581426	Spherical	Low Density	10.155254364299825	3545.0	2616.0	3545.0
C-53965-5632-358	240	-7.3224732682587055	-11.40641561791052	Medium	Very Large	Low E	0.4935566687592831	-1.3350491106693552	Spherical	Low Density	10.252937523144404	111.0	2616.0	111.0
C-53965-5632-359	240	-7.33256504133782	-8.98439007892302	Low	Very Large	Medium E	0.20881652364031575	-1.3368890644910716	Linear	Low Density	10.202690658949168	1735.0	2616.0	1735.0
C-53965-5632-360	240	-7.333260441534006	-8.817494031838493	Very Low	Very Large	Medium E	0.18919575420511037	-1.3370158513538521	Spherical	Low Density	10.11719403147648	2749.0	2616.0	2749.0
C-53965-5632-361	240	-7.332766400897516	-8.936063784595957	Low	Very Large	Medium E	0.2031351483458504	-1.3369257768000482	Intermediate	Low Density	10.402108281502004	2237.0	2616.0	2237.0
C-53965-5632-363	240	-7.334758070341901	-8.458063117943807	Very Low	Very Large	Medium E	0.14694004346415596	-1.337288902266412	Linear	Low Density	10.465824375758812	4368.0	2616.0	4367.0
C-53965-5632-364	240	-7.3338893540126255	-8.666555036969774	Very Low	Very Large	Medium E	0.17145094077882658	-1.3371305160326445	Spherical	Low Density	10.574865174536546	3451.0	2616.0	3451.0
C-53965-5632-366	240	-7.326798586763998	-10.36833917664029	Low	Very Large	Low E	0.37151747810093316	-1.3358377120629423	Intermediate	Low Density	10.514696675059357	381.0	2616.0	381.0
C-53965-5632-367	240	-7.326703782059463	-10.39109230572893	Low	Very Large	Low E	0.37419240005130144	-1.3358204270648493	Intermediate	Low Density	9.711705084672017	377.0	2616.0	377.0
C-53965-5632-368	240	-7.3320804515106595	-9.100691637441708	Low	Very Large	Medium E	0.22248926247690778	-1.3368007130291968	Linear	Low Density	10.05857448758376	1345.0	2616.0	1345.0
C-53965-5632-369	240	-7.333015784456502	-8.876211730439447	Very Low	Very Large	Medium E	0.19609877225820235	-1.3369712449480964	Intermediate	Low Density	10.637183752696783	2441.0	2616.0	2441.0
C-53965-5632-37	240	-7.328895140479618	-9.86516628489162	Low	Very Large	Medium E	0.31236305552768034	-1.3362199602557274	Intermediate	Low Density	10.630442324687252	650.0	2616.0	650.0
C-53965-5632-370	240	-7.329728655660696	-9.665122641433054	Low	Very Large	Medium E	0.2888453612872075	-1.3363719285402755	Intermediate	Low Density	10.22197308081566	854.0	2616.0	854.0
C-53965-5632-371	240	-7.332951255092187	-8.891698777875055	Very Low	Very Large	Medium E	0.19791947318116962	-1.3369594798152942	Linear	Low Density	10.20775656566262	2393.0	2616.0	2393.0
C-53965-5632-372	240	-7.335195015587033	-8.353196259112003	Very Low	Very Large	Medium E	0.13461160013388523	-1.3373685670653883	Spherical	Low Density	10.207405117364543	4795.0	2616.0	4794.0
C-53965-5632-373	240	-7.332989563367675	-8.882504791757952	Very Low	Very Large	Medium E	0.19683860227413108	-1.3369664642626589	Intermediate	Low Density	10.384924954025372	2430.0	2616.0	2430.0
C-53965-5632-374	240	-7.331257118728028	-9.298291505273344	Low	Very Large	Medium E	0.24571965957063568	-1.3366506012214827	Spherical	Low Density	10.355909772338967	1078.0	2616.0	1078.0
C-53965-5632-375	240	-7.333870317840024	-8.67112371839423	Very Low	Very Large	Medium E	0.1719880478368878	-1.3371270453166213	Intermediate	Low Density	10.25560390327545	3433.0	2616.0	3433.0
C-53965-5632-376	240	-7.3352243419688925	-8.34615792746587	Very Low	Very Large	Medium E	0.1337841540388219	-1.3373739139145453	Intermediate	Low Density	10.308903465827807	4838.0	2616.0	4837.0
C-53965-5632-377	240	-7.333526370290817	-8.753671130203966	Very Low	Very Large	Medium E	0.1816925541022159	-1.3370643360580328	Intermediate	Medium Density	10.845864502778177	3168.0	2616.0	3168.0
C-53965-5632-378	240	-7.333962740696157	-8.648942232922172	Very Low	Very Large	Medium E	0.16938032992037352	-1.3371438960509792	Intermediate	Low Density	10.379275927910607	3522.0	2616.0	3522.0
C-53965-5632-379	240	-7.334381417583685	-8.548459779915765	Very Low	Very Large	Medium E	0.15756732968960502	-1.3372202301236173	Intermediate	Low Density	10.52068774751039	3960.0	2616.0	3959.0
C-53965-5632-38	240	-7.323627737550507	-11.12934298787827	Medium	Very Large	Low E	0.46098322986941487	-1.3352595959992226	Intermediate	Low Density	10.289165953985815	248.0	2616.0	248.0
C-53965-5632-382	240	-7.332072584727102	-9.102579665495238	Low	Very Large	Medium E	0.22271122437340357	-1.336799278740261	Intermediate	Low Density	9.704604150822574	1342.0	2616.0	1342.0
C-53965-5632-384	240	-7.3352395148713345	-8.3425164308796	Very Low	Very Large	Medium E	0.13335604944220178	-1.3373766802708253	Linear	Low Density	10.246933633830867	4854.0	2616.0	4853.0
C-53965-5632-385	240	-7.331898760541077	-9.14429747014144	Low	Very Large	Medium E	0.22761568700509832	-1.3367675867399675	Intermediate	Low Density	10.398102067562883	1256.0	2616.0	1256.0
C-53965-5632-386	240	-7.323597523943508	-11.13659425355792	Medium	Very Large	Low E	0.4618357090892836	-1.3352540873892658	Linear	Low Density	10.127094688862082	240.0	2616.0	240.0
C-53965-5632-387	240	-7.334839048438793	-8.438628374689628	Very Low	Very Large	Medium E	0.14465524030025942	-1.3373036663675948	Linear	Low Density	10.221794184978217	4511.0	2616.0	4510.0
C-53965-5632-389	240	-7.335312420838818	-8.325018998683715	Very Low	Very Large	Medium E	0.1312990020236201	-1.3373899726439737	Spherical	Low Density	10.235437528896416	4911.0	2616.0	4910.0
C-53965-5632-39	240	-7.333666531832836	-8.720032360119093	Very Low	Very Large	Medium E	0.17773788553191727	-1.3370898906125075	Intermediate	Low Density	10.194838064069714	3345.0	2616.0	3345.0
C-53965-5632-390	240	-7.332565038140123	-8.98439084637036	Low	Very Large	Medium E	0.208816613863586	-1.3368890639080606	Intermediate	Low Density	9.890311557505383	1723.0	2616.0	1723.0
C-53965-5632-391	240	-7.334379742511018	-8.548861797355475	Very Low	Very Large	Medium E	0.15761459199231065	-1.3372199247207581	Intermediate	Low Density	10.585531690364908	3947.0	2616.0	3946.0
C-53965-5632-392	240	-7.333282336913576	-8.81223914074162	Very Low	Very Large	Medium E	0.18857797440494203	-1.3370198433666534	Spherical	Low Density	10.223765809035521	2845.0	2616.0	2845.0
C-53965-5632-393	240	-7.327552810510408	-10.18732547750204	Low	Very Large	Medium E	0.3502369977213974	-1.3359752237622005	Intermediate	Low Density	10.538004880846891	453.0	2616.0	453.0
C-53965-5632-394	240	-7.327023470505575	-10.31436707866189	Low	Very Large	Low E	0.3651723662252205	-1.3358787133514682	Spherical	Low Density	10.205966438417517	435.0	2616.0	435.0
C-53965-5632-395	240	-7.333978414061338	-8.645180625278744	Very Low	Very Large	Medium E	0.16893810472950727	-1.3371467536527046	Intermediate	Low Density	10.536225006733343	3536.0	2616.0	3536.0
C-53965-5632-396	240	-7.332337615916246	-9.038972180100895	Low	Very Large	Medium E	0.21523334921052095	-1.3368475997979696	Spherical	Low Density	10.421544225081716	1467.0	2616.0	1467.0
C-53965-5632-397	240	-7.333253893858965	-8.819065473848186	Very Low	Very Large	Medium E	0.18938049735448825	-1.3370146575676245	Spherical	Low Density	10.393950147211726	2655.0	2616.0	2655.0
C-53965-5632-398	240	-7.331890382502641	-9.146308199366104	Low	Very Large	Medium E	0.22785207399690585	-1.33676605923794	Spherical	Low Density	10.11556679462037	1249.0	2616.0	1249.0
C-53965-5632-399	240	-7.332565045045087	-8.984389189178923	Low	Very Large	Medium E	0.20881641903948453	-1.3368890651669887	Linear	Low Density	10.127809880480454	1754.0	2616.0	1754.0
C-53965-5632-4	240	-7.32894664969289	-9.85280407370637	Low	Very Large	Medium E	0.31090971915686316	-1.3362293515265249	Linear	Low Density	10.612405959005244	797.0	2616.0	797.0
C-53965-5632-40	240	-7.329042001310029	-9.829919685593095	Low	Very Large	Medium E	0.3082193660257912	-1.3362467362389026	Linear	Low Density	10.315762421914084	802.0	2616.0	802.0
C-53965-5632-400	240	-7.332645011567988	-8.965197223682884	Low	Very Large	Medium E	0.2065601575127148	-1.3369036448358205	Linear	Low Density	10.488084811380602	2057.0	2616.0	2057.0
C-53965-5632-401	240	-7.333567280122041	-8.743852770710122	Very Low	Very Large	Medium E	0.18053828010217826	-1.3370717948266473	Spherical	Low Density	10.615407166921829	3198.0	2616.0	3198.0
C-53965-5632-402	240	-7.328895157924209	-9.865162098189774	Low	Very Large	Medium E	0.31236256332722784	-1.3362199634362628	Linear	Low Density	10.376407847136464	674.0	2616.0	674.0
C-53965-5632-403	240	-7.334640851067545	-8.486195743789201	Very Low	Very Large	Medium E	0.150247394207114	-1.3372675305956323	Linear	Low Density	10.396965372589566	4291.0	2616.0	4290.0
C-53965-5632-404	240	-7.334640875863271	-8.486189792814928	Very Low	Very Large	Medium E	0.1502466945938085	-1.3372675351164427	Linear	Low Density	9.815445767860359	4303.0	2616.0	4302.0
C-53965-5632-406	240	-7.324289358114717	-10.97055405246785	Medium	Very Large	Low E	0.44231555532006545	-1.3353802240866857	Linear	Low Density	10.232630327601722	304.0	2616.0	304.0
C-53965-5632-407	240	-7.333636617324672	-8.72721184207871	Very Low	Very Large	Medium E	0.17858192565539024	-1.3370844365348948	Linear	Low Density	10.643444408513194	3282.0	2616.0	3282.0
C-53965-5632-408	240	-7.332565002599807	-8.984399376046323	Low	Very Large	Medium E	0.20881761663629367	-1.3368890574282737	Spherical	Low Density	10.455004826692914	1607.0	2616.0	1607.0
C-53965-5632-409	240	-7.328922947600898	-9.858492575784634	Low	Very Large	Medium E	0.3115784754854662	-1.3362250301100205	Intermediate	Low Density	10.105862393001	777.0	2616.0	777.0
C-53965-5632-41	240	-7.333372895901849	-8.790504983556014	Very Low	Very Large	Medium E	0.18602284566188554	-1.3370363542766053	Linear	Low Density	9.883815150129507	3015.0	2616.0	3015.0
C-53965-5632-410	240	-7.333521699105966	-8.75479221456812	Very Low	Very Large	Medium E	0.18182435193811414	-1.3370634843975415	Intermediate	Low Density	10.69284826192955	3166.0	2616.0	3166.0
C-53965-5632-411	240	-7.322473215313097	-11.40642832485681	Medium	Very Large	Low E	0.49355816262366264	-1.3350491010161978	Intermediate	Low Density	10.763327139992986	93.0	2616.0	93.0
C-53965-5632-412	240	-7.332684954878898	-8.955610829064524	Low	Very Large	Medium E	0.20543315395684852	-1.336910927386368	Linear	Low Density	9.928275381507971	2093.0	2616.0	2093.0
C-53965-5632-413	240	-7.334081344119901	-8.620477411223757	Very Low	Very Large	Medium E	0.16603392529716454	-1.337165520082859	Spherical	Low Density	10.242094449460309	3677.0	2616.0	3676.0
C-53965-5632-415	240	-7.332564963883195	-8.98440866803326	Low	Very Large	Medium E	0.20881870902845037	-1.3368890503693776	Spherical	Low Density	10.524583059367357	1555.0	2616.0	1555.0
C-53965-5632-417	240	-7.334440944652779	-8.53417328333303	Very Low	Very Large	Medium E	0.15588776890682	-1.3372310832271719	Spherical	Low Density	10.210500260340886	4181.0	2616.0	4180.0
C-53965-5632-418	240	-7.324127065325763	-11.00950432181686	Medium	Very Large	Low E	0.4468946587061715	-1.3353506345155637	Spherical	Medium Density	10.948892018901814	297.0	2616.0	297.0
C-53965-5632-419	240	-7.332132951444454	-9.088091653330828	Low	Very Large	Medium E	0.22100797285115775	-1.3368102849302956	Linear	Low Density	10.327205531785522	1401.0	2616.0	1401.0
C-53965-5632-42	240	-7.335050145499823	-8.387965080042438	Very Low	Very Large	Medium E	0.13869912066493414	-1.3373421540388046	Spherical	Low Density	10.255616689208885	4601.0	2616.0	4600.0
C-53965-5632-420	240	-7.334640919121575	-8.486179410821933	Very Low	Very Large	Medium E	0.15024547405748154	-1.3372675430033898	Spherical	Low Density	10.126567260818758	4318.0	2616.0	4317.0
C-53965-5632-421	240	-7.333372922698199	-8.790498552432071	Very Low	Very Large	Medium E	0.18602208960083108	-1.3370363591621737	Spherical	Low Density	10.558290692469697	3048.0	2616.0	3048.0
C-53965-5632-422	240	-7.33256505785508	-8.984386114780623	Low	Very Large	Medium E	0.20881605760458077	-1.336889067502534	Linear	Low Density	10.308949040727194	1797.0	2616.0	1797.0
C-53965-5632-423	240	-7.334390144692848	-8.546365273716457	Very Low	Very Large	Medium E	0.15732109364068128	-1.3372218212689724	Spherical	Low Density	10.53778359522891	4008.0	2616.0	4007.0
C-53965-5632-424	240	-7.335551599753612	-8.267616059133095	Very Low	Very Large	Medium E	0.12455055074812393	-1.3374335802592956	Spherical	Low Density	10.271513790935806	5028.0	2616.0	5027.0
C-53965-5632-425	240	-7.333672900329502	-8.71850392091954	Very Low	Very Large	Medium E	0.1775581979140273	-1.3370910517305474	Spherical	Low Density	10.530829766808656	3357.0	2616.0	3357.0
C-53965-5632-426	240	-7.332565063830059	-8.98438468078567	Low	Very Large	Medium E	0.2088158890200762	-1.3368890685919053	Linear	Low Density	10.419448054361215	1820.0	2616.0	1820.0
C-53965-5632-427	240	-7.332389114754833	-9.026612458839914	Low	Very Large	Medium E	0.21378030556220828	-1.3368569891772324	Spherical	Low Density	10.554093246428325	1487.0	2616.0	1487.0
C-53965-5632-428	240	-7.328946640981976	-9.852806164325788	Low	Very Large	Medium E	0.31090996493595774	-1.3362293499383324	Spherical	Low Density	10.18525787382938	796.0	2616.0	796.0
C-53965-5632-429	240	-7.325608422861685	-10.65397851319552	Medium	Very Large	Low E	0.40509804314171777	-1.3356207188147426	Spherical	Low Density	10.140648412296775	331.0	2616.0	331.0
C-53965-5632-430	240	-7.335274957251844	-8.334010259557251	Very Low	Very Large	Medium E	0.1323560399799854	-1.3373831422020397	Intermediate	Low Density	10.380358033958277	4894.0	2616.0	4893.0
C-53965-5632-431	240	-7.336589182994454	-8.018596081331014	Very Low	Very Large	Medium E	0.09527506067770972	-1.3376227546723913	Spherical	Low Density	10.319465243111464	5157.0	2616.0	5156.0
C-53965-5632-432	240	-7.3325651424377885	-8.984365814930745	Low	Very Large	Medium E	0.20881367109701662	-1.3368890829238358	Intermediate	Low Density	10.660221084837799	1944.0	2616.0	1944.0
C-53965-5632-433	240	-7.332565032099756	-8.984392296058225	Low	Very Large	Medium E	0.2088167842929843	-1.336889062806768	Intermediate	Low Density	10.394982591655133	1697.0	2616.0	1697.0
C-53965-5632-436	240	-7.328895237684433	-9.865142955736092	Low	Very Large	Medium E	0.3123603128864345	-1.3362199779783188	Intermediate	Low Density	10.3391242361733	749.0	2616.0	749.0
C-53965-5632-437	240	-7.328895123280639	-9.865170412646544	Low	Very Large	Medium E	0.31236354079818485	-1.3362199571199724	Spherical	Low Density	9.77664575624724	632.0	2616.0	632.0
C-53965-5632-438	240	-7.334444810005065	-8.533245598784285	Very Low	Very Large	Medium E	0.15577870769802213	-1.337231787966533	Linear	Low Density	10.581116428985471	4186.0	2616.0	4185.0
C-53965-5632-439	240	-7.333321964731252	-8.80272846449953	Very Low	Very Large	Medium E	0.18745987251467872	-1.337027068395794	Intermediate	Low Density	10.012520366095755	2958.0	2616.0	2958.0
C-53965-5632-44	240	-7.333321983237082	-8.802724023100481	Very Low	Very Large	Medium E	0.18745935037128433	-1.337027071769817	Spherical	Low Density	10.111083112670281	2959.0	2616.0	2959.0
C-53965-5632-440	240	-7.33256507838614	-8.984381187326388	Low	Very Large	Medium E	0.20881547831914957	-1.3368890712458013	Spherical	Low Density	10.265966256742471	1869.0	2616.0	1869.0
C-53965-5632-441	240	-7.32854053571557	-9.950271428263251	Low	Very Large	Medium E	0.3223682559204607	-1.3361553079507564	Intermediate	Low Density	9.951399719208789	552.0	2616.0	552.0
C-53965-5632-442	240	-7.335239551841754	-8.342507557978868	Very Low	Very Large	Medium E	0.133355006319	-1.337376687011352	Spherical	Low Density	10.245922279231579	4864.0	2616.0	4863.0
C-53965-5632-443	240	-7.33464085286553	-8.486195312272727	Very Low	Very Large	Medium E	0.15024734347683405	-1.3372675309234447	Spherical	Low Density	10.242193883358027	4292.0	2616.0	4291.0
C-53965-5632-444	240	-7.332601482494912	-8.97564420122113	Low	Very Large	Medium E	0.20778833362085097	-1.3368957085213855	Linear	Low Density	10.339773687229437	1992.0	2616.0	1992.0
C-53965-5632-445	240	-7.328408941562036	-9.98185402511126	Low	Very Large	Medium E	0.32608119497292853	-1.3361313154210184	Intermediate	Low Density	10.063026192832814	539.0	2616.0	539.0
C-53965-5632-446	240	-7.334399141416352	-8.544206060075467	Very Low	Very Large	Medium E	0.1570672504026268	-1.337223461570995	Linear	Low Density	10.089911752623957	4042.0	2616.0	4041.0
C-53965-5632-447	240	-7.332457102553103	-9.010295387255312	Low	Very Large	Medium E	0.21186202466213294	-1.336869384859168	Linear	Low Density	10.468892338466313	1507.0	2616.0	1507.0
C-53965-5632-448	240	-7.334399045445941	-8.54422909297405	Very Low	Very Large	Medium E	0.15706995821507863	-1.3372234440734627	Intermediate	Low Density	10.629686469344863	4040.0	2616.0	4039.0
C-53965-5632-449	240	-7.334281166875644	-8.572519949845509	Very Low	Very Large	Medium E	0.16039591104315146	-1.337201952198426	Spherical	Low Density	10.373260264001985	3818.0	2616.0	3817.0
C-53965-5632-45	240	-7.334424006745402	-8.538238381103653	Very Low	Very Large	Medium E	0.15636567325194958	-1.3372279950713875	Spherical	Low Density	10.50885597283896	4125.0	2616.0	4124.0
C-53965-5632-450	240	-7.33256506401682	-8.984384635963028	Low	Very Large	Medium E	0.2088158837506052	-1.3368890686259558	Linear	Low Density	10.342091483403768	1821.0	2616.0	1821.0
C-53965-5632-451	240	-7.332132812862324	-9.088124913042368	Low	Very Large	Medium E	0.22101188295651641	-1.3368102596637028	Linear	Low Density	10.06010107909442	1371.0	2616.0	1371.0
C-53965-5632-452	240	-7.333372998574418	-8.790480342139501	Very Low	Very Large	Medium E	0.18601994874756264	-1.3370363729960892	Intermediate	Low Density	10.430588038552262	3075.0	2616.0	3075.0
C-53965-5632-453	240	-7.333372897856564	-8.790504514424509	Very Low	Very Large	Medium E	0.18602279050946405	-1.337036354632993	Intermediate	Low Density	10.337480673375174	3021.0	2616.0	3021.0
C-53965-5632-454	240	-7.332565032935551	-8.984392095467618	Low	Very Large	Medium E	0.20881676071097763	-1.3368890629591519	Linear	Low Density	10.315077726192964	1699.0	2616.0	1699.0
C-53965-5632-455	240	-7.334376135770029	-8.54972741519295	Very Low	Very Large	Medium E	0.15771635646369586	-1.3372192671319663	Spherical	Low Density	10.142795550715178	3932.0	2616.0	3931.0
C-53965-5632-456	240	-7.333559337251471	-8.745759059646774	Very Low	Very Large	Medium E	0.1807623887995126	-1.3370703466653633	Spherical	Medium Density	10.85262989965996	3185.0	2616.0	3185.0
C-53965-5632-457	240	-7.332672387897118	-8.958626904691778	Low	Very Large	Medium E	0.20578773230376984	-1.3369086361471603	Intermediate	Low Density	10.464561141769291	2072.0	2616.0	2072.0
C-53965-5632-458	240	-7.334640800274789	-8.486207934050617	Very Low	Very Large	Medium E	0.15024882732858216	-1.3372675213349876	Spherical	Low Density	10.281216140536992	4278.0	2616.0	4277.0
C-53965-5632-459	240	-7.333249521944888	-8.820114733226918	Very Low	Very Large	Medium E	0.18950385124274644	-1.337013860470826	Intermediate	Low Density	10.067984250134135	2585.0	2616.0	2585.0
C-53965-5632-460	240	-7.333531387127693	-8.752467089353596	Very Low	Very Large	Medium E	0.18155100366810684	-1.3370652507385465	Spherical	Low Density	10.43843658183657	3171.0	2616.0	3171.0
C-53965-5632-461	240	-7.334082670527646	-8.620159073364988	Very Low	Very Large	Medium E	0.16599650060172638	-1.3371657619163781	Intermediate	Low Density	10.762513438255622	3704.0	2616.0	3703.0
C-53965-5632-463	240	-7.330848593861251	-9.396337473299566	Low	Very Large	Medium E	0.2572462197636603	-1.3365761180871514	Linear	Low Density	10.192054055430647	1029.0	2616.0	1029.0
C-53965-5632-464	240	-7.32889514375753	-9.865165498192912	Low	Very Large	Medium E	0.31236296304116434	-1.3362199608533634	Spherical	Low Density	10.471104190884109	658.0	2616.0	658.0
C-53965-5632-466	240	-7.332634527377278	-8.967713429453198	Low	Very Large	Medium E	0.20685596975112305	-1.3369017333355706	Intermediate	Low Density	10.599270967762594	2049.0	2616.0	2049.0
C-53965-5632-467	240	-7.32684284485754	-10.35771723419032	Low	Very Large	Low E	0.3702687326249104	-1.33584578129396	Spherical	Low Density	10.46858823700285	405.0	2616.0	405.0
C-53965-5632-468	240	-7.33314262607632	-8.845769741683181	Very Low	Very Large	Medium E	0.1925199263060589	-1.3369943709856427	Intermediate	Low Density	10.369124680766783	2529.0	2616.0	2529.0
C-53965-5632-469	240	-7.333419381929674	-8.779348336878174	Very Low	Very Large	Medium E	0.18471123885057864	-1.337044829709404	Linear	Low Density	10.464115003962705	3096.0	2616.0	3096.0
C-53965-5632-47	240	-7.327610579210107	-10.17346098957405	Low	Very Large	Medium E	0.34860704946485266	-1.3359857562760564	Linear	Medium Density	10.842499701809789	468.0	2616.0	468.0
C-53965-5632-470	240	-7.333271206302137	-8.814910487487161	Very Low	Very Large	Medium E	0.1888920254534039	-1.3370178140095825	Intermediate	Low Density	10.132382457918476	2793.0	2616.0	2793.0
C-53965-5632-471	240	-7.332565066884026	-8.98438394783374	Low	Very Large	Medium E	0.208815802852169	-1.336889069148711	Spherical	Low Density	10.052213880371344	1834.0	2616.0	1834.0
C-53965-5632-472	240	-7.329978611402193	-9.605133263473531	Low	Very Large	Medium E	0.2817928410264558	-1.3364175010098727	Intermediate	Low Density	10.185174504817208	918.0	2616.0	918.0
C-53965-5632-473	240	-7.328895183398772	-9.86515598429467	Low	Very Large	Medium E	0.31236184456049765	-1.33621996808084	Spherical	Low Density	10.587118707124759	706.0	2616.0	706.0
C-53965-5632-474	240	-7.326825760902309	-10.36181738344589	Low	Very Large	Low E	0.37075075772134525	-1.335842666510416	Spherical	Low Density	10.372926453339264	387.0	2616.0	387.0
C-53965-5632-475	240	-7.33439928136716	-8.544172471881502	Very Low	Very Large	Medium E	0.1570633016799251	-1.337223487087128	Spherical	Low Density	10.32940497442091	4047.0	2616.0	4046.0
C-53965-5632-476	240	-7.32869673026333	-9.912784736800932	Low	Very Large	Medium E	0.31796121487353723	-1.3361837856773986	Intermediate	Low Density	10.196582777804515	581.0	2616.0	581.0
C-53965-5632-477	240	-7.328895124787291	-9.86517005105028	Low	Very Large	Medium E	0.3123634982878927	-1.3362199573946685	Spherical	Low Density	10.181540981576092	633.0	2616.0	633.0
C-53965-5632-479	240	-7.333249104153287	-8.820215003210915	Very Low	Very Large	Medium E	0.18951563926453432	-1.3370137842981606	Intermediate	Low Density	10.493723949980966	2575.0	2616.0	2575.0
C-53965-5632-48	240	-7.32456546249912	-10.90428900021139	Medium	Very Large	Low E	0.4345252491105895	-1.3354305640332236	Intermediate	Low Density	10.309766445570727	310.0	2616.0	310.0
C-53965-5632-481	240	-7.333251475386529	-8.819645907233111	Very Low	Very Large	Medium E	0.18944873473823587	-1.3370142166265166	Linear	Low Density	10.227327809763553	2620.0	2616.0	2620.0
C-53965-5632-482	240	-7.316151392906045	-12.92366570254921	High	Very Large	Low E	0.6719288627462762	-1.3338964927275572	Linear	Low Density	10.014265639223366	16.0	2616.0	16.0
C-53965-5632-483	240	-7.328922947050485	-9.858492707883643	Low	Very Large	Medium E	0.31157849101541224	-1.3362250300096679	Linear	Low Density	10.17373632413989	776.0	2616.0	776.0
C-53965-5632-484	240	-7.328193634993911	-10.03352760146116	Low	Very Large	Medium E	0.332156086171158	-1.3360920602634008	Intermediate	Low Density	10.155536948010878	521.0	2616.0	521.0
C-53965-5632-485	240	-7.334105782161537	-8.614612281231073	Very Low	Very Large	Medium E	0.16534440409336207	-1.337169975679289	Linear	Low Density	10.309360988719424	3771.0	2616.0	3770.0
C-53965-5632-487	240	-7.333886771565613	-8.667174824252934	Very Low	Very Large	Medium E	0.17152380471773873	-1.3371300451953385	Linear	Low Density	10.023752262542716	3448.0	2616.0	3448.0
C-53965-5632-488	240	-7.334396957121672	-8.544730290798418	Very Low	Very Large	Medium E	0.1571288804431914	-1.3372230633256803	Spherical	Low Density	10.237693008129026	4033.0	2616.0	4032.0
C-53965-5632-489	240	-7.332601448927348	-8.975652257436503	Low	Very Large	Medium E	0.20778928073221822	-1.336895702401275	Linear	Low Density	10.522920706571337	1979.0	2616.0	1979.0
C-53965-5632-49	240	-7.3339425152346065	-8.653796343694577	Very Low	Very Large	Medium E	0.16995099285660403	-1.337140208501231	Linear	Low Density	10.025236418064749	3505.0	2616.0	3505.0
C-53965-5632-490	240	-7.337026428269677	-7.913657215277459	Very Low	Very Large	Medium E	0.08293815197558549	-1.3377024741735004	Linear	Low Density	10.17516042051906	5179.0	2616.0	5178.0
C-53965-5632-491	240	-7.333107919482321	-8.854099324242638	Very Low	Very Large	Medium E	0.19349917549590018	-1.336988043204611	Spherical	Low Density	10.427357393274521	2497.0	2616.0	2497.0
C-53965-5632-492	240	-7.335349581531536	-8.316100432431222	Very Low	Very Large	Medium E	0.13025051025173903	-1.337396747861574	Linear	Low Density	10.435620365078488	4927.0	2616.0	4926.0
C-53965-5632-493	240	-7.334767701369905	-8.455751671222764	Very Low	Very Large	Medium E	0.1466683032763933	-1.3372906582161985	Intermediate	Low Density	10.262467809686209	4433.0	2616.0	4432.0
C-53965-5632-494	240	-7.335003780251357	-8.399092739674296	Very Low	Very Large	Medium E	0.1400073196774402	-1.337333700626759	Intermediate	Low Density	10.226041328200665	4552.0	2616.0	4551.0
C-53965-5632-495	240	-7.334622825812928	-8.490521804897362	Very Low	Very Large	Medium E	0.15075597813733027	-1.3372642441923552	Spherical	Low Density	10.284298192186592	4259.0	2616.0	4258.0
C-53965-5632-496	240	-7.333419440441689	-8.779334293994694	Very Low	Very Large	Medium E	0.1847095879296303	-1.3370448403774406	Intermediate	Low Density	10.259236187585074	3098.0	2616.0	3098.0
C-53965-5632-497	240	-7.326077442118715	-10.54141389150845	Low	Very Large	Low E	0.39186462912584197	-1.3357062314167072	Spherical	Low Density	9.963517433231985	350.0	2616.0	350.0
C-53965-5632-498	240	-7.334390270129938	-8.546335168815	Very Low	Very Large	Medium E	0.15731755442364345	-1.337221844138933	Linear	Low Density	10.095201258744586	4010.0	2616.0	4009.0
C-53965-5632-499	240	-7.334403370719448	-8.543191027332444	Very Low	Very Large	Medium E	0.15694792029404053	-1.3372242326666521	Linear	Low Density	10.285765182820354	4060.0	2616.0	4059.0
C-53965-5632-5	240	-7.331698424559642	-9.192378105685888	Low	Very Large	Medium E	0.23326818196105753	-1.336731061051986	Linear	Low Density	10.122928043422542	1147.0	2616.0	1147.0
C-53965-5632-50	240	-7.333672926316163	-8.718497684120807	Very Low	Very Large	Medium E	0.1775574646983903	-1.3370910564684917	Linear	Low Density	10.562618710613858	3358.0	2616.0	3358.0
C-53965-5632-500	240	-7.332766411544962	-8.936061229209084	Low	Very Large	Medium E	0.20313484792736305	-1.3369257787413136	Linear	Low Density	10.24027805398364	2254.0	2616.0	2254.0
C-53965-5632-501	240	-7.33444088733606	-8.53418703934567	Very Low	Very Large	Medium E	0.15588938610241718	-1.337231072777064	Linear	Low Density	9.940953531044363	4177.0	2616.0	4176.0
C-53965-5632-502	240	-7.332565115164894	-8.984372360425397	Low	Very Large	Medium E	0.2088144406038002	-1.336889077951383	Intermediate	Low Density	10.376638634712958	1926.0	2616.0	1926.0
C-53965-5632-504	240	-7.334440895982467	-8.534184964208025	Very Low	Very Large	Medium E	0.15588914214338181	-1.3372310743534956	Intermediate	Low Density	10.519817904228049	4179.0	2616.0	4178.0
C-53965-5632-506	240	-7.327593779199917	-10.17749299201986	Low	Very Large	Medium E	0.349081063030361	-1.3359826932619843	Intermediate	Low Density	10.474926337038909	454.0	2616.0	454.0
C-53965-5632-507	240	-7.3343735611783965	-8.550345317184735	Very Low	Very Large	Medium E	0.157788998762454	-1.33721879772687	Spherical	Low Density	10.575909588511141	3927.0	2616.0	3926.0
C-53965-5632-508	240	-7.332565031734588	-8.984392383698825	Low	Very Large	Medium E	0.20881679459623678	-1.3368890627401897	Intermediate	Low Density	10.505342369588762	1695.0	2616.0	1695.0
C-53965-5632-509	240	-7.333132197139425	-8.848272686537996	Very Low	Very Large	Medium E	0.19281417955390281	-1.3369924695593873	Linear	Low Density	10.410952378699573	2516.0	2616.0	2516.0
C-53965-5632-51	240	-7.332534553705015	-8.991707110796463	Low	Very Large	Medium E	0.20967673451913493	-1.3368835059201392	Intermediate	Low Density	10.650044754792782	1535.0	2616.0	1535.0
C-53965-5632-510	240	-7.33229150171809	-9.050039587658448	Low	Very Large	Medium E	0.21653446481944877	-1.3368391921579577	Linear	Low Density	10.324486014969954	1454.0	2616.0	1454.0
C-53965-5632-511	240	-7.333766027615248	-8.696153372340376	Very Low	Very Large	Medium E	0.1749306044624119	-1.337108030898031	Linear	Low Density	10.13126802664767	3396.0	2616.0	3396.0
C-53965-5632-512	240	-7.3352242751328065	-8.346173968126394	Very Low	Very Large	Medium E	0.13378603982407264	-1.337373901728846	Intermediate	Low Density	10.533697699867755	4823.0	2616.0	4822.0
C-53965-5632-513	240	-7.333826610114204	-8.681613572591074	Very Low	Very Large	Medium E	0.17322126464579055	-1.3371190764298329	Spherical	Low Density	10.001024255288568	3414.0	2616.0	3414.0
C-53965-5632-514	240	-7.336171117010826	-8.118931917401596	Very Low	Very Large	Medium E	0.10707082420849519	-1.3375465319810689	Spherical	Low Density	10.215680199096374	5100.0	2616.0	5099.0
C-53965-5632-515	240	-7.332676320315888	-8.957683124186815	Low	Very Large	Medium E	0.2056767788090263	-1.336909353114227	Linear	Low Density	10.103905886366572	2077.0	2616.0	2077.0
C-53965-5632-516	240	-7.333958426252314	-8.649977699444344	Very Low	Very Large	Medium E	0.16950206228161024	-1.3371431094322774	Spherical	Low Density	10.47623991391988	3520.0	2616.0	3520.0
C-53965-5632-518	240	-7.333656903319381	-8.72234320334845	Very Low	Very Large	Medium E	0.17800955477150077	-1.337088135121179	Spherical	Low Density	10.141489544609247	3332.0	2616.0	3332.0
C-53965-5632-52	240	-7.332059140352306	-9.105806315446408	Low	Very Large	Medium E	0.22309055843101608	-1.3367968275328672	Intermediate	Low Density	10.57644576406496	1338.0	2616.0	1338.0
C-53965-5632-520	240	-7.332601546498461	-8.9756288403694	Low	Very Large	Medium E	0.20778652775584353	-1.3368957201906506	Spherical	Low Density	10.133841089990797	2016.0	2616.0	2016.0
C-53965-5632-521	240	-7.336519253830373	-8.03537908071061	Very Low	Very Large	Medium E	0.09724811736185543	-1.3376100050364559	Intermediate	Low Density	10.289909740423889	5129.0	2616.0	5128.0
C-53965-5632-522	240	-7.330182592277002	-9.556177853519436	Low	Very Large	Medium E	0.2760375051266843	-1.3364546912426711	Linear	Low Density	10.206457199783793	975.0	2616.0	975.0
C-53965-5632-523	240	-7.335051755695204	-8.387578633150875	Very Low	Very Large	Medium E	0.1386536888797566	-1.3373424476130975	Intermediate	Low Density	10.595978410787485	4620.0	2616.0	4619.0
C-53965-5632-524	240	-7.334082637336881	-8.620167039148615	Very Low	Very Large	Medium E	0.16599743708170522	-1.3371657558649663	Intermediate	Low Density	10.530765889711821	3689.0	2616.0	3688.0
C-53965-5632-525	240	-7.32889518535761	-9.86515551417345	Low	Very Large	Medium E	0.3123617892917225	-1.3362199684379796	Intermediate	Low Density	10.19692202930253	708.0	2616.0	708.0
C-53965-5632-527	240	-7.334036438100871	-8.631254855790825	Very Low	Very Large	Medium E	0.16730095204013012	-1.3371573327206696	Intermediate	Low Density	10.543089440097475	3615.0	2616.0	3615.0
C-53965-5632-528	240	-7.330054783854349	-9.586851874956125	Low	Very Large	Medium E	0.2796436294943664	-1.3364313889355477	Spherical	Low Density	10.226036644942447	943.0	2616.0	943.0
C-53965-5632-529	240	-7.332565148101185	-8.984364455715347	Low	Very Large	Medium E	0.20881351130384335	-1.3368890839563985	Spherical	Low Density	10.640971711744317	1946.0	2616.0	1946.0
C-53965-5632-53	240	-7.333036806828086	-8.871166361259464	Very Low	Very Large	Medium E	0.19550562444476688	-1.3369750777921996	Spherical	Low Density	10.142850561873667	2449.0	2616.0	2449.0
C-53965-5632-530	240	-7.332747019333515	-8.940715359956327	Low	Very Large	Medium E	0.20368200064853478	-1.3369222431115204	Spherical	Low Density	10.609311118212217	2121.0	2616.0	2121.0
C-53965-5632-531	240	-7.3325650576023005	-8.984386175447845	Low	Very Large	Medium E	0.20881606473676317	-1.3368890674564469	Spherical	Low Density	10.206663655543533	1796.0	2616.0	1796.0
C-53965-5632-532	240	-7.331971318925765	-9.126883457816396	Low	Very Large	Medium E	0.22556844666153084	-1.3367808157410714	Linear	Low Density	10.19077316572051	1295.0	2616.0	1295.0
C-53965-5632-533	240	-7.33520135416272	-8.351675000947031	Very Low	Very Large	Medium E	0.13443275673868213	-1.3373697227281711	Linear	Low Density	10.48515045964642	4798.0	2616.0	4797.0
C-53965-5632-534	240	-7.326842960468538	-10.35768948755092	Low	Very Large	Low E	0.3702654706518041	-1.3358458023724065	Intermediate	Low Density	10.200216062675569	418.0	2616.0	418.0
C-53965-5632-535	240	-7.333840479655091	-8.678284882778186	Very Low	Very Large	Medium E	0.1728299344945839	-1.3371216051544248	Spherical	Low Density	10.270402051341533	3422.0	2616.0	3422.0
C-53965-5632-536	240	-7.335170804971186	-8.359006806915179	Very Low	Very Large	Medium E	0.1352947045017167	-1.3373641529337186	Intermediate	Low Density	10.449102809181914	4779.0	2616.0	4778.0
C-53965-5632-537	240	-7.333638309791074	-8.726805650142007	Very Low	Very Large	Medium E	0.17853417258709373	-1.3370847451090178	Spherical	Low Density	10.557050356445137	3288.0	2616.0	3288.0
C-53965-5632-538	240	-7.3336664378154435	-8.720054924293384	Very Low	Very Large	Medium E	0.1777405382397872	-1.337089873471054	Linear	Low Density	10.783324393117873	3343.0	2616.0	3343.0
C-53965-5632-539	240	-7.333254664805229	-8.818880446745057	Very Low	Very Large	Medium E	0.18935874504699826	-1.3370147981282092	Linear	Low Density	10.250835772672705	2713.0	2616.0	2713.0
C-53965-5632-54	240	-7.32359746535331	-11.13660831520568	Medium	Very Large	Low E	0.4618373622161654	-1.3352540767069747	Spherical	Low Density	10.687805392189661	217.0	2616.0	217.0
C-53965-5632-540	240	-7.33332190890236	-8.802741863433452	Very Low	Very Large	Medium E	0.18746144773110587	-1.3370270582169503	Linear	Low Density	10.306811366972369	2934.0	2616.0	2934.0
C-53965-5632-542	240	-7.332565030726509	-8.984392625637758	Low	Very Large	Medium E	0.20881682303926116	-1.3368890625563945	Intermediate	Low Density	10.386833386878008	1691.0	2616.0	1691.0
C-53965-5632-544	240	-7.333300290674642	-8.807930238085893	Very Low	Very Large	Medium E	0.18807140767069552	-1.3370231167350723	Linear	Low Density	10.179208587173685	2885.0	2616.0	2885.0
C-53965-5632-546	240	-7.334765109915605	-8.456373620254963	Very Low	Very Large	Medium E	0.1467414213566035	-1.3372901857366644	Intermediate	Low Density	10.39551588530025	4378.0	2616.0	4377.0
C-53965-5632-547	240	-7.323597371733366	-11.13663078399222	Medium	Very Large	Low E	0.4618400037100014	-1.3352540596379847	Spherical	Low Density	10.40168887392664	164.0	2616.0	164.0
C-53965-5632-548	240	-7.329978564182245	-9.605144596261107	Low	Very Large	Medium E	0.2817941733409044	-1.3364174924006298	Intermediate	Low Density	10.16783906657733	916.0	2616.0	916.0
C-53965-5632-549	240	-7.3300548145612	-9.586844505311667	Low	Very Large	Medium E	0.2796427630982215	-1.336431394534087	Intermediate	Low Density	10.254031193310652	947.0	2616.0	947.0
C-53965-5632-55	240	-7.333132223249026	-8.848266420233529	Very Low	Very Large	Medium E	0.19281344286950772	-1.336992474319746	Linear	Low Density	10.25817341028555	2520.0	2616.0	2520.0
C-53965-5632-550	240	-7.332834234967731	-8.919783607744545	Low	Very Large	Medium E	0.20122120489454604	-1.3369381444539536	Spherical	Low Density	10.224716313425835	2356.0	2616.0	2356.0
C-53965-5632-551	240	-7.334440889150929	-8.534186603777009	Very Low	Very Large	Medium E	0.15588933489574625	-1.3372310731079549	Intermediate	Low Density	10.68085368115806	4178.0	2616.0	4177.0
C-53965-5632-552	240	-7.333321905303945	-8.802742727053104	Very Low	Very Large	Medium E	0.187461549260656	-1.3370270575608796	Intermediate	Low Density	10.16247493191901	2930.0	2616.0	2930.0
C-53965-5632-553	240	-7.334775246250215	-8.453940899948336	Very Low	Very Large	Medium E	0.14645542390447883	-1.3372920338150405	Spherical	Low Density	10.193621696413281	4441.0	2616.0	4440.0
C-53965-5632-554	240	-7.332132766508665	-9.088136037920318	Low	Very Large	Medium E	0.2210131908285225	-1.336810251212404	Linear	Low Density	10.558938039346241	1364.0	2616.0	1364.0
C-53965-5632-555	240	-7.323597415660438	-11.13662024149497	Medium	Very Large	Low E	0.4618387643043302	-1.3352540676468632	Spherical	Low Density	10.38248205591171	184.0	2616.0	184.0
C-53965-5632-556	240	-7.334797432016648	-8.448616316004316	Very Low	Very Large	Medium E	0.14582945081688092	-1.3372960787718005	Intermediate	Low Density	10.336697936603734	4494.0	2616.0	4493.0
C-53965-5632-557	240	-7.328806205726319	-9.886510625683488	Low	Very Large	Medium E	0.31487235635738614	-1.3362037454797973	Intermediate	Low Density	10.357930508916889	596.0	2616.0	596.0
C-53965-5632-558	240	-7.328895162175828	-9.865161077801345	Low	Very Large	Medium E	0.31236244336748525	-1.336219964211427	Linear	Low Density	10.25429363850625	679.0	2616.0	679.0
C-53965-5632-559	240	-7.332546099651324	-8.988936083682177	Low	Very Large	Medium E	0.20935096476570708	-1.336885611001959	Spherical	Low Density	10.019377698498264	1543.0	2616.0	1543.0
C-53965-5632-56	240	-7.333014788069771	-8.876450863255108	Very Low	Very Large	Medium E	0.1961268853856234	-1.3369710632847196	Spherical	Low Density	10.093031066735273	2440.0	2616.0	2440.0
C-53965-5632-560	240	-7.333372881182498	-8.790508516200466	Very Low	Very Large	Medium E	0.18602326096949573	-1.3370363515929415	Linear	Low Density	10.628032361160225	2998.0	2616.0	2998.0
C-53965-5632-561	240	-7.333647155565895	-8.724682664185194	Very Low	Very Large	Medium E	0.17828458837760972	-1.3370863578897512	Intermediate	Low Density	10.191543662681875	3297.0	2616.0	3297.0
C-53965-5632-562	240	-7.333271186503676	-8.814915239117772	Very Low	Very Large	Medium E	0.1888925840684772	-1.3370178103998844	Spherical	Low Density	10.040846692740518	2785.0	2616.0	2785.0
C-53965-5632-564	240	-7.334412185064197	-8.541075584592669	Very Low	Very Large	Medium E	0.1566992228864255	-1.3372258397169872	Spherical	Low Density	10.242707641972189	4093.0	2616.0	4092.0
C-53965-5632-565	240	-7.331927023625023	-9.137514329994412	Low	Very Large	Medium E	0.2268182419415567	-1.336772739726357	Spherical	Low Density	10.091076044047037	1270.0	2616.0	1270.0
C-53965-5632-567	240	-7.332766389574488	-8.93606650212298	Low	Very Large	Medium E	0.20313546782596756	-1.3369257747356094	Intermediate	Low Density	9.899342128043374	2218.0	2616.0	2218.0
C-53965-5632-568	240	-7.33395839681399	-8.649984764642358	Very Low	Very Large	Medium E	0.16950289288618012	-1.3371431040650186	Spherical	Low Density	10.105367466434656	3519.0	2616.0	3519.0
C-53965-5632-569	240	-7.334404834192151	-8.542839793883779	Very Low	Very Large	Medium E	0.15690662830039684	-1.33722449949015	Intermediate	Low Density	10.272849284671958	4071.0	2616.0	4070.0
C-53965-5632-57	240	-7.331257102812551	-9.298295324987835	Low	Very Large	Medium E	0.24572010862702814	-1.3366505983197385	Linear	Low Density	10.100821214681192	1072.0	2616.0	1072.0
C-53965-5632-570	240	-7.333321881976599	-8.802748325616285	Very Low	Very Large	Medium E	0.18746220744350575	-1.3370270533077875	Intermediate	Low Density	10.295858356440682	2915.0	2616.0	2915.0
C-53965-5632-574	240	-7.333131553221966	-8.84842722672807	Very Low	Very Large	Medium E	0.1928323477339894	-1.3369923521589682	Spherical	Low Density	10.322646532999347	2512.0	2616.0	2512.0
C-53965-5632-575	240	-7.332614509209346	-8.972517789757019	Low	Very Large	Medium E	0.20742078388213248	-1.3368980835800417	Linear	Low Density	10.406642612983005	2028.0	2616.0	2028.0
C-53965-5632-577	240	-7.33543699820129	-8.29512043169029	Very Low	Very Large	Medium E	0.12778404226474027	-1.33741268585724	Intermediate	Low Density	9.991837186653724	4949.0	2616.0	4948.0
C-53965-5632-578	240	-7.334383799783936	-8.547888051855416	Very Low	Very Large	Medium E	0.15750011572829858	-1.3372206644515023	Spherical	Low Density	10.513088781740453	3970.0	2616.0	3969.0
C-53965-5632-579	240	-7.333372959519434	-8.79048971533574	Very Low	Very Large	Medium E	0.18602105068688593	-1.3370363658755005	Intermediate	Low Density	9.998298648015963	3067.0	2616.0	3067.0
C-53965-5632-58	240	-7.332766331009375	-8.936080557750133	Low	Very Large	Medium E	0.20313712024507918	-1.3369257640578918	Spherical	Low Density	10.218056676261913	2167.0	2616.0	2167.0
C-53965-5632-580	240	-7.333941015069278	-8.654156383373136	Very Low	Very Large	Medium E	0.16999332013547666	-1.3371399349878546	Spherical	Low Density	10.648565529881353	3504.0	2616.0	3504.0
C-53965-5632-581	240	-7.337501405104427	-7.799662774937498	Very Low	Very Large	Medium E	0.06953664445113962	-1.337789072973877	Linear	Low Density	10.246896965565327	5206.0	2616.0	5205.0
C-53965-5632-582	240	-7.332565064142314	-8.984384605844562	Low	Very Large	Medium E	0.2088158802097745	-1.3368890686488362	Spherical	Medium Density	10.816712826689145	1822.0	2616.0	1822.0
C-53965-5632-585	240	-7.332564993439148	-8.984401574604354	Low	Very Large	Medium E	0.20881787510498134	-1.3368890557580826	Spherical	Low Density	10.190799759830698	1579.0	2616.0	1579.0
C-53965-5632-587	240	-7.332172217325943	-9.078667841773738	Low	Very Large	Medium E	0.21990008301796288	-1.3368174439704505	Spherical	Low Density	10.134914367451483	1411.0	2616.0	1411.0
C-53965-5632-588	240	-7.332766300101776	-8.936087975573956	Low	Very Large	Medium E	0.20313799230534027	-1.3369257584227516	Intermediate	Low Density	10.461289652099982	2154.0	2616.0	2154.0
C-53965-5632-59	240	-7.333635438394888	-8.727494785227055	Very Low	Very Large	Medium E	0.17861518924892875	-1.3370842215898753	Spherical	Low Density	10.300573337217218	3279.0	2616.0	3279.0
C-53965-5632-590	240	-7.334767631893054	-8.455768345667224	Very Low	Very Large	Medium E	0.14667026357102772	-1.3372906455490292	Linear	Low Density	9.911220738226765	4416.0	2616.0	4415.0
C-53965-5632-591	240	-7.335050179049819	-8.387957028043367	Very Low	Very Large	Medium E	0.13869817404922904	-1.3373421601557123	Intermediate	Low Density	10.441580202200722	4613.0	2616.0	4612.0
C-53965-5632-592	240	-7.333196584407304	-8.832819742247	Very Low	Very Large	Medium E	0.19099748789268534	-1.3370042087848608	Spherical	Low Density	10.568754770866885	2561.0	2616.0	2561.0
C-53965-5632-593	240	-7.334032555434225	-8.632186695785865	Very Low	Very Large	Medium E	0.1674105017749047	-1.337156624824517	Linear	Low Density	10.008869619010996	3589.0	2616.0	3589.0
C-53965-5632-594	240	-7.3321329164756195	-9.088100045851208	Low	Very Large	Medium E	0.22100895949949567	-1.3368102785547022	Linear	Low Density	9.909495883523695	1399.0	2616.0	1399.0
C-53965-5632-595	240	-7.326181128149681	-10.51652924407649	Low	Very Large	Low E	0.38893911987461877	-1.3357251356773798	Spherical	Low Density	10.327134394775765	355.0	2616.0	355.0
C-53965-5632-596	240	-7.333271183472692	-8.814915966553919	Very Low	Very Large	Medium E	0.18889266958793127	-1.337017809847269	Spherical	Low Density	10.107973543990575	2784.0	2616.0	2784.0
C-53965-5632-597	240	-7.331805775290312	-9.166613930324932	Low	Very Large	Medium E	0.23023927292891694	-1.3367506334686081	Linear	Low Density	10.038212952513762	1184.0	2616.0	1184.0
C-53965-5632-598	240	-7.333680643844817	-8.716645477243931	Very Low	Very Large	Medium E	0.17733971404035206	-1.3370924635449517	Spherical	Low Density	10.495630818005356	3365.0	2616.0	3365.0
C-53965-5632-599	240	-7.333372978588484	-8.79048513876387	Very Low	Very Large	Medium E	0.18602051265220507	-1.3370363693522107	Spherical	Low Density	10.436939352496454	3072.0	2616.0	3072.0
C-53965-5632-6	240	-7.331257080634009	-9.298300647837667	Low	Very Large	Medium E	0.24572073439629355	-1.336650594276099	Intermediate	Low Density	10.061485176738843	1066.0	2616.0	1066.0
C-53965-5632-600	240	-7.334767663889857	-8.455760666434392	Very Low	Very Large	Medium E	0.14666936077878492	-1.3372906513827554	Spherical	Low Density	9.966608863431789	4428.0	2616.0	4427.0
C-53965-5632-602	240	-7.332766404543639	-8.93606290952661	Low	Very Large	Medium E	0.20313504547022626	-1.3369257774648171	Intermediate	Low Density	10.204367759597035	2243.0	2616.0	2243.0
C-53965-5632-603	240	-7.332439059765573	-9.01462565626249	Low	Very Large	Medium E	0.21237110328482042	-1.3368660952592524	Linear	Low Density	10.527242509791511	1500.0	2616.0	1500.0
C-53965-5632-604	240	-7.33359633922906	-8.73687858502566	Very Low	Very Large	Medium E	0.17971837518707098	-1.337077092945679	Linear	Low Density	9.904491552067856	3224.0	2616.0	3224.0
C-53965-5632-605	240	-7.327610630307949	-10.17344872609213	Low	Very Large	Medium E	0.3486056077353673	-1.335985765592325	Intermediate	Low Density	10.447312739338187	487.0	2616.0	487.0
C-53965-5632-606	240	-7.325335642757192	-10.71944573827393	Medium	Very Large	Low E	0.4127945545406513	-1.335570984958084	Intermediate	Low Density	10.402971594044057	323.0	2616.0	323.0
C-53965-5632-607	240	-7.331744481534274	-9.181324431774083	Low	Very Large	Medium E	0.23196868091820386	-1.3367394582588819	Spherical	Low Density	10.252436782364047	1152.0	2616.0	1152.0
C-53965-5632-608	240	-7.332565120095657	-8.984371177042219	Low	Very Large	Medium E	0.20881430148196214	-1.3368890788503702	Spherical	Low Density	9.993762107058808	1930.0	2616.0	1930.0
C-53965-5632-609	240	-7.333208458450455	-8.829969971890717	Very Low	Very Large	Medium E	0.19066246086189784	-1.337006373686004	Intermediate	Low Density	10.141607234123216	2565.0	2616.0	2565.0
C-53965-5632-61	240	-7.328895204507292	-9.86515091824972	Low	Very Large	Medium E	0.31236124898199263	-1.336219971929391	Spherical	Low Density	10.236578928803139	727.0	2616.0	727.0
C-53965-5632-610	240	-7.334437360382677	-8.535033508157461	Very Low	Very Large	Medium E	0.1559888993604086	-1.3372304297353206	Linear	Low Density	10.226018728765988	4161.0	2616.0	4160.0
C-53965-5632-611	240	-7.333586152654513	-8.739323362916803	Very Low	Very Large	Medium E	0.18000579016280516	-1.3370752357074496	Linear	Low Density	10.318294708874609	3210.0	2616.0	3210.0
C-53965-5632-612	240	-7.333652386515874	-8.723427236190155	Very Low	Very Large	Medium E	0.17813699672602976	-1.3370873116078272	Spherical	Low Density	10.205396430277997	3311.0	2616.0	3311.0
C-53965-5632-613	240	-7.328895198397566	-9.865152384583968	Low	Very Large	Medium E	0.31236142136837813	-1.3362199708154525	Linear	Medium Density	10.92243612107008	722.0	2616.0	722.0
C-53965-5632-614	240	-7.334534185076879	-8.511795581548938	Very Low	Very Large	Medium E	0.1532569832479457	-1.337248083022284	Linear	Low Density	10.394291714147139	4219.0	2616.0	4218.0
C-53965-5632-615	240	-7.333498937125148	-8.76025508996446	Very Low	Very Large	Medium E	0.18246658295843327	-1.3370593343841328	Spherical	Low Density	10.27460550933319	3152.0	2616.0	3152.0
C-53965-5632-616	240	-7.3330520557573795	-8.867506618228951	Very Low	Very Large	Medium E	0.1950753747447488	-1.3369778580098592	Intermediate	Low Density	10.59023200351074	2461.0	2616.0	2461.0
C-53965-5632-617	240	-7.335439199909226	-8.29459202178577	Very Low	Very Large	Medium E	0.12772192090784074	-1.3374130872773768	Spherical	Low Density	10.242813693317165	4951.0	2616.0	4950.0
C-53965-5632-618	240	-7.331830928758279	-9.160577098012938	Low	Very Large	Medium E	0.22952956591677273	-1.336755219503109	Linear	Low Density	10.373594427983992	1199.0	2616.0	1199.0
C-53965-5632-619	240	-7.3355033256234785	-8.279201850365027	Very Low	Very Large	Medium E	0.12591260900209886	-1.3374247788158293	Linear	Low Density	9.95204857248431	5006.0	2616.0	5005.0
C-53965-5632-62	240	-7.32359737627574	-11.1366296938225	Medium	Very Large	Low E	0.46183987554658507	-1.33525406046616	Linear	Low Density	9.989839525751915	166.0	2616.0	166.0
C-53965-5632-620	240	-7.328193635729236	-10.03352742498329	Low	Very Large	Medium E	0.3321560654239159	-1.3360920603974666	Intermediate	Low Density	10.432515898461306	522.0	2616.0	522.0
C-53965-5632-621	240	-7.333129348169984	-8.848956439203857	Very Low	Very Large	Medium E	0.19289456344339923	-1.3369919501291376	Intermediate	Low Density	10.361584223439259	2508.0	2616.0	2508.0
C-53965-5632-623	240	-7.334032501839761	-8.632199558457105	Very Low	Very Large	Medium E	0.16741201394678284	-1.337156615053059	Intermediate	Low Density	10.344414570098943	3583.0	2616.0	3583.0
C-53965-5632-624	240	-7.334640908523839	-8.48618195427857	Very Low	Very Large	Medium E	0.15024577307340958	-1.3372675410711876	Spherical	Low Density	10.429309334742442	4314.0	2616.0	4313.0
C-53965-5632-626	240	-7.334416973848473	-8.539926276366412	Very Low	Very Large	Medium E	0.15656410697379627	-1.3372267128184592	Spherical	Low Density	10.28479780623932	4111.0	2616.0	4110.0
C-53965-5632-627	240	-7.333253919281515	-8.819059372436353	Very Low	Very Large	Medium E	0.18937978005529799	-1.3370146622027186	Linear	Low Density	10.499257617205918	2663.0	2616.0	2663.0
C-53965-5632-628	240	-7.334466466736499	-8.528047983240105	Very Low	Very Large	Medium E	0.15516766137316299	-1.3372357364684915	Intermediate	Low Density	10.58546793689632	4207.0	2616.0	4206.0
C-53965-5632-629	240	-7.33438874658257	-8.546700820183267	Very Low	Very Large	Medium E	0.1573605414285369	-1.3372215663624927	Intermediate	Low Density	10.19140490754966	4004.0	2616.0	4003.0
C-53965-5632-63	240	-7.3347580537451185	-8.458067101171508	Very Low	Very Large	Medium E	0.14694051174363998	-1.337288899240451	Spherical	Low Density	10.189929731147586	4362.0	2616.0	4361.0
C-53965-5632-630	240	-7.333318671107084	-8.803518934299825	Very Low	Very Large	Medium E	0.18755280237113012	-1.337026467895136	Spherical	Low Density	10.509840141178907	2893.0	2616.0	2893.0
C-53965-5632-631	240	-7.333428109349285	-8.777253756171541	Very Low	Very Large	Medium E	0.18446499404235037	-1.3370464209113604	Linear	Low Density	10.132748379679422	3105.0	2616.0	3105.0
C-53965-5632-632	240	-7.336054398646575	-8.146944324822035	Very Low	Very Large	Medium E	0.11036404173472478	-1.3375252516372993	Spherical	Low Density	10.470239751189563	5082.0	2616.0	5081.0
C-53965-5632-633	240	-7.332766297194366	-8.936088673351959	Low	Very Large	Medium E	0.20313807433811834	-1.3369257578926663	Intermediate	Low Density	10.272001444242607	2151.0	2616.0	2151.0
C-53965-5632-634	240	-7.334003959831471	-8.639049640447038	Very Low	Very Large	Medium E	0.16821732888191038	-1.337151411212582	Linear	Low Density	10.148818861514746	3556.0	2616.0	3556.0
C-53965-5632-635	240	-7.333983998325189	-8.643840401954693	Very Low	Very Large	Medium E	0.16878054430016617	-1.3371477717877274	Linear	Low Density	10.335430454735372	3549.0	2616.0	3549.0
C-53965-5632-636	240	-7.337913108353734	-7.700853995103682	Very Low	Very Large	Medium E	0.05792040595323406	-1.3378641355977627	Intermediate	Low Density	10.227881228100797	5213.0	2616.0	5212.0
C-53965-5632-637	240	-7.327610663946644	-10.17344065280538	Low	Very Large	Medium E	0.3486046586170181	-1.3359857717254044	Intermediate	Low Density	10.444007275714938	494.0	2616.0	494.0
C-53965-5632-638	240	-7.323597392746222	-11.13662574090679	Medium	Very Large	Low E	0.46183941083068625	-1.3352540634690937	Linear	Low Density	10.371800174325553	171.0	2616.0	171.0
C-53965-5632-639	240	-7.332766303785887	-8.936087091387208	Low	Very Large	Medium E	0.20313788835787397	-1.3369257590944466	Spherical	Low Density	10.373905660853502	2157.0	2616.0	2157.0
C-53965-5632-640	240	-7.33325394301977	-8.819053675255303	Very Low	Very Large	Medium E	0.1893791102786297	-1.3370146665307285	Linear	Low Density	10.496570486501591	2681.0	2616.0	2681.0
C-53965-5632-641	240	-7.333600269663598	-8.735935280736479	Very Low	Very Large	Medium E	0.1796074776775937	-1.3370778095509765	Intermediate	Low Density	10.367388724104845	3237.0	2616.0	3237.0
C-53965-5632-643	240	-7.334082655321144	-8.620162722925139	Very Low	Very Large	Medium E	0.16599692965435753	-1.337165759143896	Linear	Low Density	10.68395523989226	3694.0	2616.0	3693.0
C-53965-5632-644	240	-7.333510847767457	-8.75739653581027	Very Low	Very Large	Medium E	0.18213052327963328	-1.3370615059581132	Linear	Low Density	10.438266628126362	3158.0	2616.0	3158.0
C-53965-5632-645	240	-7.3347676234516195	-8.455770371611447	Very Low	Very Large	Medium E	0.14667050174673632	-1.3372906440099688	Intermediate	Low Density	10.39165168312888	4411.0	2616.0	4410.0
C-53965-5632-646	240	-7.334784484313266	-8.451723764816105	Very Low	Very Large	Medium E	0.14619477125275895	-1.3372937181186095	Linear	Low Density	10.385199961081804	4467.0	2616.0	4466.0
C-53965-5632-647	240	-7.332158586139664	-9.081939326480764	Low	Very Large	Medium E	0.2202846879757715	-1.3368149587031848	Intermediate	Low Density	10.381902005208058	1407.0	2616.0	1407.0
C-53965-5632-648	240	-7.333655088546697	-8.722778748792592	Very Low	Very Large	Medium E	0.17806075872081004	-1.3370878042479113	Linear	Low Density	10.341699232301506	3320.0	2616.0	3320.0
C-53965-5632-649	240	-7.331570088918219	-9.223178659627424	Low	Very Large	Medium E	0.23688918184644056	-1.3367076626212	Intermediate	Low Density	10.22250089451358	1129.0	2616.0	1129.0
C-53965-5632-65	240	-7.334565773906592	-8.504214262418007	Very Low	Very Large	Medium E	0.1523657020146014	-1.3372538423658102	Linear	Low Density	10.13720769139552	4228.0	2616.0	4227.0
C-53965-5632-650	240	-7.332565035081909	-8.98439158034191	Low	Very Large	Medium E	0.20881670015133022	-1.3368890633504804	Spherical	Low Density	10.474395193865659	1712.0	2616.0	1712.0
C-53965-5632-653	240	-7.333600017149735	-8.735995884063415	Very Low	Very Large	Medium E	0.17961460237545154	-1.3370777635121047	Spherical	Low Density	10.602439608753448	3225.0	2616.0	3225.0
C-53965-5632-655	240	-7.331570084561661	-9.22317970520142	Low	Very Large	Medium E	0.23688930476704975	-1.336707661826903	Linear	Low Density	10.564832076025779	1127.0	2616.0	1127.0
C-53965-5632-656	240	-7.323597390399599	-11.13662630409602	Medium	Very Large	Low E	0.46183947704081724	-1.3352540630412526	Intermediate	Low Density	10.437369888997122	170.0	2616.0	170.0
C-53965-5632-657	240	-7.32853915140879	-9.950603661890383	Low	Very Large	Medium E	0.32240731424157304	-1.33615505556096	Linear	Low Density	10.406757022749748	550.0	2616.0	550.0
C-53965-5632-658	240	-7.333253903668834	-8.81906311947984	Very Low	Very Large	Medium E	0.189380220568278	-1.337014659356181	Intermediate	Low Density	10.501948484983805	2657.0	2616.0	2657.0
C-53965-5632-659	240	-7.334316222544115	-8.564106589412502	Very Low	Very Large	Medium E	0.15940681269051588	-1.337208343623468	Linear	Low Density	10.624244415162892	3831.0	2616.0	3830.0
C-53965-5632-66	240	-7.325692813039763	-10.63372487045686	Medium	Very Large	Low E	0.4027169678476091	-1.3356361050139223	Intermediate	Low Density	10.430320398130778	336.0	2616.0	336.0
C-53965-5632-660	240	-7.333920478599367	-8.659085136151893	Very Low	Very Large	Medium E	0.17057275819622947	-1.3371361907343917	Intermediate	Low Density	10.287795335947385	3484.0	2616.0	3484.0
C-53965-5632-661	240	-7.333251378427138	-8.819669177486647	Very Low	Very Large	Medium E	0.18945147045482136	-1.3370141989486717	Spherical	Low Density	10.197398343553779	2595.0	2616.0	2595.0
C-53965-5632-662	240	-7.327610563060685	-10.17346486543567	Low	Very Large	Medium E	0.3486075051220298	-1.3359857533316588	Intermediate	Low Density	10.453331112731492	459.0	2616.0	459.0
C-53965-5632-663	240	-7.332621205577274	-8.97091066145402	Low	Very Large	Medium E	0.20723184535165223	-1.3368993044762771	Intermediate	Low Density	10.42055575639481	2036.0	2616.0	2036.0
C-53965-5632-664	240	-7.328895174089655	-9.865158218482634	Low	Very Large	Medium E	0.3123621072179429	-1.3362199663835816	Intermediate	Low Density	10.538078261710623	696.0	2616.0	696.0
C-53965-5632-665	240	-7.332579629465298	-8.98088892832858	Low	Very Large	Medium E	0.20840491851380208	-1.3368917242299196	Spherical	Low Density	10.334946801489606	1958.0	2616.0	1958.0
C-53965-5632-666	240	-7.334507904829183	-8.518102840996209	Very Low	Very Large	Medium E	0.15399848243586114	-1.3372432915508738	Spherical	Low Density	10.52000113104177	4214.0	2616.0	4213.0
C-53965-5632-668	240	-7.335224347833105	-8.346156520054882	Very Low	Very Large	Medium E	0.1337839885796278	-1.337373914983721	Linear	Low Density	10.2021453141126	4840.0	2616.0	4839.0
C-53965-5632-669	240	-7.328596169259199	-9.9369193777922	Low	Very Large	Medium E	0.32079855125487194	-1.336165451178355	Spherical	Low Density	10.740673808656503	567.0	2616.0	567.0
C-53965-5632-67	240	-7.325809760763789	-10.60565741669061	Low	Very Large	Low E	0.39941727891786283	-1.3356574271750605	Intermediate	Low Density	10.408496520476968	342.0	2616.0	342.0
C-53965-5632-670	240	-7.331971775508937	-9.126773877854871	Low	Very Large	Medium E	0.2255555641325956	-1.3367808989862997	Spherical	Low Density	10.26147357143789	1297.0	2616.0	1297.0
C-53965-5632-671	240	-7.334891507232397	-8.426038264224616	Very Low	Very Large	Medium E	0.14317511144812267	-1.3373132307679254	Spherical	Low Density	10.287264428589058	4522.0	2616.0	4521.0
C-53965-5632-672	240	-7.329634597461203	-9.687696609311484	Low	Very Large	Medium E	0.2914992205410094	-1.336354779646591	Linear	Low Density	9.762281565842132	833.0	2616.0	833.0
C-53965-5632-673	240	-7.328525293473803	-9.953929566287185	Low	Very Large	Medium E	0.32279831693139643	-1.3361525289523812	Spherical	Low Density	10.250802940368578	549.0	2616.0	549.0
C-53965-5632-674	240	-7.332132831117843	-9.088120531717822	Low	Very Large	Medium E	0.22101136787566267	-1.3368102629920884	Linear	Low Density	10.556005583543698	1377.0	2616.0	1377.0
C-53965-5632-675	240	-7.333321934165406	-8.802735800302468	Very Low	Very Large	Medium E	0.18746073493234466	-1.3370270628229632	Linear	Low Density	10.349213532181782	2944.0	2616.0	2944.0
C-53965-5632-676	240	-7.3339353613578115	-8.655513274125179	Very Low	Very Large	Medium E	0.17015284003457648	-1.3371389041909927	Linear	Low Density	10.738362219943506	3496.0	2616.0	3496.0
C-53965-5632-677	240	-7.33179100825125	-9.17015801969978	Low	Very Large	Medium E	0.2306559260593892	-1.3367479411102143	Spherical	Low Density	10.345897761146032	1175.0	2616.0	1175.0
C-53965-5632-678	240	-7.335013615282023	-8.396732332314565	Very Low	Very Large	Medium E	0.13972982353905405	-1.3373354937707504	Linear	Low Density	10.516457971386842	4562.0	2616.0	4561.0
C-53965-5632-679	240	-7.32892308216282	-9.85846028092294	Low	Very Large	Medium E	0.31157467881058676	-1.33622505464364	Linear	Low Density	10.128464713468096	792.0	2616.0	792.0
C-53965-5632-68	240	-7.332565055604742	-8.984386654861993	Low	Very Large	Medium E	0.20881612109803	-1.3368890670922475	Spherical	Low Density	10.451536904056585	1792.0	2616.0	1792.0
C-53965-5632-680	240	-7.332766390530261	-8.936066272737413	Low	Very Large	Medium E	0.20313544085875293	-1.336925774909868	Linear	Low Density	10.353968927147452	2220.0	2616.0	2220.0
C-53965-5632-681	240	-7.333262886122795	-8.816907330529128	Very Low	Very Large	Medium E	0.18912677994646138	-1.3370162970565498	Linear	Low Density	10.471148837339134	2756.0	2616.0	2756.0
C-53965-5632-682	240	-7.327610671962999	-10.17343872888023	Low	Very Large	Medium E	0.3486044324349607	-1.3359857731869635	Linear	Low Density	9.955480025337504	496.0	2616.0	496.0
C-53965-5632-683	240	-7.334653010053701	-8.483277587111575	Very Low	Very Large	Medium E	0.14990432748775914	-1.3372697474481985	Intermediate	Low Density	10.399839737623369	4327.0	2616.0	4326.0
C-53965-5632-684	240	-7.333562504634393	-8.744998887745723	Very Low	Very Large	Medium E	0.18067302084944264	-1.3370709241494452	Intermediate	Low Density	9.93616897451003	3190.0	2616.0	3190.0
C-53965-5632-685	240	-7.333615515901769	-8.732276183575369	Very Low	Very Large	Medium E	0.17917730390778733	-1.337080589277985	Linear	Low Density	10.150147770216568	3251.0	2616.0	3251.0
C-53965-5632-686	240	-7.3334953464137405	-8.761116860702334	Very Low	Very Large	Medium E	0.18256789515393995	-1.337058679717889	Spherical	Low Density	10.221929399135243	3151.0	2616.0	3151.0
C-53965-5632-687	240	-7.329654506044151	-9.682918549403638	Low	Very Large	Medium E	0.29093749835865285	-1.3363584094223495	Spherical	Low Density	10.246659880406774	834.0	2616.0	834.0
C-53965-5632-688	240	-7.335459037312686	-8.289831044955438	Very Low	Very Large	Medium E	0.12716220706018014	-1.3374167040755374	Linear	Low Density	10.241180340504396	4956.0	2616.0	4955.0
C-53965-5632-689	240	-7.3325650417991985	-8.984389968192275	Low	Very Large	Medium E	0.20881651062248652	-1.3368890645751912	Linear	Low Density	10.774863639113454	1737.0	2616.0	1737.0
C-53965-5632-69	240	-7.331613201033888	-9.212831751866842	Low	Very Large	Medium E	0.2356727702232438	-1.3367155229150618	Intermediate	Low Density	10.390303805125315	1141.0	2616.0	1141.0
C-53965-5632-690	240	-7.329728687765248	-9.66511493634062	Low	Very Large	Medium E	0.2888444554548332	-1.3363719343936467	Intermediate	Low Density	10.143497067942558	859.0	2616.0	859.0
C-53965-5632-691	240	-7.33276613347924	-8.93612796498251	Low	Very Large	Medium E	0.20314269357287468	-1.3369257280437716	Linear	Low Density	10.338833074859034	2142.0	2616.0	2142.0
C-53965-5632-693	240	-7.333271727864708	-8.814785312470036	Very Low	Very Large	Medium E	0.18887730952578985	-1.3370179091019947	Linear	Low Density	10.649955630135997	2806.0	2616.0	2806.0
C-53965-5632-694	240	-7.335050164866916	-8.387960431940039	Very Low	Very Large	Medium E	0.13869857422091195	-1.337342157569855	Spherical	Low Density	10.33961416914524	4608.0	2616.0	4607.0
C-53965-5632-695	240	-7.334372709020444	-8.55054983509335	Very Low	Very Large	Medium E	0.15781304246389993	-1.337218642359595	Linear	Low Density	9.962659605028298	3922.0	2616.0	3921.0
C-53965-5632-697	240	-7.332132889705832	-9.08810647060016	Low	Very Large	Medium E	0.22100971481108006	-1.336810273673977	Intermediate	Low Density	10.058108233024981	1397.0	2616.0	1397.0
C-53965-5632-7	240	-7.334767543155555	-8.455789642666831	Very Low	Very Large	Medium E	0.14667276730631593	-1.3372906293702171	Spherical	Low Density	10.341752665504329	4383.0	2616.0	4382.0
C-53965-5632-700	240	-7.3332633939599	-8.816785449623836	Very Low	Very Large	Medium E	0.18911245128391738	-1.3370163896465055	Intermediate	Low Density	10.120764028131036	2762.0	2616.0	2762.0
C-53965-5632-701	240	-7.323597497847549	-11.13660051658799	Medium	Very Large	Low E	0.4618364453887317	-1.3352540826313943	Intermediate	Low Density	10.410048980881019	235.0	2616.0	235.0
C-53965-5632-702	240	-7.33256501881178	-8.984395485172708	Low	Very Large	Medium E	0.20881715921423946	-1.3368890603840755	Spherical	Low Density	10.721003435770974	1645.0	2616.0	1645.0
C-53965-5632-703	240	-7.328928011439708	-9.857277254469995	Low	Very Large	Medium E	0.31143559888821665	-1.336225953360028	Linear	Low Density	10.53756182523605	793.0	2616.0	793.0
C-53965-5632-704	240	-7.328895137172982	-9.86516707848435	Low	Very Large	Medium E	0.3123631488246876	-1.3362199596528543	Spherical	Low Density	9.991946299146669	645.0	2616.0	645.0
C-53965-5632-705	240	-7.326843005766216	-10.35767861610815	Low	Very Large	Low E	0.3702641925743595	-1.3358458106311768	Intermediate	Low Density	10.389204024966459	422.0	2616.0	422.0
C-53965-5632-706	240	-7.33256503505836	-8.984391585993595	Low	Very Large	Medium E	0.20881670081574658	-1.336889063346187	Spherical	Low Density	10.382325643157163	1711.0	2616.0	1711.0
C-53965-5632-707	240	-7.325983252837919	-10.56401931889917	Low	Very Large	Low E	0.39452218684855855	-1.3356890586239971	Spherical	Low Density	10.395018958876589	347.0	2616.0	347.0
C-53965-5632-708	240	-7.334437339356455	-8.535038554450743	Very Low	Very Large	Medium E	0.15598949261685202	-1.3372304259017744	Spherical	Low Density	9.921468118887393	4160.0	2616.0	4159.0
C-53965-5632-709	240	-7.339824482943024	-7.242124093674266	Very Low	Very Large	High E	0.0039908265161487004	-1.3382126215330612	Spherical	Low Density	9.978845041882293	5231.0	2616.0	5230.0
C-53965-5632-71	240	-7.328730100425586	-9.904775897859304	Low	Very Large	Medium E	0.3170196732069648	-1.3361898697973142	Intermediate	Low Density	9.857359816553792	587.0	2616.0	587.0
C-53965-5632-710	240	-7.334640853924407	-8.486195058142298	Very Low	Very Large	Medium E	0.15024731360052682	-1.3372675311165017	Intermediate	Low Density	10.363420334162651	4294.0	2616.0	4293.0
C-53965-5632-711	240	-7.334437399122281	-8.535024210652415	Very Low	Very Large	Medium E	0.1559878063195231	-1.3372304367984087	Intermediate	Low Density	10.262676488076908	4163.0	2616.0	4162.0
C-53965-5632-712	240	-7.333321884704706	-8.802747670870554	Very Low	Very Large	Medium E	0.18746213046976967	-1.3370270538051818	Spherical	Low Density	10.676356621634964	2918.0	2616.0	2918.0
C-53965-5632-713	240	-7.331794886384036	-9.16922726783123	Low	Very Large	Medium E	0.23054650424783063	-1.3367486481797437	Spherical	Low Density	10.00985666819757	1178.0	2616.0	1178.0
C-53965-5632-714	240	-7.333271812689941	-8.814764954414118	Very Low	Very Large	Medium E	0.18887491617538632	-1.337017924567514	Linear	Low Density	10.594150739965794	2807.0	2616.0	2807.0
C-53965-5632-715	240	-7.332486515672989	-9.00323623848257	Low	Very Large	Medium E	0.21103213124705253	-1.3368747475225888	Spherical	Low Density	10.280006887955274	1516.0	2616.0	1516.0
C-53965-5632-716	240	-7.334075959209747	-8.621769789660569	Very Low	Very Large	Medium E	0.16618586094680182	-1.3371645382944317	Spherical	Low Density	10.577697039399638	3673.0	2616.0	3672.0
C-53965-5632-717	240	-7.336763260441003	-7.976817494159211	Very Low	Very Large	Medium E	0.090363452281074	-1.3376544928476892	Spherical	Low Density	10.460494201509823	5169.0	2616.0	5168.0
C-53965-5632-718	240	-7.333372893738385	-8.790505502787529	Very Low	Very Large	Medium E	0.18602290670418897	-1.337036353882158	Spherical	Low Density	10.517427243368466	3012.0	2616.0	3012.0
C-53965-5632-719	240	-7.332013217219053	-9.116827867427295	Low	Very Large	Medium E	0.22438628312915845	-1.3367884547282203	Linear	Low Density	10.4648292049668	1314.0	2616.0	1314.0
C-53965-5632-72	240	-7.3358545547778995	-8.194906853304063	Very Low	Very Large	Medium E	0.11600265169174108	-1.3374888156723768	Linear	Low Density	10.449166692746903	5073.0	2616.0	5072.0
C-53965-5632-720	240	-7.334640899731037	-8.486184064551185	Very Low	Very Large	Medium E	0.15024602116298807	-1.337267539468065	Linear	Low Density	10.451247558726994	4311.0	2616.0	4310.0
C-53965-5632-721	240	-7.329589732669963	-9.698464159208717	Low	Very Large	Medium E	0.2927650840387419	-1.3363465998011412	Linear	Low Density	10.146032250931276	827.0	2616.0	827.0
C-53965-5632-722	240	-7.329150722266155	-9.803826656122812	Low	Very Large	Medium E	0.3051517959781817	-1.3362665584779836	Intermediate	Low Density	10.579459625801933	808.0	2616.0	808.0
C-53965-5632-723	240	-7.332132793787644	-9.088129490965349	Low	Very Large	Medium E	0.22101242115005273	-1.3368102561859663	Spherical	Low Density	10.279177848701861	1365.0	2616.0	1365.0
C-53965-5632-724	240	-7.332840111401899	-8.918373263543991	Low	Very Large	Medium E	0.20105540085745233	-1.3369392158580986	Spherical	Low Density	10.064209803893945	2362.0	2616.0	2362.0
C-53965-5632-725	240	-7.334082794438995	-8.620129334641184	Very Low	Very Large	Medium E	0.16599300443359571	-1.3371657845081624	Intermediate	Low Density	10.443272582931593	3757.0	2616.0	3756.0
C-53965-5632-726	240	-7.335151795251865	-8.363569139552224	Very Low	Very Large	Medium E	0.13583106517845756	-1.3373606870407142	Linear	Low Density	10.48999618739674	4753.0	2616.0	4752.0
C-53965-5632-727	240	-7.335503250824074	-8.279219802222363	Very Low	Very Large	Medium E	0.12591471947299795	-1.3374247651782407	Linear	Low Density	10.379438645484804	4973.0	2616.0	4972.0
C-53965-5632-728	240	-7.332766394518046	-8.936065315668975	Low	Very Large	Medium E	0.20313532834308978	-1.3369257756369295	Linear	Low Density	10.07228430166858	2223.0	2616.0	2223.0
C-53965-5632-729	240	-7.332049214462189	-9.108188529074516	Low	Very Large	Medium E	0.22337061817573858	-1.3367950178231847	Intermediate	Low Density	10.284999966289313	1326.0	2616.0	1326.0
C-53965-5632-73	240	-7.333282400132167	-8.81222396827969	Very Low	Very Large	Medium E	0.1885761906875808	-1.3370198548928032	Intermediate	Low Density	10.447368085194423	2854.0	2616.0	2854.0
C-53965-5632-730	240	-7.328922972157278	-9.858486682253172	Low	Very Large	Medium E	0.3115777826253353	-1.3362250345871924	Linear	Low Density	10.221535424663992	786.0	2616.0	786.0
C-53965-5632-731	240	-7.332640211872929	-8.96634915049704	Low	Very Large	Medium E	0.20669558127392731	-1.336902769745071	Intermediate	Low Density	10.578860244854353	2053.0	2616.0	2053.0
C-53965-5632-733	240	-7.333314915878822	-8.804420189082439	Very Low	Very Large	Medium E	0.18765875642219762	-1.3370257832338246	Linear	Low Density	10.178730089143773	2891.0	2616.0	2891.0
C-53965-5632-734	240	-7.332132801402048	-9.08812766350834	Low	Very Large	Medium E	0.2210122063090585	-1.3368102575742409	Intermediate	Low Density	10.237945320884961	1366.0	2616.0	1366.0
C-53965-5632-735	240	-7.3346227224963165	-8.490546600884082	Very Low	Very Large	Medium E	0.15075889322337657	-1.3372642253554479	Intermediate	Low Density	10.396813517298948	4250.0	2616.0	4249.0
C-53965-5632-736	240	-7.336109934379949	-8.133615748812232	Very Low	Very Large	Medium E	0.10879709679292156	-1.3375353770319214	Intermediate	Low Density	10.517732222989071	5092.0	2616.0	5091.0
C-53965-5632-737	240	-7.329755571579414	-9.65866282094056	Low	Very Large	Medium E	0.2880859265930615	-1.3363768359085963	Intermediate	Low Density	10.528828108197215	874.0	2616.0	874.0
C-53965-5632-738	240	-7.33359009911835	-8.738376211596117	Very Low	Very Large	Medium E	0.17989444038544347	-1.3370759552352431	Spherical	Low Density	10.210459373216693	3218.0	2616.0	3218.0
C-53965-5632-74	240	-7.332565005674557	-8.984398638106393	Low	Very Large	Medium E	0.20881752988200702	-1.3368890579888686	Linear	Low Density	10.061884645303099	1612.0	2616.0	1612.0
C-53965-5632-740	240	-7.334399308631463	-8.544165928448853	Very Low	Very Large	Medium E	0.15706253241554716	-1.3372234920580146	Intermediate	Low Density	10.471548578283521	4050.0	2616.0	4049.0
C-53965-5632-741	240	-7.334233864649591	-8.583872484097954	Very Low	Very Large	Medium E	0.1617305469495537	-1.3371933279546069	Spherical	Low Density	10.227086738539484	3806.0	2616.0	3805.0
C-53965-5632-742	240	-7.324341935240737	-10.95793554222308	Medium	Very Large	Low E	0.44083208770981336	-1.3353898100616375	Intermediate	Medium Density	10.813545094625177	305.0	2616.0	305.0
C-53965-5632-743	240	-7.332747043916758	-8.940709459978029	Low	Very Large	Medium E	0.20368130703046355	-1.3369222475935902	Spherical	Low Density	10.459525657171357	2126.0	2616.0	2126.0
C-53965-5632-744	240	-7.332847936930431	-8.916495136696447	Low	Very Large	Medium E	0.20083460297463013	-1.3369406426253292	Intermediate	Low Density	10.334862190524593	2366.0	2616.0	2366.0
C-53965-5632-745	240	-7.332766420566566	-8.936059064024139	Low	Very Large	Medium E	0.2031345933821225	-1.3369257803861518	Intermediate	Low Density	10.534143226756342	2261.0	2616.0	2261.0
C-53965-5632-746	240	-7.335357803708699	-8.3141271099122	Very Low	Very Large	Medium E	0.13001852089761198	-1.3373982469466383	Linear	Low Density	10.540347909698486	4930.0	2616.0	4929.0
C-53965-5632-747	240	-7.332766434794842	-8.936055649237908	Low	Very Large	Medium E	0.20313419193022333	-1.3369257829802819	Intermediate	Low Density	10.478514324208678	2279.0	2616.0	2279.0
C-53965-5632-748	240	-7.305622618933047	-15.45057145606838	Very High	Very Large	Very Low E	0.9689990213292929	-1.3319768639608642	Linear	Low Density	10.263429546842348	2.0	2616.0	2.0
C-53965-5632-75	240	-7.332564998477169	-8.984400365479368	Low	Very Large	Medium E	0.20881773295684497	-1.3368890566766254	Linear	Low Density	10.3697527314924	1596.0	2616.0	1596.0
C-53965-5632-750	240	-7.334408611575	-8.541933221999976	Very Low	Very Large	Medium E	0.15680004915595777	-1.3372251881907338	Intermediate	Medium Density	10.850505841661645	4082.0	2616.0	4081.0
C-53965-5632-751	240	-7.334622743587607	-8.490541538974206	Very Low	Very Large	Medium E	0.1507582981310109	-1.3372642292008574	Intermediate	Medium Density	10.821754431394295	4252.0	2616.0	4251.0
C-53965-5632-752	240	-7.329500923734999	-9.719778303600236	Low	Very Large	Medium E	0.29527083489454586	-1.3363304079646812	Linear	Low Density	10.464598758278091	822.0	2616.0	822.0
C-53965-5632-753	240	-7.3339283845070335	-8.657187718311853	Very Low	Very Large	Medium E	0.170349692410014	-1.3371376321565196	Spherical	Low Density	10.227239298318773	3493.0	2616.0	3493.0
C-53965-5632-755	240	-7.3340827025632755	-8.620151384813866	Very Low	Very Large	Medium E	0.16599559671400982	-1.3371657677571833	Intermediate	Medium Density	10.976874277348529	3722.0	2616.0	3721.0
C-53965-5632-757	240	-7.335135600274989	-8.367455934002733	Very Low	Very Large	Medium E	0.13628800768298258	-1.3373577343376202	Linear	Low Density	10.440213794397007	4731.0	2616.0	4730.0
C-53965-5632-759	240	-7.335109491491272	-8.37372204209466	Very Low	Very Large	Medium E	0.13702466900168667	-1.3373529741278924	Intermediate	Low Density	10.446238885796268	4655.0	2616.0	4654.0
C-53965-5632-760	240	-7.334640970197446	-8.486167152612735	Very Low	Very Large	Medium E	0.15024403294788086	-1.3372675523156528	Spherical	Low Density	10.02838493978385	4319.0	2616.0	4318.0
C-53965-5632-761	240	-7.329728800411712	-9.665087901189036	Low	Very Large	Medium E	0.2888412771262654	-1.3363719549315929	Intermediate	Low Density	10.414230725943705	871.0	2616.0	871.0
C-53965-5632-762	240	-7.333840400512918	-8.678303876899417	Very Low	Very Large	Medium E	0.1728321674970103	-1.3371215907250533	Intermediate	Low Density	10.243542541694627	3420.0	2616.0	3420.0
C-53965-5632-763	240	-7.332565030149294	-8.984392764169282	Low	Very Large	Medium E	0.2088168393254184	-1.3368890624511556	Linear	Low Density	10.29666023247341	1687.0	2616.0	1687.0
C-53965-5632-764	240	-7.334032582517882	-8.632180195708107	Very Low	Very Large	Medium E	0.16740973760748457	-1.3371566297624677	Intermediate	Medium Density	10.824162152832407	3594.0	2616.0	3594.0
C-53965-5632-765	240	-7.32761075410295	-10.17341901529196	Low	Very Large	Medium E	0.3486021148499992	-1.3359857881628965	Spherical	Low Density	10.16001873485046	502.0	2616.0	502.0
C-53965-5632-766	240	-7.334599758268409	-8.49605801558184	Very Low	Very Large	Medium E	0.15140683066070537	-1.3372600384679139	Spherical	Low Density	10.28031051540332	4245.0	2616.0	4244.0
C-53965-5632-767	240	-7.33511638844764	-8.372066772566363	Very Low	Very Large	Medium E	0.13683007085311058	-1.3373542315958447	Linear	Low Density	10.216228869042224	4701.0	2616.0	4700.0
C-53965-5632-769	240	-7.334790785418762	-8.450211499497073	Very Low	Very Large	Medium E	0.1460169850818564	-1.3372948669497464	Intermediate	Low Density	9.523424456060033	4481.0	2616.0	4480.0
C-53965-5632-77	240	-7.328895163521079	-9.865160754941142	Low	Very Large	Medium E	0.31236240541112537	-1.336219964456696	Spherical	Medium Density	10.812835242673792	684.0	2616.0	684.0
C-53965-5632-770	240	-7.333308733302144	-8.805904007485443	Very Low	Very Large	Medium E	0.1878331982934873	-1.3370246560131174	Linear	Low Density	9.958403581385403	2889.0	2616.0	2889.0
C-53965-5632-771	240	-7.334902221457588	-8.42346685017881	Very Low	Very Large	Medium E	0.14287280876932723	-1.3373151842085578	Spherical	Low Density	10.392230348465613	4528.0	2616.0	4527.0
C-53965-5632-772	240	-7.332480932318755	-9.004576243498809	Low	Very Large	Medium E	0.21118966601149822	-1.3368737295534094	Spherical	Low Density	10.264497044145678	1515.0	2616.0	1515.0
C-53965-5632-773	240	-7.335232339245824	-8.34423858100211	Very Low	Very Large	Medium E	0.13355851026184268	-1.3373753719953143	Linear	Low Density	10.338079336032205	4849.0	2616.0	4848.0
C-53965-5632-774	240	-7.3224731571000445	-11.40644229598942	Medium	Very Large	Low E	0.4935598051093576	-1.3350490904026686	Spherical	Low Density	10.423098808648204	75.0	2616.0	75.0
C-53965-5632-776	240	-7.33254445987971	-8.989329628869614	Low	Very Large	Medium E	0.20939723104654911	-1.3368853120352633	Intermediate	Low Density	10.45615698792037	1542.0	2616.0	1542.0
C-53965-5632-777	240	-7.334573438089676	-8.502374858477667	Very Low	Very Large	Medium E	0.15214945650584635	-1.3372552397161912	Spherical	Low Density	10.25524692353684	4239.0	2616.0	4238.0
C-53965-5632-778	240	-7.324255627648735	-10.97864936430361	Medium	Very Large	Low E	0.44326726298366215	-1.335374074275418	Intermediate	Low Density	10.676482753545919	302.0	2616.0	302.0
C-53965-5632-779	240	-7.33366106594686	-8.72134417275362	Very Low	Very Large	Medium E	0.17789210592052102	-1.337088894060394	Intermediate	Low Density	10.163811134602197	3338.0	2616.0	3338.0
C-53965-5632-780	240	-7.3347675698263295	-8.455783241680843	Very Low	Very Large	Medium E	0.14667201478837263	-1.3372906342328903	Intermediate	Low Density	10.421278953394632	4388.0	2616.0	4387.0
C-53965-5632-781	240	-7.322473234399504	-11.40642374411923	Medium	Very Large	Low E	0.4935576240992338	-1.3350491044960726	Spherical	Low Density	10.58534048008927	100.0	2616.0	100.0
C-53965-5632-783	240	-7.333656250914602	-8.722499780495255	Very Low	Very Large	Medium E	0.17802796242194682	-1.3370880161733334	Linear	Low Density	10.42893621586289	3322.0	2616.0	3322.0
C-53965-5632-784	240	-7.33125719548483	-9.298273083640565	Low	Very Large	Medium E	0.24571749387163383	-1.3366506152159483	Intermediate	Low Density	10.055946810780709	1088.0	2616.0	1088.0
C-53965-5632-785	240	-7.333372958037427	-8.79049007101756	Very Low	Very Large	Medium E	0.18602109250183763	-1.3370363656052977	Linear	Low Density	10.4483051988051	3064.0	2616.0	3064.0
C-53965-5632-786	240	-7.33504076498003	-8.390216404792977	Very Low	Very Large	Medium E	0.13896379274447773	-1.3373404437622152	Intermediate	Low Density	10.248908893255587	4586.0	2616.0	4585.0
C-53965-5632-787	240	-7.332565120789582	-8.984371010500398	Low	Very Large	Medium E	0.2088142819028178	-1.3368890789768881	Intermediate	Low Density	10.492985860264985	1932.0	2616.0	1932.0
C-53965-5632-788	240	-7.33325281020988	-8.819325549628841	Very Low	Very Large	Medium E	0.1894110725958345	-1.3370144599943876	Intermediate	Low Density	10.162231127057018	2647.0	2616.0	2647.0
C-53965-5632-789	240	-7.331975905182195	-9.125782756273225	Low	Very Large	Medium E	0.2254390450874844	-1.33678165191723	Intermediate	Low Density	10.177834785375047	1299.0	2616.0	1299.0
C-53965-5632-79	240	-7.333536249692298	-8.751300073848476	Very Low	Very Large	Medium E	0.18141380603789606	-1.337066137291807	Linear	Low Density	9.932868503809862	3176.0	2616.0	3176.0
C-53965-5632-791	240	-7.332651921932247	-8.963538736260686	Low	Very Large	Medium E	0.20636518105945487	-1.3369049047483283	Linear	Low Density	10.367117736362687	2064.0	2616.0	2064.0
C-53965-5632-792	240	-7.330726715604573	-9.42558825490224	Low	Very Large	Medium E	0.2606850240472392	-1.3365538969806718	Linear	Low Density	10.181473100387446	1018.0	2616.0	1018.0
C-53965-5632-793	240	-7.333658277912152	-8.722013301083546	Very Low	Very Large	Medium E	0.17797077053189567	-1.337088385739896	Intermediate	Low Density	10.306208690964036	3337.0	2616.0	3337.0
C-53965-5632-794	240	-7.333263348958504	-8.816796249958973	Very Low	Very Large	Medium E	0.1891137210017147	-1.3370163814417542	Spherical	Low Density	10.047795702849209	2761.0	2616.0	2761.0
C-53965-5632-795	240	-7.332100127187131	-9.095969475088523	Low	Very Large	Medium E	0.2219341117685233	-1.3368043003409442	Linear	Low Density	10.490205610771103	1351.0	2616.0	1351.0
C-53965-5632-796	240	-7.331584861380167	-9.219633268759711	Low	Very Large	Medium E	0.23647237570882332	-1.336710355968306	Spherical	Low Density	10.165010851662029	1138.0	2616.0	1138.0
C-53965-5632-797	240	-7.33221197215394	-9.069126683054412	Low	Very Large	Medium E	0.2187783975218453	-1.3368246921563869	Spherical	Low Density	10.37140366920118	1434.0	2616.0	1434.0
C-53965-5632-798	240	-7.331837019224239	-9.15911538618258	Low	Very Large	Medium E	0.229357722956403	-1.3367563299299914	Intermediate	Low Density	10.342239356692376	1216.0	2616.0	1216.0
C-53965-5632-799	240	-7.335113845277426	-8.372677133417648	Very Low	Very Large	Medium E	0.13690182659415953	-1.337353767919569	Intermediate	Low Density	10.307606322404173	4674.0	2616.0	4673.0
C-53965-5632-80	240	-7.333372905007008	-8.790502798318029	Very Low	Very Large	Medium E	0.18602258875914848	-1.3370363559366774	Spherical	Low Density	10.272204747746349	3034.0	2616.0	3034.0
C-53965-5632-800	240	-7.333253928134467	-8.819057247727962	Very Low	Very Large	Medium E	0.18937953026857965	-1.337014663816808	Linear	Low Density	10.353849021746177	2670.0	2616.0	2670.0
C-53965-5632-801	240	-7.332132846517798	-9.088116835728457	Low	Very Large	Medium E	0.22101093336475833	-1.3368102657998415	Intermediate	Low Density	10.28046096920598	1384.0	2616.0	1384.0
C-53965-5632-802	240	-7.334388419227404	-8.546779385423235	Very Low	Very Large	Medium E	0.15736977777945024	-1.337221506678393	Spherical	Low Density	9.988779642939154	3996.0	2616.0	3995.0
C-53965-5632-803	240	-7.329728692087435	-9.665113899015507	Low	Very Large	Medium E	0.28884433350399674	-1.3363719351816772	Intermediate	Low Density	10.11351368994934	861.0	2616.0	861.0
C-53965-5632-804	240	-7.332592424068357	-8.977818223594182	Low	Very Large	Medium E	0.2080439178151739	-1.3368940569695298	Spherical	Low Density	10.138355872661553	1963.0	2616.0	1963.0
C-53965-5632-805	240	-7.331895548861897	-9.145068273144616	Low	Very Large	Medium E	0.2277063047774886	-1.3367670011796964	Linear	Low Density	10.430188648325544	1253.0	2616.0	1253.0
C-53965-5632-806	240	-7.334440873504862	-8.534190358832971	Very Low	Very Large	Medium E	0.1558897763507074	-1.3372310702553303	Spherical	Low Density	10.52941935285496	4175.0	2616.0	4174.0
C-53965-5632-807	240	-7.335017793950992	-8.395729451762074	Very Low	Very Large	Medium E	0.13961192207621606	-1.3373362556346844	Intermediate	Low Density	10.119942248593146	4566.0	2616.0	4565.0
C-53965-5632-808	240	-7.333111410435622	-8.853261495450601	Very Low	Very Large	Medium E	0.1934006779829617	-1.336988679682742	Intermediate	Low Density	10.136880205265575	2500.0	2616.0	2500.0
C-53965-5632-81	240	-7.330801948566783	-9.407532343972042	Low	Very Large	Medium E	0.2585623202954522	-1.3365676136165148	Intermediate	Low Density	10.010746780630909	1028.0	2616.0	1028.0
C-53965-5632-810	240	-7.333525033660517	-8.753991921475993	Very Low	Very Large	Medium E	0.18173026722780294	-1.3370640923607153	Intermediate	Low Density	10.463940714223702	3167.0	2616.0	3167.0
C-53965-5632-811	240	-7.333629814982497	-8.728844404200894	Very Low	Very Large	Medium E	0.17877385425731554	-1.3370831963172063	Spherical	Low Density	10.379219600296551	3267.0	2616.0	3267.0
C-53965-5632-812	240	-7.335503292789228	-8.279209730585375	Very Low	Very Large	Medium E	0.125913535422985	-1.337424772829418	Intermediate	Low Density	10.705607483140113	4993.0	2616.0	4992.0
C-53965-5632-813	240	-7.335147884131495	-8.364507808441159	Very Low	Very Large	Medium E	0.1359414177372143	-1.3373599739568176	Spherical	Low Density	10.4159141692124	4748.0	2616.0	4747.0
C-53965-5632-814	240	-7.334082701458442	-8.620151649973808	Very Low	Very Large	Medium E	0.1659956278869727	-1.3371657675557476	Intermediate	Low Density	10.111144509435631	3721.0	2616.0	3720.0
C-53965-5632-815	240	-7.333372921690389	-8.790498794306664	Very Low	Very Large	Medium E	0.1860221180362873	-1.3370363589784273	Linear	Low Density	10.432672311495041	3047.0	2616.0	3047.0
C-53965-5632-816	240	-7.333253895992653	-8.819064961763093	Very Low	Very Large	Medium E	0.189380437152297	-1.3370146579566433	Linear	Low Density	10.187561507668644	2656.0	2616.0	2656.0
C-53965-5632-817	240	-7.332359634365005	-9.033687752398643	Low	Very Large	Medium E	0.2146120970038087	-1.3368516142490106	Linear	Low Density	10.370463853718467	1482.0	2616.0	1482.0
C-53965-5632-818	240	-7.332158462720389	-9.081968947106624	Low	Very Large	Medium E	0.2202881702599986	-1.3368149362011164	Intermediate	Low Density	10.256441555495346	1406.0	2616.0	1406.0
C-53965-5632-819	240	-7.333251759446383	-8.819577732868005	Very Low	Very Large	Medium E	0.18944071996785045	-1.3370142684169215	Intermediate	Low Density	10.589455705994293	2633.0	2616.0	2633.0
C-53965-5632-82	240	-7.334237414380899	-8.583020548584049	Very Low	Very Large	Medium E	0.1616303910106665	-1.3371939751492707	Spherical	Low Density	10.309054809616859	3808.0	2616.0	3807.0
C-53965-5632-820	240	-7.334039722889991	-8.630466506402255	Very Low	Very Large	Medium E	0.16720827146523712	-1.3371579316105027	Spherical	Medium Density	11.038374309928756	3626.0	2616.0	3626.0
C-53965-5632-821	240	-7.335200283596026	-8.351931936953557	Very Low	Very Large	Medium E	0.13446296285939138	-1.3373695275401438	Linear	Low Density	10.369655761088824	4797.0	2616.0	4796.0
C-53965-5632-822	240	-7.3332851159424495	-8.811572173812026	Very Low	Very Large	Medium E	0.18849956389386727	-1.337020350045188	Linear	Low Density	10.70345637027082	2859.0	2616.0	2859.0
C-53965-5632-823	240	-7.331776052891744	-9.173747305981331	Low	Very Large	Medium E	0.2310778926655308	-1.3367452144168313	Linear	Low Density	10.066735182926633	1164.0	2616.0	1164.0
C-53965-5632-824	240	-7.3345393507956995	-8.510555809031986	Very Low	Very Large	Medium E	0.15311123209845803	-1.3372490248472746	Intermediate	Low Density	10.158040592827872	4224.0	2616.0	4223.0
C-53965-5632-825	240	-7.334388558886776	-8.54674586717348	Very Low	Very Large	Medium E	0.15736583727964332	-1.337221532141391	Linear	Low Density	10.225281890352731	4001.0	2616.0	4000.0
C-53965-5632-826	240	-7.335042526981449	-8.389793524452298	Very Low	Very Large	Medium E	0.13891407774039105	-1.3373407650141123	Linear	Low Density	10.000665381426884	4595.0	2616.0	4594.0
C-53965-5632-827	240	-7.331261345758896	-9.297277017864872	Low	Very Large	Medium E	0.24560039357315297	-1.3366513719028623	Spherical	Low Density	10.543221096843782	1093.0	2616.0	1093.0
C-53965-5632-828	240	-7.335503283666995	-8.279211919921238	Very Low	Very Large	Medium E	0.1259137928074759	-1.3374247711662328	Spherical	Low Density	9.953722788616387	4987.0	2616.0	4986.0
C-53965-5632-829	240	-7.333184825719758	-8.835641827258017	Very Low	Very Large	Medium E	0.1913292601563006	-1.3370020649156003	Linear	Low Density	10.124875207699734	2540.0	2616.0	2540.0
C-53965-5632-83	240	-7.33256506287706	-8.984384909505634	Low	Very Large	Medium E	0.20881591590902837	-1.3368890684181522	Intermediate	Low Density	10.380792363236942	1817.0	2616.0	1817.0
C-53965-5632-830	240	-7.332966945633704	-8.887933047910927	Very Low	Very Large	Medium E	0.19747676335867906	-1.3369623405486464	Intermediate	Low Density	10.081614809191988	2400.0	2616.0	2400.0
C-53965-5632-831	240	-7.322473269973472	-11.40641520636665	Medium	Very Large	Low E	0.49355662037702697	-1.335049110981995	Spherical	Low Density	10.579793247185766	112.0	2616.0	112.0
C-53965-5632-833	240	-7.334992211591972	-8.401869217926448	Very Low	Very Large	Medium E	0.1403337302820314	-1.3373315914038424	Intermediate	Low Density	10.514490217734677	4548.0	2616.0	4547.0
C-53965-5632-834	240	-7.323597402893915	-11.13662330546026	Medium	Very Large	Low E	0.4618391245127464	-1.335254065319243	Linear	Low Density	10.464992213107783	178.0	2616.0	178.0
C-53965-5632-835	240	-7.323640159577602	-11.12636170137557	Medium	Very Large	Low E	0.4606327414299743	-1.3352618608099796	Spherical	Low Density	10.446859531139298	251.0	2616.0	251.0
C-53965-5632-836	240	-7.334386727155544	-8.54718548266952	Very Low	Very Large	Medium E	0.15741751971568416	-1.3372211981762043	Intermediate	Low Density	10.568207954504043	3992.0	2616.0	3991.0
C-53965-5632-838	240	-7.3332546011743	-8.81889571816816	Very Low	Very Large	Medium E	0.18936054039849962	-1.337014786526881	Linear	Low Density	10.063128685218233	2710.0	2616.0	2710.0
C-53965-5632-839	240	-7.333374948439584	-8.790012374499817	Very Low	Very Large	Medium E	0.18596493315356954	-1.3370367284997096	Intermediate	Low Density	10.385800969057309	3078.0	2616.0	3078.0
C-53965-5632-84	240	-7.335113862971529	-8.37267288683312	Very Low	Very Large	Medium E	0.13690132735369537	-1.337353771145596	Intermediate	Low Density	10.250210823150736	4680.0	2616.0	4679.0
C-53965-5632-840	240	-7.330969849048615	-9.367236228332285	Low	Very Large	Medium E	0.25382499542818376	-1.3365982255942905	Intermediate	Low Density	10.456275075665694	1039.0	2616.0	1039.0
C-53965-5632-841	240	-7.333237600785712	-8.822975811428993	Very Low	Very Large	Medium E	0.18984020765573445	-1.3370116869793875	Linear	Low Density	10.74902886600182	2570.0	2616.0	2570.0
C-53965-5632-842	240	-7.323832853667783	-11.08011511973207	Medium	Very Large	Low E	0.4551958630170739	-1.3352969932118748	Intermediate	Low Density	10.268289545608187	265.0	2616.0	265.0
C-53965-5632-843	240	-7.334448738974671	-8.532302646079048	Very Low	Very Large	Medium E	0.1556678515217176	-1.3372325043047408	Linear	Low Density	10.771135870613996	4198.0	2616.0	4197.0
C-53965-5632-844	240	-7.332635438439811	-8.967494774445086	Low	Very Large	Medium E	0.2068302640524498	-1.3369018994424555	Spherical	Low Density	10.343230157143344	2051.0	2616.0	2051.0
C-53965-5632-845	240	-7.335239577485421	-8.342501403498908	Very Low	Very Large	Medium E	0.133354282780992	-1.3373766916867604	Linear	Low Density	10.641249423887711	4873.0	2616.0	4872.0
C-53965-5632-846	240	-7.332565043216108	-8.984389628134174	Low	Very Large	Medium E	0.20881647064428405	-1.3368890648335252	Linear	Low Density	9.90444763509213	1747.0	2616.0	1747.0
C-53965-5632-847	240	-7.334424023211309	-8.538234429285934	Very Low	Very Large	Medium E	0.15636520866513495	-1.337227998073487	Intermediate	Low Density	10.129325556993425	4128.0	2616.0	4127.0
C-53965-5632-849	240	-7.33432896539796	-8.56104830448956	Very Low	Very Large	Medium E	0.15904727209991684	-1.3372106669280497	Spherical	Low Density	10.304508101187682	3841.0	2616.0	3840.0
C-53965-5632-85	240	-7.337386984016836	-7.827123835959221	Very Low	Very Large	Medium E	0.07276504414163817	-1.3377682114745404	Spherical	Low Density	10.05456553390303	5191.0	2616.0	5190.0
C-53965-5632-850	240	-7.323832915700074	-11.0801002319822	Medium	Very Large	Low E	0.4551941127712559	-1.335297004521736	Intermediate	Low Density	10.51951405231322	278.0	2616.0	278.0
C-53965-5632-851	240	-7.332565025705846	-8.984393830597003	Low	Very Large	Medium E	0.20881696469764952	-1.3368890616410165	Linear	Low Density	10.208578369676905	1672.0	2616.0	1672.0
C-53965-5632-852	240	-7.332793746957056	-8.92950073030652	Low	Very Large	Medium E	0.20236357719570092	-1.336930762592571	Spherical	Low Density	10.283743350135602	2329.0	2616.0	2329.0
C-53965-5632-854	240	-7.333259712482731	-8.817669004144499	Very Low	Very Large	Medium E	0.18921632444230407	-1.3370157184316522	Spherical	Low Density	10.269615877386599	2720.0	2616.0	2720.0
C-53965-5632-855	240	-7.333372908656301	-8.790501922487676	Very Low	Very Large	Medium E	0.18602248579406008	-1.3370363566020245	Linear	Low Density	10.052744729613222	3038.0	2616.0	3038.0
C-53965-5632-857	240	-7.334830061949342	-8.440785132157892	Very Low	Very Large	Medium E	0.14490879478373797	-1.3373020279314667	Spherical	Low Density	10.167705228229112	4510.0	2616.0	4509.0
C-53965-5632-858	240	-7.333273184139561	-8.814435806505415	Very Low	Very Large	Medium E	0.18883622062004038	-1.337018174613165	Linear	Low Density	10.264190904094816	2825.0	2616.0	2825.0
C-53965-5632-859	240	-7.3329783919592835	-8.885185929772051	Very Low	Very Large	Medium E	0.1971538044117107	-1.3369644274673997	Spherical	Low Density	10.709286600592602	2415.0	2616.0	2415.0
C-53965-5632-86	240	-7.335276678408856	-8.333597181874588	Very Low	Very Large	Medium E	0.13230747740397344	-1.3373834560070963	Spherical	Low Density	10.545799186030134	4896.0	2616.0	4895.0
C-53965-5632-860	240	-7.331257090142494	-9.29829836580147	Low	Very Large	Medium E	0.2457204661136503	-1.3366505960097066	Spherical	Low Density	10.355296429154738	1068.0	2616.0	1068.0
C-53965-5632-861	240	-7.33329116985878	-8.810119233892612	Very Low	Very Large	Medium E	0.18832875218406298	-1.3370214538082634	Spherical	Low Density	10.307247776487873	2868.0	2616.0	2868.0
C-53965-5632-862	240	-7.3344047704957	-8.542855081031911	Very Low	Very Large	Medium E	0.15690842550060108	-1.337224487876876	Spherical	Low Density	10.585371850669855	4067.0	2616.0	4066.0
C-53965-5632-863	240	-7.322938252781708	-11.29481933239003	Medium	Very Large	Low E	0.48043709507090226	-1.3351338876499146	Linear	Low Density	9.81846540512772	138.0	2616.0	138.0
C-53965-5632-864	240	-7.332565072237636	-8.98438266296728	Low	Very Large	Medium E	0.2088156517996556	-1.3368890701247926	Intermediate	Low Density	10.001626470801336	1849.0	2616.0	1849.0
C-53965-5632-865	240	-7.334404826845248	-8.542841557140173	Very Low	Very Large	Medium E	0.15690683559381377	-1.337224498150647	Linear	Low Density	10.195862849291114	4070.0	2616.0	4069.0
C-53965-5632-866	240	-7.333655048472255	-8.722788366658627	Very Low	Very Large	Medium E	0.17806188942425172	-1.3370877969414527	Intermediate	Low Density	10.311972172570593	3319.0	2616.0	3319.0
C-53965-5632-868	240	-7.33444483447089	-8.53323972698632	Very Low	Very Large	Medium E	0.15577801739291083	-1.3372317924271948	Spherical	Low Density	10.375329448266136	4187.0	2616.0	4186.0
C-53965-5632-869	240	-7.333053800781277	-8.867087812493331	Very Low	Very Large	Medium E	0.19502613876272584	-1.3369781761663777	Intermediate	Low Density	10.543916338714629	2464.0	2616.0	2464.0
C-53965-5632-87	240	-7.33332195957393	-8.802729702256869	Very Low	Very Large	Medium E	0.18746001802890225	-1.3370270674555003	Linear	Low Density	10.310766353321895	2954.0	2616.0	2954.0
C-53965-5632-871	240	-7.333249211788391	-8.82018917078605	Very Low	Very Large	Medium E	0.18951260233190126	-1.3370138039224246	Intermediate	Low Density	10.27099315852221	2581.0	2616.0	2581.0
C-53965-5632-872	240	-7.32969758785784	-9.672578914118246	Low	Very Large	Medium E	0.2897219417081404	-1.3363662641914889	Spherical	Low Density	10.611477649737978	840.0	2616.0	840.0
C-53965-5632-873	240	-7.335246502563195	-8.340839384833085	Very Low	Very Large	Medium E	0.13315889118479127	-1.337377954281868	Linear	Low Density	10.254224316143898	4880.0	2616.0	4879.0
C-53965-5632-874	240	-7.332132871881162	-9.08811074852097	Low	Very Large	Medium E	0.2210102177355178	-1.3368102704241447	Intermediate	Low Density	10.362573245961146	1391.0	2616.0	1391.0
C-53965-5632-875	240	-7.335224162526757	-8.346200993578371	Very Low	Very Large	Medium E	0.13378921701233432	-1.3373738811982683	Linear	Low Density	10.770061024388456	4813.0	2616.0	4812.0
C-53965-5632-876	240	-7.332565010504612	-8.984397478893085	Low	Very Large	Medium E	0.2088173936016246	-1.3368890588694946	Spherical	Low Density	10.522758556241998	1625.0	2616.0	1625.0
C-53965-5632-878	240	-7.332734578715845	-8.943701108197086	Low	Very Large	Medium E	0.20403301362244666	-1.3369199749112899	Linear	Low Density	10.420693237670084	2112.0	2616.0	2112.0
C-53965-5632-879	240	-7.333259697225731	-8.817672665824427	Very Low	Very Large	Medium E	0.18921675491969767	-1.3370157156499631	Intermediate	Low Density	9.924842514823695	2718.0	2616.0	2718.0
C-53965-5632-88	240	-7.332805875098481	-8.926589976364548	Low	Very Large	Medium E	0.20202138076278361	-1.3369329738214593	Linear	Low Density	10.205740655849517	2336.0	2616.0	2336.0
C-53965-5632-880	240	-7.333259760393136	-8.81765750564737	Very Low	Very Large	Medium E	0.18921497264657053	-1.3370157271667806	Linear	Low Density	10.633509355766154	2730.0	2616.0	2730.0
C-53965-5632-881	240	-7.332191651629905	-9.07400360882284	Low	Very Large	Medium E	0.21935174265329638	-1.3368209872746417	Spherical	Low Density	10.221065365987844	1420.0	2616.0	1420.0
C-53965-5632-883	240	-7.332565059713272	-8.984385668814555	Low	Very Large	Medium E	0.2088160051755321	-1.3368890678413237	Linear	Low Density	10.683642698195731	1804.0	2616.0	1804.0
C-53965-5632-884	240	-7.319631107594436	-12.0885341773353	Medium	Very Large	Low E	0.5737484481077911	-1.3345309218104542	Intermediate	Low Density	10.092834902959696	29.0	2616.0	29.0
C-53965-5632-885	240	-7.335109545047259	-8.373709188657884	Very Low	Very Large	Medium E	0.13702315791543374	-1.3373529838923355	Linear	Low Density	10.433722110965226	4669.0	2616.0	4668.0
C-53965-5632-886	240	-7.334980571634879	-8.404662807628915	Very Low	Very Large	Medium E	0.1406621525568826	-1.3373294691817739	Intermediate	Low Density	10.348805639047981	4547.0	2616.0	4546.0
C-53965-5632-888	240	-7.335050174538733	-8.387958110704062	Very Low	Very Large	Medium E	0.13869830132988106	-1.3373421593332413	Intermediate	Low Density	10.041505558651206	4612.0	2616.0	4611.0
C-53965-5632-889	240	-7.332766313673665	-8.936084718320286	Low	Very Large	Medium E	0.20313760937344869	-1.3369257608972076	Linear	Low Density	10.622139463922698	2159.0	2616.0	2159.0
C-53965-5632-89	240	-7.320288778546099	-11.93069314893619	Medium	Very Large	Low E	0.5551922121768881	-1.3346508297960438	Linear	Low Density	10.648048679109245	36.0	2616.0	36.0
C-53965-5632-890	240	-7.332766330523318	-8.936080674403419	Low	Very Large	Medium E	0.2031371339592011	-1.3369257639692729	Intermediate	Low Density	10.45929354744835	2166.0	2616.0	2166.0
C-53965-5632-891	240	-7.329946066757773	-9.612943978134298	Low	Very Large	Medium E	0.2827110906444787	-1.3364115674001484	Spherical	Low Density	10.102247582650087	891.0	2616.0	891.0
C-53965-5632-892	240	-7.334767563792959	-8.455784689689748	Very Low	Very Large	Medium E	0.14667218502037313	-1.337290633132873	Spherical	Low Density	10.67699866089054	4387.0	2616.0	4386.0
C-53965-5632-893	240	-7.333272658267131	-8.814562015888697	Very Low	Very Large	Medium E	0.1888510581506578	-1.3370180787349701	Intermediate	Medium Density	10.998164907606206	2814.0	2616.0	2814.0
C-53965-5632-894	240	-7.334035793597427	-8.631409536617381	Very Low	Very Large	Medium E	0.1673191367538417	-1.3371572152134121	Intermediate	Low Density	10.429195893393793	3607.0	2616.0	3607.0
C-53965-5632-895	240	-7.3325651312531	-8.984368499255998	Low	Very Large	Medium E	0.20881398667386	-1.3368890808846192	Linear	Low Density	10.206785008500233	1937.0	2616.0	1937.0
C-53965-5632-896	240	-7.323833040246323	-11.0800703408825	Medium	Very Large	Low E	0.4551905986893697	-1.3352970272292766	Linear	Low Density	10.067945648787623	287.0	2616.0	287.0
C-53965-5632-897	240	-7.334071281786966	-8.62289237112815	Very Low	Very Large	Medium E	0.16631783478637438	-1.3371636854966278	Linear	Low Density	10.43191637336055	3661.0	2616.0	3660.0
C-53965-5632-898	240	-7.326524389151414	-10.43414660366054	Low	Very Large	Low E	0.37925398459849546	-1.3357877197631527	Linear	Low Density	10.420200320457278	372.0	2616.0	372.0
C-53965-5632-899	240	-7.334758065798703	-8.458064208311264	Very Low	Very Large	Medium E	0.14694017165082798	-1.3372889014380864	Linear	Low Density	10.077745420262076	4366.0	2616.0	4365.0
C-53965-5632-9	240	-7.3320429313598146	-9.109696473644448	Low	Very Large	Medium E	0.22354789638719397	-1.336793872274416	Intermediate	Low Density	10.760870084194064	1322.0	2616.0	1322.0
C-53965-5632-90	240	-7.333683914464307	-8.71586052856628	Very Low	Very Large	Medium E	0.17724743326264497	-1.3370930598513473	Intermediate	Low Density	10.415021378231506	3366.0	2616.0	3366.0
C-53965-5632-900	240	-7.333920437681083	-8.659094956540015	Very Low	Very Large	Medium E	0.17057391270872163	-1.337136183274082	Spherical	Low Density	10.28581184419732	3479.0	2616.0	3479.0
C-53965-5632-901	240	-7.332392310251779	-9.025845539572888	Low	Very Large	Medium E	0.21369014437278752	-1.3368575717871238	Linear	Low Density	10.229084857072042	1488.0	2616.0	1488.0
C-53965-5632-902	240	-7.334102123045604	-8.61549046905505	Very Low	Very Large	Medium E	0.16544764632778722	-1.3371693085413843	Intermediate	Low Density	10.44250246443916	3766.0	2616.0	3765.0
C-53965-5632-903	240	-7.323597323122777	-11.13664245053352	Medium	Very Large	Low E	0.4618413752614773	-1.3352540507751973	Spherical	Low Density	10.320307699218716	155.0	2616.0	155.0
C-53965-5632-904	240	-7.333613618324134	-8.732731602207988	Very Low	Very Large	Medium E	0.17923084420512278	-1.33708024330754	Intermediate	Medium Density	10.91219771071409	3249.0	2616.0	3249.0
C-53965-5632-905	240	-7.333185293663388	-8.835529520786821	Very Low	Very Large	Medium E	0.19131605709116878	-1.3370021502320917	Linear	Low Density	10.476334543173952	2541.0	2616.0	2541.0
C-53965-5632-907	240	-7.334640874384081	-8.486190147820373	Very Low	Very Large	Medium E	0.1502467363292698	-1.3372675348467535	Linear	Low Density	10.228149776505324	4301.0	2616.0	4300.0
C-53965-5632-909	240	-7.335301196581549	-8.327712820428323	Very Low	Very Large	Medium E	0.13161569529631736	-1.3373879262131934	Linear	Low Density	10.550956409721705	4909.0	2616.0	4908.0
C-53965-5632-91	240	-7.332565066337169	-8.984384079079204	Low	Very Large	Medium E	0.20881581828177473	-1.336889069049007	Linear	Low Density	10.314864599367219	1831.0	2616.0	1831.0
C-53965-5632-910	240	-7.333922104850954	-8.65869483577108	Very Low	Very Large	Medium E	0.17052687338399927	-1.3371364872360867	Spherical	Low Density	10.229596330247995	3485.0	2616.0	3485.0
C-53965-5632-911	240	-7.335537855154227	-8.270914762985603	Very Low	Very Large	Medium E	0.12493835566533375	-1.3374310743143076	Linear	Low Density	10.404642856894052	5014.0	2616.0	5013.0
C-53965-5632-912	240	-7.326825760541075	-10.3618174701419	Low	Very Large	Low E	0.37075076791358186	-1.335842666444555	Linear	Low Density	10.290213183348817	386.0	2616.0	386.0
C-53965-5632-913	240	-7.328895203093012	-9.8651512576772	Low	Very Large	Medium E	0.3123612888860174	-1.3362199716715364	Spherical	Low Density	10.54642161966369	725.0	2616.0	725.0
C-53965-5632-914	240	-7.328788809353932	-9.89068575505648	Low	Very Large	Medium E	0.31536319632764753	-1.3362005737356837	Spherical	Low Density	10.37407423110241	593.0	2616.0	593.0
C-53965-5632-915	240	-7.333880400976499	-8.668703765640295	Very Low	Very Large	Medium E	0.171703551374208	-1.3371288836957986	Intermediate	Low Density	10.194109365640768	3442.0	2616.0	3442.0
C-53965-5632-916	240	-7.334382711019623	-8.54814935529053	Very Low	Very Large	Medium E	0.1575308352961988	-1.337220465945646	Spherical	Low Density	10.29319013071718	3966.0	2616.0	3965.0
C-53965-5632-917	240	-7.335050141495944	-8.387966040973382	Very Low	Very Large	Medium E	0.13869923363468487	-1.3373421533088088	Intermediate	Low Density	10.459961809452214	4600.0	2616.0	4599.0
C-53965-5632-918	240	-7.333291243124816	-8.810101650044112	Very Low	Very Large	Medium E	0.1883266849772865	-1.337021467166285	Linear	Low Density	10.278368946525736	2877.0	2616.0	2877.0
C-53965-5632-919	240	-7.332290207909314	-9.050350101764376	Low	Very Large	Medium E	0.21657096973247572	-1.3368389562679526	Intermediate	Low Density	10.171558173750936	1452.0	2616.0	1452.0
C-53965-5632-92	240	-7.328895179864602	-9.865156832495444	Low	Very Large	Medium E	0.31236194427738123	-1.3362199674364825	Intermediate	Medium Density	10.804518182545804	703.0	2616.0	703.0
C-53965-5632-920	240	-7.332887223278431	-8.907066413176523	Very Low	Very Large	Medium E	0.1997261356772662	-1.3369478053969825	Spherical	Low Density	10.076650938317384	2384.0	2616.0	2384.0
C-53965-5632-922	240	-7.33274700353013	-8.94071915276862	Low	Very Large	Medium E	0.2036824465422272	-1.3369222402302132	Linear	Low Density	10.403223431749428	2120.0	2616.0	2120.0
C-53965-5632-925	240	-7.332565046463512	-8.984388848757161	Low	Very Large	Medium E	0.20881637901852967	-1.336889065425599	Intermediate	Low Density	10.23426006197604	1758.0	2616.0	1758.0
C-53965-5632-926	240	-7.327610666307122	-10.17344008629054	Low	Very Large	Medium E	0.3486045920159508	-1.335985772155772	Linear	Low Density	10.068582341995027	495.0	2616.0	495.0
C-53965-5632-927	240	-7.333259785596277	-8.81765145689371	Very Low	Very Large	Medium E	0.18921426153803259	-1.3370157317618716	Intermediate	Low Density	10.642041819718122	2737.0	2616.0	2737.0
C-53965-5632-929	240	-7.33213284462122	-9.088117290907183	Low	Very Large	Medium E	0.22101098687685103	-1.3368102654540532	Linear	Low Density	10.488052991175708	1383.0	2616.0	1383.0
C-53965-5632-93	240	-7.331836358119646	-9.159274051284855	Low	Very Large	Medium E	0.22937637607279363	-1.3367562093959768	Linear	Low Density	10.392478115527405	1214.0	2616.0	1214.0
C-53965-5632-930	240	-7.3334755863161405	-8.76585928412632	Very Low	Very Large	Medium E	0.18312542781089425	-1.3370550770142995	Spherical	Low Density	10.505110525066772	3121.0	2616.0	3121.0
C-53965-5632-931	240	-7.333372902902103	-8.79050330349513	Very Low	Very Large	Medium E	0.18602264814919459	-1.3370363555529066	Intermediate	Low Density	9.956288423571579	3032.0	2616.0	3032.0
C-53965-5632-932	240	-7.326198327214466	-10.51240146852819	Low	Very Large	Low E	0.38845384695336443	-1.3357282714479457	Intermediate	Low Density	10.521925179153678	361.0	2616.0	361.0
C-53965-5632-933	240	-7.334383731289378	-8.547904490549195	Very Low	Very Large	Medium E	0.1575020483074512	-1.3372206519634269	Linear	Low Density	10.452903995980567	3968.0	2616.0	3967.0
C-53965-5632-936	240	-7.335162091045998	-8.361098148960489	Very Low	Very Large	Medium E	0.13554056856378852	-1.3373625641920943	Linear	Low Density	10.282734675441557	4766.0	2616.0	4765.0
C-53965-5632-937	240	-7.333613603779787	-8.732735092851103	Very Low	Very Large	Medium E	0.17923125457498149	-1.3370802406557833	Intermediate	Low Density	10.602193402507744	3246.0	2616.0	3246.0
C-53965-5632-938	240	-7.334379763069623	-8.548856863290379	Very Low	Very Large	Medium E	0.15761401192971805	-1.3372199284690471	Spherical	Low Density	10.416639665974225	3949.0	2616.0	3948.0
C-53965-5632-94	240	-7.333916176567677	-8.660117623757447	Very Low	Very Large	Medium E	0.17069414034762276	-1.3371354063787007	Spherical	Low Density	10.257889010951935	3468.0	2616.0	3468.0
C-53965-5632-940	240	-7.336589089370197	-8.018618551152663	Very Low	Very Large	Medium E	0.09527770229326225	-1.3376227376026149	Intermediate	Low Density	10.402458157185187	5151.0	2616.0	5150.0
C-53965-5632-941	240	-7.334369482491303	-8.551324202086972	Very Low	Very Large	Medium E	0.15790407922907682	-1.337218054091847	Intermediate	Low Density	10.348750008780756	3912.0	2616.0	3911.0
C-53965-5632-942	240	-7.333271214996084	-8.814908400939785	Very Low	Very Large	Medium E	0.18889178015303087	-1.3370178155946817	Spherical	Low Density	10.446940112149731	2799.0	2616.0	2799.0
C-53965-5632-943	240	-7.334768664734734	-8.455520463663879	Very Low	Very Large	Medium E	0.1466411218644395	-1.3372908338589509	Intermediate	Low Density	10.675840809234614	4436.0	2616.0	4435.0
C-53965-5632-944	240	-7.333475639118392	-8.765846611585792	Very Low	Very Large	Medium E	0.1831239379913526	-1.3370550866413198	Intermediate	Low Density	10.256981542704876	3129.0	2616.0	3129.0
C-53965-5632-945	240	-7.329659082380554	-9.681820228667103	Low	Very Large	Medium E	0.29080837667891096	-1.3363592437898673	Linear	Low Density	9.952160539410746	836.0	2616.0	836.0
C-53965-5632-946	240	-7.325644641333733	-10.64528607990397	Medium	Very Large	Low E	0.40407613619770194	-1.3356273222446395	Spherical	Low Density	10.323867957058795	332.0	2616.0	332.0
C-53965-5632-947	240	-7.33464083003182	-8.486200792362963	Very Low	Very Large	Medium E	0.15024798773167458	-1.3372675267603538	Intermediate	Low Density	10.278138356913113	4283.0	2616.0	4282.0
C-53965-5632-948	240	-7.337386989676623	-7.827122477610415	Very Low	Very Large	Medium E	0.07276488445033387	-1.3377682125064447	Spherical	Low Density	10.176277958075469	5192.0	2616.0	5191.0
C-53965-5632-949	240	-7.334436611466876	-8.535213247949404	Very Low	Very Large	Medium E	0.15601003007669012	-1.3372302931913775	Spherical	Low Density	10.617949236734281	4158.0	2616.0	4157.0
C-53965-5632-95	240	-7.323597473098999	-11.13660645624034	Medium	Very Large	Low E	0.46183714367097417	-1.3352540781191853	Linear	Low Density	9.962988574151641	220.0	2616.0	220.0
C-53965-5632-950	240	-7.332766419439197	-8.936059334592558	Low	Very Large	Medium E	0.2031346251909333	-1.3369257801806074	Spherical	Low Density	10.283188525075268	2260.0	2616.0	2260.0
C-53965-5632-952	240	-7.325587879104206	-10.65890901499055	Medium	Very Large	Low E	0.4056776868217778	-1.3356169732325949	Spherical	Low Density	9.97762163859732	330.0	2616.0	330.0
C-53965-5632-953	240	-7.326825856753287	-10.36179437921102	Low	Very Large	Low E	0.3707480532786895	-1.335842683986173	Intermediate	Low Density	10.493462241405435	397.0	2616.0	397.0
C-53965-5632-954	240	-7.3330350312577135	-8.871592498148615	Very Low	Very Large	Medium E	0.1955557222978967	-1.3369747540663819	Linear	Low Density	9.93915125765299	2448.0	2616.0	2448.0
C-53965-5632-956	240	-7.333778999985349	-8.693040003516167	Very Low	Very Large	Medium E	0.17456458805317146	-1.3371103960485113	Linear	Low Density	10.158524698854341	3398.0	2616.0	3398.0
C-53965-5632-957	240	-7.330174335753278	-9.55815941921328	Low	Very Large	Medium E	0.276270463571647	-1.3364531858954678	Intermediate	Low Density	10.2065030212728	971.0	2616.0	971.0
C-53965-5632-959	240	-7.3341890993414065	-8.594616158062225	Very Low	Very Large	Medium E	0.1629936035253305	-1.3371851662471221	Intermediate	Low Density	10.276210711978058	3794.0	2616.0	3793.0
C-53965-5632-96	240	-7.334798413921273	-8.44838065889439	Very Low	Very Large	Medium E	0.14580174630318743	-1.3372962577947682	Intermediate	Low Density	10.383481093446974	4496.0	2616.0	4495.0
C-53965-5632-960	240	-7.333446438624862	-8.77285473003311	Very Low	Very Large	Medium E	0.183947832137609	-1.3370497627443945	Linear	Low Density	10.067888651397698	3112.0	2616.0	3112.0
C-53965-5632-962	240	-7.332565029282043	-8.984392972309514	Low	Very Large	Medium E	0.20881686379497585	-1.3368890622930365	Spherical	Low Density	10.296858423117751	1685.0	2616.0	1685.0
C-53965-5632-963	240	-7.336124634801518	-8.130087647635607	Very Low	Very Large	Medium E	0.10838232328007787	-1.3375380572444702	Linear	Medium Density	10.784401063281148	5096.0	2616.0	5095.0
C-53965-5632-964	240	-7.335113899358719	-8.372664153907364	Very Low	Very Large	Medium E	0.13690030068635725	-1.337353777779787	Linear	Low Density	10.582334002778026	4682.0	2616.0	4681.0
C-53965-5632-966	240	-7.334032556023908	-8.632186554261953	Very Low	Very Large	Medium E	0.1674104851369549	-1.3371566249320295	Intermediate	Low Density	10.369420454131816	3590.0	2616.0	3590.0
C-53965-5632-967	240	-7.332683913692018	-8.955860713915683	Low	Very Large	Medium E	0.20546253112386692	-1.3369107375549316	Intermediate	Low Density	10.259523377761054	2092.0	2616.0	2092.0
C-53965-5632-968	240	-7.327610626895662	-10.17344954504123	Low	Very Large	Medium E	0.34860570401331425	-1.3359857649701894	Linear	Low Density	10.340546139774869	485.0	2616.0	485.0
C-53965-5632-969	240	-7.333920450994596	-8.659091761296942	Very Low	Very Large	Medium E	0.17057353706694073	-1.3371361857014303	Linear	Low Density	10.063996335378965	3482.0	2616.0	3482.0
C-53965-5632-971	240	-7.334640904431031	-8.486182936552602	Very Low	Very Large	Medium E	0.150245888552295	-1.337267540324978	Linear	Low Density	10.780533466364892	4312.0	2616.0	4311.0
C-53965-5632-973	240	-7.326898603651073	-10.34433512374237	Low	Very Large	Low E	0.36869549402373347	-1.3358559473573912	Spherical	Low Density	10.296145437668782	427.0	2616.0	427.0
C-53965-5632-974	240	-7.333621589088008	-8.730818618877995	Very Low	Very Large	Medium E	0.17900594849607854	-1.3370816965543912	Spherical	Low Density	10.74839725749363	3255.0	2616.0	3255.0
C-53965-5632-975	240	-7.334306617927812	-8.56641169732502	Very Low	Very Large	Medium E	0.15967780767014308	-1.3372065924891199	Intermediate	Low Density	10.161845931244311	3827.0	2616.0	3826.0
C-53965-5632-977	240	-7.333260123284918	-8.817570411619597	Very Low	Very Large	Medium E	0.1892047336273245	-1.3370157933299927	Spherical	Low Density	10.348989164542662	2743.0	2616.0	2743.0
C-53965-5632-978	240	-7.332548404181221	-8.988382996506912	Low	Very Large	Medium E	0.20928594227936395	-1.3368860311688173	Spherical	Low Density	10.235543280356637	1545.0	2616.0	1545.0
C-53965-5632-979	240	-7.332565013388267	-8.984396786815775	Low	Very Large	Medium E	0.2088173122390768	-1.336889059395249	Linear	Low Density	10.523565540108489	1628.0	2616.0	1628.0
C-53965-5632-980	240	-7.332191686085151	-9.073995339563618	Low	Very Large	Medium E	0.21935077049589094	-1.3368209935565967	Spherical	Low Density	10.051247734341283	1426.0	2616.0	1426.0
C-53965-5632-981	240	-7.336519227658798	-8.035385361888531	Very Low	Very Large	Medium E	0.09724885579483859	-1.337610000264798	Spherical	Low Density	10.101536261262458	5121.0	2616.0	5120.0
C-53965-5632-982	240	-7.331870057269652	-9.151186255283722	Low	Very Large	Medium E	0.22842555199185552	-1.3367623534976483	Linear	Low Density	10.19988709008656	1241.0	2616.0	1241.0
C-53965-5632-983	240	-7.330182685930674	-9.556155376638404	Low	Very Large	Medium E	0.276034862681219	-1.3364547083178104	Linear	Low Density	10.356817632100187	985.0	2616.0	985.0
C-53965-5632-984	240	-7.333372920721033	-8.790499026951908	Very Low	Very Large	Medium E	0.1860221453867198	-1.3370363588016925	Linear	Low Density	10.20068629610038	3046.0	2616.0	3046.0
C-53965-5632-985	240	-7.336694231339343	-7.993384478557509	Very Low	Very Large	Medium E	0.0923111136355414	-1.3376419073130748	Linear	Low Density	10.487469011420394	5161.0	2616.0	5160.0
C-53965-5632-986	240	-7.332242365202593	-9.061832351377449	Low	Very Large	Medium E	0.21792085534204672	-1.336830233482533	Spherical	Low Density	10.14126875830999	1447.0	2616.0	1447.0
C-53965-5632-987	240	-7.33581092587748	-8.205377789404867	Very Low	Very Large	Medium E	0.11723364443597441	-1.3374808611572053	Intermediate	Low Density	9.973967726300474	5066.0	2616.0	5065.0
C-53965-5632-988	240	-7.3327664137828	-8.93606069212796	Low	Very Large	Medium E	0.2031347847865835	-1.336925779149321	Spherical	Low Density	10.095399269622213	2257.0	2616.0	2257.0
C-53965-5632-989	240	-7.32892293887135	-9.8584946708759	Low	Very Large	Medium E	0.3115787217903201	-1.3362250285184305	Spherical	Low Density	10.492675332462243	771.0	2616.0	771.0
C-53965-5632-99	240	-7.330666715380448	-9.439988308692442	Low	Very Large	Medium E	0.2623779349352091	-1.3365429576104721	Intermediate	Low Density	10.248260377324705	1010.0	2616.0	1010.0
C-53965-5632-990	240	-7.330000329102003	-9.59992101551934	Low	Very Large	Medium E	0.28118007447425136	-1.3364214606277167	Spherical	Low Density	10.623544845721087	929.0	2616.0	929.0
C-53965-5632-991	240	-7.334392747865137	-8.545740512367146	Very Low	Very Large	Medium E	0.1572476449365131	-1.3372222958849556	Linear	Low Density	10.202305237441584	4021.0	2616.0	4020.0
C-53965-5632-992	240	-7.333613600124936	-8.73273597001523	Very Low	Very Large	Medium E	0.17923135769687043	-1.337080239989423	Linear	Low Density	10.228783020012935	3245.0	2616.0	3245.0
C-53965-5632-993	240	-7.3331037296630734	-8.855104880862534	Very Low	Very Large	Medium E	0.19361739156470617	-1.336987279307734	Intermediate	Low Density	10.760888090513342	2494.0	2616.0	2494.0
C-53965-5632-994	240	-7.334016304961964	-8.636086809128619	Very Low	Very Large	Medium E	0.16786901008594407	-1.3371536620033848	Linear	Low Density	10.592748978817934	3566.0	2616.0	3566.0
C-53965-5632-995	240	-7.333260153608792	-8.81756313388988	Very Low	Very Large	Medium E	0.18920387803693567	-1.3370157988587066	Linear	Low Density	10.391261012689915	2746.0	2616.0	2746.0
C-53965-5632-996	240	-7.332766297921923	-8.936088498738465	Low	Very Large	Medium E	0.20313805381005123	-1.3369257580253162	Spherical	Low Density	10.395248932982138	2153.0	2616.0	2153.0
C-53965-5632-997	240	-7.333251466779336	-8.819647972959332	Very Low	Very Large	Medium E	0.1894489775908462	-1.3370142150572346	Spherical	Low Density	10.603909614593599	2616.0	2616.0	2616.0
C-53965-5632-998	240	-7.333840465244078	-8.6782883414211	Very Low	Very Large	Medium E	0.17283034110240708	-1.3371216025269779	Linear	Low Density	10.242233323872618	3421.0	2616.0	3421.0
C-53965-5632-999	240	-7.334035734996758	-8.631423600778028	Very Low	Very Large	Medium E	0.16732079017618115	-1.337157204529212	Spherical	Low Density	10.272373313070654	3606.0	2616.0	3606.0
C-71174-8496-1	240	-7.323597501969849	-11.13659952723606	Medium	Very Large	Low E	0.46183632907772826	-1.335254083382981	Spherical	Low Density	10.371307720276947	237.0	2616.0	237.0
C-71174-8496-10	240	-7.329728743556952	-9.665101546331451	Low	Very Large	Medium E	0.2888428812876441	-1.3363719445657105	Linear	Low Density	10.498685676747655	868.0	2616.0	868.0
C-71174-8496-100	240	-7.332565060508079	-8.984385478060805	Low	Very Large	Medium E	0.2088159827499953	-1.3368890679862346	Linear	Low Density	10.100052109174726	1806.0	2616.0	1806.0
C-71174-8496-101	240	-7.333321884059017	-8.80274782583596	Very Low	Very Large	Medium E	0.1874621486879293	-1.3370270536874584	Spherical	Low Density	9.972739668288835	2917.0	2616.0	2917.0
C-71174-8496-102	240	-7.332132762782949	-9.088136932092045	Low	Very Large	Medium E	0.2210132959498754	-1.3368102505331234	Intermediate	Low Density	10.436543509815953	1362.0	2616.0	1362.0
C-71174-8496-103	240	-7.33508724613908	-8.379060926620758	Very Low	Very Large	Medium E	0.1376523233059948	-1.3373489183073286	Linear	Low Density	10.465808443829687	4635.0	2616.0	4634.0
C-71174-8496-104	240	-7.33330817954992	-8.8060369080189	Very Low	Very Large	Medium E	0.18784882245460155	-1.3370245550518183	Intermediate	Low Density	10.219939959569086	2888.0	2616.0	2888.0
C-71174-8496-105	240	-7.33017389672285	-9.55826478651612	Low	Very Large	Medium E	0.27628285084857085	-1.3364531058504938	Spherical	Low Density	10.408135344280094	970.0	2616.0	970.0
C-71174-8496-106	240	-7.333372896170807	-8.790504919006173	Very Low	Very Large	Medium E	0.18602283807323483	-1.337036354325642	Linear	Low Density	10.35902593643965	3017.0	2616.0	3017.0
C-71174-8496-107	240	-7.33510938974943	-8.373746460136761	Very Low	Very Large	Medium E	0.13702753965548753	-1.3373529555781005	Linear	Low Density	10.166163117972875	4650.0	2616.0	4649.0
C-71174-8496-108	240	-7.331667020267813	-9.199915135725004	Low	Very Large	Medium E	0.23415425644397692	-1.3367253353538042	Linear	Low Density	10.770435246720105	1144.0	2616.0	1144.0
C-71174-8496-109	240	-7.334005443942469	-8.638693453807575	Very Low	Very Large	Medium E	0.16817545457721375	-1.3371516817988982	Spherical	Low Density	10.043080110301752	3557.0	2616.0	3557.0
C-71174-8496-11	240	-7.329909579167137	-9.621700999887135	Low	Very Large	Medium E	0.2837405907899231	-1.3364049149039705	Linear	Low Density	10.311829580689656	885.0	2616.0	885.0
C-71174-8496-110	240	-7.333251492810883	-8.8196417253881	Very Low	Very Large	Medium E	0.18944824310875089	-1.3370142198033625	Intermediate	Low Density	10.420215371883492	2626.0	2616.0	2626.0
C-71174-8496-111	240	-7.33408275089694	-8.620139784734453	Very Low	Very Large	Medium E	0.16599423297599813	-1.337165776569481	Spherical	Low Density	10.347823548680697	3748.0	2616.0	3747.0
C-71174-8496-112	240	-7.332565025460682	-8.984393889436175	Low	Very Large	Medium E	0.20881697161496732	-1.3368890615963176	Linear	Low Density	10.336311376851837	1670.0	2616.0	1670.0
C-71174-8496-113	240	-7.333747829990625	-8.700520802249924	Very Low	Very Large	Medium E	0.17544405182544237	-1.3371047130678828	Spherical	Low Density	10.727551756535629	3391.0	2616.0	3391.0
C-71174-8496-114	240	-7.332565089757749	-8.984378458140295	Low	Very Large	Medium E	0.20881515746834944	-1.3368890733190975	Spherical	Low Density	10.006099889025009	1896.0	2616.0	1896.0
C-71174-8496-115	240	-7.333188873274726	-8.83467041406568	Very Low	Very Large	Medium E	0.191215058084962	-1.337002802874547	Spherical	Low Density	10.3187802746107	2547.0	2616.0	2547.0
C-71174-8496-116	240	-7.335018768501883	-8.395495559547841	Very Low	Very Large	Medium E	0.13958442504867613	-1.3373364333169038	Linear	Low Density	10.230440178011692	4567.0	2616.0	4566.0
C-71174-8496-117	240	-7.333744524221513	-8.701314186836983	Very Low	Very Large	Medium E	0.17553732435242972	-1.3371041103529322	Intermediate	Low Density	10.12074258330726	3384.0	2616.0	3384.0
C-71174-8496-118	240	-7.331869386456389	-9.151347250466648	Low	Very Large	Medium E	0.22844447903909249	-1.336762231193528	Spherical	Low Density	10.55997857029301	1239.0	2616.0	1239.0
C-71174-8496-119	240	-7.335794007952661	-8.209438091361294	Very Low	Very Large	Medium E	0.11771098497171471	-1.337477776644684	Spherical	Low Density	10.223800689663065	5058.0	2616.0	5057.0
C-71174-8496-12	240	-7.332586404635365	-8.979262887512263	Low	Very Large	Medium E	0.20821375657494928	-1.336892959493531	Linear	Low Density	10.387775876105323	1959.0	2616.0	1959.0
C-71174-8496-120	240	-7.335371484491065	-8.310843722144115	Very Low	Very Large	Medium E	0.12963251658242914	-1.3374007412563698	Spherical	Low Density	10.143151366670415	4935.0	2616.0	4934.0
C-71174-8496-121	240	-7.33408313427036	-8.620047775113454	Very Low	Very Large	Medium E	0.16598341606578582	-1.3371658464669494	Intermediate	Medium Density	10.823347188138884	3759.0	2616.0	3758.0
C-71174-8496-122	240	-7.333321872804441	-8.802750526934238	Very Low	Very Large	Medium E	0.1874624662366455	-1.3370270516354998	Linear	Low Density	10.35002359823786	2906.0	2616.0	2906.0
C-71174-8496-123	240	-7.332766449081009	-8.936052220557636	Low	Very Large	Medium E	0.20313378884493705	-1.3369257855849666	Intermediate	Low Density	10.46367611708217	2294.0	2616.0	2294.0
C-71174-8496-124	240	-7.3300547442188595	-9.586861387473665	Low	Very Large	Medium E	0.27964474781271936	-1.3364313817091198	Spherical	Low Density	10.232782345421032	938.0	2616.0	938.0
C-71174-8496-125	240	-7.323597352308118	-11.13663544605144	Medium	Very Large	Low E	0.4618405517948536	-1.3352540560963315	Intermediate	Low Density	10.224547171942735	162.0	2616.0	162.0
C-71174-8496-126	240	-7.333252682846239	-8.81935611690246	Very Low	Very Large	Medium E	0.18941466617066563	-1.3370144367731738	Intermediate	Low Density	10.487637048327663	2636.0	2616.0	2636.0
C-71174-8496-13	240	-7.333629854801777	-8.72883484757343	Very Low	Very Large	Medium E	0.1787727307532923	-1.3370832035771434	Spherical	Low Density	10.488679305153845	3274.0	2616.0	3274.0
C-71174-8496-130	240	-7.333087898195078	-8.858904433181191	Very Low	Very Large	Medium E	0.19406407763850764	-1.3369843928803626	Intermediate	Low Density	10.352606591486579	2486.0	2616.0	2486.0
C-71174-8496-131	240	-7.332564995944414	-8.984400973340604	Low	Very Large	Medium E	0.20881780441872952	-1.3368890562148479	Intermediate	Low Density	10.531129178975664	1583.0	2616.0	1583.0
C-71174-8496-132	240	-7.328895276690786	-9.86513359421134	Low	Very Large	Medium E	0.3123592123192226	-1.3362199850900411	Intermediate	Low Density	10.14417753634075	760.0	2616.0	760.0
C-71174-8496-133	240	-7.332132834108607	-9.08811981393442	Low	Very Large	Medium E	0.2210112834910266	-1.336810263537371	Intermediate	Low Density	10.410658633537674	1379.0	2616.0	1379.0
C-71174-8496-134	240	-7.335189499128976	-8.35452020904562	Very Low	Very Large	Medium E	0.13476724741759427	-1.3373675612928642	Spherical	Medium Density	11.017055060263399	4789.0	2616.0	4788.0
C-71174-8496-135	240	-7.333410093137131	-8.781577647088548	Very Low	Very Large	Medium E	0.18497332283879148	-1.3370431361567245	Spherical	Low Density	10.411926596893757	3092.0	2616.0	3092.0
C-71174-8496-136	240	-7.332565033284333	-8.984392011760127	Low	Very Large	Medium E	0.2088167508700575	-1.3368890630227426	Intermediate	Low Density	10.56401813690879	1700.0	2616.0	1700.0
C-71174-8496-137	240	-7.3352395804443935	-8.342500693345492	Very Low	Very Large	Medium E	0.13335419929335438	-1.3373766922262467	Spherical	Low Density	10.70364792747411	4874.0	2616.0	4873.0
C-71174-8496-138	240	-7.32889517867686	-9.865157117553444	Low	Very Large	Medium E	0.3123619777895969	-1.3362199672199309	Linear	Low Density	10.610461046469888	700.0	2616.0	700.0
C-71174-8496-139	240	-7.332565066450173	-8.984384051958365	Low	Very Large	Medium E	0.2088158150933631	-1.33688906906961	Linear	Low Density	10.303699696834377	1833.0	2616.0	1833.0
C-71174-8496-14	240	-7.333271845439861	-8.814757094433435	Very Low	Very Large	Medium E	0.18887399213389913	-1.3370179305385501	Intermediate	Low Density	10.040908127622155	2809.0	2616.0	2809.0
C-71174-8496-141	240	-7.328922974611597	-9.85848609321663	Low	Very Large	Medium E	0.31157771337652634	-1.3362250350346694	Linear	Low Density	10.258824888222119	787.0	2616.0	787.0
C-71174-8496-142	240	-7.334389403039024	-8.546543270634118	Very Low	Very Large	Medium E	0.15734201945973503	-1.3372216860490485	Linear	Low Density	10.464516219767598	4007.0	2616.0	4006.0
C-71174-8496-143	240	-7.333372917964748	-8.79049968846035	Very Low	Very Large	Medium E	0.18602222315551012	-1.3370363582991607	Intermediate	Low Density	10.227627712469392	3044.0	2616.0	3044.0
C-71174-8496-144	240	-7.32618113274475	-10.51652814125978	Low	Very Large	Low E	0.3889389902243914	-1.3357251365151626	Linear	Low Density	10.430993472249938	356.0	2616.0	356.0
C-71174-8496-146	240	-7.333962940660524	-8.64889424147414	Very Low	Very Large	Medium E	0.16937468791055155	-1.3371439325089136	Linear	Low Density	10.48465313820485	3524.0	2616.0	3524.0
C-71174-8496-147	240	-7.332824287690867	-8.922170954191834	Low	Very Large	Medium E	0.20150186806795067	-1.3369363308449933	Intermediate	Low Density	10.59101446518687	2351.0	2616.0	2351.0
C-71174-8496-148	240	-7.332766366162997	-8.936072120880702	Low	Very Large	Medium E	0.20313612838295364	-1.3369257704671758	Intermediate	Low Density	10.732499497146836	2187.0	2616.0	2187.0
C-71174-8496-149	240	-7.333056305620044	-8.866486651189412	Very Low	Very Large	Medium E	0.19495546454637977	-1.3369786328539812	Spherical	Low Density	10.415338428950813	2470.0	2616.0	2470.0
C-71174-8496-15	240	-7.332565035312756	-8.984391524938575	Low	Very Large	Medium E	0.20881669363795494	-1.336889063392569	Intermediate	Low Density	10.292951632521719	1713.0	2616.0	1713.0
C-71174-8496-150	240	-7.334032460547101	-8.632209468696011	Very Low	Very Large	Medium E	0.16741317902234978	-1.337156607524492	Intermediate	Low Density	10.349472249915536	3582.0	2616.0	3582.0
C-71174-8496-151	240	-7.333565417163532	-8.744299880752076	Very Low	Very Large	Medium E	0.18059084361820849	-1.3370714551680363	Spherical	Low Density	10.421227485543813	3193.0	2616.0	3193.0
C-71174-8496-152	240	-7.333271170848604	-8.814918996335143	Very Low	Very Large	Medium E	0.18889302577754696	-1.3370178075456178	Spherical	Low Density	10.54248692547557	2779.0	2616.0	2779.0
C-71174-8496-154	240	-7.33440476554272	-8.542856269747118	Very Low	Very Large	Medium E	0.15690856524931554	-1.337224486973838	Linear	Low Density	10.194535883150674	4066.0	2616.0	4065.0
C-71174-8496-156	240	-7.332978430254648	-8.88517673888442	Very Low	Very Large	Medium E	0.19715272390509625	-1.336964434449493	Linear	Low Density	10.629188564795674	2422.0	2616.0	2422.0
C-71174-8496-157	240	-7.333372979589071	-8.790484898622866	Very Low	Very Large	Medium E	0.186020484420562	-1.33703636953464	Spherical	Low Density	10.158337140011929	3073.0	2616.0	3073.0
C-71174-8496-158	240	-7.318495782474684	-12.36101220607595	High	Very Large	Low E	0.6057817327269682	-1.3343239268873022	Intermediate	Low Density	10.555579017581737	25.0	2616.0	25.0
C-71174-8496-159	240	-7.335113941002792	-8.372654159329908	Very Low	Very Large	Medium E	0.13689912569566745	-1.3373537853724242	Spherical	Low Density	10.49791503468521	4692.0	2616.0	4691.0
C-71174-8496-16	240	-7.332792948266912	-8.929692415940929	Low	Very Large	Medium E	0.20238611229887793	-1.3369306169736621	Spherical	Low Density	10.664530214342037	2328.0	2616.0	2328.0
C-71174-8496-160	240	-7.334153909098178	-8.603061816437224	Very Low	Very Large	Medium E	0.16398649891498787	-1.33717875028612	Intermediate	Low Density	10.44059347814878	3786.0	2616.0	3785.0
C-71174-8496-161	240	-7.333282328461948	-8.812241169132468	Very Low	Very Large	Medium E	0.18857821286826454	-1.3370198418257344	Spherical	Low Density	10.115674292299527	2843.0	2616.0	2843.0
C-71174-8496-162	240	-7.327610649174633	-10.17344419808793	Low	Very Large	Medium E	0.348605075410437	-1.3359857690321395	Intermediate	Low Density	10.214628879091096	491.0	2616.0	491.0
C-71174-8496-163	240	-7.334331263163433	-8.560496840776068	Very Low	Very Large	Medium E	0.15898244047230264	-1.3372110858616038	Linear	Low Density	10.115011416775035	3842.0	2616.0	3841.0
C-71174-8496-164	240	-7.335157343777718	-8.362237493347617	Very Low	Very Large	Medium E	0.13567451309943315	-1.3373616986599082	Spherical	Low Density	10.213213013591771	4761.0	2616.0	4760.0
C-71174-8496-165	240	-7.333926848539132	-8.657556350608369	Very Low	Very Large	Medium E	0.17039302986119217	-1.3371373521155407	Linear	Low Density	10.579181461210316	3491.0	2616.0	3491.0
C-71174-8496-166	240	-7.333590163382999	-8.73836078808027	Very Low	Very Large	Medium E	0.17989262715349136	-1.3370759669521126	Spherical	Low Density	10.401991251588607	3221.0	2616.0	3221.0
C-71174-8496-168	240	-7.329616198243545	-9.692112421549098	Low	Very Large	Medium E	0.29201835586687463	-1.3363514250615662	Spherical	Low Density	10.504293394313597	831.0	2616.0	831.0
C-71174-8496-169	240	-7.332623832068594	-8.970280303537317	Low	Very Large	Medium E	0.20715773869924625	-1.3368997833438363	Spherical	Low Density	10.04050190821515	2038.0	2616.0	2038.0
C-71174-8496-17	240	-7.336322100175958	-8.082695957770083	Very Low	Very Large	Medium E	0.10281082271884635	-1.3375740595571965	Intermediate	Low Density	10.60093813917576	5106.0	2616.0	5105.0
C-71174-8496-170	240	-7.332466659410258	-9.00800174153812	Low	Very Large	Medium E	0.2115923772104925	-1.3368711272859655	Intermediate	Low Density	10.133102985005225	1511.0	2616.0	1511.0
C-71174-8496-171	240	-7.332564990798369	-8.984402208391492	Low	Very Large	Medium E	0.20881794961476596	-1.33688905527661	Intermediate	Low Density	10.133262102497868	1576.0	2616.0	1576.0
C-71174-8496-172	240	-7.333249137437582	-8.82020701498025	Very Low	Very Large	Medium E	0.18951470014563496	-1.337013790366625	Intermediate	Low Density	9.93677306729702	2577.0	2616.0	2577.0
C-71174-8496-173	240	-7.333848912116129	-8.676261092128927	Very Low	Very Large	Medium E	0.17259201196493404	-1.3371231425788983	Intermediate	Low Density	10.41980672746434	3424.0	2616.0	3424.0
C-71174-8496-174	240	-7.334440856175762	-8.534194517816903	Very Low	Very Large	Medium E	0.15589026529258024	-1.3372310670958514	Spherical	Low Density	10.172051280304656	4171.0	2616.0	4170.0
C-71174-8496-176	240	-7.333321881340464	-8.802748478288512	Very Low	Very Large	Medium E	0.1874622253920947	-1.337027053191806	Spherical	Low Density	9.844648979777034	2914.0	2616.0	2914.0
C-71174-8496-177	240	-7.334082652754079	-8.62016333902092	Very Low	Very Large	Medium E	0.16599700208428564	-1.3371657586758632	Linear	Low Density	10.467057900611728	3692.0	2616.0	3691.0
C-71174-8496-178	240	-7.333678105405974	-8.717254702566313	Very Low	Very Large	Medium E	0.17741133628541253	-1.33709200073131	Intermediate	Low Density	10.680727272831405	3364.0	2616.0	3364.0
C-71174-8496-179	240	-7.334767617205102	-8.455771870775404	Very Low	Very Large	Medium E	0.14667067799269096	-1.3372906428710902	Spherical	Low Density	10.763347811579123	4405.0	2616.0	4404.0
C-71174-8496-18	240	-7.330182663896214	-9.55616066490858	Low	Very Large	Medium E	0.27603548438517256	-1.3364547043004402	Intermediate	Low Density	10.171967239292613	982.0	2616.0	982.0
C-71174-8496-180	240	-7.335013523739845	-8.396754302437081	Very Low	Very Large	Medium E	0.13973240640855294	-1.3373354770805834	Intermediate	Low Density	10.764105756814823	4555.0	2616.0	4554.0
C-71174-8496-181	240	-7.333272663744997	-8.814560701200758	Very Low	Very Large	Medium E	0.18885090359224738	-1.3370180797337063	Spherical	Low Density	10.411361323079161	2815.0	2616.0	2815.0
C-71174-8496-182	240	-7.331852272153964	-9.155454683048664	Low	Very Large	Medium E	0.22892736038391717	-1.3367591108770183	Intermediate	Low Density	10.231680777730416	1229.0	2616.0	1229.0
C-71174-8496-183	240	-7.33327118882197	-8.814914682727014	Very Low	Very Large	Medium E	0.1888925186576356	-1.337017810822561	Intermediate	Low Density	10.286968776122313	2787.0	2616.0	2787.0
C-71174-8496-184	240	-7.328895155943481	-9.865162573564456	Low	Very Large	Medium E	0.31236261921360725	-1.3362199630751324	Spherical	Low Density	10.234269896436516	672.0	2616.0	672.0
C-71174-8496-185	240	-7.33738700505589	-7.827118786586325	Very Low	Very Large	Medium E	0.07276445052315263	-1.3377682153104258	Linear	Low Density	10.278792984771597	5195.0	2616.0	5194.0
C-71174-8496-186	240	-7.332565042147548	-8.984389884588472	Low	Very Large	Medium E	0.2088165007937706	-1.336889064638703	Spherical	Low Density	10.051373834833859	1738.0	2616.0	1738.0
C-71174-8496-187	240	-7.331844032025164	-9.157432313960422	Low	Very Large	Medium E	0.22915985624483712	-1.336757608518973	Linear	Low Density	10.544008503074583	1224.0	2616.0	1224.0
C-71174-8496-188	240	-7.334565839284816	-8.504198571644078	Very Low	Very Large	Medium E	0.15236385736302058	-1.337253854285709	Linear	Low Density	10.48062279860775	4231.0	2616.0	4230.0
C-71174-8496-189	240	-7.332568581255761	-8.983540498617339	Low	Very Large	Medium E	0.20871664458632522	-1.3368897098965413	Spherical	Low Density	10.502560492591824	1951.0	2616.0	1951.0
C-71174-8496-19	240	-7.332676406191821	-8.957662513962958	Low	Very Large	Medium E	0.20567435581304314	-1.3369093687713123	Linear	Low Density	10.146706158099807	2085.0	2616.0	2085.0
C-71174-8496-190	240	-7.3332912664401375	-8.810096054367033	Very Low	Very Large	Medium E	0.1883260271337244	-1.3370214714171846	Spherical	Low Density	10.131669756896573	2879.0	2616.0	2879.0
C-71174-8496-191	240	-7.334914006235781	-8.420638503412453	Very Low	Very Large	Medium E	0.14254030035612278	-1.3373173328347214	Spherical	Low Density	10.228647461747041	4530.0	2616.0	4529.0
C-71174-8496-192	240	-7.336067279770082	-8.14385285517996	Very Low	Very Large	Medium E	0.11000059985510824	-1.3375276001515035	Spherical	Low Density	10.071487878082706	5085.0	2616.0	5084.0
C-71174-8496-193	240	-7.334429444056719	-8.536933426387657	Very Low	Very Large	Medium E	0.1562122590995256	-1.3372289864137075	Spherical	Low Density	10.596550636370257	4138.0	2616.0	4137.0
C-71174-8496-194	240	-7.3287509788125424	-9.899765084989744	Low	Very Large	Medium E	0.31643058793075507	-1.3361936763898297	Linear	Low Density	9.970291798610369	590.0	2616.0	590.0
C-71174-8496-195	240	-7.327610606861023	-10.17345435335463	Low	Very Large	Medium E	0.3486062692921731	-1.3359857613174309	Spherical	Low Density	10.000200258968354	479.0	2616.0	479.0
C-71174-8496-196	240	-7.3342391464483905	-8.582604852386345	Very Low	Very Large	Medium E	0.1615815205946418	-1.3371942909435495	Linear	Low Density	10.167031157360777	3810.0	2616.0	3809.0
C-71174-8496-197	240	-7.336517596390863	-8.035776866192936	Very Low	Very Large	Medium E	0.09729488214371558	-1.3376097028485117	Intermediate	Low Density	9.94662000011182	5118.0	2616.0	5117.0
C-71174-8496-198	240	-7.332616612837687	-8.97201291895491	Low	Very Large	Medium E	0.20736142984847006	-1.3368984671180955	Spherical	Low Density	10.70970135327643	2032.0	2616.0	2032.0
C-71174-8496-199	240	-7.333837576908018	-8.67898154207559	Very Low	Very Large	Medium E	0.17291183572406163	-1.3371210759193213	Intermediate	Low Density	10.445829750767954	3419.0	2616.0	3419.0
C-71174-8496-2	240	-7.335414762418773	-8.300457019494337	Very Low	Very Large	Medium E	0.12841142655997015	-1.3374086317814398	Intermediate	Low Density	10.493983115513231	4942.0	2616.0	4941.0
C-71174-8496-20	240	-7.3327664091183395	-8.936061811598487	Low	Very Large	Medium E	0.20313491639470033	-1.3369257782988864	Intermediate	Low Density	10.170077710119633	2251.0	2616.0	2251.0
C-71174-8496-200	240	-7.334416909252906	-8.539941779302689	Very Low	Very Large	Medium E	0.15656592954263635	-1.3372267010412562	Intermediate	Low Density	10.56671507211395	4101.0	2616.0	4100.0
C-71174-8496-201	240	-7.332169675063421	-9.079277984778926	Low	Very Large	Medium E	0.21997181314842146	-1.3368169804596675	Spherical	Low Density	10.162322931576487	1410.0	2616.0	1410.0
C-71174-8496-203	240	-7.3332515135549885	-8.819636746802718	Very Low	Very Large	Medium E	0.18944765781224743	-1.3370142235854725	Linear	Low Density	10.03211608524332	2630.0	2616.0	2630.0
C-71174-8496-204	240	-7.3340826895867055	-8.620154499190578	Very Low	Very Large	Medium E	0.16599596284892065	-1.337165765391267	Intermediate	Low Density	10.175742912328557	3715.0	2616.0	3714.0
C-71174-8496-205	240	-7.328895130519139	-9.865168675406196	Low	Very Large	Medium E	0.3123633365633686	-1.3362199584397114	Spherical	Low Density	10.265282448311677	639.0	2616.0	639.0
C-71174-8496-206	240	-7.332601413363003	-8.97566079287946	Low	Very Large	Medium E	0.20779028418292478	-1.336895695917107	Intermediate	Low Density	10.552250533796878	1974.0	2616.0	1974.0
C-71174-8496-207	240	-7.323597453480672	-11.13661116463869	Medium	Very Large	Low E	0.4618376972035493	-1.3352540745423296	Linear	Low Density	10.519637391132607	211.0	2616.0	211.0
C-71174-8496-208	240	-7.33325393011572	-8.819056772227242	Very Low	Very Large	Medium E	0.18937947436738978	-1.3370146641780343	Intermediate	Low Density	10.057533479144595	2672.0	2616.0	2672.0
C-71174-8496-209	240	-7.33536631085046	-8.31208539588971	Very Low	Very Large	Medium E	0.12977849124568336	-1.3373997979870622	Linear	Low Density	10.157623212469185	4933.0	2616.0	4932.0
C-71174-8496-21	240	-7.336711024313964	-7.989354164648622	Very Low	Very Large	Medium E	0.09183729857913554	-1.3376449690444068	Linear	Low Density	10.336633880193359	5162.0	2616.0	5161.0
C-71174-8496-210	240	-7.330716549335971	-9.428028159366862	Low	Very Large	Medium E	0.2609718660892051	-1.3365520434446658	Spherical	Low Density	10.421667029386068	1015.0	2616.0	1015.0
C-71174-8496-211	240	-7.327610579380543	-10.17346094866951	Low	Very Large	Medium E	0.34860704465600995	-1.3359857563071305	Intermediate	Medium Density	10.798652043885651	469.0	2616.0	469.0
C-71174-8496-212	240	-7.33401530958788	-8.636325698908797	Very Low	Very Large	Medium E	0.1678970946414571	-1.3371534805246361	Spherical	Low Density	10.571535128571258	3564.0	2616.0	3564.0
C-71174-8496-214	240	-7.332565098696446	-8.984376312852769	Low	Very Large	Medium E	0.20881490526231156	-1.33688907494882	Spherical	Low Density	9.919974892606437	1907.0	2616.0	1907.0
C-71174-8496-215	240	-7.321829165970696	-11.56100016703285	Medium	Very Large	Low E	0.5117300638130066	-1.3349316765517716	Spherical	Low Density	10.620562901414015	54.0	2616.0	54.0
C-71174-8496-219	240	-7.333936703883526	-8.655191067953611	Very Low	Very Large	Medium E	0.17011496056941178	-1.337139148963175	Linear	Low Density	10.286019932803287	3497.0	2616.0	3497.0
C-71174-8496-220	240	-7.333251467599487	-8.81964777612307	Very Low	Very Large	Medium E	0.18944895445022172	-1.3370142152067663	Intermediate	Low Density	10.108829099992876	2617.0	2616.0	2617.0
C-71174-8496-221	240	-7.334262950942229	-8.576891773865169	Very Low	Very Large	Medium E	0.16090987499016082	-1.3371986310301793	Linear	Low Density	10.614566250808329	3815.0	2616.0	3814.0
C-71174-8496-222	240	-7.339965925996593	-7.208177760817719	Very Low	Very Large	High E	0.0	-1.338238409735484	Spherical	Low Density	10.287071305621255	5232.0	2616.0	5231.0
C-71174-8496-223	240	-7.335224343398433	-8.34615758437604	Very Low	Very Large	Medium E	0.1337841137042158	-1.3373739141751821	Linear	Low Density	10.123652892299951	4839.0	2616.0	4838.0
C-71174-8496-224	240	-7.333947230846309	-8.652664596885593	Very Low	Very Large	Medium E	0.1698179415136852	-1.3371410682617217	Linear	Low Density	10.325178709617306	3509.0	2616.0	3509.0
C-71174-8496-225	240	-7.334082636175778	-8.620167317813165	Very Low	Very Large	Medium E	0.16599746984229566	-1.3371657556532717	Intermediate	Low Density	9.727586398663517	3687.0	2616.0	3686.0
C-71174-8496-227	240	-7.332565009183597	-8.984397795936648	Low	Very Large	Medium E	0.2088174308741717	-1.3368890586286444	Linear	Low Density	10.712563838082094	1621.0	2616.0	1621.0
C-71174-8496-228	240	-7.331876019549402	-9.14975530814326	Low	Very Large	Medium E	0.2282573258151297	-1.3367634405533448	Linear	Low Density	10.097922779190222	1246.0	2616.0	1246.0
C-71174-8496-23	240	-7.334758123515289	-8.458050356330432	Very Low	Very Large	Medium E	0.14693854317295846	-1.337288911961099	Intermediate	Low Density	10.366499285342396	4372.0	2616.0	4371.0
C-71174-8496-230	240	-7.332132832763866	-9.08812013667187	Low	Very Large	Medium E	0.221011321432977	-1.336810263292195	Linear	Low Density	10.159220314916618	1378.0	2616.0	1378.0
C-71174-8496-231	240	-7.331257158279362	-9.298282012953022	Low	Very Large	Medium E	0.24571854362674483	-1.3366506084325671	Linear	Low Density	10.23080977408616	1083.0	2616.0	1083.0
C-71174-8496-232	240	-7.333667872118352	-8.719710691595477	Very Low	Very Large	Medium E	0.17770006927411655	-1.3370901349762518	Intermediate	Low Density	10.493490504117842	3348.0	2616.0	3348.0
C-71174-8496-233	240	-7.334767615589022	-8.455772258634704	Very Low	Very Large	Medium E	0.1466707235905281	-1.337290642576443	Spherical	Low Density	10.277317009988405	4404.0	2616.0	4403.0
C-71174-8496-234	240	-7.326825766771444	-10.36181597485358	Low	Very Large	Low E	0.37075059212324346	-1.3358426675804893	Intermediate	Low Density	10.758014472939532	388.0	2616.0	388.0
C-71174-8496-235	240	-7.334666030317233	-8.480152723864212	Very Low	Very Large	Medium E	0.14953695976175735	-1.3372721213307122	Intermediate	Low Density	10.195618303855094	4336.0	2616.0	4335.0
C-71174-8496-236	240	-7.332565095023184	-8.984377194435966	Low	Very Large	Medium E	0.20881500890369475	-1.3368890742791029	Intermediate	Low Density	10.26212050800927	1903.0	2616.0	1903.0
C-71174-8496-237	240	-7.332565048848116	-8.984388276451911	Low	Very Large	Medium E	0.20881631173673193	-1.3368890658603652	Intermediate	Low Density	10.187954965586885	1767.0	2616.0	1767.0
C-71174-8496-238	240	-7.334370646042058	-8.551044949906203	Very Low	Very Large	Medium E	0.15787124955600348	-1.3372182662329288	Spherical	Low Density	10.098052408749787	3914.0	2616.0	3913.0
C-71174-8496-24	240	-7.33359081515333	-8.738204363200722	Very Low	Very Large	Medium E	0.17987423740402023	-1.3370760857842843	Linear	Low Density	10.246903408297722	3223.0	2616.0	3223.0
C-71174-8496-240	240	-7.322411086745278	-11.42133918113311	Medium	Very Large	Low E	0.495311124890844	-1.335037773601788	Spherical	Low Density	10.295151356585151	71.0	2616.0	71.0
C-71174-8496-242	240	-7.326531175293455	-10.43251792957066	Low	Very Large	Low E	0.3790625130845743	-1.335788957027198	Spherical	Low Density	10.527532038522006	373.0	2616.0	373.0
C-71174-8496-243	240	-7.3235974734520415	-11.13660637151003	Medium	Very Large	Low E	0.4618371337098411	-1.335254078183553	Spherical	Low Density	10.488690054171698	222.0	2616.0	222.0
C-71174-8496-244	240	-7.334378762526264	-8.549096993696542	Very Low	Very Large	Medium E	0.15764224233668733	-1.3372197460478252	Linear	Low Density	10.070803037842845	3944.0	2616.0	3943.0
C-71174-8496-245	240	-7.332565092831371	-8.984377720471018	Low	Very Large	Medium E	0.20881507074586397	-1.3368890738794867	Linear	Low Density	10.018338660712509	1901.0	2616.0	1901.0
C-71174-8496-246	240	-7.33503604255928	-8.39134978577274	Very Low	Very Large	Medium E	0.13909703620516603	-1.3373395827602845	Spherical	Low Density	10.381141508705234	4575.0	2616.0	4574.0
C-71174-8496-247	240	-7.332601522102375	-8.97563469542999	Low	Very Large	Medium E	0.207787216093267	-1.3368957157427037	Linear	Low Density	10.317742865937458	2006.0	2616.0	2006.0
C-71174-8496-248	240	-7.3352026899843965	-8.351354403744867	Very Low	Very Large	Medium E	0.13439506642846558	-1.3373699662780587	Spherical	Low Density	10.532971477252541	4800.0	2616.0	4799.0
C-71174-8496-249	240	-7.332851735414121	-8.9155835006108	Low	Very Large	Medium E	0.200727428468355	-1.3369413351730637	Spherical	Low Density	10.073757322859818	2370.0	2616.0	2370.0
C-71174-8496-25	240	-7.3325650967420435	-8.984376781909512	Low	Very Large	Medium E	0.20881496040593697	-1.336889074592489	Spherical	Low Density	10.182172433566299	1906.0	2616.0	1906.0
C-71174-8496-250	240	-7.335261593570599	-8.337217543056221	Very Low	Very Large	Medium E	0.1327330972629068	-1.3373807057068683	Linear	Low Density	9.913869624420922	4889.0	2616.0	4888.0
C-71174-8496-251	240	-7.323640201478741	-11.12635164510207	Medium	Very Large	Low E	0.46063155918613735	-1.3352618684494857	Spherical	Low Density	10.52689821382383	252.0	2616.0	252.0
C-71174-8496-252	240	-7.334980511056712	-8.404677346389107	Very Low	Very Large	Medium E	0.14066386177445817	-1.337329458137032	Spherical	Low Density	10.412646170555696	4546.0	2616.0	4545.0
C-71174-8496-253	240	-7.3200617122257	-11.98518906583189	Medium	Very Large	Low E	0.5615989056801355	-1.334609430575042	Spherical	Low Density	10.276778023018917	31.0	2616.0	31.0
C-71174-8496-254	240	-7.333049956663557	-8.868010400746167	Very Low	Very Large	Medium E	0.1951346008366257	-1.3369774752985486	Linear	Low Density	10.186262236728753	2459.0	2616.0	2459.0
C-71174-8496-255	240	-7.334640884086794	-8.486187819169242	Very Low	Very Large	Medium E	0.15024646256647595	-1.3372675366157731	Linear	Low Density	10.37610516624038	4305.0	2616.0	4304.0
C-71174-8496-256	240	-7.335040728950763	-8.390225051816651	Very Low	Very Large	Medium E	0.13896480931297794	-1.3373404371932818	Intermediate	Low Density	10.525660459998688	4579.0	2616.0	4578.0
C-71174-8496-257	240	-7.324763304759456	-10.85680685773052	Medium	Very Large	Low E	0.4289431146851372	-1.3354666350605988	Linear	Low Density	10.135732731727881	318.0	2616.0	318.0
C-71174-8496-258	240	-7.331855585136694	-9.154659567193455	Low	Very Large	Medium E	0.22883388432417012	-1.336759714907171	Intermediate	Low Density	10.170151827479469	1231.0	2616.0	1231.0
C-71174-8496-259	240	-7.328895235447892	-9.865143492505709	Low	Very Large	Medium E	0.3123603759906264	-1.3362199775705477	Spherical	Low Density	10.53566710575218	747.0	2616.0	747.0
C-71174-8496-26	240	-7.326825914688788	-10.36178047469073	Low	Very Large	Low E	0.37074641862412605	-1.3358426945490984	Intermediate	Low Density	10.03528176020058	400.0	2616.0	400.0
C-71174-8496-260	240	-7.334376922071887	-8.549538702746965	Very Low	Very Large	Medium E	0.1576941708969494	-1.337219410492216	Spherical	Low Density	10.074298187624773	3935.0	2616.0	3934.0
C-71174-8496-261	240	-7.334389382979686	-8.546548084875166	Very Low	Very Large	Medium E	0.157342585435488	-1.3372216823917866	Linear	Low Density	10.29819791163454	4006.0	2616.0	4005.0
C-71174-8496-262	240	-7.334767612458387	-8.45577300998698	Very Low	Very Large	Medium E	0.14667081192161638	-1.337290642005659	Linear	Low Density	10.31029741870355	4403.0	2616.0	4402.0
C-71174-8496-263	240	-7.332565062080121	-8.984385100770853	Low	Very Large	Medium E	0.20881593839470922	-1.3368890682728527	Linear	Low Density	10.206282161415356	1813.0	2616.0	1813.0
C-71174-8496-264	240	-7.332601503125914	-8.97563924978061	Low	Very Large	Medium E	0.2077877515155659	-1.3368957122828744	Linear	Low Density	10.523062620610762	2001.0	2616.0	2001.0
C-71174-8496-265	240	-7.332618432453207	-8.971576211230124	Low	Very Large	Medium E	0.20731008925816466	-1.3368987988743195	Spherical	Low Density	10.321286237415801	2033.0	2616.0	2033.0
C-71174-8496-266	240	-7.323832786717469	-11.08013118780731	Medium	Very Large	Low E	0.45519775202526896	-1.3352969810053494	Linear	Medium Density	10.829490068980975	260.0	2616.0	260.0
C-71174-8496-267	240	-7.332565075645967	-8.98438184496784	Low	Very Large	Medium E	0.20881555563335108	-1.3368890707462069	Intermediate	Low Density	10.136792680531213	1860.0	2616.0	1860.0
C-71174-8496-268	240	-7.332601481557947	-8.975644426092737	Low	Very Large	Medium E	0.2077883600573946	-1.3368957083505562	Intermediate	Low Density	10.68701785215596	1989.0	2616.0	1989.0
C-71174-8496-269	240	-7.332766389546015	-8.936066508956072	Low	Very Large	Medium E	0.20313546862931667	-1.3369257747304182	Spherical	Low Density	10.004331045208612	2217.0	2616.0	2217.0
C-71174-8496-27	240	-7.331984526784101	-9.12371357181561	Low	Very Large	Medium E	0.2251957859338473	-1.3367832238262742	Linear	Low Density	10.401840418657912	1305.0	2616.0	1305.0
C-71174-8496-270	240	-7.335187813970717	-8.354924647027842	Very Low	Very Large	Medium E	0.13481479428606816	-1.3373672540511776	Linear	Low Density	10.37520790046312	4788.0	2616.0	4787.0
C-71174-8496-272	240	-7.334387675821977	-8.54695780272552	Very Low	Very Large	Medium E	0.15739075302012454	-1.3372213711391132	Linear	Low Density	10.46936194428274	3993.0	2616.0	3992.0
C-71174-8496-274	240	-7.33439114958932	-8.546124098563327	Very Low	Very Large	Medium E	0.15729274041028557	-1.3372220044838632	Intermediate	Low Density	10.392363403028922	4016.0	2616.0	4015.0
C-71174-8496-276	240	-7.334372068519975	-8.550703555205986	Very Low	Very Large	Medium E	0.15783111423337184	-1.337218525582169	Linear	Low Density	10.022062840644045	3918.0	2616.0	3917.0
C-71174-8496-278	240	-7.334778345519472	-8.453197075326747	Very Low	Very Large	Medium E	0.14636797778664637	-1.3372925988804922	Spherical	Medium Density	10.912069036439794	4449.0	2616.0	4448.0
C-71174-8496-279	240	-7.322473278133481	-11.40641324796466	Medium	Very Large	Low E	0.4935563901417366	-1.3350491124697457	Intermediate	Low Density	10.051773851550593	116.0	2616.0	116.0
C-71174-8496-28	240	-7.334399186567296	-8.544195223848886	Very Low	Very Large	Medium E	0.15706597646529824	-1.3372234698030125	Intermediate	Low Density	10.253381645054834	4043.0	2616.0	4042.0
C-71174-8496-280	240	-7.335109511771202	-8.373717174911526	Very Low	Very Large	Medium E	0.13702409680190142	-1.3373529778253732	Intermediate	Low Density	10.603334479848643	4662.0	2616.0	4661.0
C-71174-8496-281	240	-7.326329026914645	-10.48103354048524	Low	Very Large	Low E	0.3847661449703482	-1.33575210089902	Linear	Low Density	10.572573636701781	366.0	2616.0	366.0
C-71174-8496-283	240	-7.332565057548336	-8.984386188399196	Low	Very Large	Medium E	0.20881606625938504	-1.3368890674466078	Intermediate	Low Density	9.9683933022276	1795.0	2616.0	1795.0
C-71174-8496-284	240	-7.323597327018015	-11.13664151567655	Medium	Very Large	Low E	0.46184126535704334	-1.3352540514853855	Spherical	Low Density	10.542431543447671	157.0	2616.0	157.0
C-71174-8496-285	240	-7.334032529033794	-8.632193031889354	Very Low	Very Large	Medium E	0.16741124666507862	-1.3371566200111336	Spherical	Low Density	10.590777942751322	3586.0	2616.0	3586.0
C-71174-8496-286	240	-7.333939461160324	-8.654529321522316	Very Low	Very Large	Medium E	0.17003716379480746	-1.3371396516758245	Spherical	Low Density	10.081256037461424	3503.0	2616.0	3503.0
C-71174-8496-287	240	-7.333372878557865	-8.790509146112242	Very Low	Very Large	Medium E	0.1860233350237142	-1.3370363511144128	Spherical	Low Density	10.253265695767633	2996.0	2616.0	2996.0
C-71174-8496-288	240	-7.328895250506283	-9.865139878491776	Low	Very Large	Medium E	0.31235995111695436	-1.3362199803160262	Linear	Low Density	10.540676402855096	752.0	2616.0	752.0
C-71174-8496-289	240	-7.333475621457036	-8.765850850311361	Very Low	Very Large	Medium E	0.18312443630785377	-1.3370550834212631	Linear	Low Density	10.280040042141488	3126.0	2616.0	3126.0
C-71174-8496-29	240	-7.3332712084169	-8.814909979944186	Very Low	Very Large	Medium E	0.1888919657852166	-1.3370178143951506	Linear	Low Density	10.561045074988488	2794.0	2616.0	2794.0
C-71174-8496-290	240	-7.333625218735886	-8.729947503387471	Very Low	Very Large	Medium E	0.17890353770508244	-1.3370823583196165	Linear	Low Density	10.08898875819031	3259.0	2616.0	3259.0
C-71174-8496-291	240	-7.332618591717423	-8.971537987818548	Low	Very Large	Medium E	0.20730559560619377	-1.3368988279117147	Linear	Low Density	10.097361468875741	2034.0	2616.0	2034.0
C-71174-8496-292	240	-7.322473293285266	-11.40640961153614	Medium	Very Large	Low E	0.49355596263297824	-1.3350491152322517	Intermediate	Low Density	10.211069974044674	121.0	2616.0	121.0
C-71174-8496-293	240	-7.334318273564171	-8.563614344598736	Very Low	Very Large	Medium E	0.15934894300361216	-1.3372087175698657	Spherical	Low Density	10.248207044978217	3834.0	2616.0	3833.0
C-71174-8496-294	240	-7.332565063274127	-8.984384814209477	Low	Very Large	Medium E	0.2088159047057452	-1.3368890684905463	Spherical	Low Density	9.95087000913409	1819.0	2616.0	1819.0
C-71174-8496-295	240	-7.331822573092105	-9.16258245789476	Low	Very Large	Medium E	0.22976532167349856	-1.3367536960800406	Spherical	Low Density	10.328025295381737	1191.0	2616.0	1191.0
C-71174-8496-296	240	-7.333411969993198	-8.781127201632469	Very Low	Very Large	Medium E	0.18492036720208646	-1.3370434783491685	Spherical	Low Density	10.597447430190776	3094.0	2616.0	3094.0
C-71174-8496-297	240	-7.328633868571631	-9.927871542808347	Low	Very Large	Medium E	0.3197348622867824	-1.3361723245982626	Linear	Low Density	10.229029228713046	570.0	2616.0	570.0
C-71174-8496-299	240	-7.335503297104638	-8.279208694886883	Very Low	Very Large	Medium E	0.12591341366335648	-1.337424773616213	Linear	Low Density	9.884302752803945	4997.0	2616.0	4996.0
C-71174-8496-301	240	-7.327610571557065	-10.17346282630425	Low	Very Large	Medium E	0.34860726539603304	-1.3359857548807372	Intermediate	Low Density	10.55849124915832	462.0	2616.0	462.0
C-71174-8496-302	240	-7.3347219389509215	-8.466734651778856	Very Low	Very Large	Medium E	0.14795949340919748	-1.3372823147133235	Linear	Low Density	10.408910269348041	4347.0	2616.0	4346.0
C-71174-8496-303	240	-7.333635856029312	-8.727394552965213	Very Low	Very Large	Medium E	0.1786034056618876	-1.3370842977338837	Linear	Low Density	10.236233897361176	3280.0	2616.0	3280.0
C-71174-8496-304	240	-7.323597442140926	-11.13661388617766	Medium	Very Large	Low E	0.46183801715534617	-1.3352540724748427	Linear	Low Density	10.339948355001853	205.0	2616.0	205.0
C-71174-8496-305	240	-7.333515240686097	-8.756342235336673	Very Low	Very Large	Medium E	0.1820065767460203	-1.3370623068845093	Linear	Low Density	10.550958623680433	3161.0	2616.0	3161.0
C-71174-8496-306	240	-7.33403642265328	-8.631258563212892	Very Low	Very Large	Medium E	0.16730138789510365	-1.3371573299042314	Intermediate	Low Density	10.08452978698866	3614.0	2616.0	3614.0
C-71174-8496-307	240	-7.332588978901257	-8.978645063698302	Low	Very Large	Medium E	0.2081411234669792	-1.3368934288392376	Intermediate	Low Density	9.836903952834751	1960.0	2616.0	1960.0
C-71174-8496-308	240	-7.332565086539432	-8.984379230536124	Low	Very Large	Medium E	0.2088152482733881	-1.336889072732327	Intermediate	Low Density	10.284553979356314	1890.0	2616.0	1890.0
C-71174-8496-309	240	-7.332977445585405	-8.885413059502863	Very Low	Very Large	Medium E	0.19718050642269322	-1.3369642549224743	Spherical	Low Density	10.532845260841428	2404.0	2616.0	2404.0
C-71174-8496-31	240	-7.332565034158613	-8.984391801932802	Low	Very Large	Medium E	0.2088167262022001	-1.336889063182143	Intermediate	Low Density	10.684036623967417	1706.0	2616.0	1706.0
C-71174-8496-310	240	-7.333271145247304	-8.814925140647231	Very Low	Very Large	Medium E	0.18889374812016682	-1.3370178028779338	Linear	Low Density	10.27094405138862	2772.0	2616.0	2772.0
C-71174-8496-311	240	-7.333372904497938	-8.790502920494973	Very Low	Very Large	Medium E	0.18602260312260063	-1.3370363558438627	Linear	Low Density	10.088340763178591	3033.0	2616.0	3033.0
C-71174-8496-312	240	-7.333302473779934	-8.807406292815724	Very Low	Very Large	Medium E	0.18800981118880788	-1.337023514763535	Intermediate	Low Density	10.223431410663979	2886.0	2616.0	2886.0
C-71174-8496-313	240	-7.332565022846213	-8.984394516908782	Low	Very Large	Medium E	0.208817045382424	-1.336889061119642	Spherical	Low Density	10.328489804388168	1660.0	2616.0	1660.0
C-71174-8496-314	240	-7.3340813371033295	-8.620479095200876	Very Low	Very Large	Medium E	0.1660341232702582	-1.3371655188035825	Spherical	Low Density	10.460586487203091	3675.0	2616.0	3674.0
C-71174-8496-315	240	-7.3259591409416736	-10.56980617399836	Low	Very Large	Low E	0.3952025058353524	-1.3356846624910979	Spherical	Low Density	10.576499302116082	344.0	2616.0	344.0
C-71174-8496-316	240	-7.334082679725724	-8.620156865826228	Very Low	Very Large	Medium E	0.16599624107726002	-1.3371657635933916	Linear	Low Density	10.145728277859053	3710.0	2616.0	3709.0
C-71174-8496-317	240	-7.332565042282772	-8.984389852134548	Low	Very Large	Medium E	0.2088164969784324	-1.3368890646633573	Intermediate	Low Density	10.128810664720158	1740.0	2616.0	1740.0
C-71174-8496-318	240	-7.333948888050206	-8.652266867950484	Very Low	Very Large	Medium E	0.16977118337967242	-1.3371413704067083	Intermediate	Low Density	10.683268378409212	3511.0	2616.0	3511.0
C-71174-8496-319	240	-7.334399038106099	-8.544230854536154	Very Low	Very Large	Medium E	0.1570701653092684	-1.337223442735247	Intermediate	Low Density	9.986343855225035	4038.0	2616.0	4037.0
C-71174-8496-32	240	-7.333321877980854	-8.802749284594947	Very Low	Very Large	Medium E	0.1874623201837568	-1.3370270525792747	Intermediate	Low Density	10.201940748580688	2912.0	2616.0	2912.0
C-71174-8496-322	240	-7.332564987473276	-8.984403006413757	Low	Very Large	Medium E	0.20881804343252044	-1.336889054670372	Intermediate	Low Density	10.026026981268078	1572.0	2616.0	1572.0
C-71174-8496-323	240	-7.32684290375944	-10.35770309773448	Low	Very Large	Low E	0.3702670707033142	-1.3358457920330813	Intermediate	Low Density	10.635075198005561	409.0	2616.0	409.0
C-71174-8496-324	240	-7.336094239053935	-8.137382627055603	Very Low	Very Large	Medium E	0.10923994161036578	-1.3375325154262494	Spherical	Low Density	10.640661835197115	5088.0	2616.0	5087.0
C-71174-8496-325	240	-7.333372901776284	-8.790503573692	Very Low	Very Large	Medium E	0.18602267991427565	-1.3370363553476448	Linear	Low Density	10.361166331641899	3030.0	2616.0	3030.0
C-71174-8496-326	240	-7.332766397357248	-8.936064634260532	Low	Very Large	Medium E	0.20313524823479606	-1.336925776154579	Spherical	Low Density	10.217421496990044	2229.0	2616.0	2229.0
C-71174-8496-327	240	-7.328579887862539	-9.940826912990618	Low	Very Large	Medium E	0.3212579321001577	-1.3361624827190197	Linear	Low Density	9.943619475095947	555.0	2616.0	555.0
C-71174-8496-328	240	-7.332565014061246	-8.984396625300963	Low	Very Large	Medium E	0.20881729325092296	-1.336889059517948	Linear	Low Density	10.173397276210954	1632.0	2616.0	1632.0
C-71174-8496-329	240	-7.328085668796694	-10.05943948879326	Low	Very Large	Medium E	0.3352023606387431	-1.336072375633591	Spherical	Low Density	10.382167840979498	514.0	2616.0	514.0
C-71174-8496-33	240	-7.33488616712538	-8.427319889908564	Very Low	Very Large	Medium E	0.1433257829738356	-1.3373122571481029	Spherical	Low Density	10.561188336144651	4520.0	2616.0	4519.0
C-71174-8496-330	240	-7.33297832094192	-8.885202973939263	Very Low	Very Large	Medium E	0.1971558081720255	-1.336964414519361	Linear	Low Density	10.061669496855139	2408.0	2616.0	2408.0
C-71174-8496-331	240	-7.334640863483713	-8.486192763908734	Very Low	Very Large	Medium E	0.1502470438839742	-1.337267532859375	Intermediate	Low Density	10.546878796499279	4298.0	2616.0	4297.0
C-71174-8496-332	240	-7.333565450261565	-8.744291937224157	Very Low	Very Large	Medium E	0.1805899097546964	-1.337071461202541	Linear	Low Density	9.978324437298586	3197.0	2616.0	3197.0
C-71174-8496-333	240	-7.332565037851742	-8.984390915581885	Low	Very Large	Medium E	0.20881662200027432	-1.3368890638554825	Intermediate	Low Density	10.391541258337565	1722.0	2616.0	1722.0
C-71174-8496-336	240	-7.328579902819933	-9.94082332321608	Low	Very Large	Medium E	0.32125751007616093	-1.336162485446084	Spherical	Low Density	9.986189468807282	556.0	2616.0	556.0
C-71174-8496-337	240	-7.332242077830416	-9.0619013207001	Low	Very Large	Medium E	0.2179289635698987	-1.3368301810882182	Spherical	Low Density	10.179254240148882	1445.0	2616.0	1445.0
C-71174-8496-338	240	-7.335042467160301	-8.389807881527776	Very Low	Very Large	Medium E	0.13891576559863353	-1.3373407541073916	Intermediate	Low Density	10.358489034613896	4591.0	2616.0	4590.0
C-71174-8496-339	240	-7.334448622437609	-8.532330614973716	Very Low	Very Large	Medium E	0.15567113962378076	-1.3372324830574525	Intermediate	Low Density	10.444681491398173	4190.0	2616.0	4189.0
C-71174-8496-34	240	-7.334038216317058	-8.630828083905895	Very Low	Very Large	Medium E	0.1672507795351504	-1.337157656928878	Intermediate	Low Density	10.404272694873315	3623.0	2616.0	3623.0
C-71174-8496-340	240	-7.333998790911951	-8.640290181131709	Very Low	Very Large	Medium E	0.16836317033937115	-1.337150468804033	Linear	Low Density	10.233643276285036	3551.0	2616.0	3551.0
C-71174-8496-341	240	-7.335503256319959	-8.279218483209714	Very Low	Very Large	Medium E	0.12591456440616983	-1.3374247661802623	Spherical	Low Density	10.310838119295116	4974.0	2616.0	4973.0
C-71174-8496-342	240	-7.332729719128639	-8.944867409126626	Low	Very Large	Medium E	0.20417012724514963	-1.3369190889008749	Spherical	Low Density	10.461621501475335	2108.0	2616.0	2108.0
C-71174-8496-343	240	-7.335224282738389	-8.346172142786527	Very Low	Very Large	Medium E	0.13378582523197452	-1.3373739031155123	Intermediate	Low Density	10.364894212578594	4826.0	2616.0	4825.0
C-71174-8496-344	240	-7.3355033535593375	-8.279195145758955	Very Low	Very Large	Medium E	0.12591182078971322	-1.3374247839091555	Linear	Low Density	10.310523500308413	5008.0	2616.0	5007.0
C-71174-8496-345	240	-7.332132839176819	-9.088118597563344	Low	Very Large	Medium E	0.2210111404910249	-1.3368102644614184	Linear	Medium Density	10.823714907087066	1381.0	2616.0	1381.0
C-71174-8496-346	240	-7.333372876012591	-8.790509756978025	Very Low	Very Large	Medium E	0.18602340683881977	-1.3370363506503529	Linear	Low Density	10.227134369846178	2994.0	2616.0	2994.0
C-71174-8496-347	240	-7.328895171036469	-9.865158951247455	Low	Very Large	Medium E	0.3123621933638223	-1.3362199658269183	Spherical	Low Density	10.550359751681645	693.0	2616.0	693.0
C-71174-8496-348	240	-7.326014811661492	-10.55644520124191	Low	Very Large	Low E	0.39363175224075625	-1.3356948124967394	Intermediate	Low Density	10.590773711486822	348.0	2616.0	348.0
C-71174-8496-349	240	-7.333418125192029	-8.779649953912847	Very Low	Very Large	Medium E	0.18474669779882286	-1.3370446005782877	Linear	Low Density	10.717047313806395	3095.0	2616.0	3095.0
C-71174-8496-35	240	-7.323597457927887	-11.13661009730709	Medium	Very Large	Low E	0.4618375717250386	-1.3352540753531554	Intermediate	Low Density	10.74260310658137	214.0	2616.0	214.0
C-71174-8496-351	240	-7.3332478154148335	-8.820524300439946	Very Low	Very Large	Medium E	0.18955200111804202	-1.3370135493325876	Spherical	Low Density	10.638214725596878	2573.0	2616.0	2573.0
C-71174-8496-352	240	-7.328895136832863	-9.865167160112785	Low	Very Large	Medium E	0.3123631584211472	-1.3362199595908433	Linear	Low Density	10.48795673244465	644.0	2616.0	644.0
C-71174-8496-353	240	-7.335224181212284	-8.34619650905199	Very Low	Very Large	Medium E	0.13378868979877132	-1.3373738846050538	Spherical	Low Density	9.911404578513812	4816.0	2616.0	4815.0
C-71174-8496-354	240	-7.332766329316999	-8.936080963920176	Low	Very Large	Medium E	0.20313716799559722	-1.3369257637493341	Spherical	Low Density	10.446155183742102	2164.0	2616.0	2164.0
C-71174-8496-355	240	-7.332972503393791	-8.886599185490027	Very Low	Very Large	Medium E	0.19731995073501984	-1.3369633538514458	Spherical	Low Density	10.288606061428842	2402.0	2616.0	2402.0
C-71174-8496-356	240	-7.333372958131117	-8.790490048531959	Very Low	Very Large	Medium E	0.18602108985835616	-1.3370363656223796	Intermediate	Low Density	10.23972005075145	3065.0	2616.0	3065.0
C-71174-8496-357	240	-7.331452885779732	-9.251307412864264	Low	Very Large	Medium E	0.24019607731461237	-1.3366862938923467	Linear	Low Density	10.298911898303194	1115.0	2616.0	1115.0
C-71174-8496-358	240	-7.33390019020217	-8.66395435147905	Very Low	Very Large	Medium E	0.17114519686650023	-1.3371324917100809	Intermediate	Low Density	10.345193972452106	3458.0	2616.0	3458.0
C-71174-8496-359	240	-7.33475800802862	-8.45807807313091	Very Low	Very Large	Medium E	0.14694180163811277	-1.3372888909053204	Linear	Low Density	10.600588161632704	4350.0	2616.0	4349.0
C-71174-8496-36	240	-7.331257046496758	-9.298308840777924	Low	Very Large	Medium E	0.24572169758140933	-1.3366505880521218	Linear	Low Density	10.015288399760193	1055.0	2616.0	1055.0
C-71174-8496-360	240	-7.333260105397781	-8.817574704532595	Very Low	Very Large	Medium E	0.18920523831425862	-1.3370157900687711	Intermediate	Low Density	9.94138789700438	2741.0	2616.0	2741.0
C-71174-8496-361	240	-7.332747079905898	-8.940700822584295	Low	Very Large	Medium E	0.203680291594125	-1.336922254155208	Intermediate	Low Density	10.71592624117939	2132.0	2616.0	2132.0
C-71174-8496-362	240	-7.333289521554801	-8.810514826847806	Very Low	Very Large	Medium E	0.1883752592062336	-1.3370211532859289	Spherical	Low Density	10.560644469672987	2866.0	2616.0	2866.0
C-71174-8496-363	240	-7.333321942066383	-8.802733904067864	Very Low	Very Large	Medium E	0.1874605120056843	-1.3370270642634865	Linear	Low Density	10.390512292349456	2947.0	2616.0	2947.0
C-71174-8496-364	240	-7.334082668587852	-8.62015953891554	Very Low	Very Large	Medium E	0.16599655533316457	-1.3371657615627108	Intermediate	Low Density	10.546839949364177	3702.0	2616.0	3701.0
C-71174-8496-365	240	-7.32822160395146	-10.02681505164971	Low	Very Large	Medium E	0.3313669399063077	-1.3360971596240312	Spherical	Low Density	10.216729677293278	525.0	2616.0	525.0
C-71174-8496-367	240	-7.333920389223776	-8.65910658629387	Very Low	Very Large	Medium E	0.17057527993533894	-1.3371361744392414	Spherical	Low Density	10.492370221682126	3476.0	2616.0	3476.0
C-71174-8496-368	240	-7.334208860851257	-8.589873395698216	Very Low	Very Large	Medium E	0.16243603102161355	-1.337188769208196	Spherical	Low Density	9.868247339362858	3797.0	2616.0	3796.0
C-71174-8496-369	240	-7.33012608210224	-9.569740295462251	Low	Very Large	Medium E	0.27763194400640245	-1.3364443881857944	Spherical	Low Density	10.069997232833062	964.0	2616.0	964.0
C-71174-8496-37	240	-7.334435460175621	-8.535489557851049	Very Low	Very Large	Medium E	0.15604251384703605	-1.337230083285474	Spherical	Low Density	10.280931995977872	4150.0	2616.0	4149.0
C-71174-8496-370	240	-7.334082779361053	-8.620132953347039	Very Low	Very Large	Medium E	0.16599342985888893	-1.3371657817591194	Linear	Low Density	10.10467040350392	3755.0	2616.0	3754.0
C-71174-8496-372	240	-7.332098151647089	-9.096443604698695	Low	Very Large	Medium E	0.2219898517810834	-1.3368039401562253	Intermediate	Low Density	10.087911826619255	1349.0	2616.0	1349.0
C-71174-8496-373	240	-7.332132829136055	-9.088121007346793	Low	Very Large	Medium E	0.22101142379196373	-1.3368102626307645	Linear	Low Density	10.45481661320455	1376.0	2616.0	1376.0
C-71174-8496-375	240	-7.332471590169934	-9.006818359215758	Low	Very Large	Medium E	0.2114532554511429	-1.3368720262726983	Linear	Low Density	10.512579603424957	1513.0	2616.0	1513.0
C-71174-8496-376	240	-7.331676168808145	-9.197719486045024	Low	Very Large	Medium E	0.23389612968255907	-1.3367270033353984	Linear	Low Density	10.310619612991031	1145.0	2616.0	1145.0
C-71174-8496-377	240	-7.330195279164021	-9.553133000634883	Low	Very Large	Medium E	0.2756795436443588	-1.3364570043432602	Linear	Low Density	10.139966118382114	987.0	2616.0	987.0
C-71174-8496-379	240	-7.331570068037864	-9.22318367091252	Low	Very Large	Medium E	0.2368897709872265	-1.3367076588142488	Linear	Low Density	10.297145466149892	1125.0	2616.0	1125.0
C-71174-8496-38	240	-7.334622919054323	-8.490499426962451	Very Low	Very Large	Medium E	0.150753347324276	-1.3372642611923273	Linear	Low Density	10.690708008689192	4271.0	2616.0	4270.0
C-71174-8496-380	240	-7.3235975273873715	-11.13659342703082	Medium	Very Large	Low E	0.4618356119204028	-1.3352540880171584	Linear	Low Density	10.509496973485989	241.0	2616.0	241.0
C-71174-8496-381	240	-7.332565004282502	-8.98439897219936	Low	Very Large	Medium E	0.20881756915892982	-1.3368890577350663	Spherical	Low Density	10.34442020980906	1611.0	2616.0	1611.0
C-71174-8496-382	240	-7.333638256937245	-8.726818335061152	Very Low	Very Large	Medium E	0.17853566386189593	-1.3370847354725937	Linear	Low Density	10.344797588486992	3284.0	2616.0	3284.0
C-71174-8496-383	240	-7.33202796878532	-9.113287491523105	Low	Very Large	Medium E	0.22397006656478793	-1.3367911442655804	Spherical	Low Density	9.907459716946938	1317.0	2616.0	1317.0
C-71174-8496-384	240	-7.33350327381136	-8.7592142852736	Very Low	Very Large	Medium E	0.18234422302706782	-1.3370601250581111	Linear	Low Density	10.645420250193386	3155.0	2616.0	3155.0
C-71174-8496-386	240	-7.334082702945352	-8.62015129311539	Very Low	Very Large	Medium E	0.1659955859336897	-1.3371657678268443	Spherical	Low Density	10.21681151127361	3723.0	2616.0	3722.0
C-71174-8496-387	240	-7.333008503134747	-8.87795924766083	Very Low	Very Large	Medium E	0.19630421530542633	-1.3369699174018181	Spherical	Low Density	10.00731508404705	2438.0	2616.0	2438.0
C-71174-8496-388	240	-7.33325971872623	-8.817667505704877	Very Low	Very Large	Medium E	0.18921614828150338	-1.3370157195699803	Intermediate	Low Density	9.846709321767676	2723.0	2616.0	2723.0
C-71174-8496-389	240	-7.33613007086247	-8.128782993007086	Very Low	Very Large	Medium E	0.1082289444067765	-1.337539048358821	Spherical	Low Density	10.418610494658216	5098.0	2616.0	5097.0
C-71174-8496-39	240	-7.331785224566704	-9.17154610399094	Low	Very Large	Medium E	0.23081911315883685	-1.3367468866163805	Linear	Low Density	10.21989169926094	1169.0	2616.0	1169.0
C-71174-8496-390	240	-7.333649959721464	-8.724009666848598	Very Low	Very Large	Medium E	0.17820546891491307	-1.337086869149439	Spherical	Low Density	10.202875569539708	3305.0	2616.0	3305.0
C-71174-8496-391	240	-7.328922935537069	-9.858495471103293	Low	Very Large	Medium E	0.31157881586732045	-1.336225027910517	Spherical	Low Density	10.284697154280451	770.0	2616.0	770.0
C-71174-8496-392	240	-7.333321877336041	-8.802749439350222	Very Low	Very Large	Medium E	0.18746233837720724	-1.337027052461711	Spherical	Low Density	10.349968006391626	2910.0	2616.0	2910.0
C-71174-8496-394	240	-7.329728709329473	-9.665109760926493	Low	Very Large	Medium E	0.2888438470185824	-1.3363719383252826	Intermediate	Low Density	10.231972557719654	864.0	2616.0	864.0
C-71174-8496-395	240	-7.334787605697387	-8.450974632626997	Very Low	Very Large	Medium E	0.14610670116233931	-1.337294287216091	Intermediate	Medium Density	10.923103744484663	4476.0	2616.0	4475.0
C-71174-8496-396	240	-7.3336641629608925	-8.7206008893857	Very Low	Very Large	Medium E	0.17780472343399295	-1.3370894587146684	Spherical	Low Density	10.178576844500366	3341.0	2616.0	3341.0
C-71174-8496-397	240	-7.335090338675299	-8.378318717928307	Very Low	Very Large	Medium E	0.13756506716134528	-1.3373494821451983	Linear	Low Density	10.29999197461201	4636.0	2616.0	4635.0
C-71174-8496-398	240	-7.328846498816445	-9.876840284053053	Low	Very Large	Medium E	0.3137354837543501	-1.3362110918028451	Intermediate	Low Density	10.377632252936902	603.0	2616.0	603.0
C-71174-8496-40	240	-7.333160985216296	-8.841363548089035	Very Low	Very Large	Medium E	0.19200192177505435	-1.3369977182636181	Linear	Low Density	9.892284898459138	2536.0	2616.0	2536.0
C-71174-8496-401	240	-7.339824432757796	-7.242136138128894	Very Low	Very Large	High E	0.00399224249618614	-1.3382126123831821	Spherical	Low Density	10.480151152117072	5227.0	2616.0	5226.0
C-71174-8496-402	240	-7.332565068737517	-8.984383502996124	Low	Very Large	Medium E	0.20881575055578808	-1.3368890694866433	Linear	Low Density	10.418311673443954	1838.0	2616.0	1838.0
C-71174-8496-403	240	-7.334640877337943	-8.486189438893758	Very Low	Very Large	Medium E	0.1502466529858275	-1.337267535385308	Linear	Low Density	9.903573555525096	4304.0	2616.0	4303.0
C-71174-8496-404	240	-7.333008155170546	-8.878042759068826	Very Low	Very Large	Medium E	0.19631403314181525	-1.336969853960235	Intermediate	Low Density	10.51622877742836	2437.0	2616.0	2437.0
C-71174-8496-405	240	-7.323597396141346	-11.13662492607713	Medium	Very Large	Low E	0.4618393150369992	-1.3352540640881	Spherical	Low Density	10.45166776156939	172.0	2616.0	172.0
C-71174-8496-406	240	-7.335146693869145	-8.364793471405154	Very Low	Very Large	Medium E	0.13597500107996446	-1.3373597569456201	Intermediate	Low Density	10.360731592545545	4745.0	2616.0	4744.0
C-71174-8496-407	240	-7.32263155347881	-11.36842716508575	Medium	Very Large	Low E	0.4890906392331177	-1.335077969571886	Linear	Low Density	10.144445354806797	132.0	2616.0	132.0
C-71174-8496-409	240	-7.329728586788897	-9.665139170664755	Low	Very Large	Medium E	0.2888473045102535	-1.3363719159834206	Linear	Low Density	10.281982808330612	850.0	2616.0	850.0
C-71174-8496-41	240	-7.333372922759451	-8.790498537731871	Very Low	Very Large	Medium E	0.1860220878726168	-1.3370363591733412	Spherical	Low Density	10.62342347669776	3049.0	2616.0	3049.0
C-71174-8496-412	240	-7.332565100333457	-8.984375919970152	Low	Very Large	Medium E	0.208814859073935	-1.3368890752472833	Spherical	Low Density	10.447585081416335	1910.0	2616.0	1910.0
C-71174-8496-413	240	-7.334758032116065	-8.458072292144417	Very Low	Very Large	Medium E	0.1469411220090218	-1.3372888952969952	Spherical	Low Density	10.464710378824641	4353.0	2616.0	4352.0
C-71174-8496-414	240	-7.334652160907908	-8.483481382102134	Very Low	Very Large	Medium E	0.14992828620092322	-1.337269592630107	Intermediate	Low Density	10.345144381892124	4326.0	2616.0	4325.0
C-71174-8496-415	240	-7.332565107060254	-8.984374305538859	Low	Very Large	Medium E	0.20881466927684883	-1.3368890764737273	Spherical	Low Density	10.234182876672213	1921.0	2616.0	1921.0
C-71174-8496-416	240	-7.332098254342058	-9.096418957906112	Low	Very Large	Medium E	0.22198695423472173	-1.3368039588797933	Intermediate	Low Density	10.235849778271614	1350.0	2616.0	1350.0
C-71174-8496-417	240	-7.333871151744834	-8.670923581239744	Very Low	Very Large	Medium E	0.171964519149235	-1.3371271973559438	Intermediate	Low Density	10.738305866236912	3435.0	2616.0	3435.0
C-71174-8496-418	240	-7.333372941325822	-8.7904940818025	Very Low	Very Large	Medium E	0.18602156402103112	-1.3370363625584019	Intermediate	Low Density	10.096815600357367	3055.0	2616.0	3055.0
C-71174-8496-42	240	-7.335484413701005	-8.28374071175888	Very Low	Very Large	Medium E	0.1264462103333352	-1.3374213307533573	Intermediate	Low Density	10.272132545328333	4968.0	2616.0	4967.0
C-71174-8496-420	240	-7.334627070829696	-8.48950300087283	Very Low	Very Large	Medium E	0.1506362046662892	-1.337265018152963	Spherical	Low Density	10.029182371181077	4274.0	2616.0	4273.0
C-71174-8496-421	240	-7.332565002882479	-8.984399308204988	Low	Very Large	Medium E	0.20881760866069116	-1.336889057479811	Intermediate	Low Density	10.230179359157422	1608.0	2616.0	1608.0
C-71174-8496-422	240	-7.334417717940326	-8.53974769432173	Very Low	Very Large	Medium E	0.1565431123655594	-1.3372268484828898	Linear	Low Density	10.088882399799111	4118.0	2616.0	4117.0
C-71174-8496-423	240	-7.335503367000479	-8.279191919885182	Very Low	Very Large	Medium E	0.12591144154688239	-1.3374247863597735	Linear	Low Density	10.225309264708192	5011.0	2616.0	5010.0
C-71174-8496-426	240	-7.334320849537543	-8.562996110989683	Very Low	Very Large	Medium E	0.15927626171895326	-1.3372091872268839	Linear	Low Density	10.037215924235541	3835.0	2616.0	3834.0
C-71174-8496-428	240	-7.336819506505793	-7.963318438609516	Very Low	Very Large	Medium E	0.08877646528433522	-1.3376647477514665	Intermediate	Low Density	10.213189524382488	5172.0	2616.0	5171.0
C-71174-8496-429	240	-7.331897296513485	-9.14464883676362	Low	Very Large	Medium E	0.2276569946549655	-1.3367673198153012	Linear	Low Density	10.349760472080622	1254.0	2616.0	1254.0
C-71174-8496-43	240	-7.334444855814705	-8.533234604470959	Very Low	Very Large	Medium E	0.155777415175555	-1.337231796318645	Linear	Low Density	9.846510365584416	4189.0	2616.0	4188.0
C-71174-8496-430	240	-7.322473190541808	-11.40643426996623	Medium	Very Large	Low E	0.49355886154746675	-1.335049096499843	Intermediate	Low Density	10.134100053911222	85.0	2616.0	85.0
C-71174-8496-431	240	-7.326842952906448	-10.35769130245232	Low	Very Large	Low E	0.37026568401673804	-1.3358458009936698	Spherical	Low Density	10.202011609906558	415.0	2616.0	415.0
C-71174-8496-432	240	-7.333372910161623	-8.790501561210377	Very Low	Very Large	Medium E	0.18602244332128284	-1.337036356876478	Spherical	Low Density	10.61958750121585	3039.0	2616.0	3039.0
C-71174-8496-433	240	-7.331257041403782	-9.298310063092572	Low	Very Large	Medium E	0.24572184128013455	-1.3366505871235594	Intermediate	Low Density	10.622408393355757	1053.0	2616.0	1053.0
C-71174-8496-434	240	-7.331257143122381	-9.298285650628456	Low	Very Large	Medium E	0.24571897128210432	-1.3366506056691136	Spherical	Low Density	10.263314827636863	1081.0	2616.0	1081.0
C-71174-8496-435	240	-7.327870361615626	-10.11111321224963	Low	Very Large	Medium E	0.34127726913121925	-1.3360331203642202	Spherical	Low Density	10.29571848410856	506.0	2616.0	506.0
C-71174-8496-437	240	-7.3340325944711005	-8.632177326935773	Very Low	Very Large	Medium E	0.16740940034650517	-1.3371566319418042	Spherical	Low Density	10.466254730073322	3595.0	2616.0	3595.0
C-71174-8496-439	240	-7.3352260795740305	-8.345740902232569	Very Low	Very Large	Medium E	0.13373512737767188	-1.3373742307184595	Intermediate	Low Density	10.29672085056321	4843.0	2616.0	4842.0
C-71174-8496-440	240	-7.330716453702024	-9.428051111514158	Low	Very Large	Medium E	0.2609745644082942	-1.3365520260084784	Linear	Low Density	9.986595682827557	1014.0	2616.0	1014.0
C-71174-8496-441	240	-7.333296587262526	-8.808819056993464	Very Low	Very Large	Medium E	0.18817589972526078	-1.3370224415209921	Spherical	Low Density	10.175699860247038	2882.0	2616.0	2882.0
C-71174-8496-442	240	-7.33403260773042	-8.632174144699153	Very Low	Very Large	Medium E	0.16740902623378653	-1.337156634359272	Linear	Low Density	10.587894696009522	3597.0	2616.0	3597.0
C-71174-8496-443	240	-7.333943124064132	-8.653650224608368	Very Low	Very Large	Medium E	0.16993381468522883	-1.3371403195043425	Linear	Low Density	10.352794925971224	3506.0	2616.0	3506.0
C-71174-8496-444	240	-7.328895177705504	-9.865157350678947	Low	Very Large	Medium E	0.3123620051964896	-1.3362199670428312	Intermediate	Low Density	10.50998988610713	698.0	2616.0	698.0
C-71174-8496-445	240	-7.33256507848778	-8.984381162932621	Low	Very Large	Medium E	0.2088154754513809	-1.3368890712643324	Linear	Low Density	10.414835879987052	1870.0	2616.0	1870.0
C-71174-8496-446	240	-7.334673089795407	-8.478458449102083	Very Low	Very Large	Medium E	0.1493377760480426	-1.3372734084299904	Spherical	Low Density	10.420695529889452	4338.0	2616.0	4337.0
C-71174-8496-447	240	-7.333372918642337	-8.79049952583901	Very Low	Very Large	Medium E	0.18602220403729475	-1.3370363584227	Intermediate	Low Density	10.435201248125411	3045.0	2616.0	3045.0
C-71174-8496-448	240	-7.334390680033528	-8.546236791953218	Very Low	Very Large	Medium E	0.15730598896266468	-1.337221918873439	Intermediate	Low Density	10.614616178433318	4011.0	2616.0	4010.0
C-71174-8496-450	240	-7.331413675632381	-9.260717848228229	Low	Very Large	Medium E	0.24130239460488342	-1.3366791450137598	Intermediate	Low Density	10.35640142883225	1105.0	2616.0	1105.0
C-71174-8496-451	240	-7.322154763109732	-11.48285685366429	Medium	Very Large	Low E	0.5025433157665867	-1.3349910401240215	Intermediate	Low Density	10.454056134373666	63.0	2616.0	63.0
C-71174-8496-452	240	-7.327610585262544	-10.1734595369893	Low	Very Large	Medium E	0.3486068786948887	-1.3359857573795497	Linear	Medium Density	11.022737470702989	472.0	2616.0	472.0
C-71174-8496-454	240	-7.332565062072597	-8.984385102576677	Low	Very Large	Medium E	0.20881593860701772	-1.336889068271481	Intermediate	Low Density	9.891039448300818	1812.0	2616.0	1812.0
C-71174-8496-455	240	-7.3235973414977265	-11.13663804054571	Medium	Very Large	Low E	0.46184085681087755	-1.3352540541253577	Spherical	Low Density	10.091545070846962	160.0	2616.0	160.0
C-71174-8496-457	240	-7.327610573836345	-10.17346227927714	Low	Very Large	Medium E	0.348607201085978	-1.3359857552963004	Intermediate	Low Density	10.41226056550566	463.0	2616.0	463.0
C-71174-8496-458	240	-7.329053964021581	-9.827048634820668	Low	Very Large	Medium E	0.3078818372093351	-1.3362489173062597	Spherical	Low Density	10.323775271533668	805.0	2616.0	805.0
C-71174-8496-459	240	-7.334032609810236	-8.632173645543416	Very Low	Very Large	Medium E	0.16740896755163595	-1.3371566347384685	Linear	Low Density	10.595056841884395	3598.0	2616.0	3598.0
C-71174-8496-46	240	-7.335503308084617	-8.279206059691933	Very Low	Very Large	Medium E	0.12591310386242208	-1.3374247756181064	Linear	Low Density	9.964393271895334	5000.0	2616.0	4999.0
C-71174-8496-460	240	-7.327023425065321	-10.31437798432278	Low	Very Large	Low E	0.3651736483254251	-1.3358787050667034	Linear	Low Density	9.922872643005139	433.0	2616.0	433.0
C-71174-8496-461	240	-7.332564998474914	-8.984400366020587	Low	Very Large	Medium E	0.20881773302047235	-1.3368890566762142	Intermediate	Low Density	10.293251765754427	1595.0	2616.0	1595.0
C-71174-8496-462	240	-7.330959202593615	-9.369791377532444	Low	Very Large	Medium E	0.2541253859659031	-1.3365962845096653	Spherical	Low Density	10.10540552738474	1037.0	2616.0	1037.0
C-71174-8496-465	240	-7.330054854091229	-9.586835018104894	Low	Very Large	Medium E	0.2796416477554454	-1.3364314017412873	Spherical	Low Density	10.289149332898104	954.0	2616.0	954.0
C-71174-8496-466	240	-7.324097571873157	-11.01658275044227	Medium	Very Large	Low E	0.4477268187150586	-1.335345257205708	Intermediate	Low Density	10.633802376856734	295.0	2616.0	295.0
C-71174-8496-467	240	-7.333288665839395	-8.8107201985452	Very Low	Very Large	Medium E	0.18839940328151158	-1.3370209972700513	Intermediate	Low Density	10.420290072541675	2861.0	2616.0	2861.0
C-71174-8496-468	240	-7.332043359410957	-9.109593741370173	Low	Very Large	Medium E	0.22353581889165766	-1.336793950317623	Spherical	Low Density	10.298721249642702	1323.0	2616.0	1323.0
C-71174-8496-469	240	-7.331954292420464	-9.130969819088378	Low	Very Large	Medium E	0.22604885080381634	-1.3367777114319226	Linear	Low Density	10.429963866589059	1286.0	2616.0	1286.0
C-71174-8496-47	240	-7.332191689228003	-9.07399458527932	Low	Very Large	Medium E	0.2193506818201021	-1.336820994129608	Linear	Low Density	10.376774885744322	1427.0	2616.0	1427.0
C-71174-8496-471	240	-7.334767623744694	-8.455770301273239	Very Low	Very Large	Medium E	0.1466704934776058	-1.3372906440634027	Spherical	Low Density	10.34830662512114	4412.0	2616.0	4411.0
C-71174-8496-472	240	-7.33256505389433	-8.984387065360592	Low	Very Large	Medium E	0.2088161693574419	-1.3368890667804016	Intermediate	Low Density	10.345959921056856	1785.0	2616.0	1785.0
C-71174-8496-473	240	-7.333823845598628	-8.682277056329118	Very Low	Very Large	Medium E	0.17329926566305487	-1.337118572397394	Spherical	Low Density	10.316355635261845	3411.0	2616.0	3411.0
C-71174-8496-474	240	-7.332565051915244	-8.984387540341338	Low	Very Large	Medium E	0.20881622519748533	-1.3368890664195705	Intermediate	Low Density	10.56914979818843	1779.0	2616.0	1779.0
C-71174-8496-475	240	-7.333271213615134	-8.814908732367797	Very Low	Very Large	Medium E	0.18889181911662822	-1.337017815342904	Spherical	Low Density	10.48978923792563	2797.0	2616.0	2797.0
C-71174-8496-476	240	-7.334071262186407	-8.622897075262298	Very Low	Very Large	Medium E	0.16631838781764882	-1.3371636819230115	Linear	Low Density	10.621533201966304	3653.0	2616.0	3652.0
C-71174-8496-477	240	-7.328895194001372	-9.865153439670737	Low	Very Large	Medium E	0.3123615454073409	-1.3362199700139288	Linear	Low Density	10.115140709030676	715.0	2616.0	715.0
C-71174-8496-478	240	-7.332517162574274	-8.99588098217427	Low	Very Large	Medium E	0.21016742659594928	-1.336880335131694	Intermediate	Medium Density	10.81808299600745	1527.0	2616.0	1527.0
C-71174-8496-479	240	-7.334695987934096	-8.472962895816769	Very Low	Very Large	Medium E	0.14869170332304243	-1.3372775832679957	Linear	Low Density	10.07781109485563	4341.0	2616.0	4340.0
C-71174-8496-48	240	-7.332511239894235	-8.997302425383467	Low	Very Large	Medium E	0.2103345354637899	-1.3368792552959023	Linear	Low Density	10.028801558128746	1524.0	2616.0	1524.0
C-71174-8496-480	240	-7.32684298084546	-10.35768459708957	Low	Very Large	Low E	0.3702648957153893	-1.3358458060875709	Linear	Low Density	10.395546298860852	421.0	2616.0	421.0
C-71174-8496-481	240	-7.333194294917791	-8.8333692197299	Very Low	Very Large	Medium E	0.19106208601344837	-1.3370037913601978	Linear	Medium Density	10.940753682325385	2558.0	2616.0	2558.0
C-71174-8496-482	240	-7.3332539975157855	-8.81904059621133	Very Low	Very Large	Medium E	0.18937757266940117	-1.3370146764665596	Spherical	Low Density	10.408875913869824	2708.0	2616.0	2708.0
C-71174-8496-484	240	-7.332565003432768	-8.98439917613535	Low	Very Large	Medium E	0.20881759313425352	-1.3368890575801409	Intermediate	Low Density	10.34223846181795	1609.0	2616.0	1609.0
C-71174-8496-485	240	-7.321913990785827	-11.5406422114016	Medium	Very Large	Low E	0.5093367252013712	-1.3349471419949157	Linear	Low Density	10.557524866839554	56.0	2616.0	56.0
C-71174-8496-486	240	-7.334032572086916	-8.632182699139925	Very Low	Very Large	Medium E	0.16741003191796752	-1.3371566278606717	Linear	Low Density	10.443732033231997	3592.0	2616.0	3592.0
C-71174-8496-487	240	-7.334424050058804	-8.538227985887	Very Low	Very Large	Medium E	0.1563644511610242	-1.33722800296838	Linear	Low Density	9.998751124040188	4131.0	2616.0	4130.0
C-71174-8496-489	240	-7.334379810966178	-8.548845368117295	Very Low	Very Large	Medium E	0.1576126605247705	-1.3372199372016504	Intermediate	Low Density	10.182278198092881	3951.0	2616.0	3950.0
C-71174-8496-49	240	-7.325340053179578	-10.7183872369012	Medium	Very Large	Low E	0.41267011413753824	-1.3355717890758005	Linear	Low Density	10.537584525199886	325.0	2616.0	325.0
C-71174-8496-490	240	-7.3343659121302816	-8.552181088732256	Very Low	Very Large	Medium E	0.15800481723688697	-1.3372174031359292	Spherical	Low Density	10.695615899611763	3908.0	2616.0	3907.0
C-71174-8496-491	240	-7.333321916387217	-8.802740067067868	Very Low	Very Large	Medium E	0.1874612365452912	-1.3370270595816056	Linear	Low Density	10.401141059270016	2935.0	2616.0	2935.0
C-71174-8496-493	240	-7.334082669782584	-8.620159252179764	Very Low	Very Large	Medium E	0.16599652162372655	-1.3371657617805368	Linear	Low Density	10.375609296479185	3703.0	2616.0	3702.0
C-71174-8496-494	240	-7.328895143744959	-9.865165501209676	Low	Very Large	Medium E	0.31236296339583886	-1.3362199608510714	Spherical	Low Density	10.218853928415118	657.0	2616.0	657.0
C-71174-8496-495	240	-7.332564990816175	-8.984402204117862	Low	Very Large	Medium E	0.20881794911236265	-1.3368890552798565	Spherical	Low Density	10.448301019879846	1577.0	2616.0	1577.0
C-71174-8496-496	240	-7.333048779091817	-8.868293017963977	Very Low	Very Large	Medium E	0.1951678261128648	-1.3369772606011305	Linear	Low Density	10.2155263818035	2455.0	2616.0	2455.0
C-71174-8496-497	240	-7.326825838956899	-10.36179865034419	Low	Very Large	Low E	0.37074855540514096	-1.3358426807414971	Spherical	Low Density	9.915111321107672	395.0	2616.0	395.0
C-71174-8496-498	240	-7.333801911613323	-8.687541212802456	Very Low	Very Large	Medium E	0.17391813472698703	-1.337114573345912	Intermediate	Low Density	10.149858178022052	3406.0	2616.0	3406.0
C-71174-8496-499	240	-7.322130835723036	-11.48859942647111	Medium	Very Large	Low E	0.5032184288023954	-1.3349866776313009	Spherical	Low Density	10.338652993451596	62.0	2616.0	62.0
C-71174-8496-5	240	-7.328895160137021	-9.865161567114956	Low	Very Large	Medium E	0.3123625008925645	-1.3362199638397074	Intermediate	Low Density	10.368816718904558	677.0	2616.0	677.0
C-71174-8496-50	240	-7.328895166898996	-9.86515994424097	Low	Very Large	Medium E	0.3123623101029261	-1.3362199650725652	Spherical	Low Density	10.40782926764043	688.0	2616.0	688.0
C-71174-8496-500	240	-7.333604711158888	-8.73486932186675	Very Low	Very Large	Medium E	0.17948216055012348	-1.3370786193339719	Spherical	Low Density	10.072090765774192	3239.0	2616.0	3239.0
C-71174-8496-501	240	-7.335232318518119	-8.34424355565151	Very Low	Very Large	Medium E	0.13355909509561278	-1.3373753682161944	Linear	Low Density	10.469265933495173	4848.0	2616.0	4847.0
C-71174-8496-502	240	-7.33256506623365	-8.98438410392404	Low	Very Large	Medium E	0.20881582120257036	-1.3368890690301332	Intermediate	Low Density	10.317915868026143	1829.0	2616.0	1829.0
C-71174-8496-504	240	-7.330054812237082	-9.586845063100023	Low	Very Large	Medium E	0.27964282867340673	-1.3364313941103487	Intermediate	Low Density	10.31659079785145	946.0	2616.0	946.0
C-71174-8496-505	240	-7.33297791208806	-8.88530109886545	Very Low	Very Large	Medium E	0.1971673440147902	-1.3369643399762439	Linear	Low Density	10.440680239901454	2405.0	2616.0	2405.0
C-71174-8496-506	240	-7.333018690176248	-8.875514357700439	Very Low	Very Large	Medium E	0.19601678715453613	-1.336971774725184	Linear	Low Density	10.642228655300114	2444.0	2616.0	2444.0
C-71174-8496-507	240	-7.334230919965615	-8.584579208252553	Very Low	Very Large	Medium E	0.1618136314319603	-1.3371927910734767	Linear	Low Density	10.256678802098774	3801.0	2616.0	3800.0
C-71174-8496-508	240	-7.330729814159069	-9.42484460182354	Low	Very Large	Medium E	0.2605975980964341	-1.3365544619158067	Intermediate	Low Density	10.341529845596842	1020.0	2616.0	1020.0
C-71174-8496-51	240	-7.335113903077966	-8.372663261288073	Very Low	Very Large	Medium E	0.1369001957475165	-1.3373537784578882	Intermediate	Low Density	10.217974814921483	4684.0	2616.0	4683.0
C-71174-8496-511	240	-7.323832903017519	-11.08010327579531	Medium	Very Large	Low E	0.4551944706105227	-1.335297002209425	Intermediate	Low Density	10.447910670093329	277.0	2616.0	277.0
C-71174-8496-512	240	-7.33363835600206	-8.726794559505377	Very Low	Very Large	Medium E	0.17853286874060423	-1.3370847535343044	Linear	Low Density	10.0636058776186	3289.0	2616.0	3289.0
C-71174-8496-513	240	-7.335455274534434	-8.290734111735805	Very Low	Very Large	Medium E	0.1272683741347889	-1.3374160180376955	Intermediate	Low Density	10.526540546516998	4955.0	2616.0	4954.0
C-71174-8496-515	240	-7.332781466701888	-8.932447991546766	Low	Very Large	Medium E	0.20271006552944654	-1.3369285236299773	Spherical	Low Density	9.96101912084095	2320.0	2616.0	2320.0
C-71174-8496-516	240	-7.33276636957294	-8.936071302494343	Low	Very Large	Medium E	0.20313603217116516	-1.336925771088884	Intermediate	Low Density	10.731493557690428	2192.0	2616.0	2192.0
C-71174-8496-517	240	-7.334082689083166	-8.62015462003996	Very Low	Very Large	Medium E	0.16599597705632405	-1.3371657652994606	Intermediate	Low Density	10.23223545905903	3714.0	2616.0	3713.0
C-71174-8496-519	240	-7.330033613802725	-9.591932687345848	Low	Very Large	Medium E	0.2802409441113577	-1.3364275291661014	Spherical	Low Density	10.223374157458197	933.0	2616.0	933.0
C-71174-8496-520	240	-7.331452903971388	-9.251303046866717	Low	Very Large	Medium E	0.24019556403564934	-1.3366862972090887	Spherical	Low Density	10.507824993193829	1117.0	2616.0	1117.0
C-71174-8496-522	240	-7.333271173689075	-8.814918314621863	Very Low	Very Large	Medium E	0.1888929456334174	-1.337017808063499	Intermediate	Low Density	10.234499223070246	2780.0	2616.0	2780.0
C-71174-8496-523	240	-7.331758981726112	-9.177844385733197	Low	Very Large	Medium E	0.23155955690246505	-1.3367421019651144	Spherical	Low Density	10.051236423873814	1157.0	2616.0	1157.0
C-71174-8496-524	240	-7.335120369865707	-8.371111232230408	Very Low	Very Large	Medium E	0.13671773483947294	-1.337354957496569	Intermediate	Medium Density	10.845256391742971	4710.0	2616.0	4709.0
C-71174-8496-526	240	-7.334437420522603	-8.535019074575294	Very Low	Very Large	Medium E	0.15598720250782364	-1.3372304407001616	Spherical	Low Density	10.21743011386301	4164.0	2616.0	4163.0
C-71174-8496-527	240	-7.334448782171887	-8.532292278747045	Very Low	Very Large	Medium E	0.15566663270896883	-1.3372325121805504	Linear	Medium Density	10.913424199713068	4202.0	2616.0	4201.0
C-71174-8496-528	240	-7.328049317315834	-10.06816384419967	Low	Very Large	Medium E	0.33622802043650657	-1.336065747953241	Linear	Low Density	10.547101130293905	512.0	2616.0	512.0
C-71174-8496-529	240	-7.332564999371056	-8.984400150946655	Low	Very Large	Medium E	0.20881770773576253	-1.3368890568396008	Linear	Low Density	9.97817969183127	1598.0	2616.0	1598.0
C-71174-8496-53	240	-7.33312721422779	-8.849468585330229	Very Low	Very Large	Medium E	0.1929547727847233	-1.336991561064197	Spherical	Low Density	10.45887938453028	2507.0	2616.0	2507.0
C-71174-8496-530	240	-7.33523955272228	-8.342507346652893	Very Low	Very Large	Medium E	0.13335498147489544	-1.3373766871718913	Intermediate	Low Density	10.595577361533293	4865.0	2616.0	4864.0
C-71174-8496-532	240	-7.333055091985044	-8.866777923589424	Very Low	Very Large	Medium E	0.1949897073502162	-1.3369784115814318	Linear	Low Density	10.372129887647228	2467.0	2616.0	2467.0
C-71174-8496-533	240	-7.333565443720687	-8.744293507035119	Very Low	Very Large	Medium E	0.18059009430606848	-1.3370714600099938	Linear	Low Density	9.887996502134659	3196.0	2616.0	3196.0
C-71174-8496-534	240	-7.336589172404617	-8.018598622891922	Very Low	Very Large	Medium E	0.09527535947077899	-1.3376227527416293	Spherical	Low Density	10.751696360019146	5156.0	2616.0	5155.0
C-71174-8496-535	240	-7.334082656150589	-8.620162523858504	Very Low	Very Large	Medium E	0.1659969062514799	-1.3371657592951223	Spherical	Low Density	10.566987046718868	3696.0	2616.0	3695.0
C-71174-8496-536	240	-7.331748438836172	-9.180374679318678	Low	Very Large	Medium E	0.23185702534412336	-1.3367401797626943	Intermediate	Low Density	10.00557981217983	1155.0	2616.0	1155.0
C-71174-8496-537	240	-7.332766379204556	-8.936068990906527	Low	Very Large	Medium E	0.20313576041437595	-1.336925772844941	Intermediate	Low Density	9.930999724665028	2208.0	2616.0	2208.0
C-71174-8496-538	240	-7.328579996069189	-9.940800943394708	Low	Very Large	Medium E	0.3212548790413004	-1.3361625024474895	Intermediate	Low Density	10.350991572643451	563.0	2616.0	563.0
C-71174-8496-539	240	-7.334767470451794	-8.455807091569355	Very Low	Very Large	Medium E	0.14667481864844473	-1.337290616114711	Intermediate	Low Density	10.610842446392057	4379.0	2616.0	4378.0
C-71174-8496-54	240	-7.335108157647877	-8.374042164509488	Very Low	Very Large	Medium E	0.13706230349453913	-1.3373527309386894	Spherical	Low Density	9.882309180158032	4648.0	2616.0	4647.0
C-71174-8496-540	240	-7.331857548883649	-9.15418826792424	Low	Very Large	Medium E	0.2287784770544429	-1.336760072941749	Linear	Low Density	9.985387519904723	1232.0	2616.0	1232.0
C-71174-8496-541	240	-7.331902559507225	-9.143385718265982	Low	Very Large	Medium E	0.22750849888624447	-1.3367682793756648	Intermediate	Low Density	10.179250851499404	1258.0	2616.0	1258.0
C-71174-8496-542	240	-7.336119338186182	-8.131358835316265	Very Low	Very Large	Medium E	0.10853176768469257	-1.3375370915541447	Intermediate	Low Density	10.511701342155563	5094.0	2616.0	5093.0
C-71174-8496-543	240	-7.332766387254717	-8.936067058867764	Low	Very Large	Medium E	0.20313553327848397	-1.3369257743126637	Intermediate	Low Density	10.338862505140343	2213.0	2616.0	2213.0
C-71174-8496-544	240	-7.328759411170412	-9.897741319101096	Low	Very Large	Medium E	0.31619266831200216	-1.3361952137954933	Intermediate	Low Density	10.363714546139375	591.0	2616.0	591.0
C-71174-8496-545	240	-7.32247330243421	-11.40640741578959	Medium	Very Large	Low E	0.4935557044948322	-1.335049116900307	Intermediate	Low Density	10.254952769252903	124.0	2616.0	124.0
C-71174-8496-546	240	-7.33508484314142	-8.379637646059013	Very Low	Very Large	Medium E	0.13772012406778186	-1.3373484801876152	Linear	Low Density	10.015272958959759	4629.0	2616.0	4628.0
C-71174-8496-547	240	-7.335239557632	-8.34250616831987	Very Low	Very Large	Medium E	0.13335484294677943	-1.337376688067042	Intermediate	Low Density	10.136158768253551	4867.0	2616.0	4866.0
C-71174-8496-548	240	-7.322473167597695	-11.40643977655309	Medium	Very Large	Low E	0.4935595089173431	-1.335049092316623	Linear	Low Density	10.573054235991613	78.0	2616.0	78.0
C-71174-8496-55	240	-7.333613604851329	-8.732734835681025	Very Low	Very Large	Medium E	0.1792312243413434	-1.337080240851149	Linear	Low Density	10.030866521770564	3247.0	2616.0	3247.0
C-71174-8496-550	240	-7.33367281830472	-8.718523606867056	Very Low	Very Large	Medium E	0.1775605122494808	-1.3370910367756126	Linear	Low Density	10.258836362812268	3353.0	2616.0	3353.0
C-71174-8496-551	240	-7.333888697454013	-8.666712611036969	Very Low	Very Large	Medium E	0.17146946563003213	-1.337130396327463	Spherical	Low Density	10.177498553742131	3449.0	2616.0	3449.0
C-71174-8496-552	240	-7.33276636637168	-8.936072070796904	Low	Very Large	Medium E	0.20313612249495117	-1.3369257705052233	Intermediate	Low Density	10.012026735660621	2189.0	2616.0	2189.0
C-71174-8496-553	240	-7.335503287726861	-8.279210945553318	Very Low	Very Large	Medium E	0.12591367825804162	-1.3374247719064365	Intermediate	Low Density	10.581026214171812	4991.0	2616.0	4990.0
C-71174-8496-555	240	-7.335040757104801	-8.390218294847692	Very Low	Very Large	Medium E	0.13896401494464808	-1.3373404423263866	Spherical	Low Density	10.33592297120485	4585.0	2616.0	4584.0
C-71174-8496-557	240	-7.3224733330220255	-11.40640007471389	Medium	Very Large	Low E	0.49355484145728157	-1.3350491224771435	Spherical	Low Density	10.447422717612975	126.0	2616.0	126.0
C-71174-8496-558	240	-7.334444787939808	-8.53325089444593	Very Low	Very Large	Medium E	0.1557793302709319	-1.3372317839435477	Intermediate	Low Density	10.688532856477918	4184.0	2616.0	4183.0
C-71174-8496-559	240	-7.333916467125369	-8.660047889911247	Very Low	Very Large	Medium E	0.17068594224024886	-1.3371354593538052	Intermediate	Low Density	10.251479441103047	3471.0	2616.0	3471.0
C-71174-8496-56	240	-7.332337628190749	-9.038969234220149	Low	Very Large	Medium E	0.21523300288447966	-1.3368476020358835	Intermediate	Low Density	9.798446625320565	1470.0	2616.0	1470.0
C-71174-8496-560	240	-7.3297286484310655	-9.66512437654429	Low	Very Large	Medium E	0.28884556527177435	-1.3363719272221537	Intermediate	Low Density	10.753718637981379	853.0	2616.0	853.0
C-71174-8496-561	240	-7.332766381941973	-8.936068333926519	Low	Very Large	Medium E	0.2031356831779607	-1.3369257733440327	Intermediate	Low Density	10.335134044934872	2210.0	2616.0	2210.0
C-71174-8496-562	240	-7.334390713711843	-8.546228709157438	Very Low	Very Large	Medium E	0.157305038726438	-1.3372219250137423	Spherical	Low Density	10.187547855476913	4012.0	2616.0	4011.0
C-71174-8496-563	240	-7.321983823513486	-11.52388235676326	Medium	Very Large	Low E	0.5073663894782197	-1.3349598740483546	Spherical	Low Density	10.300677117836686	59.0	2616.0	59.0
C-71174-8496-564	240	-7.328193579531332	-10.03354091248031	Low	Very Large	Medium E	0.33215765105205536	-1.3360920501513436	Linear	Low Density	10.3531564993548	517.0	2616.0	517.0
C-71174-8496-565	240	-7.333261502091346	-8.817239498076686	Very Low	Very Large	Medium E	0.18916583049909227	-1.3370160447169526	Linear	Low Density	10.624973376033934	2752.0	2616.0	2752.0
C-71174-8496-566	240	-7.333251425565476	-8.81965786428572	Very Low	Very Large	Medium E	0.1894501404430379	-1.337014207543035	Intermediate	Low Density	10.276483017010714	2600.0	2616.0	2600.0
C-71174-8496-567	240	-7.335465370546094	-8.288311068937157	Very Low	Very Large	Medium E	0.12698351439777467	-1.3374178587643044	Linear	Low Density	10.498908991360324	4959.0	2616.0	4958.0
C-71174-8496-568	240	-7.32999104820008	-9.602148431980886	Low	Very Large	Medium E	0.2814419358280037	-1.3364197685136723	Linear	Medium Density	10.838669499290603	923.0	2616.0	923.0
C-71174-8496-569	240	-7.33242443051584	-9.018136676198342	Low	Very Large	Medium E	0.21278386867888527	-1.3368634280229061	Spherical	Low Density	10.069143048457494	1497.0	2616.0	1497.0
C-71174-8496-57	240	-7.333253545162242	-8.819149161061588	Very Low	Very Large	Medium E	0.18939033585905488	-1.3370145939924862	Linear	Low Density	10.119284017222334	2648.0	2616.0	2648.0
C-71174-8496-570	240	-7.322473333644146	-11.40639992540482	Medium	Very Large	Low E	0.4935548239041147	-1.3350491225905696	Spherical	Low Density	10.316488119672627	127.0	2616.0	127.0
C-71174-8496-572	240	-7.33256500752344	-8.984398194374249	Low	Very Large	Medium E	0.20881747771561243	-1.336889058325961	Spherical	Low Density	10.277299781161467	1619.0	2616.0	1619.0
C-71174-8496-573	240	-7.334032659604199	-8.632161694992286	Very Low	Very Large	Medium E	0.16740756261116455	-1.3371566438170113	Spherical	Low Density	10.094612137705626	3602.0	2616.0	3602.0
C-71174-8496-574	240	-7.331961258550597	-9.129297947856749	Low	Very Large	Medium E	0.22585230091221292	-1.3367789815117845	Linear	Low Density	10.27834181952905	1292.0	2616.0	1292.0
C-71174-8496-575	240	-7.336519297175469	-8.035368677887316	Very Low	Very Large	Medium E	0.09724689437666316	-1.3376100129392274	Linear	Low Density	10.130895879455567	5143.0	2616.0	5142.0
C-71174-8496-576	240	-7.33408270618115	-8.620150516523818	Very Low	Very Large	Medium E	0.16599549463539462	-1.337165768416802	Intermediate	Low Density	10.394488610047398	3725.0	2616.0	3724.0
C-71174-8496-577	240	-7.322473272894437	-11.40641450533499	Medium	Very Large	Low E	0.4935565379617578	-1.335049111514552	Linear	Low Density	10.044408024321013	113.0	2616.0	113.0
C-71174-8496-578	240	-7.332647191246691	-8.964674100794063	Low	Very Large	Medium E	0.20649865771229056	-1.3369040422395402	Linear	Low Density	10.25715852918274	2059.0	2616.0	2059.0
C-71174-8496-579	240	-7.334071318455957	-8.622883570570163	Very Low	Very Large	Medium E	0.1663168001679926	-1.3371636921821972	Linear	Low Density	10.285012238545196	3665.0	2616.0	3664.0
C-71174-8496-58	240	-7.333251445932846	-8.81965297611684	Very Low	Very Large	Medium E	0.18944956577614364	-1.3370142112564578	Linear	Low Density	10.618120838630071	2607.0	2616.0	2607.0
C-71174-8496-580	240	-7.333385480051502	-8.787484787639364	Very Low	Very Large	Medium E	0.18566778292213684	-1.3370386486458965	Linear	Low Density	10.264578929218095	3082.0	2616.0	3082.0
C-71174-8496-581	240	-7.333321847081591	-8.802756700418128	Very Low	Very Large	Medium E	0.18746319200880454	-1.3370270469456544	Spherical	Low Density	10.51620426604544	2900.0	2616.0	2900.0
C-71174-8496-582	240	-7.331257035990694	-9.298311362233225	Low	Very Large	Medium E	0.24572199401081735	-1.3366505861366336	Linear	Low Density	10.47177131166366	1052.0	2616.0	1052.0
C-71174-8496-583	240	-7.334082639790018	-8.620166450395669	Very Low	Very Large	Medium E	0.16599736786625113	-1.3371657563122274	Linear	Low Density	10.512385834802313	3690.0	2616.0	3689.0
C-71174-8496-584	240	-7.333578556021769	-8.741146554775149	Very Low	Very Large	Medium E	0.18022012973356624	-1.3370738506729922	Intermediate	Low Density	10.570460158495761	3205.0	2616.0	3205.0
C-71174-8496-585	240	-7.323597273579889	-11.13665434082675	Medium	Very Large	Low E	0.46184277311783134	-1.335254041742431	Spherical	Low Density	9.876427058723918	153.0	2616.0	153.0
C-71174-8496-586	240	-7.333321936058474	-8.802735345966076	Very Low	Very Large	Medium E	0.18746068151928916	-1.3370270631681116	Linear	Low Density	10.040341419018882	2945.0	2616.0	2945.0
C-71174-8496-587	240	-7.33505019326059	-8.38795361745837	Very Low	Very Large	Medium E	0.13869777309126294	-1.3373421627466506	Linear	Low Density	9.918140696708871	4615.0	2616.0	4614.0
C-71174-8496-588	240	-7.332038036794038	-9.11087116943084	Low	Very Large	Medium E	0.22368599693291774	-1.3367929798866327	Intermediate	Low Density	10.607053813865733	1320.0	2616.0	1320.0
C-71174-8496-589	240	-7.333055508944493	-8.866677853321484	Very Low	Very Large	Medium E	0.19497794280766384	-1.3369784876023774	Spherical	Low Density	10.312145662018526	2468.0	2616.0	2468.0
C-71174-8496-59	240	-7.33276637148994	-8.936070842414317	Low	Very Large	Medium E	0.20313597808286737	-1.3369257714383955	Spherical	Low Density	10.623630921093433	2195.0	2616.0	2195.0
C-71174-8496-590	240	-7.33436757074969	-8.551783020074335	Very Low	Very Large	Medium E	0.1579580191641162	-1.337217705538995	Intermediate	Low Density	10.48490380466844	3911.0	2616.0	3910.0
C-71174-8496-591	240	-7.333627062121895	-8.729505090745045	Very Low	Very Large	Medium E	0.17885152642860538	-1.3370826944097274	Linear	Low Density	10.536095603424796	3263.0	2616.0	3263.0
C-71174-8496-592	240	-7.332601547023961	-8.975628714249332	Low	Very Large	Medium E	0.2077865129288311	-1.3368957202864609	Intermediate	Low Density	10.059648652960542	2017.0	2616.0	2017.0
C-71174-8496-593	240	-7.330509451140789	-9.47773172621051	Low	Very Large	Medium E	0.26681515742044964	-1.336514284855297	Linear	Low Density	10.416763764019208	1002.0	2616.0	1002.0
C-71174-8496-594	240	-7.332380364001995	-9.028712639520968	Low	Very Large	Medium E	0.2140272087192087	-1.3368553937211116	Spherical	Low Density	10.095873042026158	1486.0	2616.0	1486.0
C-71174-8496-595	240	-7.331804087872954	-9.167018910490812	Low	Very Large	Medium E	0.2302868835380321	-1.336750325815038	Spherical	Low Density	10.19542916290388	1181.0	2616.0	1181.0
C-71174-8496-596	240	-7.3334756806622	-8.765836641071884	Very Low	Very Large	Medium E	0.1831227658296385	-1.3370550942156765	Spherical	Low Density	9.84021158831156	3137.0	2616.0	3137.0
C-71174-8496-597	240	-7.333600264698661	-8.735936472321422	Very Low	Very Large	Medium E	0.17960761776366618	-1.3370778086457584	Linear	Low Density	10.667530515856297	3235.0	2616.0	3235.0
C-71174-8496-598	240	-7.320976922933427	-11.76553849597745	Medium	Very Large	Low E	0.5357761659405609	-1.3347762937641128	Linear	Low Density	10.055507786814697	44.0	2616.0	44.0
C-71174-8496-599	240	-7.335385713190552	-8.307428834267334	Very Low	Very Large	Medium E	0.12923105274400898	-1.3374033354635317	Intermediate	Low Density	10.07932406518056	4939.0	2616.0	4938.0
C-71174-8496-6	240	-7.333482741420194	-8.76414205915353	Very Low	Very Large	Medium E	0.18292354600573563	-1.337056381548294	Spherical	Low Density	10.548889182438835	3148.0	2616.0	3148.0
C-71174-8496-60	240	-7.335013559554406	-8.396745706942472	Very Low	Very Large	Medium E	0.1397313958979872	-1.3373354836103712	Spherical	Low Density	10.108895232670545	4559.0	2616.0	4558.0
C-71174-8496-600	240	-7.334759578489286	-8.457701162571421	Very Low	Very Large	Medium E	0.14689749097096877	-1.3372891772350943	Linear	Low Density	10.253793103341959	4375.0	2616.0	4374.0
C-71174-8496-601	240	-7.327610595591751	-10.1734570579798	Low	Very Large	Medium E	0.3486065872555324	-1.335985759262793	Linear	Low Density	10.378754505667905	474.0	2616.0	474.0
C-71174-8496-602	240	-7.337387017348643	-7.827115836325644	Very Low	Very Large	Medium E	0.07276410368217802	-1.3377682175516672	Intermediate	Low Density	10.514356938009977	5197.0	2616.0	5196.0
C-71174-8496-603	240	-7.332565001372342	-8.984399670637936	Low	Very Large	Medium E	0.2088176512693188	-1.3368890572044796	Linear	Low Density	10.490269130588839	1602.0	2616.0	1602.0
C-71174-8496-604	240	-7.332766338665952	-8.936078720171363	Low	Very Large	Medium E	0.20313690421418495	-1.3369257654538553	Spherical	Low Density	9.891683540732254	2174.0	2616.0	2174.0
C-71174-8496-605	240	-7.335116459506667	-8.3720497183999	Very Low	Very Large	Medium E	0.13682806591725524	-1.3373542445514797	Intermediate	Low Density	10.32780385456962	4706.0	2616.0	4705.0
C-71174-8496-606	240	-7.334774994061712	-8.454001425189047	Very Low	Very Large	Medium E	0.14646253942227436	-1.337291987835489	Spherical	Low Density	10.157025464621412	4440.0	2616.0	4439.0
C-71174-8496-607	240	-7.334334439277618	-8.559734573371514	Very Low	Very Large	Medium E	0.15889282616896286	-1.3372116649375885	Intermediate	Low Density	10.506753694987957	3845.0	2616.0	3844.0
C-71174-8496-609	240	-7.333873745440678	-8.670301094237361	Very Low	Very Large	Medium E	0.1718913378236948	-1.337127670244161	Spherical	Low Density	10.504213815993682	3438.0	2616.0	3438.0
C-71174-8496-61	240	-7.332565042881936	-8.984389708335451	Low	Very Large	Medium E	0.20881648007296685	-1.3368890647725982	Linear	Low Density	10.09298478400502	1744.0	2616.0	1744.0
C-71174-8496-610	240	-7.330433066535188	-9.496064031554786	Low	Very Large	Medium E	0.2689703548781294	-1.3365003582493484	Spherical	Low Density	10.636830606677048	994.0	2616.0	994.0
C-71174-8496-611	240	-7.333321905305183	-8.80274272675625	Very Low	Very Large	Medium E	0.1874615492257474	-1.3370270575611052	Linear	Low Density	10.421057082760276	2931.0	2616.0	2931.0
C-71174-8496-612	240	-7.333920457011287	-8.659090317291009	Very Low	Very Large	Medium E	0.17057336730556744	-1.3371361867984064	Intermediate	Low Density	10.320399475215895	3483.0	2616.0	3483.0
C-71174-8496-613	240	-7.329589766468675	-9.698456047518036	Low	Very Large	Medium E	0.29276413040552907	-1.3363466059633953	Linear	Low Density	10.303265289581025	828.0	2616.0	828.0
C-71174-8496-614	240	-7.333978792493784	-8.64508980149186	Very Low	Very Large	Medium E	0.1689274272292731	-1.3371468226493237	Intermediate	Low Density	10.367908053445216	3539.0	2616.0	3539.0
C-71174-8496-615	240	-7.335551487214054	-8.267643068627025	Very Low	Very Large	Medium E	0.1245537260603172	-1.3374335597408407	Linear	Low Density	10.240738439585785	5018.0	2616.0	5017.0
C-71174-8496-616	240	-7.333259766794581	-8.81765596930064	Very Low	Very Large	Medium E	0.18921479202932112	-1.3370157283339057	Linear	Low Density	10.176249264188069	2734.0	2616.0	2734.0
C-71174-8496-617	240	-7.332766366396497	-8.936072064840705	Low	Very Large	Medium E	0.2031361217947491	-1.336925770509748	Spherical	Low Density	10.16724316454548	2190.0	2616.0	2190.0
C-71174-8496-619	240	-7.331834584933219	-9.159699616027307	Low	Very Large	Medium E	0.22942640666272024	-1.3367558861048052	Linear	Low Density	10.55177046731273	1202.0	2616.0	1202.0
C-71174-8496-620	240	-7.335503312583907	-8.279204979862243	Very Low	Very Large	Medium E	0.12591297691459222	-1.3374247764384266	Spherical	Low Density	10.391489617056399	5001.0	2616.0	5000.0
C-71174-8496-621	240	-7.332565141867055	-8.984365951906723	Low	Very Large	Medium E	0.2088136872003109	-1.3368890828197784	Spherical	Low Density	10.069107004991938	1943.0	2616.0	1943.0
C-71174-8496-622	240	-7.329700890335203	-9.671786319550836	Low	Very Large	Medium E	0.28962876205812926	-1.3363668663062804	Linear	Low Density	10.132899876032647	844.0	2616.0	844.0
C-71174-8496-623	240	-7.335551532764262	-8.267632136576946	Very Low	Very Large	Medium E	0.12455244085773202	-1.3374335680456528	Spherical	Low Density	10.64232159851139	5022.0	2616.0	5021.0
C-71174-8496-624	240	-7.32889514781329	-9.86516452481038	Low	Very Large	Medium E	0.31236284860758257	-1.3362199615928183	Linear	Low Density	10.250435204390554	660.0	2616.0	660.0
C-71174-8496-625	240	-7.333629838851912	-8.728838675541132	Very Low	Very Large	Medium E	0.17877318077995868	-1.3370832006691296	Linear	Medium Density	10.787104713538728	3271.0	2616.0	3271.0
C-71174-8496-628	240	-7.335224170343038	-8.34619911767093	Very Low	Very Large	Medium E	0.13378899647537257	-1.3373738826233494	Intermediate	Low Density	10.317536134033173	4814.0	2616.0	4813.0
C-71174-8496-63	240	-7.323597439884666	-11.13661442768006	Medium	Very Large	Low E	0.4618380808158956	-1.3352540720634765	Spherical	Low Density	9.922774524791068	200.0	2616.0	200.0
C-71174-8496-630	240	-7.33437401925446	-8.550235378929584	Very Low	Very Large	Medium E	0.15777607411148156	-1.3372188812442853	Linear	Low Density	10.542984007378074	3928.0	2616.0	3927.0
C-71174-8496-631	240	-7.333600129165723	-8.735969000226198	Very Low	Very Large	Medium E	0.17961144183581526	-1.3370777839351011	Intermediate	Low Density	10.51674990390213	3226.0	2616.0	3226.0
C-71174-8496-632	240	-7.335560234637669	-8.265543686959232	Very Low	Very Large	Medium E	0.12430691683757529	-1.3374351545899703	Intermediate	Low Density	10.16091718894141	5029.0	2616.0	5028.0
C-71174-8496-633	240	-7.332676258308165	-8.957698006040314	Low	Very Large	Medium E	0.20567852836163397	-1.3369093418088456	Spherical	Low Density	10.682572152671675	2075.0	2616.0	2075.0
C-71174-8496-634	240	-7.333646816356715	-8.72476407438856	Very Low	Very Large	Medium E	0.17829415919044841	-1.337086296044402	Linear	Low Density	10.47050863866772	3296.0	2616.0	3296.0
C-71174-8496-635	240	-7.320889334698162	-11.78655967244122	Medium	Very Large	Low E	0.5382474746615074	-1.334760324488253	Spherical	Low Density	10.197092528943491	42.0	2616.0	42.0
C-71174-8496-637	240	-7.335157959825197	-8.362089641952638	Very Low	Very Large	Medium E	0.13565713127295523	-1.3373618109790126	Spherical	Low Density	10.470858287698457	4763.0	2616.0	4762.0
C-71174-8496-638	240	-7.332573263127226	-8.98241684946581	Low	Very Large	Medium E	0.2085845452267927	-1.3368905635054391	Spherical	Low Density	10.380660964011836	1953.0	2616.0	1953.0
C-71174-8496-639	240	-7.3289229713633155	-9.85848687280427	Low	Very Large	Medium E	0.31157780502704	-1.3362250344424356	Spherical	Low Density	10.165187286889331	785.0	2616.0	785.0
C-71174-8496-64	240	-7.331825480225694	-9.16188474583326	Low	Very Large	Medium E	0.22968329667813708	-1.3367542261149032	Spherical	Low Density	10.23512071586694	1193.0	2616.0	1193.0
C-71174-8496-640	240	-7.333980969847411	-8.644567236621018	Very Low	Very Large	Medium E	0.1688659930310488	-1.3371472196291305	Linear	Low Density	10.269001071869665	3547.0	2616.0	3547.0
C-71174-8496-642	240	-7.333132194108482	-8.848273413964327	Very Low	Very Large	Medium E	0.19281426507217908	-1.3369924690067791	Intermediate	Low Density	10.403870025020128	2515.0	2616.0	2515.0
C-71174-8496-643	240	-7.333273165832933	-8.814440200095895	Very Low	Very Large	Medium E	0.18883673714292296	-1.3370181712754614	Intermediate	Low Density	10.24636941214423	2824.0	2616.0	2824.0
C-71174-8496-644	240	-7.334043919569322	-8.629459303362728	Very Low	Very Large	Medium E	0.1670898618386627	-1.3371586967581246	Linear	Low Density	10.355525139525065	3629.0	2616.0	3629.0
C-71174-8496-645	240	-7.326553703483514	-10.42711116395658	Low	Very Large	Low E	0.3784268784883356	-1.3357930644153715	Intermediate	Low Density	10.22721336198587	374.0	2616.0	374.0
C-71174-8496-646	240	-7.335025876308547	-8.39378968594869	Very Low	Very Large	Medium E	0.13938387774294939	-1.3373377292275364	Intermediate	Low Density	10.439578430887446	4574.0	2616.0	4573.0
C-71174-8496-647	240	-7.332538630792998	-8.9907286096805	Low	Very Large	Medium E	0.20956169917155248	-1.3368842492636088	Intermediate	Low Density	10.368686474540985	1536.0	2616.0	1536.0
C-71174-8496-648	240	-7.334448706347757	-8.53231047653814	Very Low	Very Large	Medium E	0.15566877209256721	-1.3372324983561314	Spherical	Low Density	10.552734105275553	4195.0	2616.0	4194.0
C-71174-8496-649	240	-7.333291217157129	-8.810107882288957	Very Low	Very Large	Medium E	0.18832741765756628	-1.3370214624318002	Linear	Low Density	10.335740923030922	2874.0	2616.0	2874.0
C-71174-8496-65	240	-7.333253891722502	-8.819065986599446	Very Low	Very Large	Medium E	0.189380557634942	-1.3370146571781	Spherical	Low Density	10.51137873053287	2653.0	2616.0	2653.0
C-71174-8496-650	240	-7.332645140234397	-8.965166343744505	Low	Very Large	Medium E	0.20655652718019477	-1.3369036682945576	Intermediate	Low Density	10.58160147706576	2058.0	2616.0	2058.0
C-71174-8496-651	240	-7.337913137179731	-7.700847076864468	Very Low	Very Large	Medium E	0.057919592625544324	-1.3378641408533805	Intermediate	Low Density	10.27079347068287	5215.0	2616.0	5214.0
C-71174-8496-652	240	-7.328043327633625	-10.0696013679298	Low	Very Large	Medium E	0.33639701977567166	-1.3360646559014693	Spherical	Low Density	10.280895498469187	511.0	2616.0	511.0
C-71174-8496-653	240	-7.33256504969865	-8.984388072323718	Low	Very Large	Medium E	0.20881628773885422	-1.3368890660154362	Intermediate	Low Density	10.156865618425257	1772.0	2616.0	1772.0
C-71174-8496-654	240	-7.332185256677543	-9.075538397389584	Low	Very Large	Medium E	0.21953217672064493	-1.3368198213331421	Intermediate	Low Density	10.424658319927998	1414.0	2616.0	1414.0
C-71174-8496-655	240	-7.331836627347797	-9.159209436528805	Low	Very Large	Medium E	0.22936877978003598	-1.3367562584822337	Intermediate	Low Density	10.238066397538333	1215.0	2616.0	1215.0
C-71174-8496-657	240	-7.333321887710899	-8.802746949384035	Very Low	Very Large	Medium E	0.1874620456497909	-1.3370270543532774	Intermediate	Low Density	10.206989729278963	2920.0	2616.0	2920.0
C-71174-8496-658	240	-7.333141319534573	-8.846083311702499	Very Low	Very Large	Medium E	0.19255679048083468	-1.336994132774135	Spherical	Low Density	10.230053886072712	2528.0	2616.0	2528.0
C-71174-8496-659	240	-7.335090572867454	-8.378262511811094	Very Low	Very Large	Medium E	0.13755845941186412	-1.337349524843617	Spherical	Low Density	10.514752680973446	4637.0	2616.0	4636.0
C-71174-8496-66	240	-7.32359751652091	-11.13659603498144	Medium	Very Large	Low E	0.46183591851844086	-1.3352540860359619	Linear	Low Density	10.29487003497739	238.0	2616.0	238.0
C-71174-8496-660	240	-7.326842882955716	-10.35770809062812	Low	Very Large	Low E	0.3702676576819716	-1.3358457882401016	Linear	Low Density	10.247664608088302	408.0	2616.0	408.0
C-71174-8496-661	240	-7.334404853460595	-8.542835169457351	Very Low	Very Large	Medium E	0.15690608463979125	-1.3372245030032144	Intermediate	Low Density	10.326360621370494	4075.0	2616.0	4074.0
C-71174-8496-662	240	-7.332702744704099	-8.951341271016295	Low	Very Large	Medium E	0.2049312126855255	-1.3369141708656465	Linear	Medium Density	10.813411266684202	2102.0	2616.0	2102.0
C-71174-8496-663	240	-7.333791178737829	-8.690117102920938	Very Low	Very Large	Medium E	0.17422096362551515	-1.3371126165049159	Intermediate	Low Density	10.29241396089088	3402.0	2616.0	3402.0
C-71174-8496-664	240	-7.33336909872147	-8.791416306847111	Very Low	Very Large	Medium E	0.18612998339513498	-1.3370356619664934	Linear	Low Density	9.858625018149588	2978.0	2616.0	2978.0
C-71174-8496-665	240	-7.334979345798732	-8.4049570083044	Very Low	Very Large	Medium E	0.14069673961702808	-1.3373292456846853	Intermediate	Low Density	10.408588967866505	4545.0	2616.0	4544.0
C-71174-8496-666	240	-7.335109508372039	-8.373717990710622	Very Low	Very Large	Medium E	0.13702419270956145	-1.3373529772056303	Linear	Low Density	10.492325473899125	4661.0	2616.0	4660.0
C-71174-8496-668	240	-7.333312675066015	-8.804957984156255	Very Low	Very Large	Medium E	0.1877219811260168	-1.3370253746840033	Linear	Low Density	10.245650415724793	2890.0	2616.0	2890.0
C-71174-8496-669	240	-7.334429337574331	-8.536958982160433	Very Low	Very Large	Medium E	0.15621526350818496	-1.337228966999609	Spherical	Low Density	10.259001670377508	4135.0	2616.0	4134.0
C-71174-8496-67	240	-7.333271198204409	-8.814912430941874	Very Low	Very Large	Medium E	0.18889225393141038	-1.3370178125331873	Intermediate	Low Density	10.069535318815673	2791.0	2616.0	2791.0
C-71174-8496-670	240	-7.322397456292198	-11.4246104898722	Medium	Very Large	Low E	0.49569570916137917	-1.3350352884682006	Spherical	Low Density	10.615257681732823	70.0	2616.0	70.0
C-71174-8496-671	240	-7.335279726102431	-8.332865735416334	Very Low	Very Large	Medium E	0.13222148649789295	-1.3373840116691587	Spherical	Low Density	10.167944703771667	4900.0	2616.0	4899.0
C-71174-8496-673	240	-7.334767658704459	-8.455761910929839	Very Low	Very Large	Medium E	0.14666950708518084	-1.3372906504373425	Intermediate	Low Density	10.198396586830214	4426.0	2616.0	4425.0
C-71174-8496-674	240	-7.3343092129292735	-8.56578889697428	Very Low	Very Large	Medium E	0.15960458950649636	-1.33720706561538	Linear	Low Density	10.359640618071271	3828.0	2616.0	3827.0
C-71174-8496-675	240	-7.332978377632194	-8.885189368273425	Very Low	Very Large	Medium E	0.1971542086516375	-1.336964424855254	Spherical	Low Density	10.253236250485058	2411.0	2616.0	2411.0
C-71174-8496-676	240	-7.335120371994402	-8.371110721343584	Very Low	Very Large	Medium E	0.13671767477816912	-1.3373549578846773	Spherical	Low Density	10.104144759660624	4711.0	2616.0	4710.0
C-71174-8496-677	240	-7.333978776568873	-8.645093623470375	Very Low	Very Large	Medium E	0.16892787655182806	-1.3371468197458598	Spherical	Low Density	10.137679072994427	3538.0	2616.0	3538.0
C-71174-8496-678	240	-7.333996497939621	-8.64084049449083	Very Low	Very Large	Medium E	0.16842786672809745	-1.337150050744375	Linear	Low Density	10.58836433768677	3550.0	2616.0	3550.0
C-71174-8496-68	240	-7.334356723710311	-8.554386309525356	Very Low	Very Large	Medium E	0.15826406920533195	-1.3372157278833936	Spherical	Low Density	10.148858736231917	3880.0	2616.0	3879.0
C-71174-8496-680	240	-7.332565025700075	-8.984393831982159	Low	Very Large	Medium E	0.20881696486048953	-1.3368890616399642	Linear	Low Density	10.342350871913585	1671.0	2616.0	1671.0
C-71174-8496-681	240	-7.335042496245987	-8.38980090096316	Very Low	Very Large	Medium E	0.13891494494379442	-1.3373407594103566	Spherical	Low Density	10.311786698719434	4593.0	2616.0	4592.0
C-71174-8496-682	240	-7.33508723700199	-8.379063119522222	Very Low	Very Large	Medium E	0.13765258110968973	-1.3373489166414347	Spherical	Low Density	10.311715169711205	4634.0	2616.0	4633.0
C-71174-8496-683	240	-7.33405649484117	-8.626441238119076	Very Low	Very Large	Medium E	0.1667350495868619	-1.3371609895087953	Linear	Low Density	10.361451202479948	3636.0	2616.0	3635.0
C-71174-8496-684	240	-7.33637679042506	-8.069570297985528	Very Low	Very Large	Medium E	0.10126773318009244	-1.3375840308013036	Spherical	Low Density	10.069752408880726	5110.0	2616.0	5109.0
C-71174-8496-686	240	-7.328467287345257	-9.967851037138464	Low	Very Large	Medium E	0.32443496426092777	-1.3361419531499859	Linear	Low Density	10.346593153248461	548.0	2616.0	548.0
C-71174-8496-687	240	-7.327610596298288	-10.17345688841076	Low	Very Large	Medium E	0.3486065673205358	-1.3359857593916102	Spherical	Low Density	10.582884550468496	475.0	2616.0	475.0
C-71174-8496-688	240	-7.3321328627354045	-9.088112943502988	Low	Very Large	Medium E	0.2210104757837484	-1.3368102687566705	Linear	Low Density	10.416153477043935	1389.0	2616.0	1389.0
C-71174-8496-689	240	-7.332628967238263	-8.969047862816653	Low	Very Large	Medium E	0.20701284949639637	-1.3369007195990399	Spherical	Low Density	10.288397748686855	2044.0	2616.0	2044.0
C-71174-8496-69	240	-7.322473165917215	-11.40644017986847	Medium	Very Large	Low E	0.4935595563322323	-1.335049092010234	Linear	Low Density	10.061835230864608	77.0	2616.0	77.0
C-71174-8496-690	240	-7.332191691955701	-9.073993930631683	Low	Very Large	Medium E	0.21935060485789362	-1.3368209946269278	Spherical	Low Density	10.195651398297173	1428.0	2616.0	1428.0
C-71174-8496-691	240	-7.335050208507056	-8.387949958306466	Very Low	Very Large	Medium E	0.13869734291105612	-1.3373421655264193	Intermediate	Low Density	10.520486868564053	4618.0	2616.0	4617.0
C-71174-8496-692	240	-7.333372942437189	-8.790493815074583	Very Low	Very Large	Medium E	0.1860215326637267	-1.3370363627610289	Intermediate	Low Density	9.803723317324458	3059.0	2616.0	3059.0
C-71174-8496-693	240	-7.326825787787257	-10.36181093105819	Low	Very Large	Low E	0.37074999916047846	-1.3358426714121376	Linear	Low Density	10.269449941938243	391.0	2616.0	391.0
C-71174-8496-694	240	-7.331924366926135	-9.138151937727608	Low	Very Large	Medium E	0.2268932009027918	-1.3367722553512886	Spherical	Low Density	10.052105319859388	1269.0	2616.0	1269.0
C-71174-8496-695	240	-7.332682199165918	-8.956272200179772	Low	Very Large	Medium E	0.20551090660822255	-1.336910424958837	Linear	Low Density	10.36178032507432	2090.0	2616.0	2090.0
C-71174-8496-696	240	-7.330125885173713	-9.569787558308828	Low	Very Large	Medium E	0.2776375003597672	-1.336444352281361	Intermediate	Low Density	10.210776072890706	961.0	2616.0	961.0
C-71174-8496-698	240	-7.330182582416584	-9.556180220019773	Low	Very Large	Medium E	0.2760377833391356	-1.3364546894448983	Linear	Low Density	10.144716781791375	973.0	2616.0	973.0
C-71174-8496-699	240	-7.333573629257804	-8.742328978126842	Very Low	Very Large	Medium E	0.1803591387536171	-1.337072952414766	Spherical	Low Density	10.064160097013245	3199.0	2616.0	3199.0
C-71174-8496-7	240	-7.332565040337352	-8.984390319035564	Low	Very Large	Medium E	0.20881655186860076	-1.3368890643086642	Linear	Low Density	10.098211744610905	1731.0	2616.0	1731.0
C-71174-8496-70	240	-7.334400994686968	-8.543761275127787	Very Low	Very Large	Medium E	0.15701496023121383	-1.3372237994632887	Linear	Low Density	10.137704419325198	4055.0	2616.0	4054.0
C-71174-8496-700	240	-7.335139627391695	-8.366489425993194	Very Low	Very Large	Medium E	0.13617438227877907	-1.337358468570219	Linear	Low Density	10.398452805492584	4741.0	2616.0	4740.0
C-71174-8496-702	240	-7.333273143812983	-8.814445484884155	Very Low	Very Large	Medium E	0.18883735843749597	-1.3370181672607364	Intermediate	Low Density	10.456592762445094	2820.0	2616.0	2820.0
C-71174-8496-703	240	-7.332565023012204	-8.98439447707096	Low	Very Large	Medium E	0.2088170406989565	-1.3368890611499058	Linear	Low Density	10.25456801344741	1662.0	2616.0	1662.0
C-71174-8496-704	240	-7.330054766241767	-9.586856101975938	Low	Very Large	Medium E	0.2796441264346965	-1.336431385724384	Intermediate	Low Density	10.124675202599374	941.0	2616.0	941.0
C-71174-8496-705	240	-7.333251506616413	-8.81963841206087	Very Low	Very Large	Medium E	0.1894478535846953	-1.3370142223204164	Spherical	Low Density	10.377687403070281	2628.0	2616.0	2628.0
C-71174-8496-706	240	-7.333291194762478	-8.810113257005295	Very Low	Very Large	Medium E	0.18832804952433593	-1.3370214583487592	Spherical	Low Density	10.096554163561484	2870.0	2616.0	2870.0
C-71174-8496-707	240	-7.335118608846089	-8.371533876938589	Very Low	Very Large	Medium E	0.13676742214196108	-1.3373546364236761	Intermediate	Low Density	10.014935419247042	4707.0	2616.0	4706.0
C-71174-8496-709	240	-7.326842922623888	-10.3576985702668	Low	Very Large	Low E	0.370266538441485	-1.3358457954724883	Linear	Low Density	10.535677932571117	410.0	2616.0	410.0
C-71174-8496-71	240	-7.333964246884702	-8.648580747671508	Very Low	Very Large	Medium E	0.1693378326960116	-1.3371441706625213	Spherical	Low Density	10.517348492716211	3525.0	2616.0	3525.0
C-71174-8496-710	240	-7.335109505043631	-8.373718789528512	Very Low	Very Large	Medium E	0.1370242866208399	-1.337352976598788	Linear	Low Density	10.359244552301513	4659.0	2616.0	4658.0
C-71174-8496-712	240	-7.338647459691215	-7.524609674108351	Very Low	Very Large	High E	0.03720062710334753	-1.3379980241165876	Spherical	Low Density	10.260046692602995	5219.0	2616.0	5218.0
C-71174-8496-713	240	-7.334381658500643	-8.548401959845643	Very Low	Very Large	Medium E	0.15756053219929744	-1.3372202740481165	Linear	Low Density	10.445856774507849	3963.0	2616.0	3962.0
C-71174-8496-714	240	-7.3335760858587005	-8.741739393911848	Very Low	Very Large	Medium E	0.18028982557245912	-1.3370734003075369	Intermediate	Low Density	10.03596160334002	3204.0	2616.0	3204.0
C-71174-8496-715	240	-7.332565043390258	-8.984389586337944	Low	Very Large	Medium E	0.20881646573061524	-1.3368890648652767	Intermediate	Low Density	10.23457059774115	1748.0	2616.0	1748.0
C-71174-8496-717	240	-7.331804281543522	-9.166972429554818	Low	Very Large	Medium E	0.230281419108235	-1.3367503611254734	Spherical	Low Density	10.319197013142633	1182.0	2616.0	1182.0
C-71174-8496-718	240	-7.335331432083025	-8.320456300073898	Very Low	Very Large	Medium E	0.1307625983221049	-1.3373934388149984	Linear	Low Density	10.657219484313552	4921.0	2616.0	4920.0
C-71174-8496-719	240	-7.335128907667639	-8.36906215976651	Very Low	Very Large	Medium E	0.13647684010847902	-1.3373565141270214	Intermediate	Low Density	10.628878796918647	4722.0	2616.0	4721.0
C-71174-8496-72	240	-7.327610657454471	-10.17344221092684	Low	Very Large	Medium E	0.3486048417941738	-1.3359857705417375	Linear	Low Density	10.265884394392048	493.0	2616.0	493.0
C-71174-8496-720	240	-7.3340827261858	-8.620145715407968	Very Low	Very Large	Medium E	0.16599493020268744	-1.3371657720640928	Spherical	Medium Density	10.824657466811907	3736.0	2616.0	3735.0
C-71174-8496-721	240	-7.333648553818555	-8.724347083546817	Very Low	Very Large	Medium E	0.17824513657245722	-1.33708661282219	Spherical	Low Density	10.107723576960403	3299.0	2616.0	3299.0
C-71174-8496-722	240	-7.331570085797257	-9.22317940865815	Low	Very Large	Medium E	0.23688926990460013	-1.3367076620521796	Intermediate	Low Density	10.363220893958909	1128.0	2616.0	1128.0
C-71174-8496-723	240	-7.328644923488342	-9.925218362797803	Low	Very Large	Medium E	0.3194229469707991	-1.3361743401545076	Intermediate	Low Density	9.654277676738722	572.0	2616.0	572.0
C-71174-8496-724	240	-7.332565092023216	-8.984377914427995	Low	Very Large	Medium E	0.20881509354800276	-1.3368890737321424	Spherical	Low Density	9.839348769864712	1899.0	2616.0	1899.0
C-71174-8496-725	240	-7.323832854093942	-11.08011501745393	Medium	Very Large	Low E	0.45519585099297477	-1.335296993289573	Intermediate	Low Density	10.368435645985814	266.0	2616.0	266.0
C-71174-8496-726	240	-7.335792721238788	-8.209746902690798	Very Low	Very Large	Medium E	0.11774728970150443	-1.337477542048237	Intermediate	Low Density	10.351640225529215	5056.0	2616.0	5055.0
C-71174-8496-727	240	-7.323875438338002	-11.06989479887935	Medium	Very Large	Low E	0.45399433330739675	-1.335304757340745	Intermediate	Low Density	10.111355160294362	291.0	2616.0	291.0
C-71174-8496-728	240	-7.333629839966832	-8.728838407960163	Very Low	Very Large	Medium E	0.17877314932238914	-1.3370832008724043	Spherical	Low Density	9.962852515498367	3272.0	2616.0	3272.0
C-71174-8496-729	240	-7.332766435580737	-8.936055460623074	Low	Very Large	Medium E	0.20313416975613882	-1.336925783123568	Linear	Low Density	10.70526005766483	2282.0	2616.0	2282.0
C-71174-8496-73	240	-7.3351139291111185	-8.372657013331466	Very Low	Very Large	Medium E	0.1368994612201377	-1.3373537832043088	Spherical	Low Density	10.740796135527475	4690.0	2616.0	4689.0
C-71174-8496-730	240	-7.333440273003342	-8.774334479197995	Very Low	Very Large	Medium E	0.18412179561782122	-1.3370486386149882	Intermediate	Low Density	10.468060721891236	3110.0	2616.0	3110.0
C-71174-8496-731	240	-7.339824393887268	-7.242145467055743	Very Low	Very Large	High E	0.003993339231094237	-1.3382126052962238	Linear	Low Density	10.200061945737772	5224.0	2616.0	5223.0
C-71174-8496-732	240	-7.328193593262353	-10.03353761703533	Low	Very Large	Medium E	0.33215726363025994	-1.336092052654813	Spherical	Low Density	10.21870721274682	519.0	2616.0	519.0
C-71174-8496-734	240	-7.33440676454199	-8.542376509922466	Very Low	Very Large	Medium E	0.15685216333284333	-1.337224851435694	Intermediate	Low Density	10.095577437633876	4079.0	2616.0	4078.0
C-71174-8496-735	240	-7.333282363060328	-8.812232865521251	Very Low	Very Large	Medium E	0.18857723667233636	-1.3370198481337856	Linear	Low Density	10.601619224244944	2849.0	2616.0	2849.0
C-71174-8496-736	240	-7.335551542305668	-8.26762984663978	Very Low	Very Large	Medium E	0.12455217164623908	-1.3374335697852626	Intermediate	Medium Density	10.869649818632606	5024.0	2616.0	5023.0
C-71174-8496-737	240	-7.33332190412708	-8.802743009500533	Very Low	Very Large	Medium E	0.18746158246601172	-1.3370270573463108	Spherical	Low Density	10.140742016961873	2929.0	2616.0	2929.0
C-71174-8496-738	240	-7.335503302275653	-8.279207453843396	Very Low	Very Large	Medium E	0.12591326776278258	-1.3374247745590035	Spherical	Low Density	10.515338356988412	4999.0	2616.0	4998.0
C-71174-8496-74	240	-7.334082726586498	-8.620145619240507	Very Low	Very Large	Medium E	0.1659949188969589	-1.3371657721371488	Spherical	Medium Density	10.79687401856016	3737.0	2616.0	3736.0
C-71174-8496-740	240	-7.335157336708057	-8.362239190066349	Very Low	Very Large	Medium E	0.13567471257046457	-1.3373616973709523	Spherical	Low Density	10.295819507441248	4760.0	2616.0	4759.0
C-71174-8496-741	240	-7.332832068912651	-8.920303460963575	Low	Very Large	Medium E	0.20128232030338258	-1.3369377495341224	Linear	Low Density	10.154651998326528	2354.0	2616.0	2354.0
C-71174-8496-742	240	-7.33307890274281	-8.861063341725625	Very Low	Very Large	Medium E	0.19431788500855407	-1.3369827528101144	Intermediate	Low Density	10.355150818529989	2480.0	2616.0	2480.0
C-71174-8496-743	240	-7.328895276953739	-9.865133531102732	Low	Very Large	Medium E	0.31235920489997765	-1.3362199851379832	Spherical	Low Density	10.430711962512543	761.0	2616.0	761.0
C-71174-8496-744	240	-7.335444842318279	-8.293237843613127	Very Low	Very Large	Medium E	0.1275627199071899	-1.3374141160135582	Intermediate	Low Density	10.363491268581505	4953.0	2616.0	4952.0
C-71174-8496-745	240	-7.328895148290201	-9.865164410351808	Low	Very Large	Medium E	0.3123628351515037	-1.3362199616797696	Intermediate	Low Density	10.410969238426565	661.0	2616.0	661.0
C-71174-8496-746	240	-7.335171963432484	-8.358728776203964	Very Low	Very Large	Medium E	0.13526201842808078	-1.3373643641468795	Intermediate	Low Density	10.63647019047083	4781.0	2616.0	4780.0
C-71174-8496-748	240	-7.328895104934094	-9.86517481581751	Low	Very Large	Medium E	0.31236405844736503	-1.3362199537749908	Intermediate	Low Density	10.489253879289889	621.0	2616.0	621.0
C-71174-8496-749	240	-7.333045633169857	-8.869048039234182	Very Low	Very Large	Medium E	0.1952565885402623	-1.3369766870298574	Spherical	Low Density	10.213400479184534	2452.0	2616.0	2452.0
C-71174-8496-75	240	-7.33528904638646	-8.330628867249406	Very Low	Very Large	Medium E	0.1319585139750109	-1.3373857109634337	Intermediate	Low Density	10.25696284023112	4906.0	2616.0	4905.0
C-71174-8496-750	240	-7.335013592236545	-8.3967378632292	Very Low	Very Large	Medium E	0.13973047376895556	-1.3373354895690492	Intermediate	Low Density	10.290743527807066	4561.0	2616.0	4560.0
C-71174-8496-751	240	-7.332565020972864	-8.98439496651255	Low	Very Large	Medium E	0.2088170982390969	-1.336889060778089	Spherical	Low Density	10.553938484764542	1653.0	2616.0	1653.0
C-71174-8496-752	240	-7.330695983411857	-9.43296398115423	Low	Very Large	Medium E	0.2615521352025509	-1.3365482938210491	Intermediate	Low Density	10.368447761055407	1011.0	2616.0	1011.0
C-71174-8496-753	240	-7.33118099016219	-9.316562361074428	Low	Very Large	Medium E	0.24786763284693292	-1.3366367212972556	Linear	Medium Density	10.835523832210182	1046.0	2616.0	1046.0
C-71174-8496-754	240	-7.332564996417303	-8.984400859847318	Low	Very Large	Medium E	0.20881779107612242	-1.3368890563010662	Intermediate	Low Density	10.28844583463688	1585.0	2616.0	1585.0
C-71174-8496-755	240	-7.33327118007205	-8.814916782707982	Very Low	Very Large	Medium E	0.18889276553731624	-1.3370178092272564	Spherical	Low Density	10.019902477536	2782.0	2616.0	2782.0
C-71174-8496-756	240	-7.335261191670849	-8.337313998996308	Very Low	Very Large	Medium E	0.13274443689492388	-1.3373806324316395	Spherical	Low Density	10.66627129822333	4887.0	2616.0	4886.0
C-71174-8496-757	240	-7.3353176883059055	-8.32375480658257	Very Low	Very Large	Medium E	0.1311503800390474	-1.3373909330199278	Spherical	Low Density	10.459824228035181	4917.0	2616.0	4916.0
C-71174-8496-758	240	-7.333672943986074	-8.71849344334214	Very Low	Very Large	Medium E	0.17755696614051097	-1.337091059690108	Spherical	Low Density	10.255334994791577	3361.0	2616.0	3361.0
C-71174-8496-759	240	-7.33256506523129	-8.984384344490289	Low	Very Large	Medium E	0.20881584948423323	-1.3368890688473807	Linear	Low Density	10.056854164549286	1825.0	2616.0	1825.0
C-71174-8496-760	240	-7.332565081751906	-8.984380379542392	Low	Very Large	Medium E	0.20881538335379646	-1.336889071859455	Spherical	Low Density	10.42853103574283	1881.0	2616.0	1881.0
C-71174-8496-761	240	-7.333962835366183	-8.64891951211592	Very Low	Very Large	Medium E	0.16937765879839967	-1.3371439133114222	Spherical	Low Density	10.484114967764208	3523.0	2616.0	3523.0
C-71174-8496-762	240	-7.334331603546569	-8.56041514882354	Very Low	Very Large	Medium E	0.15897283653622993	-1.337211147920991	Linear	Medium Density	10.784850167532431	3843.0	2616.0	3842.0
C-71174-8496-763	240	-7.331452889606567	-9.251306494424036	Low	Very Large	Medium E	0.24019596934017598	-1.3366862945900635	Linear	Low Density	10.305020384306522	1116.0	2616.0	1116.0
C-71174-8496-764	240	-7.33401995144988	-8.635211652028604	Very Low	Very Large	Medium E	0.16776612415200015	-1.337154326838922	Spherical	Low Density	9.89326074526526	3569.0	2616.0	3569.0
C-71174-8496-765	240	-7.333638226789076	-8.726825570621756	Very Low	Very Large	Medium E	0.17853651449478597	-1.3370847299759145	Spherical	Low Density	10.266686020890045	3283.0	2616.0	3283.0
C-71174-8496-766	240	-7.332541410879006	-8.990061389038294	Low	Very Large	Medium E	0.2094832588333382	-1.3368847561348827	Spherical	Low Density	10.332908848579773	1538.0	2616.0	1538.0
C-71174-8496-767	240	-7.333251465938869	-8.819648174671654	Very Low	Very Large	Medium E	0.18944900130469364	-1.337014214903999	Spherical	Low Density	10.256874343756149	2615.0	2616.0	2615.0
C-71174-8496-768	240	-7.33276636587618	-8.936072189716684	Low	Very Large	Medium E	0.20313613647551124	-1.3369257704148827	Intermediate	Low Density	10.33042106806857	2186.0	2616.0	2186.0
C-71174-8496-769	240	-7.328922901594854	-9.858503617234812	Low	Very Large	Medium E	0.311579773549481	-1.3362250217220994	Intermediate	Low Density	10.511842231640786	763.0	2616.0	763.0
C-71174-8496-77	240	-7.335503357909943	-8.279194101613706	Very Low	Very Large	Medium E	0.12591169803705626	-1.3374247847023673	Intermediate	Low Density	10.148188913778766	5009.0	2616.0	5008.0
C-71174-8496-770	240	-7.334622723142582	-8.490546445780355	Very Low	Very Large	Medium E	0.150758874988953	-1.3372642254732763	Linear	Low Density	10.278028887205714	4251.0	2616.0	4250.0
C-71174-8496-771	240	-7.330393983019838	-9.50544407523867	Low	Very Large	Medium E	0.27007309923686246	-1.336493232458581	Spherical	Low Density	10.324043016675823	993.0	2616.0	993.0
C-71174-8496-772	240	-7.333263987223137	-8.81664306644722	Very Low	Very Large	Medium E	0.18909571231656208	-1.3370164978115378	Intermediate	Low Density	10.549349895388014	2763.0	2616.0	2763.0
C-71174-8496-774	240	-7.334350117195856	-8.555971872994496	Very Low	Very Large	Medium E	0.15845047251323327	-1.337214523369437	Intermediate	Low Density	10.046189851300701	3867.0	2616.0	3866.0
C-71174-8496-775	240	-7.334035730518677	-8.631424675517483	Very Low	Very Large	Medium E	0.1673209165255777	-1.3371572037127586	Intermediate	Low Density	10.182326671822826	3605.0	2616.0	3605.0
C-71174-8496-776	240	-7.334370680565684	-8.551036664235784	Very Low	Very Large	Medium E	0.1578702754692771	-1.3372182725273507	Intermediate	Low Density	10.4523062825688	3915.0	2616.0	3914.0
C-71174-8496-777	240	-7.332565033904726	-8.984391862865712	Low	Very Large	Medium E	0.20881673336563233	-1.3368890631358539	Linear	Low Density	10.110025510277557	1703.0	2616.0	1703.0
C-71174-8496-778	240	-7.333466297708033	-8.768088550072058	Very Low	Very Large	Medium E	0.18338750659524322	-1.3370533834952465	Linear	Low Density	10.439723476516761	3116.0	2616.0	3116.0
C-71174-8496-779	240	-7.334396255783698	-8.544898611912446	Very Low	Very Large	Medium E	0.15714866874746447	-1.3372229354562293	Linear	Low Density	10.5047081894031	4025.0	2616.0	4024.0
C-71174-8496-78	240	-7.334437547989636	-8.534988482487295	Very Low	Very Large	Medium E	0.15598360601578046	-1.337230463940226	Linear	Low Density	10.499583978295956	4166.0	2616.0	4165.0
C-71174-8496-781	240	-7.32889517896419	-9.865157048594178	Low	Very Large	Medium E	0.3123619696825546	-1.3362199672723176	Spherical	Low Density	10.73711848400759	702.0	2616.0	702.0
C-71174-8496-782	240	-7.321988412337957	-11.52278103889031	Medium	Very Large	Low E	0.5072369154467041	-1.334960710692724	Linear	Low Density	10.224220884134196	60.0	2616.0	60.0
C-71174-8496-784	240	-7.334640895152836	-8.486185163319291	Very Low	Very Large	Medium E	0.15024615033727556	-1.3372675386333577	Linear	Low Density	10.751566946389163	4309.0	2616.0	4308.0
C-71174-8496-785	240	-7.332565070747737	-8.9843830205429	Low	Very Large	Medium E	0.2088156938372656	-1.3368890698531513	Intermediate	Low Density	10.608354586975938	1842.0	2616.0	1842.0
C-71174-8496-786	240	-7.337330583500977	-7.840659959765437	Very Low	Very Large	Medium E	0.07435638898705811	-1.3377579284109113	Intermediate	Medium Density	10.810759156465341	5185.0	2616.0	5184.0
C-71174-8496-787	240	-7.333633195831916	-8.728033000340133	Very Low	Very Large	Medium E	0.17867846333377121	-1.3370838127209603	Linear	Low Density	10.347117675027539	3277.0	2616.0	3277.0
C-71174-8496-789	240	-7.3326761759554895	-8.957717770682432	Low	Very Large	Medium E	0.20568085194864602	-1.336909326794128	Spherical	Low Density	10.361468530242094	2074.0	2616.0	2074.0
C-71174-8496-790	240	-7.335155746607222	-8.36262081426685	Very Low	Very Large	Medium E	0.1357195773864848	-1.3373614074603406	Spherical	Low Density	10.401068688365331	4757.0	2616.0	4756.0
C-71174-8496-792	240	-7.331570112845829	-9.223172917000948	Low	Very Large	Medium E	0.23688850672710096	-1.3367076669837334	Linear	Low Density	10.56495608306271	1131.0	2616.0	1131.0
C-71174-8496-793	240	-7.333867427856825	-8.671817314361984	Very Low	Very Large	Medium E	0.17206958893267832	-1.3371265184086547	Linear	Low Density	10.595192346465023	3431.0	2616.0	3431.0
C-71174-8496-795	240	-7.332051705470669	-9.107590687039425	Low	Very Large	Medium E	0.22330033418197112	-1.3367954719892206	Spherical	Low Density	10.225783157912979	1328.0	2616.0	1328.0
C-71174-8496-796	240	-7.334082691336666	-8.620154079200121	Very Low	Very Large	Medium E	0.16599591347366116	-1.3371657657103235	Spherical	Low Density	10.451767134094734	3716.0	2616.0	3715.0
C-71174-8496-797	240	-7.333253954419165	-8.81905093940041	Very Low	Very Large	Medium E	0.18937878864382682	-1.3370146686090907	Spherical	Low Density	10.25812904625755	2694.0	2616.0	2694.0
C-71174-8496-798	240	-7.334448756401826	-8.532298463561883	Very Low	Very Large	Medium E	0.15566735981321836	-1.3372325074820972	Linear	Low Density	10.528497342987203	4199.0	2616.0	4198.0
C-71174-8496-799	240	-7.334082636466191	-8.620167248113985	Very Low	Very Large	Medium E	0.16599746164827003	-1.3371657557062204	Intermediate	Low Density	10.287875570566658	3688.0	2616.0	3687.0
C-71174-8496-8	240	-7.332781006729143	-8.932558385005704	Low	Very Large	Medium E	0.20272304369541863	-1.336928439766755	Intermediate	Low Density	10.046238189717277	2318.0	2616.0	2318.0
C-71174-8496-80	240	-7.3325087977215695	-8.997888546823292	Low	Very Large	Medium E	0.21040344155133614	-1.3368788100337174	Linear	Low Density	10.19931892475922	1523.0	2616.0	1523.0
C-71174-8496-802	240	-7.334640823868722	-8.486202271506817	Very Low	Very Large	Medium E	0.15024816162396692	-1.3372675256366844	Intermediate	Low Density	10.42042364180301	4281.0	2616.0	4280.0
C-71174-8496-803	240	-7.332766415807159	-8.936060206281748	Low	Very Large	Medium E	0.2031347276691556	-1.3369257795184064	Intermediate	Low Density	10.271114822263028	2258.0	2616.0	2258.0
C-71174-8496-804	240	-7.335669881776199	-8.239228373712102	Very Low	Very Large	Medium E	0.12121321448299087	-1.3374551456926236	Linear	Low Density	10.381715122234684	5046.0	2616.0	5045.0
C-71174-8496-806	240	-7.32383289559462	-11.08010505729107	Medium	Very Large	Low E	0.4551946800481753	-1.3352970008560663	Spherical	Low Density	10.32620473459759	273.0	2616.0	273.0
C-71174-8496-807	240	-7.333906133863776	-8.662527872693726	Very Low	Very Large	Medium E	0.17097749600215892	-1.3371335753712772	Spherical	Low Density	10.40082412090608	3462.0	2616.0	3462.0
C-71174-8496-808	240	-7.332766491324754	-8.936042082059034	Low	Very Large	Medium E	0.2031325969344724	-1.3369257932869372	Linear	Low Density	10.364604111156993	2304.0	2616.0	2304.0
C-71174-8496-809	240	-7.334780692216642	-8.45263386800566	Very Low	Very Large	Medium E	0.1463017655474814	-1.3372930267353789	Spherical	Low Density	10.281037843830813	4454.0	2616.0	4453.0
C-71174-8496-81	240	-7.328267776597255	-10.01573361665872	Low	Very Large	Medium E	0.3300641751927819	-1.3361055779203428	Linear	Low Density	10.553523176100594	532.0	2616.0	532.0
C-71174-8496-810	240	-7.332631442830024	-8.968453720793981	Low	Very Large	Medium E	0.20694300048654116	-1.3369011709542662	Spherical	Low Density	10.558751224887065	2048.0	2616.0	2048.0
C-71174-8496-812	240	-7.333745925651646	-8.700977843604624	Very Low	Very Large	Medium E	0.17549778289459858	-1.337104365864695	Linear	Low Density	10.64602341201158	3388.0	2616.0	3388.0
C-71174-8496-813	240	-7.332601512997837	-8.975636880519087	Low	Very Large	Medium E	0.20778747297851213	-1.3368957140827447	Linear	Low Density	10.696252727524273	2004.0	2616.0	2004.0
C-71174-8496-814	240	-7.326956644161692	-10.33040540119395	Low	Very Large	Low E	0.3670578766014167	-1.3358665294284	Intermediate	Low Density	10.605738475639864	430.0	2616.0	430.0
C-71174-8496-815	240	-7.323597489810564	-11.13660244546471	Medium	Very Large	Low E	0.4618366721528833	-1.3352540811660738	Intermediate	Low Density	10.292640645903251	231.0	2616.0	231.0
C-71174-8496-816	240	-7.332565055430963	-8.984386696568817	Low	Very Large	Medium E	0.2088161260012237	-1.3368890670605638	Spherical	Low Density	10.530238617650097	1790.0	2616.0	1790.0
C-71174-8496-817	240	-7.3297286441082035	-9.665125414031117	Low	Very Large	Medium E	0.28884568724165643	-1.3363719264340002	Intermediate	Low Density	10.215066603719146	852.0	2616.0	852.0
C-71174-8496-818	240	-7.333600266687564	-8.735935994984589	Very Low	Very Large	Medium E	0.1796075616466093	-1.3370778090083797	Linear	Low Density	10.320247181069014	3236.0	2616.0	3236.0
C-71174-8496-819	240	-7.335339962647044	-8.318408964709304	Very Low	Very Large	Medium E	0.13052190780938758	-1.337394994125819	Intermediate	Medium Density	10.78474865414764	4924.0	2616.0	4923.0
C-71174-8496-82	240	-7.333259764212355	-8.817656589034803	Very Low	Very Large	Medium E	0.18921486488702383	-1.3370157278631087	Intermediate	Low Density	10.184428167723828	2732.0	2616.0	2732.0
C-71174-8496-820	240	-7.332601545922614	-8.975628978572626	Low	Very Large	Medium E	0.20778654400340835	-1.336895720085661	Intermediate	Low Density	10.150867522304875	2015.0	2616.0	2015.0
C-71174-8496-821	240	-7.331336034658261	-9.279351682017376	Low	Very Large	Medium E	0.24349304059591248	-1.3366649893439946	Spherical	Low Density	10.553640117348182	1100.0	2616.0	1100.0
C-71174-8496-822	240	-7.332766351725563	-8.936075585865014	Low	Very Large	Medium E	0.20313653573626234	-1.3369257678349118	Spherical	Low Density	10.235416346399086	2179.0	2616.0	2179.0
C-71174-8496-823	240	-7.326944877339793	-10.33322943844983	Low	Very Large	Low E	0.3673898783764135	-1.3358643840760667	Spherical	Low Density	10.521862015172323	428.0	2616.0	428.0
C-71174-8496-824	240	-7.334038249743427	-8.630820061577374	Very Low	Very Large	Medium E	0.16724983640759986	-1.3371576630232456	Spherical	Low Density	10.306296578822888	3624.0	2616.0	3624.0
C-71174-8496-825	240	-7.334429668106981	-8.536879654324382	Very Low	Very Large	Medium E	0.15620593750431733	-1.3372290272630343	Linear	Low Density	10.61681441247554	4139.0	2616.0	4138.0
C-71174-8496-826	240	-7.327610570153147	-10.17346316324468	Low	Very Large	Medium E	0.3486073050076826	-1.3359857546247718	Spherical	Low Density	10.742414125740245	461.0	2616.0	461.0
C-71174-8496-827	240	-7.334464409981251	-8.528541604499734	Very Low	Very Large	Medium E	0.15522569287894178	-1.3372353614764412	Intermediate	Low Density	10.413732614479986	4206.0	2616.0	4205.0
C-71174-8496-828	240	-7.332565133049362	-8.98436806815291	Low	Very Large	Medium E	0.20881393599217143	-1.3368890812121177	Spherical	Low Density	10.355524305350523	1940.0	2616.0	1940.0
C-71174-8496-829	240	-7.334767585506173	-8.455779478518572	Very Low	Very Large	Medium E	0.1466715723804039	-1.337290637091673	Intermediate	Low Density	10.417091565346615	4395.0	2616.0	4394.0
C-71174-8496-83	240	-7.332565081417097	-8.984380459896734	Low	Very Large	Medium E	0.20881539280047234	-1.3368890717984119	Spherical	Low Density	10.597951996107655	1880.0	2616.0	1880.0
C-71174-8496-830	240	-7.334786169109788	-8.451319413650904	Very Low	Very Large	Medium E	0.1461472345907307	-1.3372940252943433	Spherical	Low Density	10.417593332311684	4473.0	2616.0	4472.0
C-71174-8496-831	240	-7.32726871499254	-10.25550840179048	Low	Very Large	Medium E	0.358252774369487	-1.3359234268549833	Spherical	Low Density	10.268457063874838	443.0	2616.0	443.0
C-71174-8496-832	240	-7.33434841381119	-8.556380685314343	Very Low	Very Large	Medium E	0.15849853364116856	-1.337214212804673	Spherical	Low Density	10.337941464600437	3862.0	2616.0	3861.0
C-71174-8496-833	240	-7.33281126451505	-8.925296516387842	Low	Very Large	Medium E	0.20186931796431004	-1.3369339564315055	Spherical	Low Density	10.28755843672692	2339.0	2616.0	2339.0
C-71174-8496-834	240	-7.332191685811049	-9.073995405348356	Low	Very Large	Medium E	0.21935077822971435	-1.3368209935066215	Spherical	Low Density	10.47904862642425	1425.0	2616.0	1425.0
C-71174-8496-835	240	-7.334640821450178	-8.486202851957145	Very Low	Very Large	Medium E	0.15024822986335823	-1.3372675251957302	Intermediate	Low Density	10.073976976152855	4279.0	2616.0	4278.0
C-71174-8496-836	240	-7.333541546763814	-8.750028776684598	Very Low	Very Large	Medium E	0.18126434876210337	-1.3370671030653043	Linear	Low Density	10.596113781007285	3177.0	2616.0	3177.0
C-71174-8496-837	240	-7.332766340119593	-8.936078371297574	Low	Very Large	Medium E	0.2031368631995752	-1.3369257657188862	Intermediate	Low Density	10.220733682269854	2175.0	2616.0	2175.0
C-71174-8496-838	240	-7.326842871259017	-10.35771089783586	Low	Very Large	Low E	0.3702679877052158	-1.3358457861075343	Linear	Low Density	10.07182654962736	407.0	2616.0	407.0
C-71174-8496-839	240	-7.333259174358632	-8.817798153928157	Very Low	Very Large	Medium E	0.18923150765466962	-1.3370156203197066	Intermediate	Low Density	10.22218162041277	2716.0	2616.0	2716.0
C-71174-8496-84	240	-7.334782663002938	-8.452160879294796	Very Low	Very Large	Medium E	0.14624615966222182	-1.3372933860533844	Intermediate	Low Density	10.373157948722724	4455.0	2616.0	4454.0
C-71174-8496-840	240	-7.332565064255221	-8.984384578746715	Low	Very Large	Medium E	0.20881587702409443	-1.3368890686694217	Intermediate	Low Density	10.446704772478567	1824.0	2616.0	1824.0
C-71174-8496-841	240	-7.3330785445953985	-8.861149297104262	Very Low	Very Large	Medium E	0.19432799016500807	-1.3369826875119064	Spherical	Low Density	10.10273475060864	2478.0	2616.0	2478.0
C-71174-8496-842	240	-7.332565051304323	-8.984387686962421	Low	Very Large	Medium E	0.2088162424346704	-1.336889066308186	Spherical	Low Density	10.654159812570583	1776.0	2616.0	1776.0
C-71174-8496-843	240	-7.334576903629875	-8.501543128830082	Very Low	Very Large	Medium E	0.15205167602550965	-1.3372558715609506	Linear	Low Density	10.548134723170548	4241.0	2616.0	4240.0
C-71174-8496-844	240	-7.332766360365157	-8.936073512362245	Low	Very Large	Medium E	0.2031362919694624	-1.336925769410101	Intermediate	Low Density	10.41706400057082	2183.0	2616.0	2183.0
C-71174-8496-845	240	-7.334245988499602	-8.580962760095353	Very Low	Very Large	Medium E	0.16138847159921832	-1.3371955384010752	Intermediate	Low Density	10.060055616289585	3812.0	2616.0	3811.0
C-71174-8496-846	240	-7.3332711906429555	-8.814914245690618	Very Low	Very Large	Medium E	0.18889246727840134	-1.3370178111545667	Intermediate	Low Density	10.24424679145632	2788.0	2616.0	2788.0
C-71174-8496-847	240	-7.332601530414127	-8.975632700609399	Low	Very Large	Medium E	0.20778698157654707	-1.3368957172581202	Spherical	Low Density	10.547652952139835	2008.0	2616.0	2008.0
C-71174-8496-848	240	-7.328895155699558	-9.865162632105948	Low	Very Large	Medium E	0.3123626260959162	-1.3362199630306597	Intermediate	Low Density	10.397376363507522	671.0	2616.0	671.0
C-71174-8496-850	240	-7.33077851169843	-9.413157192376756	Low	Very Large	Medium E	0.25922359331889105	-1.3365633405561559	Intermediate	Low Density	10.466300505132592	1027.0	2616.0	1027.0
C-71174-8496-852	240	-7.329978595795231	-9.605137009144594	Low	Very Large	Medium E	0.28179328137809934	-1.3364174981643775	Spherical	Low Density	10.48813273890624	917.0	2616.0	917.0
C-71174-8496-853	240	-7.3324081612157475	-9.02204130822056	Low	Very Large	Medium E	0.21324290821862937	-1.336860461769043	Spherical	Low Density	10.114911780111019	1495.0	2616.0	1495.0
C-71174-8496-855	240	-7.322473185428421	-11.40643549717891	Medium	Very Large	Low E	0.49355900582207124	-1.3350490955675591	Linear	Low Density	10.64205820180541	84.0	2616.0	84.0
C-71174-8496-856	240	-7.3367511979514255	-7.97971249165783	Very Low	Very Large	Medium E	0.09070379634211946	-1.3376522935885875	Spherical	Low Density	9.982409951704602	5167.0	2616.0	5166.0
C-71174-8496-857	240	-7.332564997684542	-8.984400555709994	Low	Very Large	Medium E	0.20881775532088445	-1.3368890565321119	Intermediate	Low Density	10.147127032857801	1589.0	2616.0	1589.0
C-71174-8496-859	240	-7.335492886298653	-8.28170728832344	Very Low	Very Large	Medium E	0.12620715534619248	-1.337422875495624	Linear	Low Density	10.091101237354161	4969.0	2616.0	4968.0
C-71174-8496-86	240	-7.334001879062002	-8.639549025119392	Very Low	Very Large	Medium E	0.16827603795078186	-1.337151031842207	Linear	Low Density	10.431866076090559	3553.0	2616.0	3553.0
C-71174-8496-860	240	-7.334767640276364	-8.455766333672676	Very Low	Very Large	Medium E	0.14667002703529702	-1.3372906470774923	Intermediate	Low Density	10.361383595467728	4422.0	2616.0	4421.0
C-71174-8496-861	240	-7.334784437860209	-8.451734913549705	Very Low	Very Large	Medium E	0.14619608192928218	-1.3372937096491881	Intermediate	Low Density	10.656567002391771	4465.0	2616.0	4464.0
C-71174-8496-862	240	-7.329621713477065	-9.690788765504198	Low	Very Large	Medium E	0.2918627431335428	-1.3363524306108303	Linear	Low Density	10.44587845981958	832.0	2616.0	832.0
C-71174-8496-863	240	-7.336813850126214	-7.964675969708724	Very Low	Very Large	Medium E	0.08893606046444186	-1.3376637164681486	Spherical	Low Density	10.219407484677236	5171.0	2616.0	5170.0
C-71174-8496-864	240	-7.334391073902732	-8.546142263344226	Very Low	Very Large	Medium E	0.15729487591311406	-1.3372219906845215	Spherical	Low Density	10.047755471185368	4015.0	2616.0	4014.0
C-71174-8496-865	240	-7.333282413513504	-8.812220756759	Very Low	Very Large	Medium E	0.18857581313214145	-1.3370198573325174	Linear	Low Density	10.579994566451504	2856.0	2616.0	2856.0
C-71174-8496-866	240	-7.331824173958564	-9.162198249944494	Low	Very Large	Medium E	0.22972015310457966	-1.3367539879534642	Linear	Low Density	10.409822972194117	1192.0	2616.0	1192.0
C-71174-8496-867	240	-7.337386966038211	-7.827128150829267	Very Low	Very Large	Medium E	0.07276555140992993	-1.3377682081966384	Spherical	Low Density	10.361687450906675	5188.0	2616.0	5187.0
C-71174-8496-868	240	-7.33279088838022	-8.930186788747061	Low	Very Large	Medium E	0.20244423215857468	-1.3369302414106803	Linear	Low Density	10.647734768918623	2327.0	2616.0	2327.0
C-71174-8496-869	240	-7.335013643780631	-8.396725492648283	Very Low	Very Large	Medium E	0.13972901944866373	-1.3373354989666781	Spherical	Low Density	10.198195687590752	4563.0	2616.0	4562.0
C-71174-8496-87	240	-7.329978616148438	-9.605132124374911	Low	Very Large	Medium E	0.28179270711081217	-1.336417501875218	Intermediate	Low Density	10.49138825020554	919.0	2616.0	919.0
C-71174-8496-870	240	-7.323597283333085	-11.13665200005943	Medium	Very Large	Low E	0.46184249793065096	-1.335254043520655	Linear	Low Density	10.371558982298588	154.0	2616.0	154.0
C-71174-8496-871	240	-7.326328998689127	-10.4810403146093	Low	Very Large	Low E	0.38476694135548356	-1.3357520957528828	Linear	Low Density	10.429375027039452	364.0	2616.0	364.0
C-71174-8496-872	240	-7.333916283929295	-8.660091856968984	Very Low	Very Large	Medium E	0.17069111113142144	-1.337135425953102	Linear	Low Density	10.50639473221122	3469.0	2616.0	3469.0
C-71174-8496-874	240	-7.332766431684623	-8.93605639569023	Low	Very Large	Medium E	0.203134279685307	-1.33692578241322	Linear	Low Density	10.329521379564044	2276.0	2616.0	2276.0
C-71174-8496-875	240	-7.334230218745464	-8.584747501088488	Very Low	Very Large	Medium E	0.16183341641184606	-1.3371926632255073	Linear	Low Density	10.376092143681008	3800.0	2616.0	3799.0
C-71174-8496-876	240	-7.328895120135414	-9.865171167500584	Low	Very Large	Medium E	0.31236362954095914	-1.3362199565465283	Intermediate	Low Density	10.411257179829615	631.0	2616.0	631.0
C-71174-8496-877	240	-7.333969432755113	-8.647336138772683	Very Low	Very Large	Medium E	0.1691915129678617	-1.3371451161615935	Linear	Low Density	10.492413665895732	3532.0	2616.0	3532.0
C-71174-8496-878	240	-7.338936204069212	-7.4553110233892	Very Low	Very Large	High E	0.029053682513078723	-1.3380506686140043	Intermediate	Low Density	10.257434942320872	5220.0	2616.0	5219.0
C-71174-8496-88	240	-7.332564996779606	-8.984400772894483	Low	Very Large	Medium E	0.20881778085371355	-1.336889056367122	Intermediate	Low Density	9.97311053615216	1586.0	2616.0	1586.0
C-71174-8496-880	240	-7.335166472413801	-8.360046620687754	Very Low	Very Large	Medium E	0.13541694793793768	-1.3373633630125166	Linear	Low Density	10.296962823087785	4775.0	2616.0	4774.0
C-71174-8496-881	240	-7.324645936315581	-10.88497528426055	Medium	Very Large	Low E	0.4322546742574076	-1.335445236192911	Linear	Low Density	10.111240844848659	316.0	2616.0	316.0
C-71174-8496-882	240	-7.335113847680826	-8.372676556601744	Very Low	Very Large	Medium E	0.13690175878204158	-1.3373537683577623	Linear	Low Density	10.646419960688926	4676.0	2616.0	4675.0
C-71174-8496-883	240	-7.334767589977574	-8.455778405382347	Very Low	Very Large	Medium E	0.14667144621948378	-1.3372906379069085	Linear	Low Density	10.293016093885353	4396.0	2616.0	4395.0
C-71174-8496-884	240	-7.323597404226082	-11.13662298574006	Medium	Very Large	Low E	0.46183908692554565	-1.3352540655621268	Spherical	Low Density	10.57771237533822	180.0	2616.0	180.0
C-71174-8496-885	240	-7.328895156477982	-9.865162445284446	Low	Very Large	Medium E	0.31236260413263656	-1.3362199631725835	Linear	Low Density	10.666933286200237	673.0	2616.0	673.0
C-71174-8496-886	240	-7.333253947118757	-8.819052691498452	Very Low	Very Large	Medium E	0.18937899462540173	-1.3370146672780645	Spherical	Low Density	10.494916484513896	2684.0	2616.0	2684.0
C-71174-8496-887	240	-7.333322057568378	-8.80270618358922	Very Low	Very Large	Medium E	0.18745725310809425	-1.3370270853220592	Intermediate	Low Density	10.069711883447361	2964.0	2616.0	2964.0
C-71174-8496-888	240	-7.331978882457653	-9.125068210163144	Low	Very Large	Medium E	0.22535504103394763	-1.3367821947405094	Intermediate	Low Density	10.121069928885408	1302.0	2616.0	1302.0
C-71174-8496-889	240	-7.334431776271285	-8.536373694891594	Very Low	Very Large	Medium E	0.15614645548812178	-1.3372294116280945	Intermediate	Low Density	10.274235423368001	4140.0	2616.0	4139.0
C-71174-8496-89	240	-7.332565027943929	-8.984393293457051	Low	Very Large	Medium E	0.20881690154997848	-1.3368890620490685	Spherical	Low Density	10.680171246081185	1679.0	2616.0	1679.0
C-71174-8496-890	240	-7.331954270788297	-9.130975010808728	Low	Very Large	Medium E	0.2260494611570586	-1.3367777074878993	Linear	Low Density	10.371758504706092	1284.0	2616.0	1284.0
C-71174-8496-891	240	-7.328922901729336	-9.858503584959305	Low	Very Large	Medium E	0.31157976975506796	-1.3362250217466183	Linear	Low Density	10.261343558834728	764.0	2616.0	764.0
C-71174-8496-892	240	-7.323832838010804	-11.08011887740687	Medium	Very Large	Low E	0.45519630477992246	-1.3352969903572607	Intermediate	Low Density	10.289094315504537	263.0	2616.0	263.0
C-71174-8496-893	240	-7.332565052745567	-8.98438734106389	Low	Very Large	Medium E	0.20881620176987348	-1.3368890665709567	Linear	Low Density	10.75461393913208	1780.0	2616.0	1780.0
C-71174-8496-895	240	-7.333784475118022	-8.691725971674604	Very Low	Very Large	Medium E	0.17441010676831578	-1.3371113942865023	Intermediate	Low Density	10.529668124886376	3400.0	2616.0	3400.0
C-71174-8496-896	240	-7.32840905494674	-9.98182681278231	Low	Very Large	Medium E	0.3260779958148716	-1.336131336093562	Intermediate	Low Density	10.342214752622557	546.0	2616.0	546.0
C-71174-8496-897	240	-7.334416924324161	-8.539938162201313	Very Low	Very Large	Medium E	0.15656550430602	-1.33722670378908	Intermediate	Low Density	10.21013933089017	4103.0	2616.0	4102.0
C-71174-8496-898	240	-7.33256509539037	-8.984377106311165	Low	Very Large	Medium E	0.2088149985435059	-1.336889074346049	Intermediate	Medium Density	10.840188617160482	1905.0	2616.0	1905.0
C-71174-8496-9	240	-7.329455306739034	-9.730726382631715	Low	Very Large	Medium E	0.29655792190584523	-1.3363220909756444	Intermediate	Low Density	10.364109256728609	821.0	2616.0	821.0
C-71174-8496-90	240	-7.328895109650818	-9.86517368380359	Low	Very Large	Medium E	0.3123639253646163	-1.3362199546349542	Spherical	Low Density	10.296264516928067	626.0	2616.0	626.0
C-71174-8496-900	240	-7.332492621744617	-9.00177078129184	Low	Very Large	Medium E	0.21085984797157675	-1.3368758607947304	Spherical	Low Density	10.14254241568068	1518.0	2616.0	1518.0
C-71174-8496-901	240	-7.332766401307055	-8.936063686306564	Low	Very Large	Medium E	0.20313513679069944	-1.3369257768747163	Intermediate	Low Density	10.1762488697216	2239.0	2616.0	2239.0
C-71174-8496-902	240	-7.333372901167362	-8.790503719833064	Very Low	Very Large	Medium E	0.18602269709505062	-1.337036355236625	Spherical	Low Density	10.200097984103953	3027.0	2616.0	3027.0
C-71174-8496-903	240	-7.335224322705974	-8.346162550566007	Very Low	Very Large	Medium E	0.1337846975435291	-1.3373739104024884	Spherical	Low Density	10.508833412252052	4832.0	2616.0	4831.0
C-71174-8496-904	240	-7.326825793953247	-10.36180945122057	Low	Very Large	Low E	0.37074982518661576	-1.3358426725363342	Intermediate	Low Density	10.770108045566207	393.0	2616.0	393.0
C-71174-8496-905	240	-7.333251423974835	-8.819658246039435	Very Low	Very Large	Medium E	0.18945018532308086	-1.337014207253026	Intermediate	Low Density	10.416045637652111	2598.0	2616.0	2598.0
C-71174-8496-907	240	-7.331257070036128	-9.298303191329312	Low	Very Large	Medium E	0.24572103341630638	-1.3366505923438705	Spherical	Low Density	10.110066614497155	1061.0	2616.0	1061.0
C-71174-8496-908	240	-7.328087147458641	-10.05908460992612	Low	Very Large	Medium E	0.3351606400794346	-1.3360726452264244	Intermediate	Low Density	10.027313004736563	515.0	2616.0	515.0
C-71174-8496-909	240	-7.332242078411169	-9.061901181319366	Low	Very Large	Medium E	0.2179289471839023	-1.3368301811941024	Linear	Low Density	10.172433501643736	1446.0	2616.0	1446.0
C-71174-8496-91	240	-7.3293643115726415	-9.752565222565991	Low	Very Large	Medium E	0.2991253574476961	-1.3363055005407576	Spherical	Low Density	10.233419834137017	818.0	2616.0	818.0
C-71174-8496-911	240	-7.33256506228843	-8.98438505077671	Low	Very Large	Medium E	0.20881593251725702	-1.336889068310832	Linear	Low Density	10.244274774058315	1815.0	2616.0	1815.0
C-71174-8496-912	240	-7.332565077344086	-8.984381437419502	Low	Very Large	Medium E	0.20881550772079494	-1.3368890710558117	Spherical	Low Density	10.453034195468451	1865.0	2616.0	1865.0
C-71174-8496-913	240	-7.3318430083917985	-9.157677985968238	Low	Very Large	Medium E	0.22918873813811713	-1.3367574218879312	Spherical	Low Density	10.35693898598412	1223.0	2616.0	1223.0
C-71174-8496-914	240	-7.323597425968884	-11.13661776746793	Medium	Very Large	Low E	0.4618384734507519	-1.335254069526321	Spherical	Low Density	9.9699096328898	189.0	2616.0	189.0
C-71174-8496-915	240	-7.330182714687539	-9.556148474990556	Low	Very Large	Medium E	0.27603405130407604	-1.336454713560824	Linear	Low Density	10.541748782844678	986.0	2616.0	986.0
C-71174-8496-916	240	-7.333859358360223	-8.67375399354662	Very Low	Very Large	Medium E	0.17229727039317239	-1.3371250471606395	Intermediate	Low Density	9.981164929350907	3428.0	2616.0	3428.0
C-71174-8496-917	240	-7.332565026318443	-8.984393683573735	Low	Very Large	Medium E	0.2088169474131762	-1.3368890617527065	Intermediate	Low Density	10.400016709360868	1674.0	2616.0	1674.0
C-71174-8496-919	240	-7.334698532578973	-8.472352181046189	Very Low	Very Large	Medium E	0.1486199059742631	-1.337278047213135	Linear	Low Density	10.041582136485495	4343.0	2616.0	4342.0
C-71174-8496-920	240	-7.322473169836862	-11.406439239153	Medium	Very Large	Low E	0.4935594457390738	-1.3350490927248726	Linear	Low Density	10.650339661649614	79.0	2616.0	79.0
C-71174-8496-921	240	-7.329728702571676	-9.665111382797598	Low	Very Large	Medium E	0.2888440376903385	-1.3363719370931866	Intermediate	Low Density	10.199375619135141	863.0	2616.0	863.0
C-71174-8496-922	240	-7.333253906975163	-8.819062325960699	Very Low	Very Large	Medium E	0.18938012727994152	-1.337014659958998	Intermediate	Low Density	10.494319617303226	2659.0	2616.0	2659.0
C-71174-8496-923	240	-7.333273246712542	-8.814420788989786	Very Low	Very Large	Medium E	0.1888344551186084	-1.337018186021606	Linear	Low Density	10.652337387992551	2829.0	2616.0	2829.0
C-71174-8496-924	240	-7.331257138707031	-9.298286710312471	Low	Very Large	Medium E	0.24571909586156165	-1.3366506048640974	Intermediate	Low Density	10.27961974949559	1079.0	2616.0	1079.0
C-71174-8496-925	240	-7.333049230780733	-8.86818461262389	Very Low	Very Large	Medium E	0.19515508167572554	-1.3369773429540275	Spherical	Low Density	10.108397411629435	2457.0	2616.0	2457.0
C-71174-8496-926	240	-7.33184481146415	-9.157245248603887	Low	Very Large	Medium E	0.22913786431454752	-1.336757750627969	Spherical	Low Density	10.519197172872664	1226.0	2616.0	1226.0
C-71174-8496-927	240	-7.332565029182061	-8.98439299630533	Low	Very Large	Medium E	0.20881686661598248	-1.3368890622748075	Spherical	Low Density	10.672172513029652	1683.0	2616.0	1683.0
C-71174-8496-93	240	-7.332648347886066	-8.964396507344267	Low	Very Large	Medium E	0.2064660230443523	-1.3369042531205242	Intermediate	Low Density	10.348405951207212	2060.0	2616.0	2060.0
C-71174-8496-930	240	-7.334622813995908	-8.490524640981965	Very Low	Very Large	Medium E	0.15075631155543054	-1.3372642420378507	Spherical	Low Density	10.34742228581312	4257.0	2616.0	4256.0
C-71174-8496-931	240	-7.333656925242898	-8.72233794170431	Very Low	Very Large	Medium E	0.17800893619779457	-1.3370881391183218	Spherical	Low Density	10.207527588497072	3333.0	2616.0	3333.0
C-71174-8496-932	240	-7.335810915899549	-8.205380184107996	Very Low	Very Large	Medium E	0.11723392596406704	-1.3374808593380074	Linear	Low Density	10.121159829552935	5065.0	2616.0	5064.0
C-71174-8496-933	240	-7.334094225749109	-8.61738582021367	Very Low	Very Large	Medium E	0.16567046914914854	-1.3371678686892638	Linear	Low Density	10.341175864449003	3764.0	2616.0	3763.0
C-71174-8496-934	240	-7.3325650811328815	-8.984380528108536	Low	Very Large	Medium E	0.20881540081962915	-1.336889071746593	Intermediate	Low Density	9.93145157579004	1878.0	2616.0	1878.0
C-71174-8496-935	240	-7.330025970979195	-9.593766964993216	Low	Very Large	Medium E	0.2804565869586682	-1.3364261357100404	Intermediate	Low Density	10.27836490995917	932.0	2616.0	932.0
C-71174-8496-936	240	-7.333372896118586	-8.790504931539248	Very Low	Very Large	Medium E	0.1860228395466388	-1.3370363543161212	Intermediate	Low Density	10.405517396739993	3016.0	2616.0	3016.0
C-71174-8496-937	240	-7.332442163574421	-9.013880742139028	Low	Very Large	Medium E	0.2122835290820596	-1.336866661152372	Intermediate	Low Density	10.698945910635588	1501.0	2616.0	1501.0
C-71174-8496-938	240	-7.333872742401311	-8.670541823685259	Very Low	Very Large	Medium E	0.17191963865574036	-1.3371274873678614	Spherical	Low Density	10.386656120165494	3436.0	2616.0	3436.0
C-71174-8496-939	240	-7.332574911895624	-8.98202114505018	Low	Very Large	Medium E	0.2085380251010124	-1.3368908641124475	Intermediate	Low Density	10.403253240887784	1955.0	2616.0	1955.0
C-71174-8496-94	240	-7.335503265174208	-8.279216358190158	Very Low	Very Large	Medium E	0.12591431458286384	-1.337424767794588	Linear	Low Density	10.118874652506722	4979.0	2616.0	4978.0
C-71174-8496-940	240	-7.335503285490142	-8.279211482365945	Very Low	Very Large	Medium E	0.12591374136724554	-1.337424771498633	Spherical	Low Density	10.226194086356687	4988.0	2616.0	4987.0
C-71174-8496-942	240	-7.329248591904108	-9.780337943014	Low	Very Large	Medium E	0.30239039669829204	-1.3362844022813438	Linear	Low Density	10.59686136534301	813.0	2616.0	813.0
C-71174-8496-943	240	-7.333253943180442	-8.819053636693774	Very Low	Very Large	Medium E	0.18937910574524672	-1.3370146665600227	Spherical	Low Density	10.28981818693309	2682.0	2616.0	2682.0
C-71174-8496-944	240	-7.335503239823009	-8.279222442477998	Very Low	Very Large	Medium E	0.12591502986888234	-1.337424763172503	Linear	Low Density	10.180851948519042	4971.0	2616.0	4970.0
C-71174-8496-945	240	-7.333138279191719	-8.846812993987289	Very Low	Very Large	Medium E	0.1926425739857652	-1.336993578452272	Spherical	Low Density	9.99920183165468	2527.0	2616.0	2527.0
C-71174-8496-946	240	-7.332847697769226	-8.916552535385831	Low	Very Large	Medium E	0.20084135092623676	-1.3369405990209426	Linear	Low Density	10.134428095738045	2365.0	2616.0	2365.0
C-71174-8496-947	240	-7.335040745212008	-8.390221149118041	Very Low	Very Large	Medium E	0.13896435050071904	-1.3373404401580669	Linear	Low Density	10.161601900805817	4583.0	2616.0	4582.0
C-71174-8496-948	240	-7.333826663083729	-8.681600859904943	Very Low	Very Large	Medium E	0.17321977010659476	-1.337119086087351	Linear	Low Density	10.3146203869858	3415.0	2616.0	3415.0
C-71174-8496-949	240	-7.335111852383772	-8.373155427894856	Very Low	Very Large	Medium E	0.13695805624019897	-1.3373534045709023	Spherical	Low Density	10.242379037548305	4673.0	2616.0	4672.0
C-71174-8496-951	240	-7.332804008476422	-8.927037965658547	Low	Very Large	Medium E	0.20207404764619077	-1.3369326334949017	Spherical	Low Density	10.057557504239552	2334.0	2616.0	2334.0
C-71174-8496-952	240	-7.335503264455216	-8.279216530748041	Very Low	Very Large	Medium E	0.12591433486927717	-1.3374247676635	Intermediate	Low Density	10.632872383927158	4978.0	2616.0	4977.0
C-71174-8496-953	240	-7.332601474804264	-8.975646046976538	Low	Very Large	Medium E	0.20778855061307266	-1.33689570711921	Spherical	Low Density	10.406197050693876	1986.0	2616.0	1986.0
C-71174-8496-955	240	-7.334767607618755	-8.45577417149899	Very Low	Very Large	Medium E	0.146670948472221	-1.3372906411232868	Intermediate	Low Density	10.502539650616288	4402.0	2616.0	4401.0
C-71174-8496-957	240	-7.332613958281212	-8.972650012509197	Low	Very Large	Medium E	0.20743632836134931	-1.3368979831336367	Intermediate	Low Density	10.244381147945663	2026.0	2616.0	2026.0
C-71174-8496-958	240	-7.327610554179279	-10.17346699697287	Low	Very Large	Medium E	0.348607755711571	-1.3359857517123819	Spherical	Low Density	10.061622758616469	458.0	2616.0	458.0
C-71174-8496-959	240	-7.332565066192385	-8.984384113827733	Low	Very Large	Medium E	0.20881582236688404	-1.3368890690226094	Linear	Low Density	10.462342723927966	1828.0	2616.0	1828.0
C-71174-8496-96	240	-7.334071315487701	-8.622884282951697	Very Low	Very Large	Medium E	0.16631688391758265	-1.3371636916410183	Intermediate	Medium Density	10.887934714830408	3664.0	2616.0	3663.0
C-71174-8496-961	240	-7.335050079743016	-8.38798086167616	Very Low	Very Large	Medium E	0.13870097599824896	-1.3373421420498819	Spherical	Low Density	10.420379965117863	4597.0	2616.0	4596.0
C-71174-8496-962	240	-7.332128577562241	-9.089141385062268	Low	Very Large	Medium E	0.22113138227054446	-1.336809487474662	Spherical	Low Density	10.128874334507895	1360.0	2616.0	1360.0
C-71174-8496-97	240	-7.331941890099826	-9.13394637604162	Low	Very Large	Medium E	0.2263987832240761	-1.3367754502140894	Spherical	Low Density	10.209848535058123	1278.0	2616.0	1278.0
C-71174-8496-98	240	-7.33388912939094	-8.666608946174392	Very Low	Very Large	Medium E	0.1714572784967757	-1.3371304750791346	Spherical	Low Density	10.233671737045933	3450.0	2616.0	3450.0
C-71174-8496-99	240	-7.333900799560959	-8.663808105369728	Very Low	Very Large	Medium E	0.17112800376193332	-1.3371326028096888	Linear	Low Density	10.39055344419931	3459.0	2616.0	3459.0
C-97510-5923-10	240	-7.332132818413269	-9.088123580815385	Low	Very Large	Medium E	0.2210117263361674	-1.3368102606757633	Spherical	Low Density	10.620228086611357	1374.0	2616.0	1374.0
C-97510-5923-100	240	-7.323047133804152	-11.26868788700334	Medium	Very Large	Low E	0.4773650087399671	-1.3351537390726316	Intermediate	Low Density	10.21470143122531	141.0	2616.0	141.0
C-97510-5923-1000	240	-7.328813132878266	-9.884848109216204	Low	Very Large	Medium E	0.3146769062382411	-1.3362050084530723	Spherical	Low Density	10.51674040239991	602.0	2616.0	602.0
C-97510-5923-1001	240	-7.331983404740674	-9.123982862238108	Low	Very Large	Medium E	0.2252274444744968	-1.336783019252898	Intermediate	Low Density	9.86438588446044	1304.0	2616.0	1304.0
C-97510-5923-1002	240	-7.33256498621831	-8.984403307605552	Low	Very Large	Medium E	0.20881807884147902	-1.336889054441564	Intermediate	Low Density	10.202713600836118	1571.0	2616.0	1571.0
C-97510-5923-1003	240	-7.333403508458269	-8.783157970015537	Very Low	Very Large	Medium E	0.18515911005377833	-1.3370419356238805	Intermediate	Low Density	10.458621022729266	3089.0	2616.0	3089.0
C-97510-5923-1004	240	-7.335427075467636	-8.297501887767277	Very Low	Very Large	Medium E	0.12806401294962907	-1.3374108767230506	Linear	Low Density	10.465630074476106	4947.0	2616.0	4946.0
C-97510-5923-1005	240	-7.333132178305414	-8.848277206700695	Very Low	Very Large	Medium E	0.19281471095695013	-1.3369924661255297	Linear	Low Density	10.3486512460427	2513.0	2616.0	2513.0
C-97510-5923-1006	240	-7.332565071211779	-8.984382909172748	Low	Very Large	Medium E	0.20881568074428136	-1.3368890699377562	Spherical	Low Density	10.381453930127622	1845.0	2616.0	1845.0
C-97510-5923-1007	240	-7.332766396994343	-8.936064721357804	Low	Very Large	Medium E	0.20313525847419564	-1.3369257760884132	Spherical	Low Density	10.085594352810991	2228.0	2616.0	2228.0
C-97510-5923-1008	240	-7.330527926727025	-9.473297585514045	Low	Very Large	Medium E	0.2662938673493431	-1.3365176533640057	Linear	Low Density	10.286695271067138	1007.0	2616.0	1007.0
C-97510-5923-101	240	-7.332649857014029	-8.964034316633267	Low	Very Large	Medium E	0.2064234428840742	-1.3369045282679877	Spherical	Low Density	10.493140800795754	2062.0	2616.0	2062.0
C-97510-5923-1012	240	-7.333276820605251	-8.813563054739747	Very Low	Very Large	Medium E	0.18873361746395745	-1.3370188376214285	Intermediate	Low Density	9.924277588399098	2834.0	2616.0	2834.0
C-97510-5923-1013	240	-7.332785886561513	-8.9313872252366	Low	Very Large	Medium E	0.20258535885387988	-1.3369293294683118	Intermediate	Low Density	10.317009795782484	2323.0	2616.0	2323.0
C-97510-5923-1014	240	-7.334381418087386	-8.548459659027177	Very Low	Very Large	Medium E	0.1575673154776407	-1.3372202302154532	Linear	Low Density	10.159882723680989	3961.0	2616.0	3960.0
C-97510-5923-1015	240	-7.33510667590813	-8.374397782048861	Very Low	Very Large	Medium E	0.1371041108942154	-1.3373524607847047	Spherical	Low Density	10.464909343006672	4645.0	2616.0	4644.0
C-97510-5923-1017	240	-7.332601535739661	-8.975631422481252	Low	Very Large	Medium E	0.20778683131620604	-1.336895718229083	Spherical	Low Density	10.247888790416212	2010.0	2616.0	2010.0
C-97510-5923-1018	240	-7.316416812727516	-12.85996494539616	High	Very Large	Low E	0.6644400222927177	-1.3339448846415494	Intermediate	Low Density	10.25927975380119	17.0	2616.0	17.0
C-97510-5923-102	240	-7.322473339473743	-11.40639852630161	Medium	Very Large	Low E	0.49355465942158483	-1.3350491236534343	Intermediate	Low Density	10.765674782769066	128.0	2616.0	128.0
C-97510-5923-1020	240	-7.334383998316692	-8.54784040399377	Very Low	Very Large	Medium E	0.15749451411147256	-1.3372207006484225	Linear	Low Density	9.898728732603583	3972.0	2616.0	3971.0
C-97510-5923-1021	240	-7.333321920502704	-8.802739079350975	Very Low	Very Large	Medium E	0.18746112042652321	-1.33702706033195	Intermediate	Low Density	10.04889528338751	2938.0	2616.0	2938.0
C-97510-5923-1022	240	-7.332990860130002	-8.882193568799192	Very Low	Very Large	Medium E	0.19680201402643288	-1.3369667006911616	Linear	Low Density	10.41698206106669	2433.0	2616.0	2433.0
C-97510-5923-1023	240	-7.328662510652839	-9.920997443318658	Low	Very Large	Medium E	0.3189267237866622	-1.3361775466842496	Linear	Low Density	10.578855020096592	576.0	2616.0	576.0
C-97510-5923-1024	240	-7.331790738855977	-9.170222674565386	Low	Very Large	Medium E	0.23066352706751572	-1.3367478919934874	Intermediate	Low Density	10.251292984371794	1173.0	2616.0	1173.0
C-97510-5923-1025	240	-7.334296721600114	-8.568786815972432	Very Low	Very Large	Medium E	0.1599570333089596	-1.3372047881693212	Spherical	Low Density	10.308725307350771	3823.0	2616.0	3822.0
C-97510-5923-1026	240	-7.334381386530995	-8.548467232561048	Very Low	Very Large	Medium E	0.15756820584359607	-1.3372202244620242	Intermediate	Low Density	10.24951830880565	3958.0	2616.0	3957.0
C-97510-5923-1027	240	-7.333800675256814	-8.687837938364622	Very Low	Very Large	Medium E	0.1739530186199317	-1.3371143479307281	Linear	Low Density	10.285557603460706	3405.0	2616.0	3405.0
C-97510-5923-1028	240	-7.328975969229736	-9.845767384863072	Low	Very Large	Medium E	0.31008246619437485	-1.3362346971276842	Intermediate	Low Density	10.216669780925326	799.0	2616.0	799.0
C-97510-5923-1029	240	-7.331831013008375	-9.160556877989924	Low	Very Large	Medium E	0.22952718879391104	-1.3367552348637681	Spherical	Low Density	10.016045317754163	1200.0	2616.0	1200.0
C-97510-5923-103	240	-7.332565034679066	-8.984391677024169	Low	Very Large	Medium E	0.20881671151757872	-1.3368890632770332	Spherical	Low Density	10.203234972462566	1708.0	2616.0	1708.0
C-97510-5923-1031	240	-7.326016407987469	-10.55606208300732	Low	Very Large	Low E	0.3935867117818759	-1.3356951035423326	Spherical	Low Density	10.566602198785722	349.0	2616.0	349.0
C-97510-5923-1032	240	-7.3340826484398045	-8.62016437444679	Very Low	Very Large	Medium E	0.1659971238118624	-1.3371657578892753	Intermediate	Low Density	10.033788152988055	3691.0	2616.0	3690.0
C-97510-5923-1033	240	-7.332565079658811	-8.984380881885244	Low	Very Large	Medium E	0.20881544241064448	-1.3368890714778374	Spherical	Low Density	9.975805612562858	1873.0	2616.0	1873.0
C-97510-5923-1034	240	-7.332840018137811	-8.918395646925369	Low	Very Large	Medium E	0.20105803231079017	-1.336939198853989	Linear	Low Density	9.671987268633824	2361.0	2616.0	2361.0
C-97510-5923-1035	240	-7.335175342589554	-8.35791777850673	Very Low	Very Large	Medium E	0.13516667525430273	-1.3373649802420806	Intermediate	Low Density	10.583805787443747	4783.0	2616.0	4782.0
C-97510-5923-1038	240	-7.335312460977832	-8.325009365320243	Very Low	Very Large	Medium E	0.13129786949828978	-1.3373899799622053	Intermediate	Low Density	10.274262409149943	4913.0	2616.0	4912.0
C-97510-5923-1039	240	-7.332565135415662	-8.98436750024124	Low	Very Large	Medium E	0.20881386922686074	-1.3368890816435466	Intermediate	Medium Density	10.812344641425337	1942.0	2616.0	1942.0
C-97510-5923-104	240	-7.333253775529388	-8.819093872946674	Very Low	Very Large	Medium E	0.1893838360324867	-1.337014635993521	Spherical	Low Density	10.206479350136657	2649.0	2616.0	2649.0
C-97510-5923-1040	240	-7.334467905594822	-8.527702657242633	Very Low	Very Large	Medium E	0.15512706387611971	-1.3372359988042426	Spherical	Low Density	10.451231971659954	4208.0	2616.0	4207.0
C-97510-5923-1041	240	-7.332565050119659	-8.984387971281738	Low	Very Large	Medium E	0.20881627586005308	-1.3368890660921955	Linear	Low Density	9.91750988233741	1773.0	2616.0	1773.0
C-97510-5923-1042	240	-7.330173887046909	-9.558267108741742	Low	Very Large	Medium E	0.2762831238559805	-1.3364531040863554	Linear	Low Density	10.503009890498578	968.0	2616.0	968.0
C-97510-5923-1043	240	-7.331773006568145	-9.174478423645052	Low	Very Large	Medium E	0.23116384491760542	-1.336744659004546	Intermediate	Low Density	10.717487296510466	1162.0	2616.0	1162.0
C-97510-5923-1046	240	-7.331976110583791	-9.12573345989011	Low	Very Large	Medium E	0.22543324966582318	-1.3367816893664917	Linear	Low Density	10.433753656001523	1300.0	2616.0	1300.0
C-97510-5923-1047	240	-7.333321846111728	-8.802756933185298	Very Low	Very Large	Medium E	0.18746321937357135	-1.337027046768827	Intermediate	Medium Density	10.786441134746664	2899.0	2616.0	2899.0
C-97510-5923-1048	240	-7.334793668472384	-8.4495195666278	Very Low	Very Large	Medium E	0.1459356395046056	-1.3372953925942974	Spherical	Low Density	10.163699162427426	4487.0	2616.0	4486.0
C-97510-5923-1049	240	-7.3325651499696285	-8.984364007289	Low	Very Large	Medium E	0.20881345858557693	-1.336889084297057	Spherical	Medium Density	10.808201966885589	1947.0	2616.0	1947.0
C-97510-5923-105	240	-7.334872756826696	-8.43053836159278	Very Low	Very Large	Medium E	0.14370415557133895	-1.3373098121535394	Intermediate	Low Density	10.321635552776598	4518.0	2616.0	4517.0
C-97510-5923-1050	240	-7.334082660043463	-8.620161589568793	Very Low	Very Large	Medium E	0.16599679641375573	-1.3371657600048794	Spherical	Medium Density	10.811300646826249	3699.0	2616.0	3698.0
C-97510-5923-1051	240	-7.333978364433818	-8.645192535883524	Very Low	Very Large	Medium E	0.16893950497375565	-1.3371467446045082	Intermediate	Low Density	10.399626817202119	3535.0	2616.0	3535.0
C-97510-5923-1053	240	-7.334352062465292	-8.555505008329781	Very Low	Very Large	Medium E	0.1583955865881373	-1.3372148780351538	Linear	Low Density	9.975232679676068	3872.0	2616.0	3871.0
C-97510-5923-1054	240	-7.331452945351416	-9.25129311566013	Low	Very Large	Medium E	0.24019439649500324	-1.3366863047535846	Intermediate	Low Density	10.248428735017287	1119.0	2616.0	1119.0
C-97510-5923-1055	240	-7.326716825028825	-10.387961993082	Low	Very Large	Low E	0.3738243916785509	-1.335822805087139	Intermediate	Low Density	10.52347570888209	379.0	2616.0	379.0
C-97510-5923-1056	240	-7.334082693400512	-8.620153583876956	Very Low	Very Large	Medium E	0.16599585524208973	-1.3371657660866083	Spherical	Low Density	10.334894357173692	3717.0	2616.0	3716.0
C-97510-5923-1057	240	-7.327957209794095	-10.0902696494171	Low	Very Large	Medium E	0.338826841169102	-1.3360489547113295	Linear	Low Density	10.323953392040705	508.0	2616.0	508.0
C-97510-5923-1059	240	-7.335128865064403	-8.369072384543088	Very Low	Very Large	Medium E	0.1364780421620125	-1.3373565063595076	Intermediate	Low Density	10.2239839518512	4721.0	2616.0	4720.0
C-97510-5923-106	240	-7.331168236085062	-9.31962333958515	Low	Very Large	Medium E	0.24822749010333353	-1.3366343959464206	Intermediate	Low Density	10.64090579250859	1045.0	2616.0	1045.0
C-97510-5923-1062	240	-7.3347997380174705	-8.448062875807002	Very Low	Very Large	Medium E	0.14576438682826	-1.3372964992068412	Spherical	Low Density	10.197931779359484	4497.0	2616.0	4496.0
C-97510-5923-1063	240	-7.331404519040791	-9.26291543021009	Low	Very Large	Medium E	0.24156074853314233	-1.3366774755642432	Intermediate	Medium Density	10.966062464017536	1104.0	2616.0	1104.0
C-97510-5923-1064	240	-7.334392372523186	-8.545830594435348	Very Low	Very Large	Medium E	0.1572582352382216	-1.337222227451802	Spherical	Low Density	10.469853065334997	4019.0	2616.0	4018.0
C-97510-5923-1067	240	-7.334082623380827	-8.620170388601219	Very Low	Very Large	Medium E	0.16599783085280798	-1.3371657533204686	Spherical	Low Density	10.437612946238373	3683.0	2616.0	3682.0
C-97510-5923-1069	240	-7.33441217243207	-8.541078616303055	Very Low	Very Large	Medium E	0.15669957930285944	-1.3372258374138706	Linear	Low Density	10.189108369553818	4092.0	2616.0	4091.0
C-97510-5923-107	240	-7.332568386172276	-8.983587318653763	Low	Very Large	Medium E	0.208722148881705	-1.3368896743284997	Intermediate	Low Density	10.32292895917342	1950.0	2616.0	1950.0
C-97510-5923-1070	240	-7.335830524899799	-8.200674024048364	Very Low	Very Large	Medium E	0.11668065653032988	-1.3374844344932024	Spherical	Low Density	10.650043817791708	5071.0	2616.0	5070.0
C-97510-5923-1071	240	-7.336473765889708	-8.046296186470112	Very Low	Very Large	Medium E	0.09853156306802903	-1.3376017115770595	Intermediate	Low Density	10.551582426257355	5116.0	2616.0	5115.0
C-97510-5923-1072	240	-7.3336251275086495	-8.729969397924206	Very Low	Very Large	Medium E	0.1789061116884981	-1.3370823416868702	Spherical	Low Density	10.28399241540668	3258.0	2616.0	3258.0
C-97510-5923-1073	240	-7.330704235497629	-9.430983480569065	Low	Very Large	Medium E	0.2613193019747479	-1.3365497983591155	Linear	Low Density	10.345556053235564	1012.0	2616.0	1012.0
C-97510-5923-1074	240	-7.336059303721199	-8.145767106912208	Very Low	Very Large	Medium E	0.11022564468107991	-1.337526145941078	Linear	Low Density	10.458273700058635	5083.0	2616.0	5082.0
C-97510-5923-1075	240	-7.332072564083615	-9.102584619932184	Low	Very Large	Medium E	0.22271180683098243	-1.3367992749764959	Spherical	Low Density	10.435924579031697	1341.0	2616.0	1341.0
C-97510-5923-1076	240	-7.332565011705087	-8.98439719077905	Low	Very Large	Medium E	0.20881735973012341	-1.336889059088368	Spherical	Low Density	10.17553472555772	1626.0	2616.0	1626.0
C-97510-5923-1077	240	-7.334696149097841	-8.47292421651802	Very Low	Very Large	Medium E	0.14868715607572944	-1.337277612651717	Spherical	Low Density	10.444294277076985	4342.0	2616.0	4341.0
C-97510-5923-1078	240	-7.330261239599364	-9.53730249615282	Low	Very Large	Medium E	0.2738184649434762	-1.336469030392017	Spherical	Low Density	10.347568596813478	991.0	2616.0	991.0
C-97510-5923-1079	240	-7.334365796671318	-8.552208798883589	Very Low	Very Large	Medium E	0.15800807492031899	-1.3372173820852022	Spherical	Low Density	9.8672572797105	3904.0	2616.0	3903.0
C-97510-5923-1080	240	-7.334640863402819	-8.486192783323624	Very Low	Very Large	Medium E	0.1502470461664159	-1.3372675328446262	Spherical	Low Density	10.654327175907541	4297.0	2616.0	4296.0
C-97510-5923-1081	240	-7.332411145603108	-9.021325055254064	Low	Very Large	Medium E	0.21315870350223165	-1.3368610058889796	Spherical	Low Density	10.756553827149371	1496.0	2616.0	1496.0
C-97510-5923-1082	240	-7.3343885447083315	-8.546749270000426	Very Low	Very Large	Medium E	0.1573662373255249	-1.3372215295563463	Intermediate	Low Density	10.156711752636749	4000.0	2616.0	3999.0
C-97510-5923-1083	240	-7.331262777784436	-9.296933331735367	Low	Very Large	Medium E	0.24555998886360825	-1.3366516329928455	Intermediate	Low Density	10.48099992371195	1096.0	2616.0	1096.0
C-97510-5923-1084	240	-7.328319268765751	-10.00337549621987	Low	Very Large	Medium E	0.3286113197416234	-1.3361149660834999	Spherical	Low Density	10.399162622201805	536.0	2616.0	536.0
C-97510-5923-1085	240	-7.334082745271052	-8.620141134947183	Very Low	Very Large	Medium E	0.1659943917108366	-1.3371657755437572	Intermediate	Low Density	10.504513446898756	3746.0	2616.0	3745.0
C-97510-5923-1086	240	-7.334767601518933	-8.455775635456087	Very Low	Very Large	Medium E	0.1466711205791622	-1.337290640011154	Intermediate	Low Density	10.386013498733952	4400.0	2616.0	4399.0
C-97510-5923-1087	240	-7.333249590215666	-8.820098348240109	Very Low	Very Large	Medium E	0.18950192497754148	-1.3370138729181014	Intermediate	Low Density	9.984536809186405	2589.0	2616.0	2589.0
C-97510-5923-1089	240	-7.330433099030956	-9.49605623257042	Low	Very Large	Medium E	0.2689694380075674	-1.336500364174047	Intermediate	Low Density	10.152729065776517	995.0	2616.0	995.0
C-97510-5923-109	240	-7.333629855869444	-8.728834591333433	Very Low	Very Large	Medium E	0.1787727006289911	-1.3370832037718028	Intermediate	Low Density	10.139840298000065	3275.0	2616.0	3275.0
C-97510-5923-1090	240	-7.335076723493494	-8.381586361561341	Very Low	Very Large	Medium E	0.13794922055167208	-1.3373469997959027	Linear	Low Density	10.65256430522834	4626.0	2616.0	4625.0
C-97510-5923-1091	240	-7.332565102530919	-8.984375392579233	Low	Very Large	Medium E	0.20881479707238404	-1.3368890756479292	Spherical	Low Density	10.590264633814144	1913.0	2616.0	1913.0
C-97510-5923-1092	240	-7.332565026622572	-8.98439361058261	Low	Very Large	Medium E	0.20881693883214864	-1.336889061808156	Intermediate	Medium Density	10.99990979054098	1675.0	2616.0	1675.0
C-97510-5923-1093	240	-7.333600135164839	-8.73596756043876	Very Low	Very Large	Medium E	0.17961127257030463	-1.3370777850288729	Intermediate	Low Density	10.51100583331408	3227.0	2616.0	3227.0
C-97510-5923-1094	240	-7.335137784787808	-8.366931650926032	Very Low	Very Large	Medium E	0.13622637148762656	-1.3373581326227062	Linear	Low Density	10.119642991441335	4733.0	2616.0	4732.0
C-97510-5923-1095	240	-7.322473242915004	-11.40642170039911	Medium	Very Large	Low E	0.4935573838337449	-1.335049106048637	Linear	Low Density	10.214342297723269	105.0	2616.0	105.0
C-97510-5923-1096	240	-7.336761881819439	-7.977148363334676	Very Low	Very Large	Medium E	0.0904023501933885	-1.337654241494434	Linear	Low Density	10.377416500346593	5168.0	2616.0	5167.0
C-97510-5923-1097	240	-7.333755166221134	-8.698760106927825	Very Low	Very Large	Medium E	0.1752370595235727	-1.3371060506252432	Spherical	Low Density	10.332913587465155	3394.0	2616.0	3394.0
C-97510-5923-1098	240	-7.333251431709217	-8.81965638978802	Very Low	Very Large	Medium E	0.18944996709692874	-1.3370142086631749	Linear	Low Density	10.483344511602134	2602.0	2616.0	2602.0
C-97510-5923-11	240	-7.333652379069623	-8.723429023290347	Very Low	Very Large	Medium E	0.17813720682258552	-1.3370873102502105	Spherical	Low Density	10.282653205174016	3310.0	2616.0	3310.0
C-97510-5923-1101	240	-7.337386996734231	-7.827120783784508	Very Low	Very Large	Medium E	0.07276468531939202	-1.337768213793203	Linear	Low Density	10.160519607085995	5193.0	2616.0	5192.0
C-97510-5923-1102	240	-7.334440805878151	-8.534206589243691	Very Low	Very Large	Medium E	0.15589168444351234	-1.3372310579254825	Linear	Low Density	10.69997608047676	4168.0	2616.0	4167.0
C-97510-5923-1103	240	-7.333372898178743	-8.790504437101585	Very Low	Very Large	Medium E	0.18602278141916673	-1.3370363546917334	Linear	Low Density	10.261793785877035	3023.0	2616.0	3023.0
C-97510-5923-1104	240	-7.329049326637848	-9.82816160691632	Low	Very Large	Medium E	0.30801268134413284	-1.336248071808461	Linear	Low Density	10.12482324521019	804.0	2616.0	804.0
C-97510-5923-1105	240	-7.331258172631709	-9.298038568389732	Low	Very Large	Medium E	0.2456899235981112	-1.3366507933714735	Spherical	Low Density	10.421031408583925	1089.0	2616.0	1089.0
C-97510-5923-1106	240	-7.333629804009115	-8.728847037812626	Very Low	Very Large	Medium E	0.17877416387212916	-1.3370831943165158	Spherical	Low Density	10.174557082447553	3265.0	2616.0	3265.0
C-97510-5923-1108	240	-7.326077491283907	-10.54140209186237	Low	Very Large	Low E	0.39186324192621197	-1.335706240380611	Intermediate	Low Density	9.738193812684221	351.0	2616.0	351.0
C-97510-5923-1109	240	-7.333259760762643	-8.817657416965586	Very Low	Very Large	Medium E	0.1892149622208998	-1.3370157272341499	Linear	Low Density	10.351195052120556	2731.0	2616.0	2731.0
C-97510-5923-111	240	-7.335551490987511	-8.267642162997479	Very Low	Very Large	Medium E	0.12455361959193802	-1.3374335604288257	Linear	Low Density	10.241287462671622	5019.0	2616.0	5018.0
C-97510-5923-1110	240	-7.322473197580164	-11.40643258076052	Medium	Very Large	Low E	0.49355866295970086	-1.3350490977830913	Intermediate	Low Density	10.494614901673032	89.0	2616.0	89.0
C-97510-5923-1111	240	-7.334165495046931	-8.60028118873643	Very Low	Very Large	Medium E	0.16365960048955885	-1.3371808626612716	Spherical	Low Density	10.287834024011072	3789.0	2616.0	3788.0
C-97510-5923-1112	240	-7.335014979156062	-8.396405002544968	Very Low	Very Large	Medium E	0.1396913417292787	-1.3373357424352053	Linear	Low Density	10.226676025536936	4565.0	2616.0	4564.0
C-97510-5923-1113	240	-7.328922931782915	-9.858496372100152	Low	Very Large	Medium E	0.3115789217910451	-1.3362250272260516	Spherical	Low Density	10.28483805539856	768.0	2616.0	768.0
C-97510-5923-1114	240	-7.336123468981673	-8.130367444398345	Very Low	Very Large	Medium E	0.10841521697569266	-1.337537844689683	Intermediate	Low Density	10.559637737211796	5095.0	2616.0	5094.0
C-97510-5923-1115	240	-7.335120145373552	-8.371165110347345	Very Low	Very Large	Medium E	0.13672406890269356	-1.3373549165666754	Linear	Low Density	10.28230013774422	4708.0	2616.0	4707.0
C-97510-5923-1117	240	-7.323832745746321	-11.08014102088283	Medium	Very Large	Low E	0.4551989080293336	-1.3352969735354012	Intermediate	Low Density	10.012934188294563	257.0	2616.0	257.0
C-97510-5923-1119	240	-7.330933315079848	-9.376004380836235	Low	Very Large	Medium E	0.254855804136113	-1.336591564642352	Linear	Low Density	10.229211936154757	1034.0	2616.0	1034.0
C-97510-5923-112	240	-7.334358839686306	-8.553878475286492	Very Low	Very Large	Medium E	0.1582043667816598	-1.3372161136726983	Spherical	Low Density	10.118515784129519	3884.0	2616.0	3883.0
C-97510-5923-1120	240	-7.334350219508724	-8.555947317906217	Very Low	Very Large	Medium E	0.1584475857478934	-1.3372145420233397	Linear	Low Density	10.380894890345528	3868.0	2616.0	3867.0
C-97510-5923-1121	240	-7.334786027394802	-8.451353425247396	Very Low	Very Large	Medium E	0.1461512330898277	-1.3372939994565616	Spherical	Low Density	10.163957252010833	4472.0	2616.0	4471.0
C-97510-5923-1122	240	-7.334444795041799	-8.533249189968299	Very Low	Very Large	Medium E	0.15577912988771572	-1.337231785238398	Linear	Low Density	10.26626675155059	4185.0	2616.0	4184.0
C-97510-5923-1123	240	-7.332618638145756	-8.971526845018674	Low	Very Large	Medium E	0.2073042856272413	-1.3368988363766283	Spherical	Low Density	10.543682940578389	2035.0	2616.0	2035.0
C-97510-5923-1126	240	-7.332590738667245	-8.978222719861064	Low	Very Large	Medium E	0.20809147153575938	-1.336893749683566	Linear	Low Density	10.257654948472911	1961.0	2616.0	1961.0
C-97510-5923-1127	240	-7.333188914618345	-8.834660491597125	Very Low	Very Large	Medium E	0.19121389157160135	-1.3370028104124048	Spherical	Low Density	10.553137539458469	2551.0	2616.0	2551.0
C-97510-5923-1128	240	-7.328580018861716	-9.940795473188114	Low	Very Large	Medium E	0.3212542359484179	-1.336162506603072	Spherical	Low Density	10.4705372445867	564.0	2616.0	564.0
C-97510-5923-1129	240	-7.335612863923271	-8.252912658414997	Very Low	Very Large	Medium E	0.12282197754076214	-1.3374447500747695	Spherical	Low Density	10.28605332980319	5036.0	2616.0	5035.0
C-97510-5923-113	240	-7.333925205892865	-8.65795058571232	Very Low	Very Large	Medium E	0.17043937725057365	-1.3371370526247326	Intermediate	Low Density	10.26232108410711	3488.0	2616.0	3488.0
C-97510-5923-1130	240	-7.332601474767149	-8.975646055884022	Low	Very Large	Medium E	0.20778855166028085	-1.3368957071124432	Spherical	Low Density	10.599169345135097	1985.0	2616.0	1985.0
C-97510-5923-1131	240	-7.326328898577799	-10.48106434132816	Low	Very Large	Low E	0.3847697660042219	-1.3357520775003697	Intermediate	Low Density	10.098930400204926	362.0	2616.0	362.0
C-97510-5923-1132	240	-7.335242552832199	-8.341787320272328	Very Low	Very Large	Medium E	0.13327033314531736	-1.3373772341583987	Linear	Low Density	10.202388514875988	4878.0	2616.0	4877.0
C-97510-5923-1133	240	-7.333321984888429	-8.802723626777015	Very Low	Very Large	Medium E	0.18745930377838893	-1.337027072070894	Intermediate	Low Density	10.486973146447554	2960.0	2616.0	2960.0
C-97510-5923-1134	240	-7.332355185642945	-9.03475544569311	Low	Very Large	Medium E	0.21473761803515248	-1.336850803148415	Linear	Low Density	10.681332050586736	1481.0	2616.0	1481.0
C-97510-5923-1135	240	-7.332565030974865	-8.984392566032389	Low	Very Large	Medium E	0.20881681603187766	-1.3368890626016754	Spherical	Low Density	10.360257319411366	1693.0	2616.0	1693.0
C-97510-5923-1137	240	-7.334942389652821	-8.413826483323007	Very Low	Very Large	Medium E	0.1417394600851882	-1.3373225077604998	Linear	Low Density	10.42801427415125	4541.0	2616.0	4540.0
C-97510-5923-1138	240	-7.33436094593389	-8.553372975866187	Very Low	Very Large	Medium E	0.15814493884586814	-1.3372164976882979	Intermediate	Low Density	10.302874323806451	3887.0	2616.0	3886.0
C-97510-5923-1140	240	-7.332054592247957	-9.106897860490264	Low	Very Large	Medium E	0.22321888354120595	-1.3367959983126783	Intermediate	Low Density	10.409283599151069	1334.0	2616.0	1334.0
C-97510-5923-1141	240	-7.33517078008939	-8.359012778546296	Very Low	Very Large	Medium E	0.13529540654348868	-1.3373641483972158	Intermediate	Medium Density	10.794195700731862	4778.0	2616.0	4777.0
C-97510-5923-1142	240	-7.335168462108475	-8.359569093965728	Very Low	Very Large	Medium E	0.1353608085513301	-1.3373637257779387	Intermediate	Low Density	10.414982093898907	4776.0	2616.0	4775.0
C-97510-5923-1143	240	-7.3325650189968705	-8.984395440751102	Low	Very Large	Medium E	0.20881715399190637	-1.3368890604178216	Linear	Low Density	10.396320507138244	1646.0	2616.0	1646.0
C-97510-5923-1144	240	-7.334767671172312	-8.455758918645111	Very Low	Very Large	Medium E	0.1466691553037733	-1.3372906527105082	Intermediate	Low Density	10.189036087113843	4430.0	2616.0	4429.0
C-97510-5923-1145	240	-7.3325651026302525	-8.98437536873928	Low	Very Large	Medium E	0.20881479426967123	-1.33688907566604	Linear	Low Density	10.485477503588008	1914.0	2616.0	1914.0
C-97510-5923-1146	240	-7.335316641920927	-8.324005938977493	Very Low	Very Large	Medium E	0.13117990387082	-1.337390742240763	Spherical	Low Density	9.967920981712753	4915.0	2616.0	4914.0
C-97510-5923-1147	240	-7.333135829047663	-8.847401028560757	Very Low	Very Large	Medium E	0.1927117049866802	-1.3369931317367263	Spherical	Low Density	10.770987364444071	2526.0	2616.0	2526.0
C-97510-5923-1149	240	-7.31657418532665	-12.82219552160389	High	Very Large	Low E	0.6599997424366422	-1.3339735771530576	Spherical	Low Density	10.044579591084004	19.0	2616.0	19.0
C-97510-5923-115	240	-7.334555181065011	-8.50675654439747	Very Low	Very Large	Medium E	0.1526645798456117	-1.3372519110560992	Linear	Low Density	10.378046015315219	4226.0	2616.0	4225.0
C-97510-5923-1150	240	-7.333259677465478	-8.817677408285158	Very Low	Very Large	Medium E	0.18921731245673895	-1.3370157120472312	Linear	Low Density	10.140405528082363	2717.0	2616.0	2717.0
C-97510-5923-1151	240	-7.332766371478352	-8.936070845195413	Low	Very Large	Medium E	0.2031359784098004	-1.336925771436283	Linear	Low Density	10.310252324235094	2194.0	2616.0	2194.0
C-97510-5923-1152	240	-7.334082686058767	-8.620155345895972	Very Low	Very Large	Medium E	0.16599606238998313	-1.3371657647480455	Linear	Low Density	10.080781568027255	3713.0	2616.0	3712.0
C-97510-5923-1153	240	-7.3340325192966045	-8.632195368814763	Very Low	Very Large	Medium E	0.16741152140062732	-1.337156618235828	Linear	Low Density	10.414759511308675	3585.0	2616.0	3585.0
C-97510-5923-1154	240	-7.332565075697149	-8.984381832684146	Low	Very Large	Medium E	0.20881555418924228	-1.3368890707555385	Spherical	Low Density	10.578004249346199	1861.0	2616.0	1861.0
C-97510-5923-1155	240	-7.33402657375608	-8.633622298540894	Very Low	Very Large	Medium E	0.16757927527881802	-1.3371555342320633	Linear	Low Density	10.021650012344066	3573.0	2616.0	3573.0
C-97510-5923-1156	240	-7.330433109353349	-9.496053755196362	Low	Very Large	Medium E	0.2689691467604716	-1.336500366056048	Intermediate	Low Density	10.353235236880051	999.0	2616.0	999.0
C-97510-5923-1157	240	-7.333062623264637	-8.864970416487115	Very Low	Very Large	Medium E	0.1947772117235915	-1.3369797847005618	Spherical	Low Density	10.27895397302034	2474.0	2616.0	2474.0
C-97510-5923-1158	240	-7.334261228609519	-8.577305133715315	Very Low	Very Large	Medium E	0.16095847073859962	-1.3371983170107669	Spherical	Low Density	10.060667487362213	3814.0	2616.0	3813.0
C-97510-5923-1159	240	-7.333419503001421	-8.779319279658882	Very Low	Very Large	Medium E	0.18470782280201867	-1.3370448517834659	Intermediate	Low Density	10.562486535312562	3102.0	2616.0	3102.0
C-97510-5923-116	240	-7.334758095806268	-8.458057006495622	Very Low	Very Large	Medium E	0.1469393249851148	-1.3372889069091303	Intermediate	Low Density	10.197298380204455	4371.0	2616.0	4370.0
C-97510-5923-1160	240	-7.332640805824502	-8.966206602119508	Low	Very Large	Medium E	0.20667882288510533	-1.3369028780356023	Intermediate	Low Density	10.460728536058227	2054.0	2616.0	2054.0
C-97510-5923-1161	240	-7.334472123988527	-8.526690242753675	Very Low	Very Large	Medium E	0.15500804157684767	-1.3372367679108759	Linear	Low Density	10.35741032210982	4209.0	2616.0	4208.0
C-97510-5923-1163	240	-7.330969644793179	-9.367285249637096	Low	Very Large	Medium E	0.25383075851083925	-1.3365981883539992	Intermediate	Low Density	10.311918538332726	1038.0	2616.0	1038.0
C-97510-5923-1164	240	-7.332766422596117	-8.93605857693202	Low	Very Large	Medium E	0.2031345361181937	-1.3369257807561838	Intermediate	Low Density	10.672458659064274	2264.0	2616.0	2264.0
C-97510-5923-1165	240	-7.333194264312769	-8.833376564935383	Very Low	Very Large	Medium E	0.19106294953648684	-1.337003785780224	Spherical	Low Density	10.50398029354895	2557.0	2616.0	2557.0
C-97510-5923-1166	240	-7.3289229635276305	-9.858488753368588	Low	Very Large	Medium E	0.3115780261114881	-1.3362250330138166	Spherical	Low Density	10.036198677034157	781.0	2616.0	781.0
C-97510-5923-1167	240	-7.332746217442127	-8.940907813889526	Low	Very Large	Medium E	0.20370462607504675	-1.336922096908954	Intermediate	Low Density	10.134709001634809	2119.0	2616.0	2119.0
C-97510-5923-1168	240	-7.332691848289694	-8.953956410473392	Low	Very Large	Medium E	0.2052386558468515	-1.3369121842078837	Intermediate	Low Density	10.341894282377108	2097.0	2616.0	2097.0
C-97510-5923-1169	240	-7.334789976759948	-8.450405577612381	Very Low	Very Large	Medium E	0.14603980145180018	-1.3372947195133282	Linear	Low Density	10.27420931132959	4479.0	2616.0	4478.0
C-97510-5923-117	240	-7.3264264822665135	-10.45764425603662	Low	Very Large	Low E	0.3820164348038493	-1.3357698691688484	Spherical	Low Density	10.393759423398883	371.0	2616.0	371.0
C-97510-5923-1170	240	-7.335275853831826	-8.333795080361815	Very Low	Very Large	Medium E	0.13233074290759478	-1.3373833056684348	Intermediate	Low Density	10.03504246438853	4895.0	2616.0	4894.0
C-97510-5923-1172	240	-7.331257052561279	-9.29830738529324	Low	Very Large	Medium E	0.24572152647050374	-1.3366505891578182	Linear	Low Density	10.372671149305894	1056.0	2616.0	1056.0
C-97510-5923-1173	240	-7.331422170715657	-9.2586790282423	Low	Very Large	Medium E	0.24106270518402292	-1.3366806938556548	Linear	Low Density	10.276690856402531	1107.0	2616.0	1107.0
C-97510-5923-1174	240	-7.333253988969914	-8.819042647220574	Very Low	Very Large	Medium E	0.18937781379181748	-1.3370146749084577	Linear	Low Density	10.079410996804924	2707.0	2616.0	2707.0
C-97510-5923-1175	240	-7.332766390524463	-8.936066274128947	Low	Very Large	Medium E	0.20313544102234476	-1.3369257749088108	Spherical	Low Density	10.50364342874787	2219.0	2616.0	2219.0
C-97510-5923-1176	240	-7.334404819841605	-8.542843238014727	Very Low	Very Large	Medium E	0.15690703320213376	-1.3372244968737277	Linear	Low Density	9.992799076777402	4069.0	2616.0	4068.0
C-97510-5923-1177	240	-7.33410448146389	-8.614924448666542	Very Low	Very Large	Medium E	0.16538110337642795	-1.3371697385332901	Intermediate	Low Density	10.67963916627761	3769.0	2616.0	3768.0
C-97510-5923-1178	240	-7.333253930587336	-8.819056659039203	Very Low	Very Large	Medium E	0.18937946106069367	-1.3370146642640204	Intermediate	Low Density	9.978081006931442	2673.0	2616.0	2673.0
C-97510-5923-1180	240	-7.33438837887822	-8.546789069227156	Very Low	Very Large	Medium E	0.1573709162347335	-1.337221499321843	Intermediate	Low Density	10.411441837648287	3995.0	2616.0	3994.0
C-97510-5923-1181	240	-7.323597489522892	-11.13660251450588	Medium	Very Large	Low E	0.46183668026957375	-1.3352540811136249	Spherical	Low Density	10.382171764293885	230.0	2616.0	230.0
C-97510-5923-1182	240	-7.330741304630576	-9.42208688866156	Low	Very Large	Medium E	0.26027339356877965	-1.3365565568833409	Spherical	Low Density	10.765761920551883	1022.0	2616.0	1022.0
C-97510-5923-1183	240	-7.332565039683161	-8.984390476041193	Low	Very Large	Medium E	0.20881657032663492	-1.3368890641893907	Intermediate	Low Density	10.430019845088571	1727.0	2616.0	1727.0
C-97510-5923-1184	240	-7.336589141523538	-8.018606034350801	Very Low	Very Large	Medium E	0.0952762307827729	-1.3376227471113245	Linear	Low Density	10.564311721184387	5154.0	2616.0	5153.0
C-97510-5923-1185	240	-7.33512244764016	-8.370612566361684	Very Low	Very Large	Medium E	0.1366591102752249	-1.337355336320886	Intermediate	Low Density	10.464776977891095	4713.0	2616.0	4712.0
C-97510-5923-1186	240	-7.334782745139177	-8.452141166597528	Very Low	Very Large	Medium E	0.1462438421819862	-1.3372934010286406	Intermediate	Low Density	10.358559556081737	4456.0	2616.0	4455.0
C-97510-5923-1188	240	-7.334378478268544	-8.549165215549554	Very Low	Very Large	Medium E	0.15765026268989427	-1.337219694221345	Intermediate	Low Density	10.119410782509773	3940.0	2616.0	3939.0
C-97510-5923-1189	240	-7.332337664246007	-9.038960580958312	Low	Very Large	Medium E	0.215231985582623	-1.336847608609556	Intermediate	Low Density	10.28202667227214	1477.0	2616.0	1477.0
C-97510-5923-119	240	-7.33326400942339	-8.816637738386467	Very Low	Very Large	Medium E	0.18909508593472948	-1.3370165018591358	Linear	Low Density	10.2600326600576	2765.0	2616.0	2765.0
C-97510-5923-1190	240	-7.335176468697492	-8.35764751260194	Very Low	Very Large	Medium E	0.13513490203315504	-1.3373651855565074	Intermediate	Low Density	10.577281407289108	4784.0	2616.0	4783.0
C-97510-5923-1191	240	-7.327610566441871	-10.17346405395103	Low	Very Large	Medium E	0.34860740972160964	-1.3359857539481241	Linear	Low Density	10.527459481385595	460.0	2616.0	460.0
C-97510-5923-1192	240	-7.319912486618265	-12.02100321161639	Medium	Very Large	Low E	0.5658093175456472	-1.3345822234406224	Spherical	Low Density	9.943132496517071	30.0	2616.0	30.0
C-97510-5923-1193	240	-7.335128551843771	-8.36914755749479	Very Low	Very Large	Medium E	0.1364868797059867	-1.3373564492524468	Intermediate	Low Density	10.49395961656739	4719.0	2616.0	4718.0
C-97510-5923-1194	240	-7.334071212239237	-8.622909062583211	Very Low	Very Large	Medium E	0.16631979708084865	-1.3371636728165357	Spherical	Low Density	9.972573675830999	3646.0	2616.0	3645.0
C-97510-5923-1195	240	-7.33235347487336	-9.035166030393428	Low	Very Large	Medium E	0.21478588752914882	-1.3368504912372163	Linear	Low Density	10.382253157462454	1480.0	2616.0	1480.0
C-97510-5923-1197	240	-7.333475726804806	-8.765825566846694	Very Low	Very Large	Medium E	0.18312146391252004	-1.3370551026284956	Intermediate	Low Density	10.327447184660382	3142.0	2616.0	3142.0
C-97510-5923-1198	240	-7.335551571893633	-8.267622745528186	Very Low	Very Large	Medium E	0.12455133681955675	-1.337433575179804	Spherical	Low Density	10.09545137494833	5026.0	2616.0	5025.0
C-97510-5923-1199	240	-7.335349602191715	-8.316095473988275	Very Low	Very Large	Medium E	0.13024992732320717	-1.3373967516283825	Linear	Low Density	10.052841804484787	4928.0	2616.0	4927.0
C-97510-5923-12	240	-7.335024860441334	-8.394033494079897	Very Low	Very Large	Medium E	0.13941254051365526	-1.3373375440124362	Spherical	Low Density	10.352639457191241	4570.0	2616.0	4569.0
C-97510-5923-120	240	-7.33427945834595	-8.572929996971826	Very Low	Very Large	Medium E	0.16044411733842948	-1.3372016406956093	Intermediate	Low Density	10.41495861775507	3817.0	2616.0	3816.0
C-97510-5923-1200	240	-7.33404068618116	-8.630235316521553	Very Low	Very Large	Medium E	0.16718109213163623	-1.3371581072398249	Intermediate	Low Density	10.340397326327	3627.0	2616.0	3627.0
C-97510-5923-1201	240	-7.334009700890904	-8.637671786182946	Very Low	Very Large	Medium E	0.16805534445327466	-1.3371524579349134	Intermediate	Low Density	10.253396090379798	3560.0	2616.0	3560.0
C-97510-5923-1202	240	-7.333259752044196	-8.817659509392929	Very Low	Very Large	Medium E	0.18921520821255355	-1.3370157256445838	Intermediate	Low Density	10.133615126810566	2728.0	2616.0	2728.0
C-97510-5923-1203	240	-7.334641009037227	-8.486157831065311	Very Low	Very Large	Medium E	0.1502429370805006	-1.3372675593970054	Intermediate	Low Density	10.32701570676179	4321.0	2616.0	4320.0
C-97510-5923-1204	240	-7.334161270145221	-8.60129516514694	Very Low	Very Large	Medium E	0.1637788064127065	-1.3371800923680845	Intermediate	Low Density	10.192232630829958	3788.0	2616.0	3787.0
C-97510-5923-1205	240	-7.332565074417673	-8.984382139758566	Low	Very Large	Medium E	0.2088155902897572	-1.3368890705222618	Spherical	Low Density	9.976273120630468	1856.0	2616.0	1856.0
C-97510-5923-1206	240	-7.332430745103824	-9.016621175081962	Low	Very Large	Medium E	0.21260570209855775	-1.3368645793121992	Intermediate	Low Density	10.243909673246025	1498.0	2616.0	1498.0
C-97510-5923-1207	240	-7.3332539480106895	-8.819052477434484	Very Low	Very Large	Medium E	0.18937896945945135	-1.3370146674406838	Linear	Low Density	10.259160717561235	2687.0	2616.0	2687.0
C-97510-5923-1208	240	-7.331260487280407	-9.297483052702407	Low	Very Large	Medium E	0.24562461560903068	-1.3366512153832135	Linear	Low Density	10.676895291465609	1090.0	2616.0	1090.0
C-97510-5923-1209	240	-7.334385912431324	-8.547381016482134	Very Low	Very Large	Medium E	0.15744050722151834	-1.3372210496339283	Linear	Medium Density	10.947639034597625	3988.0	2616.0	3987.0
C-97510-5923-121	240	-7.330182615176934	-9.5561723575359	Low	Very Large	Medium E	0.27603685900336855	-1.336454695417836	Linear	Low Density	10.242365110420177	979.0	2616.0	979.0
C-97510-5923-1210	240	-7.33325393413055	-8.81905580866798	Very Low	Very Large	Medium E	0.18937936108864897	-1.3370146649100267	Spherical	Low Density	10.349070722330735	2676.0	2616.0	2676.0
C-97510-5923-1211	240	-7.334825781806732	-8.441812366384328	Very Low	Very Large	Medium E	0.14502955933307726	-1.3373012475666395	Spherical	Low Density	10.443633024732728	4507.0	2616.0	4506.0
C-97510-5923-1212	240	-7.325685155738104	-10.63556262285481	Medium	Very Large	Low E	0.40293301919640334	-1.3356347089181777	Linear	Low Density	10.27411986248361	334.0	2616.0	334.0
C-97510-5923-1213	240	-7.334649920611113	-8.484019053332705	Very Low	Very Large	Medium E	0.14999149634539607	-1.3372691841743662	Spherical	Low Density	10.34139610921096	4325.0	2616.0	4324.0
C-97510-5923-1214	240	-7.3332514761022	-8.81964573547199	Very Low	Very Large	Medium E	0.18944871454552195	-1.3370142167569994	Intermediate	Low Density	10.083275163654378	2621.0	2616.0	2621.0
C-97510-5923-1215	240	-7.334037158682065	-8.63108191630426	Very Low	Very Large	Medium E	0.16728062078693098	-1.3371574640985862	Spherical	Low Density	10.308855230737723	3620.0	2616.0	3620.0
C-97510-5923-1216	240	-7.335551491619324	-8.26764201136242	Very Low	Very Large	Medium E	0.12455360176529111	-1.337433560544019	Spherical	Low Density	10.496649663420877	5020.0	2616.0	5019.0
C-97510-5923-1217	240	-7.332601442774701	-8.975653734071884	Low	Very Large	Medium E	0.20778945432962928	-1.336895701279511	Spherical	Low Density	10.112508739867438	1977.0	2616.0	1977.0
C-97510-5923-1218	240	-7.335503347971662	-8.279196486800977	Very Low	Very Large	Medium E	0.12591197844639437	-1.3374247828903985	Linear	Low Density	10.37643342428701	5007.0	2616.0	5006.0
C-97510-5923-1219	240	-7.334348476601053	-8.556365615747088	Very Low	Very Large	Medium E	0.15849676202040508	-1.3372142242526561	Linear	Low Density	10.212258204368402	3864.0	2616.0	3863.0
C-97510-5923-122	240	-7.333253939215065	-8.81905458838436	Very Low	Very Large	Medium E	0.18937921762867058	-1.3370146658370465	Linear	Low Density	10.435147964028973	2679.0	2616.0	2679.0
C-97510-5923-1220	240	-7.335343972059509	-8.317446705717717	Very Low	Very Large	Medium E	0.13040878193168332	-1.3373957251305424	Spherical	Low Density	10.474409287119167	4926.0	2616.0	4925.0
C-97510-5923-1221	240	-7.3286640502691744	-9.920627935398016	Low	Very Large	Medium E	0.3188832833946286	-1.3361778273904188	Intermediate	Low Density	10.309285350760522	577.0	2616.0	577.0
C-97510-5923-1222	240	-7.334416949562494	-8.539932105001604	Very Low	Very Large	Medium E	0.1565647922045539	-1.3372267083905869	Spherical	Low Density	10.325105566897527	4110.0	2616.0	4109.0
C-97510-5923-1223	240	-7.331429492185514	-9.25692187547652	Low	Very Large	Medium E	0.24085612935505446	-1.3366820287218215	Intermediate	Low Density	10.222416965259871	1109.0	2616.0	1109.0
C-97510-5923-1224	240	-7.334058079625072	-8.626060889982627	Very Low	Very Large	Medium E	0.1666903347885265	-1.3371612784500124	Spherical	Low Density	10.388001733076853	3637.0	2616.0	3636.0
C-97510-5923-1225	240	-7.334383841345329	-8.547878077120918	Very Low	Very Large	Medium E	0.15749894307042112	-1.3372206720290651	Linear	Low Density	10.752822974789298	3971.0	2616.0	3970.0
C-97510-5923-1226	240	-7.332565132550001	-8.984368187999623	Low	Very Large	Medium E	0.20881395008169248	-1.3368890811210732	Linear	Low Density	10.425031516735075	1939.0	2616.0	1939.0
C-97510-5923-1228	240	-7.332565030729353	-8.984392624955346	Low	Very Large	Medium E	0.20881682295901896	-1.3368890625569132	Intermediate	Low Density	10.154513913939834	1692.0	2616.0	1692.0
C-97510-5923-1229	240	-7.335050194254522	-8.38795337891448	Very Low	Very Large	Medium E	0.1386977450473946	-1.3373421629278666	Intermediate	Low Density	10.394464722699484	4616.0	2616.0	4615.0
C-97510-5923-123	240	-7.329728807232382	-9.665086264228483	Low	Very Large	Medium E	0.28884108468056047	-1.3363719561751521	Intermediate	Low Density	10.382999261601093	872.0	2616.0	872.0
C-97510-5923-1230	240	-7.3351995064568545	-8.352118450355018	Very Low	Very Large	Medium E	0.13448488990023816	-1.3373693858504547	Spherical	Low Density	10.113316197749068	4796.0	2616.0	4795.0
C-97510-5923-1231	240	-7.318389331969538	-12.38656032731095	High	Very Large	Low E	0.6087852418274583	-1.3343045186017382	Linear	Low Density	10.488633320881512	24.0	2616.0	24.0
C-97510-5923-1232	240	-7.332594278534399	-8.97737315174415	Low	Very Large	Medium E	0.20799159391472596	-1.336894395079776	Intermediate	Low Density	10.682572557558437	1968.0	2616.0	1968.0
C-97510-5923-1233	240	-7.333745868673584	-8.700991518339881	Very Low	Very Large	Medium E	0.17549939053495986	-1.337104355476332	Spherical	Low Density	10.363775195069374	3386.0	2616.0	3386.0
C-97510-5923-1234	240	-7.326842959940429	-10.35768961429709	Low	Very Large	Low E	0.3702654855524429	-1.3358458022761204	Linear	Low Density	10.436682492566055	417.0	2616.0	417.0
C-97510-5923-1235	240	-7.328922940401743	-9.858494303581567	Low	Very Large	Medium E	0.3115786786101736	-1.3362250287974549	Spherical	Low Density	10.547235900028397	772.0	2616.0	772.0
C-97510-5923-1236	240	-7.332565065309267	-8.98438432577592	Low	Very Large	Medium E	0.2088158472841137	-1.3368890688615975	Spherical	Low Density	10.367076203425038	1827.0	2616.0	1827.0
C-97510-5923-1237	240	-7.334902135452912	-8.423487491300998	Very Low	Very Large	Medium E	0.14287523539781063	-1.3373151685279998	Linear	Low Density	10.21987511964675	4526.0	2616.0	4525.0
C-97510-5923-1239	240	-7.334811559372605	-8.445225750574807	Very Low	Very Large	Medium E	0.14543084639386938	-1.3372986545017915	Linear	Low Density	10.330020127293658	4501.0	2616.0	4500.0
C-97510-5923-124	240	-7.332661704316516	-8.961190964036156	Low	Very Large	Medium E	0.20608917034315297	-1.3369066882937153	Intermediate	Low Density	10.26018520936453	2066.0	2616.0	2066.0
C-97510-5923-1241	240	-7.332626300039423	-8.969687990538358	Low	Very Large	Medium E	0.20708810471457645	-1.3369002333095978	Spherical	Low Density	9.940109215731018	2039.0	2616.0	2039.0
C-97510-5923-1242	240	-7.3332731584436175	-8.814441973531773	Very Low	Very Large	Medium E	0.1888369456330311	-1.3370181699282253	Intermediate	Low Density	10.404717207309096	2822.0	2616.0	2822.0
C-97510-5923-1243	240	-7.334082626178673	-8.620169717118497	Very Low	Very Large	Medium E	0.16599775191138405	-1.337165753830578	Intermediate	Low Density	10.266468590089245	3684.0	2616.0	3683.0
C-97510-5923-1245	240	-7.333253909700021	-8.819061671994906	Very Low	Very Large	Medium E	0.189380050397875	-1.3370146604558	Spherical	Low Density	10.442367674005522	2660.0	2616.0	2660.0
C-97510-5923-1246	240	-7.328922986073591	-9.858483342338076	Low	Very Large	Medium E	0.3115773899754931	-1.3362250371244448	Linear	Low Density	10.519524136789613	790.0	2616.0	790.0
C-97510-5923-1247	240	-7.336267004086179	-8.095919019317163	Very Low	Very Large	Medium E	0.1043653630831889	-1.3375640143193424	Spherical	Low Density	10.459591736830903	5104.0	2616.0	5103.0
C-97510-5923-1248	240	-7.332893532484984	-8.90555220360369	Very Low	Very Large	Medium E	0.19954812093440713	-1.3369489557051217	Spherical	Low Density	10.43545374835028	2386.0	2616.0	2386.0
C-97510-5923-1249	240	-7.332565039839434	-8.98439043853581	Low	Very Large	Medium E	0.20881656591739928	-1.3368890642178826	Intermediate	Low Density	10.248685210941568	1729.0	2616.0	1729.0
C-97510-5923-125	240	-7.334417033808029	-8.539911886073071	Very Low	Very Large	Medium E	0.15656241521037545	-1.3372267237504145	Spherical	Low Density	9.831054165466115	4117.0	2616.0	4116.0
C-97510-5923-1250	240	-7.32872936434737	-9.904952556631171	Low	Very Large	Medium E	0.31704044170982787	-1.3361897355939472	Spherical	Low Density	10.489566257002231	586.0	2616.0	586.0
C-97510-5923-1251	240	-7.333053305371854	-8.867206710754958	Very Low	Very Large	Medium E	0.19504011677730201	-1.3369780858422637	Linear	Low Density	10.42137644833946	2463.0	2616.0	2463.0
C-97510-5923-1252	240	-7.334660644509214	-8.481445317788399	Very Low	Very Large	Medium E	0.14968892074469584	-1.3372711393785846	Intermediate	Low Density	10.342002003846298	4334.0	2616.0	4333.0
C-97510-5923-1253	240	-7.329971059909613	-9.606945621692784	Low	Very Large	Medium E	0.28200590696406685	-1.3364161242054673	Intermediate	Low Density	10.240743012996898	902.0	2616.0	902.0
C-97510-5923-1254	240	-7.332756243097022	-8.938501656714497	Low	Very Large	Medium E	0.2034217514595051	-1.3369239248079658	Linear	Low Density	10.26971898571319	2139.0	2616.0	2139.0
C-97510-5923-1255	240	-7.332213421921967	-9.06877873872778	Low	Very Large	Medium E	0.21873749220666666	-1.336824956481219	Spherical	Low Density	10.050273152148844	1435.0	2616.0	1435.0
C-97510-5923-1256	240	-7.333407336248388	-8.78223930038664	Very Low	Very Large	Medium E	0.18505110866439664	-1.337042633514826	Linear	Medium Density	10.896854711081875	3091.0	2616.0	3091.0
C-97510-5923-1259	240	-7.333132201829046	-8.848271561028968	Very Low	Very Large	Medium E	0.19281404723588572	-1.3369924704144092	Spherical	Medium Density	10.887101368324242	2517.0	2616.0	2517.0
C-97510-5923-126	240	-7.323597434763853	-11.13661565667535	Medium	Very Large	Low E	0.461838225300027	-1.3352540711298388	Intermediate	Low Density	10.439339157271931	195.0	2616.0	195.0
C-97510-5923-1260	240	-7.332750296271892	-8.939928894745798	Low	Very Large	Medium E	0.20358954158293238	-1.3369228405699891	Linear	Low Density	10.089735513325396	2136.0	2616.0	2136.0
C-97510-5923-1261	240	-7.328895197779489	-9.86515253292264	Low	Very Large	Medium E	0.3123614388074718	-1.3362199707027633	Spherical	Low Density	10.688006548867198	721.0	2616.0	721.0
C-97510-5923-1262	240	-7.33287776436767	-8.909336551758996	Very Low	Very Large	Medium E	0.19999301956392096	-1.336946080827983	Spherical	Medium Density	11.042563423540997	2380.0	2616.0	2380.0
C-97510-5923-1263	240	-7.333730809837041	-8.704605639109934	Very Low	Very Large	Medium E	0.17592427675356404	-1.3371016099167925	Intermediate	Low Density	10.202567826498198	3379.0	2616.0	3379.0
C-97510-5923-1264	240	-7.332307009725813	-9.046317665804656	Low	Very Large	Medium E	0.21609690520182492	-1.3368420196113548	Linear	Low Density	10.274091929502166	1457.0	2616.0	1457.0
C-97510-5923-1265	240	-7.332565001680582	-8.984399596660404	Low	Very Large	Medium E	0.20881764257231344	-1.3368890572606784	Linear	Low Density	10.576043663117714	1604.0	2616.0	1604.0
C-97510-5923-1266	240	-7.3350758438363455	-8.381797479277148	Very Low	Very Large	Medium E	0.13797404014504472	-1.337346839414915	Intermediate	Low Density	10.551709182510724	4625.0	2616.0	4624.0
C-97510-5923-1267	240	-7.3330809691708465	-8.860567398996775	Very Low	Very Large	Medium E	0.19425958058430365	-1.3369831295657284	Linear	Low Density	10.548046515240438	2482.0	2616.0	2482.0
C-97510-5923-1268	240	-7.333443301816548	-8.773607564028373	Very Low	Very Large	Medium E	0.18403633742282094	-1.3370491908347408	Intermediate	Low Density	10.303450467549188	3111.0	2616.0	3111.0
C-97510-5923-1269	240	-7.332132815885518	-9.088124187475632	Low	Very Large	Medium E	0.2210117976568638	-1.3368102602148981	Spherical	Low Density	10.46903801152879	1373.0	2616.0	1373.0
C-97510-5923-127	240	-7.336359830285383	-8.073640731508098	Very Low	Very Large	Medium E	0.10174626481124525	-1.3375809385920785	Intermediate	Low Density	10.219318481510667	5108.0	2616.0	5107.0
C-97510-5923-1271	240	-7.334424011222631	-8.538237306568487	Very Low	Very Large	Medium E	0.1563655469265856	-1.3372279958876854	Spherical	Medium Density	11.003830515760917	4126.0	2616.0	4125.0
C-97510-5923-1272	240	-7.334365816625567	-8.5522040098637	Very Low	Very Large	Medium E	0.15800751190966777	-1.3372173857233038	Intermediate	Low Density	10.521943578255195	3905.0	2616.0	3904.0
C-97510-5923-1273	240	-7.33347566668705	-8.765839995107848	Very Low	Very Large	Medium E	0.18312316013955676	-1.3370550916676969	Intermediate	Low Density	10.584403227993667	3133.0	2616.0	3133.0
C-97510-5923-1274	240	-7.332564998122548	-8.984400450588462	Low	Very Large	Medium E	0.20881774296250968	-1.33688905661197	Spherical	Low Density	10.385236120038048	1591.0	2616.0	1591.0
C-97510-5923-1275	240	-7.327486020365151	-10.20335511236387	Low	Very Large	Medium E	0.35212148675062344	-1.3359630464389436	Intermediate	Low Density	10.448922181961333	451.0	2616.0	451.0
C-97510-5923-1276	240	-7.332592586421555	-8.977779258826876	Low	Very Large	Medium E	0.20803933700735458	-1.3368940865701147	Spherical	Low Density	10.153649265248815	1966.0	2616.0	1966.0
C-97510-5923-1277	240	-7.33684142818431	-7.958057235765681	Very Low	Very Large	Medium E	0.08815794345737614	-1.3376687445591482	Linear	Low Density	10.758360560347155	5174.0	2616.0	5173.0
C-97510-5923-1278	240	-7.334640844772568	-8.486197254583727	Very Low	Very Large	Medium E	0.15024757182036846	-1.3372675294479186	Linear	Low Density	10.317856258359047	4288.0	2616.0	4287.0
C-97510-5923-1279	240	-7.331883972802592	-9.147846527377864	Low	Very Large	Medium E	0.22803292417137952	-1.3367648906076104	Spherical	Low Density	10.205353705324997	1248.0	2616.0	1248.0
C-97510-5923-128	240	-7.323832652316786	-11.08016344397134	Medium	Very Large	Low E	0.45520154415077707	-1.335296956501127	Intermediate	Low Density	9.931216479276229	254.0	2616.0	254.0
C-97510-5923-1281	240	-7.334036495696198	-8.631241032912449	Very Low	Very Large	Medium E	0.1672993269836051	-1.3371573432215735	Spherical	Low Density	10.436136088564426	3616.0	2616.0	3616.0
C-97510-5923-1282	240	-7.333253889531373	-8.819066512470522	Very Low	Very Large	Medium E	0.18938061945781498	-1.3370146567786088	Spherical	Low Density	10.256353548671742	2652.0	2616.0	2652.0
C-97510-5923-1283	240	-7.334973672493248	-8.406318601620375	Very Low	Very Large	Medium E	0.14085681236281025	-1.3373282113154	Linear	Low Density	10.74500073975073	4543.0	2616.0	4542.0
C-97510-5923-1284	240	-7.333435557947796	-8.775466092528747	Very Low	Very Large	Medium E	0.18425483126873085	-1.3370477789558972	Intermediate	Medium Density	10.888342689500965	3108.0	2616.0	3108.0
C-97510-5923-1285	240	-7.334169953832812	-8.599211080125148	Very Low	Very Large	Medium E	0.16353379550674316	-1.337181675596725	Intermediate	Low Density	10.143579294307738	3791.0	2616.0	3790.0
C-97510-5923-1286	240	-7.339106720799386	-7.414387008147258	Very Low	Very Large	High E	0.024242539999833414	-1.3380817575918174	Intermediate	Low Density	10.329191358542598	5221.0	2616.0	5220.0
C-97510-5923-1287	240	-7.334340090014231	-8.558378396584594	Very Low	Very Large	Medium E	0.15873339020557384	-1.3372126951920684	Spherical	Low Density	10.072540581340899	3854.0	2616.0	3853.0
C-97510-5923-1288	240	-7.328895169172148	-9.865159398684169	Low	Very Large	Medium E	0.31236224596578516	-1.3362199654870113	Linear	Low Density	10.642449827538536	691.0	2616.0	691.0
C-97510-5923-129	240	-7.334399307205422	-8.544166270698572	Very Low	Very Large	Medium E	0.1570625726513917	-1.3372234917980157	Intermediate	Low Density	10.213699903812286	4048.0	2616.0	4047.0
C-97510-5923-1290	240	-7.32359732528229	-11.13664193225022	Medium	Very Large	Low E	0.4618413143306408	-1.3352540511689244	Spherical	Low Density	9.928716368165682	156.0	2616.0	156.0
C-97510-5923-1291	240	-7.331257113453167	-9.29829277123982	Low	Very Large	Medium E	0.24571980840125238	-1.3366506002597585	Linear	Low Density	10.235522406505055	1075.0	2616.0	1075.0
C-97510-5923-1292	240	-7.331835978186919	-9.159365235139378	Low	Very Large	Medium E	0.22938709590358944	-1.3367561401258232	Spherical	Low Density	10.266856638233092	1212.0	2616.0	1212.0
C-97510-5923-1293	240	-7.330243167827892	-9.54163972130568	Low	Very Large	Medium E	0.2743283613502771	-1.3364657355076868	Intermediate	Low Density	10.326054588561826	990.0	2616.0	990.0
C-97510-5923-1294	240	-7.335257540100598	-8.338190375856275	Very Low	Very Large	Medium E	0.13284746622732382	-1.3373799666694801	Spherical	Low Density	10.689252178251612	4886.0	2616.0	4885.0
C-97510-5923-1295	240	-7.334640853206982	-8.486195230324265	Very Low	Very Large	Medium E	0.15024733384273425	-1.3372675309856992	Intermediate	Low Density	10.035254457253956	4293.0	2616.0	4292.0
C-97510-5923-1296	240	-7.335551574676332	-8.267622077680246	Very Low	Very Large	Medium E	0.12455125830548137	-1.3374335756871518	Linear	Low Density	10.465509683050952	5027.0	2616.0	5026.0
C-97510-5923-1297	240	-7.333372806733041	-8.790526384070098	Very Low	Very Large	Medium E	0.18602536156659594	-1.337036338019156	Intermediate	Low Density	10.217052030148459	2981.0	2616.0	2981.0
C-97510-5923-1298	240	-7.334237106799201	-8.583094368191732	Very Low	Very Large	Medium E	0.16163906945167053	-1.3371939190703126	Linear	Low Density	10.68738455398987	3807.0	2616.0	3806.0
C-97510-5923-1299	240	-7.336751159197399	-7.979721792624367	Very Low	Very Large	Medium E	0.09070488978992958	-1.3376522865228697	Spherical	Low Density	10.596882547413909	5164.0	2616.0	5163.0
C-97510-5923-13	240	-7.336519294422129	-8.035369338688978	Very Low	Very Large	Medium E	0.09724697206235446	-1.3376100124372325	Linear	Low Density	10.018599623350509	5141.0	2616.0	5140.0
C-97510-5923-130	240	-7.334294093817982	-8.569417483684553	Very Low	Very Large	Medium E	0.1600311763817216	-1.3372043090664185	Spherical	Low Density	10.405714953026312	3820.0	2616.0	3819.0
C-97510-5923-1300	240	-7.327068748831689	-10.30350028039476	Low	Very Large	Low E	0.3638948348095378	-1.3358869685934878	Intermediate	Low Density	10.01479777536608	436.0	2616.0	436.0
C-97510-5923-1301	240	-7.334363820921828	-8.552682978761133	Very Low	Very Large	Medium E	0.1580638208424833	-1.3372170218622963	Intermediate	Low Density	10.345369492841069	3890.0	2616.0	3889.0
C-97510-5923-1304	240	-7.332565095210509	-8.984377149477977	Low	Very Large	Medium E	0.20881500361831065	-1.3368890743132564	Linear	Low Density	10.75415714039418	1904.0	2616.0	1904.0
C-97510-5923-1305	240	-7.332766434070095	-8.936055823177243	Low	Very Large	Medium E	0.20313421237902562	-1.3369257828481442	Intermediate	Low Density	10.133451699590795	2277.0	2616.0	2277.0
C-97510-5923-1306	240	-7.334436549965099	-8.535228008376281	Very Low	Very Large	Medium E	0.1560117653540068	-1.337230281978241	Intermediate	Low Density	10.460727980099849	4156.0	2616.0	4155.0
C-97510-5923-1308	240	-7.335382322835191	-8.308242519553929	Very Low	Very Large	Medium E	0.1293267118784497	-1.3374027173266338	Linear	Low Density	10.174990985605337	4936.0	2616.0	4935.0
C-97510-5923-1309	240	-7.320866864073947	-11.79195262225271	Medium	Very Large	Low E	0.5388814850330884	-1.3347562275956084	Spherical	Low Density	10.322356212268328	41.0	2616.0	41.0
C-97510-5923-1310	240	-7.335109521896483	-8.373714744844195	Very Low	Very Large	Medium E	0.13702381111635117	-1.337352979671436	Linear	Low Density	10.682647449904765	4666.0	2616.0	4665.0
C-97510-5923-1311	240	-7.331869438953566	-9.151334651143992	Low	Very Large	Medium E	0.22844299782724226	-1.3367622407649267	Intermediate	Low Density	10.291574252255941	1240.0	2616.0	1240.0
C-97510-5923-1312	240	-7.333352817730129	-8.795323744769028	Very Low	Very Large	Medium E	0.18658935280435499	-1.3370326935810564	Intermediate	Low Density	9.861928218486826	2973.0	2616.0	2973.0
C-97510-5923-1313	240	-7.334390715419934	-8.546228299215825	Very Low	Very Large	Medium E	0.157304990532533	-1.337221925325165	Linear	Low Density	10.21955291191428	4013.0	2616.0	4012.0
C-97510-5923-1314	240	-7.3298886075924194	-9.626734177819438	Low	Very Large	Medium E	0.2843323053659126	-1.3364010913212614	Spherical	Low Density	10.340753150845991	881.0	2616.0	881.0
C-97510-5923-1315	240	-7.334036389358917	-8.631266553859799	Very Low	Very Large	Medium E	0.16730232729808342	-1.3371573238339314	Intermediate	Low Density	10.094394458257618	3611.0	2616.0	3611.0
C-97510-5923-1316	240	-7.334622698640289	-8.490552326330608	Very Low	Very Large	Medium E	0.15075956632300372	-1.3372642210059655	Linear	Low Density	10.281351624816155	4248.0	2616.0	4247.0
C-97510-5923-1317	240	-7.332699805046177	-8.952046788917384	Low	Very Large	Medium E	0.20501415535740433	-1.3369136349008774	Intermediate	Low Density	10.281601413500336	2100.0	2616.0	2100.0
C-97510-5923-1318	240	-7.336519271476424	-8.035374845658106	Very Low	Very Large	Medium E	0.09724761947718855	-1.337610008253722	Intermediate	Low Density	10.576373817236638	5133.0	2616.0	5132.0
C-97510-5923-132	240	-7.335186154703053	-8.355322871267202	Very Low	Very Large	Medium E	0.134861610649422	-1.3373669515299205	Intermediate	Low Density	10.27624952659485	4786.0	2616.0	4785.0
C-97510-5923-1320	240	-7.332565071237189	-8.984382903074366	Low	Very Large	Medium E	0.20881568002733922	-1.3368890699423892	Spherical	Low Density	10.102871739899761	1846.0	2616.0	1846.0
C-97510-5923-1321	240	-7.328895195508291	-9.865153078010223	Low	Very Large	Medium E	0.31236150288950576	-1.3362199702886737	Linear	Low Density	10.517150645669235	717.0	2616.0	717.0
C-97510-5923-1322	240	-7.323597530320517	-11.13659272307594	Medium	Very Large	Low E	0.4618355291614855	-1.3352540885519357	Linear	Low Density	10.020814907764777	242.0	2616.0	242.0
C-97510-5923-1323	240	-7.333272088118799	-8.814698851488103	Very Low	Very Large	Medium E	0.18886714492919476	-1.3370179747842972	Spherical	Low Density	10.348374997928225	2812.0	2616.0	2812.0
C-97510-5923-1324	240	-7.3327664057882	-8.936062610832021	Low	Very Large	Medium E	0.20313501035484582	-1.3369257776917283	Linear	Low Density	10.529079524391017	2245.0	2616.0	2245.0
C-97510-5923-1326	240	-7.335134457780271	-8.367730132734815	Very Low	Very Large	Medium E	0.13632024325837264	-1.3373575260355204	Spherical	Low Density	10.110918411380915	4729.0	2616.0	4728.0
C-97510-5923-1327	240	-7.335202663908015	-8.351360662076594	Very Low	Very Large	Medium E	0.13439580217556574	-1.3373699615237564	Linear	Low Density	10.392083363827945	4799.0	2616.0	4798.0
C-97510-5923-1328	240	-7.328806183556574	-9.886515946422476	Low	Very Large	Medium E	0.31487298187843205	-1.3362037414377614	Spherical	Low Density	10.161888400097546	595.0	2616.0	595.0
C-97510-5923-1329	240	-7.334565883564194	-8.504187944593433	Very Low	Very Large	Medium E	0.1523626080170161	-1.3372538623588206	Intermediate	Low Density	10.393200425496635	4236.0	2616.0	4235.0
C-97510-5923-1330	240	-7.335224330437733	-8.34616069494397	Very Low	Very Large	Medium E	0.13378447939135418	-1.3373739118121595	Intermediate	Low Density	10.341267424155937	4834.0	2616.0	4833.0
C-97510-5923-1331	240	-7.337026415563295	-7.913660264809412	Very Low	Very Large	Medium E	0.08293851048713749	-1.3377024718568453	Linear	Low Density	10.219428076793703	5177.0	2616.0	5176.0
C-97510-5923-1332	240	-7.337387027619918	-7.827113371219719	Very Low	Very Large	Medium E	0.07276381387738672	-1.337768219424348	Linear	Low Density	10.263713895024095	5198.0	2616.0	5197.0
C-97510-5923-1333	240	-7.333282327237163	-8.812241463080671	Very Low	Very Large	Medium E	0.1885782474256585	-1.337019841602429	Linear	Medium Density	10.79130179619536	2842.0	2616.0	2842.0
C-97510-5923-1334	240	-7.334440859851639	-8.534193635606705	Very Low	Very Large	Medium E	0.15589016157744537	-1.3372310677660453	Linear	Low Density	10.583280665658936	4172.0	2616.0	4171.0
C-97510-5923-1335	240	-7.332113852136396	-9.092675487265172	Low	Very Large	Medium E	0.22154686128093712	-1.3368068027032798	Linear	Low Density	10.125469301575215	1355.0	2616.0	1355.0
C-97510-5923-1336	240	-7.335224341723913	-8.346157986260817	Very Low	Very Large	Medium E	0.13378416095092718	-1.3373739138698801	Intermediate	Low Density	10.357402999024542	4837.0	2616.0	4836.0
C-97510-5923-1337	240	-7.334672048855318	-8.478708274723575	Very Low	Very Large	Medium E	0.14936714625183328	-1.3372732186435494	Intermediate	Low Density	10.445666800093566	4337.0	2616.0	4336.0
C-97510-5923-134	240	-7.336519236625437	-8.035383209895242	Very Low	Very Large	Medium E	0.09724860280043748	-1.3376100018996149	Spherical	Low Density	10.638951927556947	5124.0	2616.0	5123.0
C-97510-5923-1341	240	-7.330732363079159	-9.424232861001917	Low	Very Large	Medium E	0.26052568012219274	-1.336554926640412	Intermediate	Low Density	10.573603953055004	1021.0	2616.0	1021.0
C-97510-5923-1342	240	-7.332508669737359	-8.997919263033904	Low	Very Large	Medium E	0.21040705263557935	-1.3368787866993603	Intermediate	Medium Density	10.797678131250828	1522.0	2616.0	1522.0
C-97510-5923-1343	240	-7.326825788681284	-10.36181071649178	Low	Very Large	Low E	0.3707499739354365	-1.3358426715751386	Intermediate	Low Density	10.350511570575572	392.0	2616.0	392.0
C-97510-5923-1344	240	-7.333372839385886	-8.790518547387416	Very Low	Very Large	Medium E	0.18602444026409393	-1.337036343972493	Intermediate	Low Density	10.462676428417717	2983.0	2616.0	2983.0
C-97510-5923-1345	240	-7.328895217672556	-9.86514775858648	Low	Very Large	Medium E	0.31236087752308017	-1.33621997432971	Intermediate	Low Density	10.54731506273375	738.0	2616.0	738.0
C-97510-5923-1346	240	-7.334414555896711	-8.54050658478928	Very Low	Very Large	Medium E	0.15663232966670762	-1.3372262719722816	Spherical	Low Density	10.343116351194736	4099.0	2616.0	4098.0
C-97510-5923-1347	240	-7.3288951318213185	-9.865168362883464	Low	Very Large	Medium E	0.3123632998222694	-1.3362199586771275	Linear	Low Density	10.247701727656903	642.0	2616.0	642.0
C-97510-5923-1349	240	-7.33413248559448	-8.608203457324755	Very Low	Very Large	Medium E	0.1645909647015398	-1.3371748443067453	Linear	Low Density	9.882847472850221	3782.0	2616.0	3781.0
C-97510-5923-135	240	-7.322934181402514	-11.29579646339646	Medium	Very Large	Low E	0.4805519693445689	-1.3351331453472837	Intermediate	Low Density	10.675226600692444	136.0	2616.0	136.0
C-97510-5923-1350	240	-7.332766423389738	-8.936058386463	Low	Very Large	Medium E	0.20313451372611205	-1.3369257809008785	Linear	Low Density	10.076586000732458	2267.0	2616.0	2267.0
C-97510-5923-1351	240	-7.335766544193809	-8.216029393485869	Very Low	Very Large	Medium E	0.11848587701692041	-1.3374727693929687	Spherical	Low Density	10.116145635530241	5052.0	2616.0	5051.0
C-97510-5923-1352	240	-7.335611464991122	-8.25324840213055	Very Low	Very Large	Medium E	0.12286144851775845	-1.3374444950184445	Spherical	Low Density	10.504039068715478	5035.0	2616.0	5034.0
C-97510-5923-1353	240	-7.329976070761567	-9.605743017223912	Low	Very Large	Medium E	0.2818645253950093	-1.3364170377947968	Linear	Low Density	10.282988682079523	912.0	2616.0	912.0
C-97510-5923-1355	240	-7.323597501026624	-11.13659975361026	Medium	Very Large	Low E	0.46183635569089493	-1.3352540832110102	Linear	Low Density	10.430663198500147	236.0	2616.0	236.0
C-97510-5923-1358	240	-7.333188845391585	-8.834677106019615	Very Low	Very Large	Medium E	0.19121584480991005	-1.3370027977908328	Intermediate	Low Density	10.28685567078594	2546.0	2616.0	2546.0
C-97510-5923-1359	240	-7.332565023165108	-8.984394440374029	Low	Very Large	Medium E	0.20881703638477356	-1.3368890611777835	Intermediate	Low Density	10.003140325877247	1664.0	2616.0	1664.0
C-97510-5923-136	240	-7.32383276265989	-11.0801369616263	Medium	Very Large	Low E	0.45519843081169165	-1.3352969766191196	Linear	Low Density	10.195107513426144	258.0	2616.0	258.0
C-97510-5923-1360	240	-7.328895091257211	-9.865178098269212	Low	Very Large	Medium E	0.3123644443416519	-1.336219951281392	Spherical	Low Density	10.216154997817695	616.0	2616.0	616.0
C-97510-5923-1362	240	-7.332543360942075	-8.989593373901917	Low	Very Large	Medium E	0.20942823765552118	-1.3368851116745848	Intermediate	Low Density	10.424473521737278	1540.0	2616.0	1540.0
C-97510-5923-1363	240	-7.332327419668704	-9.041419279510984	Low	Very Large	Medium E	0.21552103711056567	-1.3368457407961385	Linear	Low Density	10.668624124587007	1463.0	2616.0	1463.0
C-97510-5923-1364	240	-7.3335736506411004	-8.742323846135765	Very Low	Very Large	Medium E	0.18035853542229316	-1.3370729563134145	Linear	Low Density	10.3744905926606	3200.0	2616.0	3200.0
C-97510-5923-1365	240	-7.332766280556309	-8.936092666485754	Low	Very Large	Medium E	0.20313854378216661	-1.33692575485918	Spherical	Low Density	10.066605631281586	2150.0	2616.0	2150.0
C-97510-5923-1366	240	-7.335480947542012	-8.284572589916998	Very Low	Very Large	Medium E	0.126544008272989	-1.3374206987957782	Linear	Low Density	10.67885662946929	4966.0	2616.0	4965.0
C-97510-5923-1368	240	-7.334640905082039	-8.486182780310557	Very Low	Very Large	Medium E	0.15024587018405092	-1.3372675404436714	Spherical	Low Density	10.567866325523237	4313.0	2616.0	4312.0
C-97510-5923-1369	240	-7.326825839430787	-10.36179853661107	Low	Very Large	Low E	0.37074854203436636	-1.3358426808278974	Intermediate	Low Density	10.299972119811276	396.0	2616.0	396.0
C-97510-5923-137	240	-7.332601402539852	-8.975663390435518	Low	Very Large	Medium E	0.20779058955896101	-1.3368956939438066	Intermediate	Low Density	10.551503948729444	1971.0	2616.0	1971.0
C-97510-5923-1370	240	-7.332630685273063	-8.96863553446468	Low	Very Large	Medium E	0.2069643750138285	-1.3369010328348478	Spherical	Low Density	10.50712721582256	2047.0	2616.0	2047.0
C-97510-5923-1372	240	-7.332766382500371	-8.936068199910673	Low	Very Large	Medium E	0.20313566742270003	-1.336925773445841	Spherical	Low Density	10.422954464872156	2211.0	2616.0	2211.0
C-97510-5923-1373	240	-7.33295612445375	-8.8905301311	Very Low	Very Large	Medium E	0.19778208377425627	-1.3369603676077908	Intermediate	Low Density	10.640613066388429	2396.0	2616.0	2396.0
C-97510-5923-1374	240	-7.331261908812442	-9.297141885013945	Low	Very Large	Medium E	0.24558450697452022	-1.3366514745599984	Linear	Low Density	10.54906143786638	1094.0	2616.0	1094.0
C-97510-5923-1375	240	-7.334104452321458	-8.614931442849976	Very Low	Very Large	Medium E	0.16538192563237689	-1.337169733219979	Spherical	Low Density	10.17396891858504	3768.0	2616.0	3767.0
C-97510-5923-1376	240	-7.334082721377834	-8.620146869319758	Very Low	Very Large	Medium E	0.16599506585980203	-1.337165771187494	Intermediate	Low Density	10.626891305366474	3733.0	2616.0	3732.0
C-97510-5923-1377	240	-7.332565023699649	-8.984394312084065	Low	Very Large	Medium E	0.20881702130265012	-1.3368890612752422	Linear	Low Density	10.695680954480535	1666.0	2616.0	1666.0
C-97510-5923-1379	240	-7.33256503598071	-8.984391364629609	Low	Very Large	Medium E	0.2088166747915907	-1.3368890635143518	Spherical	Low Density	10.469885134851358	1717.0	2616.0	1717.0
C-97510-5923-138	240	-7.331584942750976	-9.219613739765732	Low	Very Large	Medium E	0.2364700798252392	-1.3367103708040076	Linear	Low Density	10.167820802318461	1139.0	2616.0	1139.0
C-97510-5923-1380	240	-7.335795600853183	-8.209055795236086	Very Low	Very Large	Medium E	0.11766604116229606	-1.3374780670657407	Linear	Low Density	10.371902197071796	5061.0	2616.0	5060.0
C-97510-5923-1381	240	-7.334640860729069	-8.486193425023483	Very Low	Very Large	Medium E	0.15024712160647866	-1.3372675323571424	Linear	Low Density	10.432238259178803	4296.0	2616.0	4295.0
C-97510-5923-1382	240	-7.333513799999704	-8.756688000071106	Very Low	Very Large	Medium E	0.18204722582220162	-1.3370620442154604	Intermediate	Low Density	10.318107478850655	3159.0	2616.0	3159.0
C-97510-5923-1383	240	-7.335551533219085	-8.267632027419499	Very Low	Very Large	Medium E	0.12455242802487082	-1.3374335681285772	Intermediate	Low Density	10.7310307400256	5023.0	2616.0	5022.0
C-97510-5923-1384	240	-7.333664140026848	-8.7206063935565	Very Low	Very Large	Medium E	0.17780537051981402	-1.3370894545332839	Linear	Low Density	10.219178860014496	3340.0	2616.0	3340.0
C-97510-5923-1386	240	-7.332565018155083	-8.984395642779846	Low	Very Large	Medium E	0.208817177742993	-1.336889060264345	Linear	Low Density	10.243445034811577	1643.0	2616.0	1643.0
C-97510-5923-1387	240	-7.333352861956007	-8.795313130558055	Very Low	Very Large	Medium E	0.1865881049678409	-1.337032701644414	Intermediate	Low Density	10.419721200611779	2974.0	2616.0	2974.0
C-97510-5923-1389	240	-7.334081383075494	-8.620468061881398	Very Low	Very Large	Medium E	0.16603282616213288	-1.3371655271853267	Spherical	Low Density	10.109152592362042	3679.0	2616.0	3678.0
C-97510-5923-139	240	-7.332565049230951	-8.984388184571847	Low	Very Large	Medium E	0.20881630093503561	-1.3368890659301642	Linear	Low Density	10.584739826480968	1770.0	2616.0	1770.0
C-97510-5923-1390	240	-7.332601579453936	-8.975620931055293	Low	Very Large	Medium E	0.2077855979146153	-1.3368957261991639	Spherical	Low Density	10.083247893778086	2020.0	2616.0	2020.0
C-97510-5923-1391	240	-7.333372905201494	-8.790502751641506	Very Low	Very Large	Medium E	0.18602258327170543	-1.3370363559721365	Linear	Low Density	10.293737411391945	3036.0	2616.0	3036.0
C-97510-5923-1392	240	-7.335113985016918	-8.372643595939765	Very Low	Very Large	Medium E	0.13689788383376325	-1.3373537933971746	Spherical	Low Density	10.403290589596953	4696.0	2616.0	4695.0
C-97510-5923-1394	240	-7.3355032595558685	-8.279217706591472	Very Low	Very Large	Medium E	0.12591447310474224	-1.3374247667702404	Linear	Low Density	10.33237384260193	4975.0	2616.0	4974.0
C-97510-5923-1395	240	-7.335239568643106	-8.342503525654267	Very Low	Very Large	Medium E	0.13335453226759153	-1.3373766900746105	Spherical	Low Density	10.351847345974246	4870.0	2616.0	4869.0
C-97510-5923-1398	240	-7.333690852872537	-8.714195310591164	Very Low	Very Large	Medium E	0.17705166554661836	-1.3370943248768925	Linear	Low Density	10.063719477502776	3371.0	2616.0	3371.0
C-97510-5923-14	240	-7.32889509178817	-9.86517797083914	Low	Very Large	Medium E	0.31236442936059555	-1.3362199513781976	Linear	Low Density	10.572891922606644	617.0	2616.0	617.0
C-97510-5923-140	240	-7.333678093155222	-8.717257642746736	Very Low	Very Large	Medium E	0.17741168194129872	-1.3370919984977265	Spherical	Low Density	10.500230794830156	3363.0	2616.0	3363.0
C-97510-5923-1400	240	-7.328459748401103	-9.969660383735045	Low	Very Large	Medium E	0.3246476761437112	-1.3361405786334368	Spherical	Low Density	10.102688982838831	547.0	2616.0	547.0
C-97510-5923-1401	240	-7.333969446487077	-8.647332843101337	Very Low	Very Large	Medium E	0.16919112551945253	-1.3371451186652348	Intermediate	Low Density	10.462014500256839	3533.0	2616.0	3533.0
C-97510-5923-1402	240	-7.334364779544131	-8.552452909408414	Very Low	Very Large	Medium E	0.15803677324127186	-1.337217196640381	Spherical	Low Density	10.131640995753658	3897.0	2616.0	3896.0
C-97510-5923-1403	240	-7.331835930532915	-9.159376672100434	Low	Very Large	Medium E	0.2293884404649458	-1.3367561314374423	Intermediate	Low Density	9.9636252665171	1208.0	2616.0	1208.0
C-97510-5923-1404	240	-7.334081339513218	-8.620478516827706	Very Low	Very Large	Medium E	0.1660340552750768	-1.3371655192429586	Spherical	Low Density	10.418022020686255	3676.0	2616.0	3675.0
C-97510-5923-1405	240	-7.326831412058999	-10.36046110584021	Low	Very Large	Low E	0.3705913099054431	-1.3358436968414853	Linear	Low Density	10.17872948129017	404.0	2616.0	404.0
C-97510-5923-1406	240	-7.332565069084821	-8.98438341964296	Low	Very Large	Medium E	0.2088157407565678	-1.3368890695499647	Intermediate	Low Density	10.590857807043294	1840.0	2616.0	1840.0
C-97510-5923-1407	240	-7.332565043669826	-8.984389519241855	Low	Very Large	Medium E	0.20881645784259753	-1.336889064916248	Intermediate	Low Density	10.162917183270038	1751.0	2616.0	1751.0
C-97510-5923-1409	240	-7.333565422784351	-8.744298531755712	Very Low	Very Large	Medium E	0.1805906850263876	-1.3370714561928358	Intermediate	Low Density	10.283828494435745	3195.0	2616.0	3195.0
C-97510-5923-141	240	-7.334369550291597	-8.551307930016675	Very Low	Very Large	Medium E	0.15790216623861641	-1.3372180664533428	Spherical	Low Density	10.223895116120746	3913.0	2616.0	3912.0
C-97510-5923-1410	240	-7.33125714687297	-9.298284750487282	Low	Very Large	Medium E	0.24571886545897056	-1.336650606352929	Linear	Low Density	10.47343685779672	1082.0	2616.0	1082.0
C-97510-5923-1411	240	-7.332766422724984	-8.936058546003677	Low	Very Large	Medium E	0.20313453248218505	-1.3369257807796793	Linear	Low Density	10.710767241849311	2265.0	2616.0	2265.0
C-97510-5923-1412	240	-7.335106633741966	-8.374407901928253	Very Low	Very Large	Medium E	0.13710530061573728	-1.337352453096879	Intermediate	Low Density	10.217319790956404	4644.0	2616.0	4643.0
C-97510-5923-1413	240	-7.333271182077908	-8.81491630130207	Very Low	Very Large	Medium E	0.18889270894186352	-1.337017809592969	Intermediate	Medium Density	10.807793147896996	2783.0	2616.0	2783.0
C-97510-5923-1414	240	-7.333059045324338	-8.865829122158909	Very Low	Very Large	Medium E	0.19487816358132218	-1.3369791323627738	Linear	Low Density	10.398962779562275	2471.0	2616.0	2471.0
C-97510-5923-1415	240	-7.33126116581264	-9.297320204966407	Low	Very Large	Medium E	0.24560547077045805	-1.336651339094673	Intermediate	Low Density	10.122955522313491	1091.0	2616.0	1091.0
C-97510-5923-1416	240	-7.332733447055197	-8.943972706752767	Low	Very Large	Medium E	0.20406494351373763	-1.336919768584481	Spherical	Low Density	10.28548700061614	2111.0	2616.0	2111.0
C-97510-5923-1417	240	-7.33337293564841	-8.790495444381504	Very Low	Very Large	Medium E	0.18602172420965155	-1.3370363615232839	Linear	Low Density	9.912410881275294	3053.0	2616.0	3053.0
C-97510-5923-1419	240	-7.334437448798218	-8.535012288427417	Very Low	Very Large	Medium E	0.15598640470920283	-1.3372304458554325	Spherical	Low Density	10.105069713445449	4165.0	2616.0	4164.0
C-97510-5923-142	240	-7.333321919990192	-8.802739202353965	Very Low	Very Large	Medium E	0.18746113488708294	-1.3370270602385077	Spherical	Low Density	10.475339990241295	2937.0	2616.0	2937.0
C-97510-5923-1420	240	-7.332714831567344	-8.948440423837315	Low	Very Large	Medium E	0.20459018091959658	-1.336916374568608	Intermediate	Low Density	10.321889514893272	2105.0	2616.0	2105.0
C-97510-5923-1421	240	-7.328895178707799	-9.86515711012806	Low	Very Large	Medium E	0.31236197691665607	-1.3362199672255717	Spherical	Low Density	10.338493153140591	701.0	2616.0	701.0
C-97510-5923-1422	240	-7.33439214894007	-8.545884254383012	Very Low	Very Large	Medium E	0.15726454365283582	-1.3372221866876464	Spherical	Low Density	10.691941610903694	4018.0	2616.0	4017.0
C-97510-5923-1423	240	-7.335262272210337	-8.33705466951918	Very Low	Very Large	Medium E	0.13271394939106915	-1.3373808294379281	Intermediate	Low Density	10.541248939284266	4890.0	2616.0	4889.0
C-97510-5923-1424	240	-7.332565006219046	-8.984398507428638	Low	Very Large	Medium E	0.20881751451918626	-1.3368890580881412	Intermediate	Low Density	10.454091031318013	1614.0	2616.0	1614.0
C-97510-5923-1426	240	-7.335186069655744	-8.355343282621334	Very Low	Very Large	Medium E	0.1348640102657331	-1.3373669360239118	Spherical	Medium Density	10.801182274062327	4785.0	2616.0	4784.0
C-97510-5923-1427	240	-7.332766443837498	-8.936053479000432	Low	Very Large	Medium E	0.20313393679101016	-1.3369257846289582	Intermediate	Low Density	10.317412260024843	2291.0	2616.0	2291.0
C-97510-5923-1428	240	-7.335753278673409	-8.219213118381713	Very Low	Very Large	Medium E	0.11886016468411394	-1.3374703507946941	Spherical	Low Density	10.383603113393322	5051.0	2616.0	5050.0
C-97510-5923-1429	240	-7.335064885910355	-8.384427381514785	Very Low	Very Large	Medium E	0.1382832188604503	-1.3373448415422275	Intermediate	Low Density	10.713590705200252	4621.0	2616.0	4620.0
C-97510-5923-143	240	-7.328895276135277	-9.865133727533385	Low	Very Large	Medium E	0.312359227992963	-1.3362199849887595	Linear	Low Density	10.238905006225453	759.0	2616.0	759.0
C-97510-5923-1430	240	-7.33511387182374	-8.372670762302214	Very Low	Very Large	Medium E	0.13690107758787706	-1.3373537727595504	Linear	Low Density	10.17128596024704	4681.0	2616.0	4680.0
C-97510-5923-1431	240	-7.333653049292033	-8.723268169912181	Very Low	Very Large	Medium E	0.17811829644630242	-1.337087432446605	Linear	Low Density	10.277748744124345	3317.0	2616.0	3317.0
C-97510-5923-1432	240	-7.332337638408305	-9.038966782006714	Low	Very Large	Medium E	0.21523271459536858	-1.3368476038987702	Linear	Low Density	10.400476415825466	1472.0	2616.0	1472.0
C-97510-5923-1433	240	-7.328895186645164	-9.86515520516062	Low	Very Large	Medium E	0.3123617529632866	-1.3362199686727292	Spherical	Low Density	10.198175556513421	710.0	2616.0	710.0
C-97510-5923-1434	240	-7.335113912202525	-8.37266107139413	Very Low	Very Large	Medium E	0.13689993829739341	-1.3373537801214974	Spherical	Low Density	10.17897597715364	4686.0	2616.0	4685.0
C-97510-5923-1435	240	-7.334038193882033	-8.630833468312135	Very Low	Very Large	Medium E	0.16725141254109852	-1.3371576528384757	Intermediate	Low Density	10.26009255008794	3621.0	2616.0	3621.0
C-97510-5923-1437	240	-7.335440244832137	-8.29434124028721	Very Low	Very Large	Medium E	0.1276924383284223	-1.3374132777899743	Intermediate	Low Density	10.514512809805144	4952.0	2616.0	4951.0
C-97510-5923-1438	240	-7.32957155831801	-9.702826003677536	Low	Very Large	Medium E	0.2932778747616426	-1.3363432862141165	Spherical	Low Density	10.26685240874252	823.0	2616.0	823.0
C-97510-5923-1439	240	-7.334347418840616	-8.5566194782522	Very Low	Very Large	Medium E	0.158526606811613	-1.3372140313994931	Intermediate	Low Density	10.068955393925322	3859.0	2616.0	3858.0
C-97510-5923-144	240	-7.335224193297004	-8.346193608719007	Very Low	Very Large	Medium E	0.13378834882745522	-1.337373886808366	Spherical	Low Density	10.46226399768441	4817.0	2616.0	4816.0
C-97510-5923-1440	240	-7.33488677166049	-8.427174801482291	Very Low	Very Large	Medium E	0.14330872596972014	-1.3373123673682472	Intermediate	Low Density	9.881882782836438	4521.0	2616.0	4520.0
C-97510-5923-1441	240	-7.336224876513768	-8.106029636695771	Very Low	Very Large	Medium E	0.10555399574345256	-1.3375563335295297	Spherical	Low Density	10.44609863560235	5102.0	2616.0	5101.0
C-97510-5923-1442	240	-7.332601410186154	-8.975661555323011	Low	Very Large	Medium E	0.20779037381796114	-1.336895695337897	Spherical	Low Density	10.320759049427037	1973.0	2616.0	1973.0
C-97510-5923-1444	240	-7.333419441192031	-8.779334113912759	Very Low	Very Large	Medium E	0.1847095667586734	-1.3370448405142445	Linear	Low Density	10.479590934126078	3099.0	2616.0	3099.0
C-97510-5923-1445	240	-7.334640845706589	-8.48619703041851	Very Low	Very Large	Medium E	0.15024754546689884	-1.3372675296182113	Intermediate	Low Density	10.278577064168559	4289.0	2616.0	4288.0
C-97510-5923-1446	240	-7.33388396275927	-8.667848937775217	Very Low	Very Large	Medium E	0.17160305540237725	-1.3371295330877113	Intermediate	Low Density	10.730194554171804	3445.0	2616.0	3445.0
C-97510-5923-1448	240	-7.333372942211047	-8.790493869348714	Very Low	Very Large	Medium E	0.18602153904435906	-1.3370363627197979	Linear	Low Density	10.450740809105964	3058.0	2616.0	3058.0
C-97510-5923-1449	240	-7.33281132379529	-8.925282289130285	Low	Very Large	Medium E	0.20186764536784632	-1.3369339672396066	Intermediate	Low Density	10.576489413408575	2347.0	2616.0	2347.0
C-97510-5923-145	240	-7.33189130969619	-9.146085672914197	Low	Very Large	Medium E	0.2278259131603743	-1.3367662282858668	Linear	Low Density	10.297967726651375	1250.0	2616.0	1250.0
C-97510-5923-1450	240	-7.335503320241773	-8.279203141974515	Very Low	Very Large	Medium E	0.12591276084733594	-1.3374247778346253	Linear	Low Density	10.111596736391004	5003.0	2616.0	5002.0
C-97510-5923-1451	240	-7.328895256705105	-9.86513839077479	Low	Very Large	Medium E	0.3123597762167229	-1.3362199814462088	Spherical	Low Density	10.18636672202888	756.0	2616.0	756.0
C-97510-5923-1452	240	-7.332601446448665	-8.97565285232034	Low	Very Large	Medium E	0.20778935066844867	-1.3368957019493561	Intermediate	Medium Density	10.88333184509799	1978.0	2616.0	1978.0
C-97510-5923-1453	240	-7.334406492435383	-8.542441815508012	Very Low	Very Large	Medium E	0.15685984084147248	-1.3372248018246307	Spherical	Low Density	9.893262047680066	4077.0	2616.0	4076.0
C-97510-5923-1454	240	-7.335291074595366	-8.330142097111992	Very Low	Very Large	Medium E	0.13190128790644823	-1.3373860807508535	Spherical	Low Density	10.262752090050325	4908.0	2616.0	4907.0
C-97510-5923-1455	240	-7.33302991986431	-8.872819232565748	Very Low	Very Large	Medium E	0.1956999406516096	-1.3369738221461183	Intermediate	Low Density	10.503442926905901	2447.0	2616.0	2447.0
C-97510-5923-1457	240	-7.333017244706441	-8.875861270454148	Very Low	Very Large	Medium E	0.1960575711950979	-1.336971511184013	Intermediate	Low Density	10.29315592715215	2442.0	2616.0	2442.0
C-97510-5923-1458	240	-7.333936894687799	-8.655145274928108	Very Low	Very Large	Medium E	0.1701095770123393	-1.3371391837510214	Spherical	Low Density	10.288950165614184	3501.0	2616.0	3501.0
C-97510-5923-1459	240	-7.333289438915787	-8.810534660211081	Very Low	Very Large	Medium E	0.18837759087229594	-1.3370211382190056	Spherical	Low Density	10.478301400426105	2862.0	2616.0	2862.0
C-97510-5923-146	240	-7.324763215399179	-10.85682830419691	Medium	Very Large	Low E	0.4289456359921367	-1.3354666187682407	Linear	Low Density	10.284160608685134	317.0	2616.0	317.0
C-97510-5923-1460	240	-7.336376780078582	-8.069572781140277	Very Low	Very Large	Medium E	0.10126802510676589	-1.3375840289149115	Spherical	Low Density	10.464737266925972	5109.0	2616.0	5108.0
C-97510-5923-1461	240	-7.332565048484127	-8.984388363809614	Low	Very Large	Medium E	0.20881632200672978	-1.3368890657940018	Spherical	Low Density	10.418602482394421	1766.0	2616.0	1766.0
C-97510-5923-1462	240	-7.334531741235807	-8.512382103406338	Very Low	Very Large	Medium E	0.15332593640969014	-1.3372476374559117	Spherical	Low Density	10.48274778422812	4218.0	2616.0	4217.0
C-97510-5923-1463	240	-7.335186996616314	-8.355120812084522	Very Low	Very Large	Medium E	0.1348378560027209	-1.3373671050293612	Spherical	Low Density	10.65645331702627	4787.0	2616.0	4786.0
C-97510-5923-1464	240	-7.334767490648416	-8.455802244380084	Very Low	Very Large	Medium E	0.1466742487992143	-1.3372906197970025	Intermediate	Low Density	10.295648860719151	4380.0	2616.0	4379.0
C-97510-5923-1466	240	-7.335229772493104	-8.34485460165491	Very Low	Very Large	Medium E	0.1336309313850846	-1.3373749040194256	Spherical	Low Density	10.199506687509295	4846.0	2616.0	4845.0
C-97510-5923-1467	240	-7.32992408974884	-9.618218460278213	Low	Very Large	Medium E	0.2833311736233538	-1.3364075605045056	Spherical	Low Density	10.214790713578939	887.0	2616.0	887.0
C-97510-5923-1468	240	-7.331782047811189	-9.17230852531444	Low	Very Large	Medium E	0.23090874555734167	-1.3367463074234673	Linear	Low Density	10.148908719934692	1165.0	2616.0	1165.0
C-97510-5923-1470	240	-7.333461682176419	-8.769196277659379	Very Low	Very Large	Medium E	0.18351773417083475	-1.3370525419815735	Spherical	Low Density	10.256379495050869	3115.0	2616.0	3115.0
C-97510-5923-1472	240	-7.331930978789687	-9.13656509047505	Low	Very Large	Medium E	0.22670664666968202	-1.3367734608405042	Intermediate	Low Density	10.447711730030477	1272.0	2616.0	1272.0
C-97510-5923-1473	240	-7.335224116896083	-8.346211944940102	Very Low	Very Large	Medium E	0.13379050448525723	-1.3373738728787854	Intermediate	Low Density	10.144674895464636	4811.0	2616.0	4810.0
C-97510-5923-1474	240	-7.335465371543918	-8.288310829459538	Very Low	Very Large	Medium E	0.1269834862440933	-1.3374178589462298	Intermediate	Low Density	10.638702809228253	4960.0	2616.0	4959.0
C-97510-5923-1475	240	-7.333745879475026	-8.700988925993954	Very Low	Very Large	Medium E	0.17549908577146572	-1.337104357445674	Linear	Low Density	10.532060203308626	3387.0	2616.0	3387.0
C-97510-5923-1476	240	-7.336519266820965	-8.035375962968297	Very Low	Very Large	Medium E	0.09724775083129697	-1.3376100074049289	Intermediate	Low Density	10.546761685458765	5132.0	2616.0	5131.0
C-97510-5923-1477	240	-7.332564993826174	-8.98440148171818	Low	Very Large	Medium E	0.20881786418502676	-1.336889055828646	Spherical	Low Density	10.093394130972328	1580.0	2616.0	1580.0
C-97510-5923-1478	240	-7.331122427306766	-9.33061744637616	Low	Very Large	Medium E	0.24951998826767588	-1.3366260439912159	Linear	Low Density	10.122612533965095	1042.0	2616.0	1042.0
C-97510-5923-1479	240	-7.331418896798564	-9.259464768344731	Low	Very Large	Medium E	0.24115507900385172	-1.3366800969480332	Linear	Low Density	10.220789191817993	1106.0	2616.0	1106.0
C-97510-5923-148	240	-7.334785416376872	-8.451500069550777	Very Low	Very Large	Medium E	0.14616847300721678	-1.3372938880544554	Linear	Low Density	10.095119152925239	4469.0	2616.0	4468.0
C-97510-5923-1480	240	-7.332405188832322	-9.022754680242713	Low	Very Large	Medium E	0.2133267742430954	-1.3368599198376896	Intermediate	Low Density	10.527119781607457	1489.0	2616.0	1489.0
C-97510-5923-1481	240	-7.32412989495294	-11.00882521129428	Medium	Very Large	Low E	0.44681482056011934	-1.33535115041929	Spherical	Low Density	10.251066718269824	298.0	2616.0	298.0
C-97510-5923-1482	240	-7.335229811078923	-8.344845341058342	Very Low	Very Large	Medium E	0.1336298426832667	-1.3373749110544753	Spherical	Low Density	10.35584725083122	4847.0	2616.0	4846.0
C-97510-5923-1483	240	-7.332565030556023	-8.984392666554408	Low	Very Large	Medium E	0.20881682784953232	-1.3368890625253111	Spherical	Low Density	10.143127504465625	1689.0	2616.0	1689.0
C-97510-5923-1484	240	-7.332565070898785	-8.984382984291397	Low	Very Large	Medium E	0.208815689575433	-1.3368890698806906	Intermediate	Low Density	10.353624614332595	1844.0	2616.0	1844.0
C-97510-5923-1485	240	-7.33475806481623	-8.458064444104869	Very Low	Very Large	Medium E	0.146940199371397	-1.3372889012589597	Linear	Low Density	10.414212893220826	4365.0	2616.0	4364.0
C-97510-5923-1486	240	-7.33357366839632	-8.742319584883203	Very Low	Very Large	Medium E	0.18035803445742382	-1.3370729595505844	Spherical	Low Density	10.20913657180636	3201.0	2616.0	3201.0
C-97510-5923-1487	240	-7.332564988200709	-8.984402831829708	Low	Very Large	Medium E	0.20881802290793666	-1.336889054802999	Spherical	Low Density	10.136854007890872	1573.0	2616.0	1573.0
C-97510-5923-1489	240	-7.332564988460016	-8.984402769596329	Low	Very Large	Medium E	0.20881801559158816	-1.3368890548502763	Intermediate	Low Density	10.478643714716195	1574.0	2616.0	1574.0
C-97510-5923-149	240	-7.335148647246674	-8.364324660798035	Very Low	Very Large	Medium E	0.13591988638438648	-1.337360113089622	Spherical	Low Density	10.341545820753353	4749.0	2616.0	4748.0
C-97510-5923-1490	240	-7.334785506308711	-8.451478485909146	Very Low	Very Large	Medium E	0.14616593557354202	-1.3372939044510221	Spherical	Low Density	10.568646109417076	4470.0	2616.0	4469.0
C-97510-5923-1491	240	-7.333708821427558	-8.709882857386267	Very Low	Very Large	Medium E	0.17654468139982007	-1.337097600942577	Spherical	Medium Density	10.91461292506968	3375.0	2616.0	3375.0
C-97510-5923-1492	240	-7.3350905992095505	-8.378256189707882	Very Low	Very Large	Medium E	0.1375577161676074	-1.3373495296463647	Intermediate	Low Density	10.283600318485043	4638.0	2616.0	4637.0
C-97510-5923-1494	240	-7.323597460578197	-11.13660946123263	Medium	Very Large	Low E	0.46183749694633486	-1.3352540758363658	Spherical	Low Density	10.194393164261697	215.0	2616.0	215.0
C-97510-5923-1497	240	-7.334099139325603	-8.61620656185483	Very Low	Very Large	Medium E	0.16553183221458587	-1.337168764543122	Linear	Low Density	10.270045065900822	3765.0	2616.0	3764.0
C-97510-5923-1498	240	-7.321009750694407	-11.75765983334205	Medium	Very Large	Low E	0.5348499281672738	-1.3347822789922585	Intermediate	Low Density	10.780160571659577	45.0	2616.0	45.0
C-97510-5923-1499	240	-7.331267755275565	-9.295738733864289	Low	Very Large	Medium E	0.2454195485727468	-1.3366525404997578	Intermediate	Low Density	10.406515182377216	1098.0	2616.0	1098.0
C-97510-5923-15	240	-7.332565122969916	-8.984370487220149	Low	Very Large	Medium E	0.20881422038452432	-1.3368890793744113	Linear	Medium Density	10.845631052643332	1934.0	2616.0	1934.0
C-97510-5923-150	240	-7.3318429657732755	-9.157688214413836	Low	Very Large	Medium E	0.2291899406229837	-1.3367574141176302	Linear	Low Density	10.032291173418859	1222.0	2616.0	1222.0
C-97510-5923-1500	240	-7.332565003509255	-8.98439915777888	Low	Very Large	Medium E	0.20881759097615965	-1.3368890575940862	Linear	Low Density	10.575075800649115	1610.0	2616.0	1610.0
C-97510-5923-151	240	-7.332565001490965	-8.984399642168299	Low	Very Large	Medium E	0.2088176479223524	-1.3368890572261072	Intermediate	Low Density	10.056314573037044	1603.0	2616.0	1603.0
C-97510-5923-152	240	-7.33324957436778	-8.820102151732629	Very Low	Very Large	Medium E	0.18950237212684123	-1.3370138700286807	Spherical	Low Density	10.121954837163731	2587.0	2616.0	2587.0
C-97510-5923-153	240	-7.33434847136414	-8.556366872606286	Very Low	Very Large	Medium E	0.15849690978030728	-1.3372142232978508	Spherical	Low Density	10.532041477940306	3863.0	2616.0	3862.0
C-97510-5923-154	240	-7.332565056575813	-8.984386421804912	Low	Very Large	Medium E	0.20881609369918155	-1.3368890672692955	Intermediate	Low Density	10.585974440577118	1794.0	2616.0	1794.0
C-97510-5923-155	240	-7.332766375246779	-8.936069940773042	Low	Very Large	Medium E	0.2031358720833612	-1.3369257721233505	Intermediate	Low Density	10.25067811863059	2201.0	2616.0	2201.0
C-97510-5923-156	240	-7.332565039315314	-8.984390564324476	Low	Very Large	Medium E	0.20881658070546844	-1.3368890641223241	Spherical	Low Density	10.519054846397088	1726.0	2616.0	1726.0
C-97510-5923-157	240	-7.333254602115506	-8.818895492278521	Very Low	Very Large	Medium E	0.1893605138422944	-1.3370147866984838	Linear	Low Density	10.305231334635817	2711.0	2616.0	2711.0
C-97510-5923-158	240	-7.328895161048837	-9.865161348279193	Low	Very Large	Medium E	0.3123624751656205	-1.3362199640059516	Spherical	Low Density	10.436376977708708	678.0	2616.0	678.0
C-97510-5923-159	240	-7.332564985187542	-8.984403554989974	Low	Very Large	Medium E	0.2088181079246867	-1.3368890542536318	Spherical	Low Density	10.7395423995572	1570.0	2616.0	1570.0
C-97510-5923-16	240	-7.33200569174646	-9.118633980849644	Low	Very Large	Medium E	0.22459861491085542	-1.336787082667835	Linear	Medium Density	10.848602029508648	1313.0	2616.0	1313.0
C-97510-5923-160	240	-7.322473246371686	-11.4064208707952	Medium	Very Large	Low E	0.4935572863031979	-1.3350491066788668	Spherical	Low Density	10.277825818819501	107.0	2616.0	107.0
C-97510-5923-161	240	-7.333586171324956	-8.739318882010311	Very Low	Very Large	Medium E	0.1800052633748365	-1.3370752391114848	Spherical	Low Density	10.45427246153821	3211.0	2616.0	3211.0
C-97510-5923-163	240	-7.323832877795056	-11.08010932918658	Medium	Very Large	Low E	0.4551951822642414	-1.3352969976108113	Linear	Low Density	10.452344743408021	269.0	2616.0	269.0
C-97510-5923-165	240	-7.3276106467409665	-10.17344478216807	Low	Very Large	Medium E	0.34860514407652526	-1.3359857685884282	Linear	Low Density	10.175600336365047	490.0	2616.0	490.0
C-97510-5923-168	240	-7.322473234024999	-11.40642383400021	Medium	Very Large	Low E	0.49355763466591723	-1.3350491044277921	Linear	Low Density	10.073612412492304	99.0	2616.0	99.0
C-97510-5923-169	240	-7.333612062059471	-8.733105105726965	Very Low	Very Large	Medium E	0.17927475433097365	-1.3370799595660119	Intermediate	Low Density	10.388878348512334	3244.0	2616.0	3244.0
C-97510-5923-17	240	-7.335794017623511	-8.209435770357148	Very Low	Very Large	Medium E	0.11771071210794914	-1.337477778407894	Intermediate	Low Density	10.4042029716809	5059.0	2616.0	5058.0
C-97510-5923-170	240	-7.329700870775985	-9.671791013763452	Low	Very Large	Medium E	0.2896293139229349	-1.3363668627402017	Intermediate	Low Density	10.217996008788464	843.0	2616.0	843.0
C-97510-5923-171	240	-7.328895167368519	-9.865159831555388	Low	Very Large	Medium E	0.3123622968552965	-1.3362199651581699	Linear	Low Density	10.63856558486666	689.0	2616.0	689.0
C-97510-5923-172	240	-7.329949397726991	-9.612144545522234	Low	Very Large	Medium E	0.2826171070946086	-1.3364121747096365	Spherical	Low Density	10.27860298815134	894.0	2616.0	894.0
C-97510-5923-173	240	-7.33256505924612	-8.984385780931298	Low	Very Large	Medium E	0.2088160183562765	-1.3368890677561516	Intermediate	Low Density	10.206753500709628	1801.0	2616.0	1801.0
C-97510-5923-174	240	-7.3325649635978705	-8.984408736511137	Low	Very Large	Medium E	0.20881871707890715	-1.3368890503173565	Linear	Low Density	10.178973851403159	1554.0	2616.0	1554.0
C-97510-5923-176	240	-7.334767671075522	-8.455758941874514	Very Low	Very Large	Medium E	0.14666915803471423	-1.3372906526928612	Linear	Low Density	10.777060297875565	4429.0	2616.0	4428.0
C-97510-5923-178	240	-7.333582924703943	-8.740098071053506	Very Low	Very Large	Medium E	0.18009686703371494	-1.3370746471805433	Intermediate	Low Density	10.499963440677341	3207.0	2616.0	3207.0
C-97510-5923-179	240	-7.333372946105072	-8.790492934782641	Very Low	Very Large	Medium E	0.18602142917413206	-1.337036363429765	Intermediate	Low Density	10.52688440244383	3060.0	2616.0	3060.0
C-97510-5923-18	240	-7.332766439550686	-8.936054507835323	Low	Very Large	Medium E	0.20313405774373103	-1.3369257838473774	Linear	Low Density	10.305806093160065	2287.0	2616.0	2287.0
C-97510-5923-180	240	-7.332615095567971	-8.972377063686917	Low	Very Large	Medium E	0.20740423972892982	-1.3368981904862103	Linear	Low Density	10.222217216289716	2029.0	2616.0	2029.0
C-97510-5923-182	240	-7.3326864880343985	-8.955242871744254	Low	Very Large	Medium E	0.20538989585777787	-1.3369112069145836	Spherical	Low Density	10.005730247957217	2094.0	2616.0	2094.0
C-97510-5923-183	240	-7.332565023281671	-8.984394412398816	Low	Very Large	Medium E	0.20881703309594643	-1.3368890611990356	Spherical	Low Density	10.439131942729935	1665.0	2616.0	1665.0
C-97510-5923-184	240	-7.334354935037201	-8.554815591071662	Very Low	Very Large	Medium E	0.15831453675319884	-1.3372154017686564	Linear	Low Density	10.439723853415751	3876.0	2616.0	3875.0
C-97510-5923-185	240	-7.336088930987994	-8.138656562881334	Very Low	Very Large	Medium E	0.10938970909466904	-1.337531547648225	Intermediate	Low Density	10.078640233795243	5087.0	2616.0	5086.0
C-97510-5923-186	240	-7.332565076360912	-8.984381673380975	Low	Very Large	Medium E	0.20881553546111123	-1.3368890708765573	Intermediate	Low Density	10.262467503958423	1863.0	2616.0	1863.0
C-97510-5923-187	240	-7.328895210268151	-9.865149535643662	Low	Very Large	Medium E	0.312361086438933	-1.336219972979723	Spherical	Low Density	10.05373476893114	731.0	2616.0	731.0
C-97510-5923-188	240	-7.334416937000401	-8.539935119903705	Very Low	Very Large	Medium E	0.15656514664495502	-1.3372267061002392	Intermediate	Low Density	10.26418995148207	4106.0	2616.0	4105.0
C-97510-5923-189	240	-7.334356133797405	-8.5545278886227	Very Low	Very Large	Medium E	0.1582807136428523	-1.337215620329201	Spherical	Low Density	10.591658065730783	3877.0	2616.0	3876.0
C-97510-5923-190	240	-7.332601499837273	-8.975640039054202	Low	Very Large	Medium E	0.20778784430480696	-1.3368957116832823	Intermediate	Low Density	10.63295504815625	2000.0	2616.0	2000.0
C-97510-5923-192	240	-7.332565073180268	-8.984382436735697	Low	Very Large	Medium E	0.20881562520322908	-1.3368890702966554	Intermediate	Low Density	10.684643483063013	1852.0	2616.0	1852.0
C-97510-5923-193	240	-7.333638304282219	-8.726806972267472	Very Low	Very Large	Medium E	0.17853432801987337	-1.3370847441046314	Intermediate	Low Density	10.182899299473634	3286.0	2616.0	3286.0
C-97510-5923-194	240	-7.332337558931266	-9.038985856496168	Low	Very Large	Medium E	0.21523495704607473	-1.3368475894083451	Spherical	Low Density	10.070409581092964	1465.0	2616.0	1465.0
C-97510-5923-195	240	-7.333199497901344	-8.832120503677508	Very Low	Very Large	Medium E	0.19091528343671976	-1.3370047399793745	Spherical	Low Density	9.93271366707792	2562.0	2616.0	2562.0
C-97510-5923-196	240	-7.321270561861933	-11.69506515313605	Medium	Very Large	Low E	0.52749112123535	-1.3348298306465292	Linear	Low Density	10.143937080999807	48.0	2616.0	48.0
C-97510-5923-197	240	-7.331257063814484	-9.298304684523936	Low	Very Large	Medium E	0.2457212089604551	-1.336650591209527	Linear	Low Density	10.075854658654025	1060.0	2616.0	1060.0
C-97510-5923-198	240	-7.3350241415731485	-8.39420602244433	Very Low	Very Large	Medium E	0.13943282343419203	-1.3373374129468392	Intermediate	Low Density	10.458477010945737	4569.0	2616.0	4568.0
C-97510-5923-199	240	-7.332811322447346	-8.925282612636943	Low	Very Large	Medium E	0.2018676834001882	-1.3369339669938465	Linear	Low Density	10.59149428030121	2346.0	2616.0	2346.0
C-97510-5923-2	240	-7.334005844936352	-8.638597215275382	Very Low	Very Large	Medium E	0.1681641405042887	-1.3371517549089675	Spherical	Low Density	10.142442257894002	3559.0	2616.0	3559.0
C-97510-5923-200	240	-7.331844537362102	-9.157311033095503	Low	Very Large	Medium E	0.22914559812470042	-1.3367577006530929	Spherical	Low Density	10.23596437540486	1225.0	2616.0	1225.0
C-97510-5923-201	240	-7.328867041642415	-9.87191000582015	Low	Very Large	Medium E	0.31315586635688997	-1.3362148372151583	Spherical	Low Density	10.30413413352805	605.0	2616.0	605.0
C-97510-5923-202	240	-7.332565061753018	-8.984385179275753	Low	Very Large	Medium E	0.20881594762396435	-1.3368890682132144	Spherical	Low Density	10.24258459792892	1811.0	2616.0	1811.0
C-97510-5923-203	240	-7.332766378050803	-8.936069267807337	Low	Very Large	Medium E	0.20313579296761977	-1.3369257726345862	Linear	Low Density	10.25663256301534	2206.0	2616.0	2206.0
C-97510-5923-204	240	-7.335113900588289	-8.372663858810515	Very Low	Very Large	Medium E	0.13690026599393987	-1.337353778003965	Spherical	Low Density	10.050331849517395	4683.0	2616.0	4682.0
C-97510-5923-206	240	-7.332337657046283	-9.03896230889197	Low	Very Large	Medium E	0.21523218872339384	-1.3368476072968867	Spherical	Low Density	10.047982099759652	1476.0	2616.0	1476.0
C-97510-5923-207	240	-7.333121479365818	-8.85084495220346	Very Low	Very Large	Medium E	0.19311658235151952	-1.3369905154718	Intermediate	Low Density	10.208417495910771	2506.0	2616.0	2506.0
C-97510-5923-209	240	-7.333187970287525	-8.834887130994096	Very Low	Very Large	Medium E	0.19124053593754228	-1.337002638239974	Spherical	Low Density	10.143358831813083	2545.0	2616.0	2545.0
C-97510-5923-21	240	-7.329988499691228	-9.602760074105143	Low	Very Large	Medium E	0.2815138421991293	-1.3364193038640448	Linear	Low Density	10.214969194395538	921.0	2616.0	921.0
C-97510-5923-210	240	-7.332214641066098	-9.068486144136434	Low	Very Large	Medium E	0.21870309396225693	-1.3368251787582048	Spherical	Low Density	10.431464853529887	1441.0	2616.0	1441.0
C-97510-5923-211	240	-7.334913997872601	-8.42064051057577	Very Low	Very Large	Medium E	0.14254053632389313	-1.3373173313099282	Intermediate	Low Density	10.162523128657746	4529.0	2616.0	4528.0
C-97510-5923-212	240	-7.332601492741278	-8.97564174209319	Low	Very Large	Medium E	0.20778804451884292	-1.3368957103895251	Linear	Low Density	10.647429108102868	1997.0	2616.0	1997.0
C-97510-5923-213	240	-7.333869522320881	-8.671314642988616	Very Low	Very Large	Medium E	0.17201049347002362	-1.3371269002758561	Intermediate	Low Density	10.098950419480204	3432.0	2616.0	3432.0
C-97510-5923-216	240	-7.331452866981744	-9.25131192438163	Low	Very Large	Medium E	0.24019660770127532	-1.3366862904650572	Intermediate	Low Density	10.600407707667983	1114.0	2616.0	1114.0
C-97510-5923-217	240	-7.333503827503127	-8.75908139924934	Very Low	Very Large	Medium E	0.18232860057173914	-1.3370602260083877	Linear	Low Density	10.264831927816859	3156.0	2616.0	3156.0
C-97510-5923-218	240	-7.333629832242338	-8.728840261838691	Very Low	Very Large	Medium E	0.17877336726957307	-1.337083199464058	Linear	Low Density	10.519246164903443	3269.0	2616.0	3269.0
C-97510-5923-22	240	-7.334412881566815	-8.540908423964234	Very Low	Very Large	Medium E	0.15667957101209304	-1.3372259667048458	Intermediate	Low Density	10.206427301903267	4095.0	2616.0	4094.0
C-97510-5923-220	240	-7.323832918198383	-11.0800996323879	Medium	Very Large	Low E	0.4551940422812992	-1.3352970049772328	Intermediate	Low Density	10.335500036085037	279.0	2616.0	279.0
C-97510-5923-221	240	-7.335224280188552	-8.346172754747405	Very Low	Very Large	Medium E	0.13378589717583847	-1.3373739026506204	Spherical	Low Density	10.694938332992187	4825.0	2616.0	4824.0
C-97510-5923-222	240	-7.333372927596219	-8.79049737690724	Very Low	Very Large	Medium E	0.18602195140283073	-1.337036360055191	Spherical	Low Density	10.235305453400496	3052.0	2616.0	3052.0
C-97510-5923-223	240	-7.337816556170443	-7.724026519093615	Very Low	Very Large	Medium E	0.06064463314962064	-1.3378465319955761	Intermediate	Low Density	10.457999509094323	5209.0	2616.0	5208.0
C-97510-5923-224	240	-7.333373010290239	-8.790477530342688	Very Low	Very Large	Medium E	0.1860196181847762	-1.337036375132143	Spherical	Low Density	10.135788552076821	3077.0	2616.0	3077.0
C-97510-5923-225	240	-7.333291212665629	-8.810108960248906	Very Low	Very Large	Medium E	0.18832754438556965	-1.3370214616129004	Intermediate	Low Density	10.327661000792851	2873.0	2616.0	2873.0
C-97510-5923-226	240	-7.328806327055782	-9.886481506612483	Low	Very Large	Medium E	0.31486893303736013	-1.3362037676008465	Spherical	Low Density	10.240825571144041	600.0	2616.0	600.0
C-97510-5923-227	240	-7.3351139237389535	-8.372658302651129	Very Low	Very Large	Medium E	0.13689961279618001	-1.337353782224844	Linear	Low Density	10.545225228469532	4689.0	2616.0	4688.0
C-97510-5923-228	240	-7.334453870217453	-8.531071147811307	Very Low	Very Large	Medium E	0.1555230731162905	-1.3372334398439858	Intermediate	Low Density	10.46060029734303	4204.0	2616.0	4203.0
C-97510-5923-229	240	-7.334377836719148	-8.5493191874044	Very Low	Very Large	Medium E	0.15766836405490095	-1.3372195772526763	Intermediate	Low Density	10.430891088495269	3939.0	2616.0	3938.0
C-97510-5923-23	240	-7.33276642616654	-8.936057720030405	Low	Very Large	Medium E	0.20313443537843523	-1.3369257814071511	Linear	Low Density	10.14102304507741	2270.0	2616.0	2270.0
C-97510-5923-230	240	-7.332978409826015	-8.885181641756397	Very Low	Very Large	Medium E	0.1971533003005306	-1.3369644307249007	Spherical	Low Density	9.968189587672741	2419.0	2616.0	2419.0
C-97510-5923-231	240	-7.3332712205294355	-8.814907072935512	Very Low	Very Large	Medium E	0.18889162402909582	-1.3370178166035342	Spherical	Low Density	10.510037124234929	2800.0	2616.0	2800.0
C-97510-5923-232	240	-7.334063436544475	-8.624775229325852	Very Low	Very Large	Medium E	0.1665391889000594	-1.3371622551351054	Intermediate	Low Density	10.094075034063106	3641.0	2616.0	3640.0
C-97510-5923-233	240	-7.334657189873722	-8.482274430306743	Very Low	Very Large	Medium E	0.14978639354790993	-1.3372705095219948	Intermediate	Medium Density	10.833717110653799	4331.0	2616.0	4330.0
C-97510-5923-234	240	-7.33276637430724	-8.936070166262441	Low	Very Large	Medium E	0.20313589859252873	-1.3369257719520518	Spherical	Low Density	10.600329626392401	2199.0	2616.0	2199.0
C-97510-5923-235	240	-7.335211076328292	-8.34934168120988	Very Low	Very Large	Medium E	0.1341584450974884	-1.3373714952943554	Spherical	Low Density	10.545505441492976	4805.0	2616.0	4804.0
C-97510-5923-236	240	-7.333667931248911	-8.719696500261405	Very Low	Very Large	Medium E	0.17769840090089298	-1.3370901457570628	Linear	Low Density	10.637521874302978	3352.0	2616.0	3352.0
C-97510-5923-237	240	-7.332766335219508	-8.936079547317947	Low	Very Large	Medium E	0.20313700145586513	-1.3369257648254922	Linear	Low Density	10.692277816826618	2170.0	2616.0	2170.0
C-97510-5923-238	240	-7.335106351835361	-8.37447555951331	Very Low	Very Large	Medium E	0.13711325463203458	-1.337352401699059	Spherical	Low Density	10.236986435032007	4643.0	2616.0	4642.0
C-97510-5923-239	240	-7.329828820362028	-9.641083113113046	Low	Very Large	Medium E	0.28601920661948177	-1.3363901907845386	Intermediate	Low Density	10.375746313621855	878.0	2616.0	878.0
C-97510-5923-24	240	-7.331576684319415	-9.22159576334023	Low	Very Large	Medium E	0.2367030920999805	-1.3367088651089631	Linear	Low Density	10.244325989912282	1136.0	2616.0	1136.0
C-97510-5923-240	240	-7.327610650582432	-10.17344386021624	Low	Very Large	Medium E	0.34860503568927514	-1.3359857692888126	Linear	Low Density	10.176763417836067	492.0	2616.0	492.0
C-97510-5923-241	240	-7.332135391075045	-9.087506141989024	Low	Very Large	Medium E	0.22093913848845087	-1.336810729729004	Spherical	Low Density	10.269265017866799	1402.0	2616.0	1402.0
C-97510-5923-242	240	-7.332132876613632	-9.088109612728257	Low	Very Large	Medium E	0.22101008420850501	-1.336810271286979	Spherical	Low Density	10.183825836226854	1393.0	2616.0	1393.0
C-97510-5923-243	240	-7.332565030313784	-8.984392724691759	Low	Very Large	Medium E	0.20881683468432743	-1.3368890624811456	Spherical	Low Density	10.343430360803431	1688.0	2616.0	1688.0
C-97510-5923-244	240	-7.334653239778088	-8.483222453258872	Very Low	Very Large	Medium E	0.14989784579670262	-1.337269789332044	Spherical	Low Density	10.59864532263216	4329.0	2616.0	4328.0
C-97510-5923-245	240	-7.332766357869342	-8.93607411135802	Low	Very Large	Medium E	0.2031363623890756	-1.3369257689550587	Spherical	Low Density	10.098117021230541	2182.0	2616.0	2182.0
C-97510-5923-246	240	-7.332626753019304	-8.969579275366936	Low	Very Large	Medium E	0.20707532385277086	-1.3369003158978663	Linear	Low Density	10.460550122356262	2040.0	2616.0	2040.0
C-97510-5923-247	240	-7.334377818289394	-8.549323610545326	Very Low	Very Large	Medium E	0.1576688840518042	-1.3372195738925237	Spherical	Low Density	10.540137271248536	3938.0	2616.0	3937.0
C-97510-5923-248	240	-7.333260436491444	-8.817495242053418	Very Low	Very Large	Medium E	0.18919589648137863	-1.3370158504344816	Linear	Low Density	10.367644833314339	2748.0	2616.0	2748.0
C-97510-5923-249	240	-7.331859621844615	-9.153690757292496	Low	Very Large	Medium E	0.22871998830310764	-1.3367604508884607	Spherical	Low Density	10.534866303926604	1233.0	2616.0	1233.0
C-97510-5923-25	240	-7.333253942443633	-8.819053813527914	Very Low	Very Large	Medium E	0.1893791265343641	-1.3370146664256861	Intermediate	Low Density	10.421558608585345	2680.0	2616.0	2680.0
C-97510-5923-250	240	-7.334082716884434	-8.62014794773579	Very Low	Very Large	Medium E	0.16599519264143384	-1.3371657703682478	Intermediate	Low Density	10.252061000025874	3731.0	2616.0	3730.0
C-97510-5923-252	240	-7.333115735512268	-8.852223477055457	Very Low	Very Large	Medium E	0.19327864561637714	-1.3369894682400392	Spherical	Low Density	10.25112219011582	2503.0	2616.0	2503.0
C-97510-5923-253	240	-7.3224731997059695	-11.40643207056717	Medium	Very Large	Low E	0.4935586029799423	-1.3350490981706726	Spherical	Low Density	10.531403638041997	90.0	2616.0	90.0
C-97510-5923-254	240	-7.332861282840792	-8.913292118210022	Low	Very Large	Medium E	0.20045804709856166	-1.3369430758804748	Linear	Low Density	10.437483924484587	2374.0	2616.0	2374.0
C-97510-5923-255	240	-7.33327316053705	-8.814441471107672	Very Low	Very Large	Medium E	0.18883688656668532	-1.3370181703099044	Intermediate	Low Density	10.094608954981053	2823.0	2616.0	2823.0
C-97510-5923-256	240	-7.333761341244748	-8.697278101260604	Very Low	Very Large	Medium E	0.175062830762557	-1.3371071764688593	Intermediate	Low Density	10.218810215791581	3395.0	2616.0	3395.0
C-97510-5923-257	240	-7.333672873974056	-8.718510246226602	Very Low	Very Large	Medium E	0.17755894153493615	-1.3370910469253658	Intermediate	Low Density	9.886538542281741	3355.0	2616.0	3355.0
C-97510-5923-258	240	-7.331261321256522	-9.2972828984346	Low	Very Large	Medium E	0.24560108490948418	-1.3366513674355367	Spherical	Low Density	10.072199133211647	1092.0	2616.0	1092.0
C-97510-5923-259	240	-7.331257060916986	-9.298305379923338	Low	Very Large	Medium E	0.24572129071358842	-1.336650590681249	Linear	Low Density	10.079778671404862	1058.0	2616.0	1058.0
C-97510-5923-26	240	-7.334378535502696	-8.549151479352837	Very Low	Very Large	Medium E	0.15764864782395185	-1.337219704656399	Spherical	Low Density	10.645864268412415	3941.0	2616.0	3940.0
C-97510-5923-260	240	-7.335239517974111	-8.34251568621335	Very Low	Very Large	Medium E	0.1333559618971211	-1.3373766808365302	Linear	Low Density	10.160953632124224	4855.0	2616.0	4854.0
C-97510-5923-261	240	-7.332918701064908	-8.899511744422139	Very Low	Very Large	Medium E	0.1988379875372711	-1.3369535444948668	Intermediate	Low Density	10.339770602110711	2391.0	2616.0	2391.0
C-97510-5923-262	240	-7.324907246720809	-10.82226078700589	Medium	Very Large	Low E	0.42488178129574866	-1.3354928788692755	Spherical	Low Density	10.451864966169492	322.0	2616.0	322.0
C-97510-5923-263	240	-7.333419449763926	-8.77933205665782	Very Low	Very Large	Medium E	0.18470932490199843	-1.337044842077091	Linear	Low Density	10.290753337947496	3100.0	2616.0	3100.0
C-97510-5923-265	240	-7.331570062385999	-9.223185027360206	Low	Very Large	Medium E	0.23688993045504553	-1.3367076577837884	Linear	Low Density	10.122095309711115	1123.0	2616.0	1123.0
C-97510-5923-266	240	-7.334230967879436	-8.584567708935245	Very Low	Very Large	Medium E	0.1618122795398459	-1.337192799809228	Spherical	Low Density	10.217846238966453	3804.0	2616.0	3803.0
C-97510-5923-267	240	-7.332602052767156	-8.975507335882536	Low	Very Large	Medium E	0.2077722433461152	-1.3368958124946504	Spherical	Low Density	10.526933010993798	2022.0	2616.0	2022.0
C-97510-5923-269	240	-7.322473286790745	-11.40641117022093	Medium	Very Large	Low E	0.49355614587636754	-1.3350491140481566	Linear	Low Density	10.165559033167915	120.0	2616.0	120.0
C-97510-5923-27	240	-7.325711388052017	-10.62926686751584	Medium	Very Large	Low E	0.4021928724638263	-1.335639491650197	Intermediate	Low Density	10.471612496295622	339.0	2616.0	339.0
C-97510-5923-270	240	-7.333672830736221	-8.718520623306969	Very Low	Very Large	Medium E	0.17756016149372983	-1.3370910390421507	Linear	Low Density	10.280027240977798	3354.0	2616.0	3354.0
C-97510-5923-271	240	-7.327610508965817	-10.1734778482039	Low	Very Large	Medium E	0.34860903141284943	-1.335985743468966	Linear	Low Density	10.395809602813824	457.0	2616.0	457.0
C-97510-5923-273	240	-7.335040751955412	-8.390219530701165	Very Low	Very Large	Medium E	0.13896416023506059	-1.337340441387539	Intermediate	Low Density	10.376822662070749	4584.0	2616.0	4583.0
C-97510-5923-274	240	-7.323597601654719	-11.13657560286746	Medium	Very Large	Low E	0.46183351646153425	-1.3352541015577415	Linear	Low Density	10.160441170673396	246.0	2616.0	246.0
C-97510-5923-275	240	-7.328922941753032	-9.858493979272144	Low	Very Large	Medium E	0.3115786404834306	-1.336225029043825	Spherical	Low Density	10.564401747121819	773.0	2616.0	773.0
C-97510-5923-276	240	-7.334758034707893	-8.458071670105582	Very Low	Very Large	Medium E	0.1469410488803952	-1.337288895769543	Spherical	Low Density	9.913055230117237	4354.0	2616.0	4353.0
C-97510-5923-277	240	-7.335503278595368	-8.279213137111622	Very Low	Very Large	Medium E	0.1259139359038083	-1.337424770241563	Spherical	Low Density	10.749145075349308	4985.0	2616.0	4984.0
C-97510-5923-279	240	-7.328802652073219	-9.887363502427355	Low	Very Large	Medium E	0.31497262294992673	-1.3362030975701038	Spherical	Low Density	10.462500850507869	594.0	2616.0	594.0
C-97510-5923-28	240	-7.334082708855809	-8.620149874605705	Very Low	Very Large	Medium E	0.16599541916969549	-1.3371657689044516	Spherical	Low Density	10.24633643403301	3726.0	2616.0	3725.0
C-97510-5923-280	240	-7.332565102973859	-8.98437528627373	Low	Very Large	Medium E	0.2088147845747758	-1.3368890757286873	Intermediate	Low Density	10.199720228613593	1916.0	2616.0	1916.0
C-97510-5923-281	240	-7.333147347775733	-8.844636533823996	Very Low	Very Large	Medium E	0.1923867031979424	-1.3369952318560578	Intermediate	Low Density	10.35033190299246	2530.0	2616.0	2530.0
C-97510-5923-282	240	-7.313850490012765	-13.47588239693636	High	Very Large	Very Low E	0.7368490129122679	-1.3334769871522039	Spherical	Low Density	10.340724847577011	13.0	2616.0	13.0
C-97510-5923-283	240	-7.334046289661218	-8.628890481307572	Very Low	Very Large	Medium E	0.16702298951551955	-1.3371591288783882	Intermediate	Low Density	10.23752110251432	3630.0	2616.0	3630.0
C-97510-5923-284	240	-7.328193567746443	-10.03354374085354	Low	Very Large	Medium E	0.3321579835635843	-1.3360920480026974	Linear	Low Density	10.379560935326298	516.0	2616.0	516.0
C-97510-5923-286	240	-7.333270619443609	-8.815051333533688	Very Low	Very Large	Medium E	0.18890858371141422	-1.3370177070122706	Spherical	Low Density	10.027370247644768	2770.0	2616.0	2770.0
C-97510-5923-287	240	-7.334081273820854	-8.620494282994944	Very Low	Very Large	Medium E	0.16603590879011165	-1.337165507265785	Spherical	Low Density	10.144742379948939	3674.0	2616.0	3673.0
C-97510-5923-288	240	-7.332564984270986	-8.984403774963354	Low	Very Large	Medium E	0.20881813378537606	-1.3368890540865235	Spherical	Low Density	10.137570098668816	1568.0	2616.0	1568.0
C-97510-5923-29	240	-7.326328916312172	-10.48106008507867	Low	Very Large	Low E	0.3847692656275364	-1.3357520807337389	Intermediate	Low Density	10.547215135326363	363.0	2616.0	363.0
C-97510-5923-290	240	-7.333824793939668	-8.682049454479737	Very Low	Very Large	Medium E	0.1732725081484848	-1.3371187453009765	Spherical	Low Density	10.345627648803049	3412.0	2616.0	3412.0
C-97510-5923-291	240	-7.334544704890352	-8.50927082631536	Very Low	Very Large	Medium E	0.15296016591055808	-1.3372500010173527	Spherical	Low Density	10.39516027888408	4225.0	2616.0	4224.0
C-97510-5923-292	240	-7.334029597495631	-8.63289660104843	Very Low	Very Large	Medium E	0.16749396023736218	-1.3371560855267763	Linear	Low Density	10.556364671618716	3577.0	2616.0	3577.0
C-97510-5923-293	240	-7.335810939970601	-8.205374407055722	Very Low	Very Large	Medium E	0.11723324679748381	-1.3374808637266935	Spherical	Low Density	10.248534577649336	5067.0	2616.0	5066.0
C-97510-5923-294	240	-7.334029501729329	-8.63291958496096	Very Low	Very Large	Medium E	0.16749666229084562	-1.3371560680664578	Linear	Low Density	10.448830744371069	3574.0	2616.0	3574.0
C-97510-5923-295	240	-7.322473192650839	-11.40643376379842	Medium	Very Large	Low E	0.4935588020409918	-1.335049096884366	Intermediate	Low Density	10.184335629522522	86.0	2616.0	86.0
C-97510-5923-296	240	-7.335503295342829	-8.279209117720987	Very Low	Very Large	Medium E	0.12591346337291667	-1.3374247732949962	Intermediate	Low Density	10.571381265195857	4995.0	2616.0	4994.0
C-97510-5923-297	240	-7.332968703292335	-8.887511209839667	Very Low	Very Large	Medium E	0.19742717088669606	-1.3369626610087568	Linear	Low Density	9.959572276984696	2401.0	2616.0	2401.0
C-97510-5923-298	240	-7.333317836353131	-8.803719275248605	Very Low	Very Large	Medium E	0.18757635501741665	-1.337026315700996	Linear	Low Density	10.53105765316827	2892.0	2616.0	2892.0
C-97510-5923-299	240	-7.334082764229171	-8.620136584998733	Very Low	Very Large	Medium E	0.16599385680607728	-1.3371657790002422	Intermediate	Low Density	10.27945061444994	3754.0	2616.0	3753.0
C-97510-5923-3	240	-7.3332902139090415	-8.810348661829893	Very Low	Very Large	Medium E	0.1883557243786668	-1.3370212795174463	Linear	Low Density	10.154934799694725	2867.0	2616.0	2867.0
C-97510-5923-30	240	-7.333735397428707	-8.703504617110491	Very Low	Very Large	Medium E	0.1757948375057345	-1.337102446336394	Linear	Low Density	10.456340918601075	3381.0	2616.0	3381.0
C-97510-5923-300	240	-7.333475595550075	-8.7658570679818	Very Low	Very Large	Medium E	0.18312516727472974	-1.3370550786978501	Spherical	Low Density	10.141930228833457	3122.0	2616.0	3122.0
C-97510-5923-301	240	-7.333259803011576	-8.817647277221555	Very Low	Very Large	Medium E	0.1892137701640345	-1.3370157349370664	Linear	Low Density	10.60852802990512	2739.0	2616.0	2739.0
C-97510-5923-302	240	-7.330904543985017	-9.382909443595697	Low	Very Large	Medium E	0.2556675827654174	-1.336586319034323	Intermediate	Low Density	10.01503969910575	1032.0	2616.0	1032.0
C-97510-5923-304	240	-7.335620813114745	-8.251004852461067	Very Low	Very Large	Medium E	0.12259769049862118	-1.3374461993884943	Spherical	Low Density	10.3248122657482	5038.0	2616.0	5037.0
C-97510-5923-305	240	-7.335560325439205	-8.265521894590666	Very Low	Very Large	Medium E	0.12430435486532777	-1.3374351711451022	Linear	Low Density	10.462214364972489	5030.0	2616.0	5029.0
C-97510-5923-306	240	-7.335238749617533	-8.342700091792072	Very Low	Very Large	Medium E	0.13337764113642928	-1.3373765407481026	Intermediate	Low Density	10.394871188455575	4852.0	2616.0	4851.0
C-97510-5923-307	240	-7.332643780588939	-8.965492658654467	Low	Very Large	Medium E	0.20659488968020934	-1.3369034204010668	Intermediate	Low Density	10.151270978200415	2056.0	2616.0	2056.0
C-97510-5923-308	240	-7.33431167798152	-8.565197284435058	Very Low	Very Large	Medium E	0.15953503786983464	-1.3372075150490195	Spherical	Low Density	10.459488634223518	3829.0	2616.0	3828.0
C-97510-5923-309	240	-7.33438001813485	-8.548795647635783	Very Low	Very Large	Medium E	0.15760681524491807	-1.3372199749730893	Spherical	Low Density	10.49720848864871	3952.0	2616.0	3951.0
C-97510-5923-31	240	-7.332766435498571	-8.936055480343029	Low	Very Large	Medium E	0.2031341720744665	-1.3369257831085872	Spherical	Low Density	10.377421735608653	2281.0	2616.0	2281.0
C-97510-5923-310	240	-7.333330720983445	-8.80062696397299	Very Low	Very Large	Medium E	0.1872128141929657	-1.337028664854569	Spherical	Low Density	10.59629828822392	2966.0	2616.0	2966.0
C-97510-5923-311	240	-7.335139215142549	-8.36658836578826	Very Low	Very Large	Medium E	0.13618601391979174	-1.337358393408066	Linear	Low Density	9.938640477207187	4736.0	2616.0	4735.0
C-97510-5923-314	240	-7.328895199080279	-9.86515222073304	Low	Very Large	Medium E	0.3123614021055915	-1.336219970939926	Linear	Low Density	10.455373884953568	723.0	2616.0	723.0
C-97510-5923-315	240	-7.332564975155454	-8.984405962690872	Low	Very Large	Medium E	0.20881839098081414	-1.33688905242456	Intermediate	Low Density	10.146400523241248	1561.0	2616.0	1561.0
C-97510-5923-316	240	-7.333560372167202	-8.745510679871423	Very Low	Very Large	Medium E	0.1807331885734384	-1.3370705353534302	Linear	Low Density	10.28161554065274	3188.0	2616.0	3188.0
C-97510-5923-317	240	-7.332565022728035	-8.984394545271376	Low	Very Large	Medium E	0.20881704871681023	-1.3368890610980955	Spherical	Low Density	10.551475944911541	1659.0	2616.0	1659.0
C-97510-5923-319	240	-7.322473248688516	-11.40642031475586	Medium	Very Large	Low E	0.49355722093368026	-1.335049107101276	Intermediate	Low Density	10.329279028165837	108.0	2616.0	108.0
C-97510-5923-32	240	-7.333672937012077	-8.71849511710163	Very Low	Very Large	Medium E	0.17755716291237755	-1.3370910584185938	Linear	Low Density	10.156622969257214	3359.0	2616.0	3359.0
C-97510-5923-320	240	-7.331744474731824	-9.181326064362205	Low	Very Large	Medium E	0.23196887284985257	-1.3367394570186444	Spherical	Low Density	10.369961597500076	1151.0	2616.0	1151.0
C-97510-5923-321	240	-7.32887184298957	-9.870757682503047	Low	Very Large	Medium E	0.31302039598165643	-1.3362157126071215	Linear	Low Density	10.069455516840303	606.0	2616.0	606.0
C-97510-5923-324	240	-7.332565054353578	-8.984386955141128	Low	Very Large	Medium E	0.20881615639970663	-1.3368890668641327	Intermediate	Low Density	10.105834287040672	1786.0	2616.0	1786.0
C-97510-5923-325	240	-7.328895182250087	-9.865156259979218	Low	Very Large	Medium E	0.31236187697072393	-1.3362199678714093	Spherical	Low Density	10.12771149499176	705.0	2616.0	705.0
C-97510-5923-326	240	-7.334038212851905	-8.630828915542876	Very Low	Very Large	Medium E	0.16725087730471994	-1.3371576562971035	Intermediate	Low Density	10.431121878534197	3622.0	2616.0	3622.0
C-97510-5923-327	240	-7.333499293039127	-8.760169670609358	Very Low	Very Large	Medium E	0.182456540818436	-1.3370593992751367	Intermediate	Low Density	10.573628671988061	3153.0	2616.0	3153.0
C-97510-5923-329	240	-7.334388038507926	-8.546870758097574	Very Low	Very Large	Medium E	0.15738051980846335	-1.3372214372647973	Linear	Low Density	10.466132646475321	3994.0	2616.0	3993.0
C-97510-5923-33	240	-7.334433679830428	-8.53591684069725	Very Low	Very Large	Medium E	0.15609274642209062	-1.3372297586891007	Intermediate	Low Density	10.284529854209035	4147.0	2616.0	4146.0
C-97510-5923-330	240	-7.3332817082568305	-8.812390018360684	Very Low	Very Large	Medium E	0.18859571200283404	-1.3370197287486003	Spherical	Low Density	10.208077437863764	2840.0	2616.0	2840.0
C-97510-5923-331	240	-7.3325650410570224	-8.98439014631449	Low	Very Large	Medium E	0.20881653156304159	-1.336889064439876	Spherical	Medium Density	10.834180247476734	1733.0	2616.0	1733.0
C-97510-5923-332	240	-7.334429337192651	-8.53695907376368	Very Low	Very Large	Medium E	0.15621527427732831	-1.3372289669300201	Intermediate	Low Density	10.329758838367972	4134.0	2616.0	4133.0
C-97510-5923-333	240	-7.332766297826777	-8.93608852157344	Low	Very Large	Medium E	0.20313805649460606	-1.336925758007969	Intermediate	Low Density	10.292943745065193	2152.0	2616.0	2152.0
C-97510-5923-334	240	-7.3235972531902	-11.13665923435203	Medium	Very Large	Low E	0.4618433484144589	-1.3352540380249391	Spherical	Low Density	10.390002623864806	152.0	2616.0	152.0
C-97510-5923-335	240	-7.335109665738558	-8.373680222746087	Very Low	Very Large	Medium E	0.13701975260125887	-1.3373530058970333	Spherical	Low Density	10.048762879327041	4672.0	2616.0	4671.0
C-97510-5923-336	240	-7.333467469363546	-8.767807352748866	Very Low	Very Large	Medium E	0.18335444824581332	-1.3370535971140054	Linear	Low Density	10.235069648771459	3117.0	2616.0	3117.0
C-97510-5923-339	240	-7.331910658809817	-9.141441885643772	Low	Very Large	Medium E	0.22727997644748432	-1.3367697560579723	Intermediate	Low Density	10.044784659309757	1262.0	2616.0	1262.0
C-97510-5923-34	240	-7.334448759645545	-8.532297685069079	Very Low	Very Large	Medium E	0.155667268291438	-1.337232508073499	Spherical	Low Density	10.376170859999485	4200.0	2616.0	4199.0
C-97510-5923-340	240	-7.332000343811173	-9.119917485318355	Low	Very Large	Medium E	0.2247495073117903	-1.3367861076207455	Intermediate	Low Density	10.123746423390589	1311.0	2616.0	1311.0
C-97510-5923-341	240	-7.333187916698098	-8.834899992456256	Very Low	Very Large	Medium E	0.19124204796727995	-1.3370026284694343	Linear	Low Density	9.976956027407327	2544.0	2616.0	2544.0
C-97510-5923-342	240	-7.337386944679772	-7.827133276854723	Very Low	Very Large	Medium E	0.07276615403989904	-1.3377682043025219	Intermediate	Low Density	10.044469039954338	5187.0	2616.0	5186.0
C-97510-5923-343	240	-7.334082727195111	-8.620145473173322	Very Low	Very Large	Medium E	0.1659949017249048	-1.3371657722481125	Linear	Low Density	10.576494165938525	3738.0	2616.0	3737.0
C-97510-5923-344	240	-7.324087839411523	-11.01891854123447	Medium	Very Large	Low E	0.4480014208604187	-1.3353434827623234	Intermediate	Low Density	10.384637434682515	294.0	2616.0	294.0
C-97510-5923-345	240	-7.333559078655893	-8.745821122585786	Very Low	Very Large	Medium E	0.18076968509343805	-1.33707029951766	Intermediate	Low Density	10.405232777039434	3184.0	2616.0	3184.0
C-97510-5923-346	240	-7.325956742768143	-10.57038173564576	Low	Very Large	Low E	0.39527017048395746	-1.3356842252509302	Spherical	Low Density	10.220364975038475	343.0	2616.0	343.0
C-97510-5923-348	240	-7.328895106927395	-9.865174337425172	Low	Very Large	Medium E	0.3123640022062109	-1.3362199541384137	Intermediate	Low Density	10.177652253893491	625.0	2616.0	625.0
C-97510-5923-349	240	-7.3224732091651905	-11.40642980035428	Medium	Very Large	Low E	0.4935583360873033	-1.3350490998952982	Linear	Low Density	10.517802947219495	92.0	2616.0	92.0
C-97510-5923-35	240	-7.328040145482619	-10.07036508417129	Low	Very Large	Medium E	0.3364868044083701	-1.3360640757248383	Linear	Low Density	10.312902337088364	510.0	2616.0	510.0
C-97510-5923-350	240	-7.3300986812562865	-9.576316498491297	Low	Very Large	Medium E	0.2784050609593801	-1.3364393924044946	Spherical	Medium Density	10.7972236180878	959.0	2616.0	959.0
C-97510-5923-351	240	-7.335503264143115	-8.27921660565245	Very Low	Very Large	Medium E	0.12591434367524348	-1.337424767606597	Linear	Low Density	10.017165841054071	4977.0	2616.0	4976.0
C-97510-5923-352	240	-7.332565056081754	-8.984386540378809	Low	Very Large	Medium E	0.20881610763909428	-1.3368890671792175	Intermediate	Low Density	10.443085789559406	1793.0	2616.0	1793.0
C-97510-5923-353	240	-7.335024898718255	-8.394024307618686	Very Low	Very Large	Medium E	0.13941146052741216	-1.3373375509911671	Linear	Low Density	10.315556285004066	4571.0	2616.0	4570.0
C-97510-5923-354	240	-7.334378559599605	-8.549145696094733	Very Low	Very Large	Medium E	0.1576479679278213	-1.3372197090497993	Spherical	Low Density	10.397228173023116	3942.0	2616.0	3941.0
C-97510-5923-356	240	-7.322271157701709	-11.4549221515897	Medium	Very Large	Low E	0.49925923349969437	-1.335012261436932	Intermediate	Low Density	10.079411540574554	67.0	2616.0	67.0
C-97510-5923-357	240	-7.333916314231244	-8.6600845845015	Very Low	Very Large	Medium E	0.17069025615961417	-1.3371354314778188	Intermediate	Medium Density	10.999513481343989	3470.0	2616.0	3470.0
C-97510-5923-358	240	-7.328895131198845	-9.865168512277226	Low	Very Large	Medium E	0.3123633173854102	-1.3362199585636367	Intermediate	Low Density	10.331648096763306	640.0	2616.0	640.0
C-97510-5923-359	240	-7.323597450386038	-11.13661190735073	Medium	Very Large	Low E	0.4618377845188797	-1.3352540739781094	Spherical	Low Density	10.351524532445566	209.0	2616.0	209.0
C-97510-5923-36	240	-7.335503277495193	-8.279213401153662	Very Low	Very Large	Medium E	0.12591396694533138	-1.3374247700409767	Intermediate	Low Density	10.429757332384552	4984.0	2616.0	4983.0
C-97510-5923-360	240	-7.332191461355737	-9.07404927462305	Low	Very Large	Medium E	0.21935711125342022	-1.3368209525834454	Spherical	Low Density	9.958087509186804	1415.0	2616.0	1415.0
C-97510-5923-361	240	-7.33347560520666	-8.765854750401449	Very Low	Very Large	Medium E	0.18312489481345318	-1.3370550804584596	Spherical	Low Density	10.528977890148388	3123.0	2616.0	3123.0
C-97510-5923-362	240	-7.333291180308477	-8.810116725965559	Very Low	Very Large	Medium E	0.18832845734508924	-1.3370214557134745	Spherical	Low Density	10.159246972690994	2869.0	2616.0	2869.0
C-97510-5923-364	240	-7.33666019346452	-8.001553568515213	Very Low	Very Large	Medium E	0.0932714948629607	-1.3376357014543647	Linear	Low Density	10.249390531357138	5160.0	2616.0	5159.0
C-97510-5923-366	240	-7.331841546588219	-9.15802881882754	Low	Very Large	Medium E	0.22922998303731412	-1.3367571553687514	Spherical	Low Density	10.055026255399005	1220.0	2616.0	1220.0
C-97510-5923-367	240	-7.332565102867781	-8.984375311732427	Low	Very Large	Medium E	0.20881478756779445	-1.3368890757093468	Linear	Low Density	10.478379256457622	1915.0	2616.0	1915.0
C-97510-5923-368	240	-7.328895166891615	-9.865159946012191	Low	Very Large	Medium E	0.31236231031117484	-1.3362199650712197	Intermediate	Low Density	10.4934475376117	687.0	2616.0	687.0
C-97510-5923-37	240	-7.323458741544564	-11.16990202930474	Medium	Very Large	Low E	0.46575146503279985	-1.3352287842831296	Spherical	Low Density	10.089996449051911	145.0	2616.0	145.0
C-97510-5923-370	240	-7.333799979320073	-8.688004963182424	Very Low	Very Large	Medium E	0.17397265452802316	-1.3371142210460414	Linear	Low Density	10.234296857496684	3403.0	2616.0	3403.0
C-97510-5923-371	240	-7.336519231474296	-8.035384446169113	Very Low	Very Large	Medium E	0.09724874814026833	-1.3376100009604477	Linear	Low Density	10.68307995893952	5122.0	2616.0	5121.0
C-97510-5923-372	240	-7.332565030622049	-8.984392650708385	Low	Very Large	Medium E	0.20881682598662044	-1.336889062537349	Linear	Low Density	10.449208163070386	1690.0	2616.0	1690.0
C-97510-5923-373	240	-7.334403373139861	-8.543190446433401	Very Low	Very Large	Medium E	0.15694785200189787	-1.3372242331079471	Intermediate	Low Density	10.242800724054302	4061.0	2616.0	4060.0
C-97510-5923-374	240	-7.333653011060852	-8.723277345395525	Very Low	Very Large	Medium E	0.17811937514197945	-1.3370874254762137	Intermediate	Low Density	10.145082204863872	3316.0	2616.0	3316.0
C-97510-5923-375	240	-7.332565040663528	-8.984390240753099	Low	Very Large	Medium E	0.2088165426655083	-1.3368890643681333	Spherical	Low Density	10.481134399955785	1732.0	2616.0	1732.0
C-97510-5923-376	240	-7.328847006372345	-9.87671847063712	Low	Very Large	Medium E	0.31372116302600944	-1.336211184341531	Spherical	Medium Density	11.018893136237232	604.0	2616.0	604.0
C-97510-5923-377	240	-7.332565036562217	-8.984391225067924	Low	Very Large	Medium E	0.20881665838431834	-1.3368890636203734	Spherical	Low Density	10.212978183084335	1719.0	2616.0	1719.0
C-97510-5923-379	240	-7.333372925325923	-8.790497921778273	Very Low	Very Large	Medium E	0.1860220154594037	-1.3370363596412658	Linear	Low Density	10.60645043825138	3051.0	2616.0	3051.0
C-97510-5923-38	240	-7.334821138690788	-8.442926714210857	Very Low	Very Large	Medium E	0.1451605652026487	-1.337300401023732	Spherical	Medium Density	10.796594964284845	4505.0	2616.0	4504.0
C-97510-5923-380	240	-7.330195308751589	-9.55312589961848	Low	Very Large	Medium E	0.27567870882885326	-1.3364570097377295	Linear	Medium Density	10.998207830015039	988.0	2616.0	988.0
C-97510-5923-381	240	-7.333251491466871	-8.819642047950776	Very Low	Very Large	Medium E	0.18944828103015204	-1.3370142195583194	Linear	Low Density	10.15018445213199	2625.0	2616.0	2625.0
C-97510-5923-384	240	-7.33183588509505	-9.159387577187967	Low	Very Large	Medium E	0.22938972249776401	-1.3367561231531129	Linear	Low Density	10.299452813022487	1205.0	2616.0	1205.0
C-97510-5923-385	240	-7.332766410608396	-8.936061453985136	Low	Very Large	Medium E	0.2031348743526547	-1.3369257785705566	Intermediate	Low Density	10.378346116021241	2252.0	2616.0	2252.0
C-97510-5923-386	240	-7.335109524799908	-8.373714048021974	Very Low	Very Large	Medium E	0.13702372919599234	-1.3373529802007948	Linear	Low Density	10.028241090176554	4667.0	2616.0	4666.0
C-97510-5923-387	240	-7.32247318147733	-11.40643644544082	Medium	Very Large	Low E	0.49355911730240465	-1.3350490948471878	Linear	Low Density	10.188243757030902	82.0	2616.0	82.0
C-97510-5923-388	240	-7.32761064598462	-10.17344496369108	Low	Very Large	Medium E	0.3486051654168879	-1.3359857684505296	Linear	Low Density	9.980849204581782	489.0	2616.0	489.0
C-97510-5923-389	240	-7.332132929527603	-9.088096913375145	Low	Very Large	Medium E	0.2210085912367885	-1.336810280934368	Linear	Low Density	10.647013537840026	1400.0	2616.0	1400.0
C-97510-5923-39	240	-7.335503360631997	-8.2791934483207	Very Low	Very Large	Medium E	0.12591162123407917	-1.337424785198658	Intermediate	Low Density	10.335639218415103	5010.0	2616.0	5009.0
C-97510-5923-390	240	-7.332132837902699	-9.08811890335224	Low	Very Large	Medium E	0.22101117644042792	-1.3368102642291182	Spherical	Low Density	10.70017324157644	1380.0	2616.0	1380.0
C-97510-5923-391	240	-7.332565060632159	-8.984385448282048	Low	Very Large	Medium E	0.2088159792490852	-1.336889068008857	Spherical	Low Density	10.37918227182306	1808.0	2616.0	1808.0
C-97510-5923-392	240	-7.334788747322974	-8.450700642486192	Very Low	Very Large	Medium E	0.14607449010955878	-1.337294495359729	Linear	Low Density	10.383500688197868	4477.0	2616.0	4476.0
C-97510-5923-393	240	-7.334388511165231	-8.546757320344637	Very Low	Very Large	Medium E	0.15736718374666397	-1.337221523440696	Linear	Low Density	10.19056055433089	3998.0	2616.0	3997.0
C-97510-5923-394	240	-7.333698157206522	-8.712442270434517	Very Low	Very Large	Medium E	0.17684557320758973	-1.33709565661881	Spherical	Low Density	10.31784019987819	3373.0	2616.0	3373.0
C-97510-5923-395	240	-7.333210876108561	-8.8293897339455	Very Low	Very Large	Medium E	0.19059424645453135	-1.3370068144786413	Linear	Low Density	10.191254324437297	2566.0	2616.0	2566.0
C-97510-5923-396	240	-7.33256505983995	-8.98438563841216	Low	Very Large	Medium E	0.2088160016013214	-1.3368890678644199	Spherical	Low Density	10.173966284189474	1805.0	2616.0	1805.0
C-97510-5923-397	240	-7.333273209761425	-8.814429657258035	Very Low	Very Large	Medium E	0.18883549769718078	-1.3370181792845988	Linear	Low Density	9.87030241022035	2827.0	2616.0	2827.0
C-97510-5923-398	240	-7.334091202798025	-8.618111328473685	Very Low	Very Large	Medium E	0.16575576194392097	-1.337167317538306	Spherical	Low Density	10.398500094529707	3763.0	2616.0	3762.0
C-97510-5923-399	240	-7.333450249759928	-8.77194005761726	Very Low	Very Large	Medium E	0.18384030067179913	-1.337050457598755	Intermediate	Low Density	10.541393344609487	3113.0	2616.0	3113.0
C-97510-5923-4	240	-7.332766402587662	-8.93606337896109	Low	Very Large	Medium E	0.20313510065825804	-1.3369257771081993	Intermediate	Low Density	10.273558368599124	2241.0	2616.0	2241.0
C-97510-5923-40	240	-7.332565044586313	-8.98438929928499	Low	Very Large	Medium E	0.20881643198383779	-1.3368890650833438	Spherical	Low Density	10.50937170293941	1753.0	2616.0	1753.0
C-97510-5923-400	240	-7.327211353331706	-10.26927520039033	Low	Very Large	Medium E	0.3598712379934714	-1.3359129685533309	Intermediate	Low Density	10.008807558205717	441.0	2616.0	441.0
C-97510-5923-401	240	-7.333652477086184	-8.723405499315989	Very Low	Very Large	Medium E	0.17813444127785816	-1.3370873281208013	Linear	Low Density	10.391278816138756	3315.0	2616.0	3315.0
C-97510-5923-402	240	-7.333253924529402	-8.819058112943411	Very Low	Very Large	Medium E	0.18937963198575417	-1.3370146631595248	Intermediate	Low Density	10.4551875466994	2667.0	2616.0	2667.0
C-97510-5923-403	240	-7.333372896981277	-8.790504724493372	Very Low	Very Large	Medium E	0.18602281520576455	-1.3370363544734087	Spherical	Low Density	10.433765445095615	3020.0	2616.0	3020.0
C-97510-5923-406	240	-7.333937099422196	-8.655096138672974	Very Low	Very Large	Medium E	0.1701038004157413	-1.337139221078638	Linear	Low Density	10.170737531713131	3502.0	2616.0	3502.0
C-97510-5923-407	240	-7.332766421320665	-8.9360588830404	Low	Very Large	Medium E	0.2031345721051617	-1.3369257805236407	Linear	Low Density	10.363129862674409	2262.0	2616.0	2262.0
C-97510-5923-408	240	-7.332565033762655	-8.984391896962778	Low	Very Large	Medium E	0.2088167373741833	-1.3368890631099513	Intermediate	Low Density	10.472544478989368	1702.0	2616.0	1702.0
C-97510-5923-409	240	-7.333321859657911	-8.802753682101372	Very Low	Very Large	Medium E	0.187462837166992	-1.337027049238596	Linear	Low Density	9.970679540053155	2901.0	2616.0	2901.0
C-97510-5923-410	240	-7.321180355771422	-11.71671461485849	Medium	Very Large	Low E	0.5300362929411904	-1.334813384077658	Intermediate	Low Density	10.521786272663253	47.0	2616.0	47.0
C-97510-5923-412	240	-7.328408986489566	-9.981843242503976	Low	Very Large	Medium E	0.32607992733924795	-1.3361313236123025	Linear	Low Density	10.320058061542198	542.0	2616.0	542.0
C-97510-5923-413	240	-7.3317746816423455	-9.17407640583703	Low	Very Large	Medium E	0.23111658257162113	-1.336744964407685	Intermediate	Low Density	10.185005034625785	1163.0	2616.0	1163.0
C-97510-5923-414	240	-7.335050106552262	-8.387974427456983	Very Low	Very Large	Medium E	0.13870021957332299	-1.3373421469378015	Linear	Low Density	10.703662080220356	4598.0	2616.0	4597.0
C-97510-5923-415	240	-7.332327761817692	-9.041337163753994	Low	Very Large	Medium E	0.21551138335083447	-1.3368458031774797	Intermediate	Low Density	10.22232259894102	1464.0	2616.0	1464.0
C-97510-5923-416	240	-7.335307447349821	-8.326212636042735	Very Low	Very Large	Medium E	0.13143932939399883	-1.3373890658667391	Linear	Low Density	10.567870585016616	4910.0	2616.0	4909.0
C-97510-5923-417	240	-7.333815520614675	-8.68427505247784	Very Low	Very Large	Medium E	0.17353415571857528	-1.3371170545683742	Linear	Low Density	10.148295576980841	3409.0	2616.0	3409.0
C-97510-5923-418	240	-7.333321879148901	-8.802749004263752	Very Low	Very Large	Medium E	0.18746228722722205	-1.3370270527922354	Linear	Low Density	10.546402721912278	2913.0	2616.0	2913.0
C-97510-5923-419	240	-7.334783257244175	-8.452018261397724	Very Low	Very Large	Medium E	0.14622939310049976	-1.3372934943967278	Spherical	Low Density	10.17626797420494	4458.0	2616.0	4457.0
C-97510-5923-42	240	-7.333281690639572	-8.812394246502745	Very Low	Very Large	Medium E	0.1885962090751302	-1.3370197255365839	Linear	Low Density	10.087926107385808	2839.0	2616.0	2839.0
C-97510-5923-421	240	-7.331943075587545	-9.13366185898922	Low	Very Large	Medium E	0.2263653345979129	-1.3367756663547656	Spherical	Low Density	10.140008873850572	1280.0	2616.0	1280.0
C-97510-5923-422	240	-7.329099032399045	-9.816232224228912	Low	Very Large	Medium E	0.3066102295107963	-1.3362571342699887	Linear	Low Density	10.272407818921668	807.0	2616.0	807.0
C-97510-5923-423	240	-7.335040820520533	-8.390203075071984	Very Low	Very Large	Medium E	0.13896222566496444	-1.3373404538884794	Linear	Low Density	10.37961288766684	4588.0	2616.0	4587.0
C-97510-5923-424	240	-7.332691393294629	-8.95406560928872	Low	Very Large	Medium E	0.20525149356721498	-1.3369121012522027	Intermediate	Low Density	10.457657466263418	2095.0	2616.0	2095.0
C-97510-5923-425	240	-7.334653219860953	-8.483227233371343	Very Low	Very Large	Medium E	0.14989840776019578	-1.3372697857007088	Intermediate	Low Density	10.01108835543898	4328.0	2616.0	4327.0
C-97510-5923-426	240	-7.328580029393445	-9.940792945573213	Low	Very Large	Medium E	0.32125393879490055	-1.3361625085232394	Spherical	Low Density	10.485774260038928	565.0	2616.0	565.0
C-97510-5923-427	240	-7.332978411473082	-8.885181246460242	Very Low	Very Large	Medium E	0.1971532538283994	-1.3369644310251976	Spherical	Low Density	10.563674576523146	2420.0	2616.0	2420.0
C-97510-5923-428	240	-7.334939769610745	-8.414455293421014	Very Low	Very Large	Medium E	0.14181338477166458	-1.3373220300687807	Spherical	Low Density	10.182182777191466	4540.0	2616.0	4539.0
C-97510-5923-429	240	-7.334385472755506	-8.547486538678491	Very Low	Very Large	Medium E	0.15745291270818165	-1.3372209694712853	Intermediate	Low Density	10.507958351368043	3984.0	2616.0	3983.0
C-97510-5923-43	240	-7.331228072259737	-9.305262657662956	Low	Very Large	Medium E	0.2465392078830629	-1.336645305406771	Intermediate	Low Density	10.5434867230414	1049.0	2616.0	1049.0
C-97510-5923-430	240	-7.334767637344259	-8.455767037377674	Very Low	Very Large	Medium E	0.14667010976484396	-1.3372906465429049	Intermediate	Low Density	10.659040503993488	4420.0	2616.0	4419.0
C-97510-5923-431	240	-7.336126375033498	-8.12966999196046	Very Low	Very Large	Medium E	0.10833322250238507	-1.337538374527316	Spherical	Low Density	10.436395640983596	5097.0	2616.0	5096.0
C-97510-5923-432	240	-7.33288714415977	-8.907085401655136	Very Low	Very Large	Medium E	0.1997283680163037	-1.3369477909718979	Intermediate	Low Density	10.346369478314312	2382.0	2616.0	2382.0
C-97510-5923-433	240	-7.33340146783512	-8.783647719571098	Very Low	Very Large	Medium E	0.1852166863911507	-1.3370415635730692	Intermediate	Low Density	10.274216289436389	3088.0	2616.0	3088.0
C-97510-5923-434	240	-7.33434353432672	-8.557551761586994	Very Low	Very Large	Medium E	0.15863620866667177	-1.3372133231665462	Linear	Low Density	10.12079455077743	3855.0	2616.0	3854.0
C-97510-5923-435	240	-7.332565010236209	-8.984397543309909	Low	Very Large	Medium E	0.20881740117463785	-1.3368890588205589	Linear	Low Density	10.21217971789341	1622.0	2616.0	1622.0
C-97510-5923-436	240	-7.332565042591889	-8.98438977794666	Low	Very Large	Medium E	0.20881648825666776	-1.3368890647197162	Spherical	Low Density	10.37054655620834	1741.0	2616.0	1741.0
C-97510-5923-437	240	-7.334358417765825	-8.553979736201837	Very Low	Very Large	Medium E	0.1582162713001208	-1.3372160367472468	Linear	Low Density	10.37218770100891	3883.0	2616.0	3882.0
C-97510-5923-438	240	-7.335013548169909	-8.396748439221902	Very Low	Very Large	Medium E	0.13973171711245835	-1.3373354815347251	Intermediate	Low Density	10.21581817800191	4557.0	2616.0	4556.0
C-97510-5923-44	240	-7.328895120026132	-9.86517119372824	Low	Very Large	Medium E	0.31236363262434425	-1.3362199565266037	Linear	Low Density	10.05269911431734	630.0	2616.0	630.0
C-97510-5923-440	240	-7.334071329954668	-8.62288081087974	Very Low	Very Large	Medium E	0.16631647573100317	-1.3371636942786669	Spherical	Low Density	10.299961850531067	3667.0	2616.0	3666.0
C-97510-5923-441	240	-7.332121445269468	-9.090853135327611	Low	Very Large	Medium E	0.22133262045367824	-1.3368081870996693	Linear	Low Density	10.433269943257843	1357.0	2616.0	1357.0
C-97510-5923-442	240	-7.3343994674208925	-8.544127818985745	Very Low	Very Large	Medium E	0.15705805215971155	-1.3372235210088457	Spherical	Low Density	10.553408853990609	4052.0	2616.0	4051.0
C-97510-5923-443	240	-7.335114002860794	-8.372639313409316	Very Low	Very Large	Medium E	0.13689738036742763	-1.3373537966505087	Linear	Low Density	10.659419471843924	4697.0	2616.0	4696.0
C-97510-5923-444	240	-7.332676346800611	-8.957676767853354	Low	Very Large	Medium E	0.2056760315405561	-1.336909357942979	Spherical	Low Density	10.181988227632848	2082.0	2616.0	2082.0
C-97510-5923-445	240	-7.333864827127804	-8.672441489326891	Very Low	Very Large	Medium E	0.17214296869985937	-1.3371260442381334	Spherical	Low Density	10.201093588751727	3430.0	2616.0	3430.0
C-97510-5923-446	240	-7.334647139867078	-8.484686431901016	Very Low	Very Large	Medium E	0.1500699552498787	-1.3372686771831195	Linear	Low Density	10.201226920011527	4323.0	2616.0	4322.0
C-97510-5923-447	240	-7.324569596613506	-10.90329681275861	Medium	Very Large	Low E	0.43440860475870396	-1.33543131777387	Intermediate	Low Density	10.356625946414178	312.0	2616.0	312.0
C-97510-5923-448	240	-7.335239557095746	-8.34250629702091	Very Low	Very Large	Medium E	0.1333548580772186	-1.337376687969271	Linear	Low Density	10.024490058862177	4866.0	2616.0	4865.0
C-97510-5923-449	240	-7.3351924588298	-8.353809880847953	Very Low	Very Large	Medium E	0.13468373923369817	-1.3373681009118983	Linear	Low Density	10.436669908038322	4793.0	2616.0	4792.0
C-97510-5923-451	240	-7.33397881841355	-8.645083580748015	Very Low	Very Large	Medium E	0.16892669590108172	-1.3371468273750715	Spherical	Low Density	10.119948931280767	3540.0	2616.0	3540.0
C-97510-5923-452	240	-7.333259729041623	-8.817665030010591	Very Low	Very Large	Medium E	0.18921585723190565	-1.337015721450705	Intermediate	Low Density	10.33657230512401	2725.0	2616.0	2725.0
C-97510-5923-454	240	-7.333689596604972	-8.714496814806608	Very Low	Very Large	Medium E	0.17708711123152032	-1.337094095831482	Intermediate	Low Density	10.464937692974075	3369.0	2616.0	3369.0
C-97510-5923-455	240	-7.332766345970241	-8.936076967142029	Low	Very Large	Medium E	0.20313669812309776	-1.3369257667855892	Linear	Low Density	10.197939788612054	2177.0	2616.0	2177.0
C-97510-5923-457	240	-7.332546177665628	-8.988917360249406	Low	Very Large	Medium E	0.20934876358620028	-1.3368856252256949	Intermediate	Low Density	10.237720668809205	1544.0	2616.0	1544.0
C-97510-5923-458	240	-7.332691840981429	-8.95395816445695	Low	Very Large	Medium E	0.20523886205010736	-1.3369121828754251	Spherical	Low Density	10.249232965212961	2096.0	2616.0	2096.0
C-97510-5923-459	240	-7.334622888295558	-8.490506809065812	Very Low	Very Large	Medium E	0.15075421518515408	-1.337264255584323	Intermediate	Low Density	10.309925250374647	4267.0	2616.0	4266.0
C-97510-5923-46	240	-7.334082676603384	-8.620157615187674	Very Low	Very Large	Medium E	0.16599632917431273	-1.3371657630241198	Spherical	Low Density	10.336383145945808	3708.0	2616.0	3707.0
C-97510-5923-460	240	-7.334169567676339	-8.599303757678701	Very Low	Very Large	Medium E	0.16354469094100474	-1.3371816051918444	Spherical	Low Density	9.823148104350695	3790.0	2616.0	3789.0
C-97510-5923-461	240	-7.334029540555161	-8.632910266761337	Very Low	Very Large	Medium E	0.16749556681705804	-1.3371560751452671	Linear	Low Density	10.071326646072539	3575.0	2616.0	3575.0
C-97510-5923-462	240	-7.334379760586812	-8.54885745916494	Very Low	Very Large	Medium E	0.1576140819824024	-1.337219928016376	Linear	Low Density	10.169787343535537	3948.0	2616.0	3947.0
C-97510-5923-463	240	-7.334412156318106	-8.541082483654515	Very Low	Very Large	Medium E	0.1567000339595653	-1.337225834475938	Spherical	Low Density	10.303170952816796	4091.0	2616.0	4090.0
C-97510-5923-464	240	-7.336519253376895	-8.035379189544946	Very Low	Very Large	Medium E	0.09724813015677576	-1.337610004953777	Intermediate	Low Density	10.10889015211243	5128.0	2616.0	5127.0
C-97510-5923-465	240	-7.334719269055796	-8.46737542660899	Very Low	Very Large	Medium E	0.14803482470326318	-1.337281827932289	Linear	Low Density	10.214114452897343	4344.0	2616.0	4343.0
C-97510-5923-466	240	-7.336519293433725	-8.035369575905758	Very Low	Very Large	Medium E	0.09724699995024923	-1.3376100122570245	Linear	Low Density	10.322135593018913	5139.0	2616.0	5138.0
C-97510-5923-467	240	-7.332565066923733	-8.984383938304168	Low	Very Large	Medium E	0.20881580173183567	-1.3368890691559505	Intermediate	Low Density	10.395857843561496	1835.0	2616.0	1835.0
C-97510-5923-468	240	-7.328895171718802	-9.865158787487475	Low	Very Large	Medium E	0.31236217411173633	-1.3362199659513228	Spherical	Low Density	10.345968582248805	694.0	2616.0	694.0
C-97510-5923-469	240	-7.332565014641927	-8.98439648593738	Low	Very Large	Medium E	0.2088172768669815	-1.3368890596238188	Linear	Medium Density	11.084074585294772	1635.0	2616.0	1635.0
C-97510-5923-47	240	-7.33240521203032	-9.022749112723234	Low	Very Large	Medium E	0.2133261197098118	-1.3368599240671986	Linear	Low Density	10.281366517497927	1493.0	2616.0	1493.0
C-97510-5923-470	240	-7.320766675801956	-11.81599780753055	Medium	Very Large	Low E	0.5417083047487565	-1.3347379610538919	Spherical	Low Density	10.4376588475481	40.0	2616.0	40.0
C-97510-5923-471	240	-7.335239602378365	-8.342495429192425	Very Low	Very Large	Medium E	0.1333535804246917	-1.3373766962252958	Spherical	Low Density	9.98575570377957	4877.0	2616.0	4876.0
C-97510-5923-472	240	-7.332565010402932	-8.984397503296373	Low	Very Large	Medium E	0.208817396470546	-1.336889058850956	Intermediate	Low Density	10.323658695929016	1623.0	2616.0	1623.0
C-97510-5923-473	240	-7.332434997949665	-9.01560049208029	Low	Very Large	Medium E	0.21248570772964048	-1.3368653547002203	Spherical	Low Density	10.599106376302021	1499.0	2616.0	1499.0
C-97510-5923-474	240	-7.335139406732962	-8.366542384089168	Very Low	Very Large	Medium E	0.13618060818171818	-1.337358428339243	Intermediate	Low Density	10.339051977780274	4740.0	2616.0	4739.0
C-97510-5923-475	240	-7.332565106434604	-8.984374455694894	Low	Very Large	Medium E	0.20881468692960423	-1.3368890763596577	Spherical	Low Density	10.565780120666378	1919.0	2616.0	1919.0
C-97510-5923-476	240	-7.321970933828253	-11.52697588121921	Medium	Very Large	Low E	0.507730072927599	-1.334957523973158	Intermediate	Low Density	10.223814731745433	57.0	2616.0	57.0
C-97510-5923-477	240	-7.330182617416665	-9.556171820000316	Low	Very Large	Medium E	0.2760367958091861	-1.3364546958261887	Linear	Low Density	10.263702854399911	980.0	2616.0	980.0
C-97510-5923-478	240	-7.323832984057558	-11.08008382618612	Medium	Very Large	Low E	0.45519218405966655	-1.3352970169848197	Spherical	Low Density	10.119400538723722	284.0	2616.0	284.0
C-97510-5923-479	240	-7.33406372651108	-8.624705637340725	Very Low	Very Large	Medium E	0.16653100747023017	-1.337162308002442	Intermediate	Low Density	10.50674964959354	3642.0	2616.0	3641.0
C-97510-5923-48	240	-7.328267575880845	-10.01578178859715	Low	Very Large	Medium E	0.3300698384215758	-1.3361055413252942	Spherical	Low Density	10.320403761127066	526.0	2616.0	526.0
C-97510-5923-480	240	-7.334385950189414	-8.547371954540461	Very Low	Very Large	Medium E	0.15743944187413703	-1.3372210565180647	Intermediate	Low Density	10.640472575742468	3989.0	2616.0	3988.0
C-97510-5923-482	240	-7.337501349916904	-7.799676019943064	Very Low	Very Large	Medium E	0.06953820157129913	-1.3377890629119689	Spherical	Low Density	10.17438580670959	5205.0	2616.0	5204.0
C-97510-5923-484	240	-7.328895141774693	-9.865165974073772	Low	Very Large	Medium E	0.3123630189870613	-1.336219960491848	Spherical	Low Density	10.213923969784986	652.0	2616.0	652.0
C-97510-5923-485	240	-7.328895095336539	-9.86517711923048	Low	Very Large	Medium E	0.3123643292431024	-1.3362199520251439	Linear	Low Density	10.218939680822205	619.0	2616.0	619.0
C-97510-5923-486	240	-7.328895222116966	-9.86514669192831	Low	Very Large	Medium E	0.31236075212370906	-1.3362199751400246	Spherical	Low Density	10.327595817673485	741.0	2616.0	741.0
C-97510-5923-487	240	-7.334648947002233	-8.484252719464276	Very Low	Very Large	Medium E	0.15001896679402643	-1.3372690066638964	Intermediate	Low Density	10.236599146197452	4324.0	2616.0	4323.0
C-97510-5923-488	240	-7.333252802347732	-8.819327436544155	Very Low	Very Large	Medium E	0.18941129442694593	-1.3370144585609438	Spherical	Low Density	9.983332148361805	2646.0	2616.0	2646.0
C-97510-5923-489	240	-7.332601490548204	-8.975642268430894	Low	Very Large	Medium E	0.20778810639659737	-1.3368957099896792	Intermediate	Low Density	10.3917008990012	1993.0	2616.0	1993.0
C-97510-5923-49	240	-7.3332539357813955	-8.81905541246508	Very Low	Very Large	Medium E	0.18937931450991247	-1.3370146652110124	Spherical	Low Density	10.297237187259952	2677.0	2616.0	2677.0
C-97510-5923-490	240	-7.332126797331168	-9.089568640519618	Low	Very Large	Medium E	0.22118161162568697	-1.3368091628990955	Intermediate	Low Density	10.575092509590078	1359.0	2616.0	1359.0
C-97510-5923-491	240	-7.331902062579425	-9.143504980938134	Low	Very Large	Medium E	0.2275225197419301	-1.336768188774717	Linear	Low Density	10.524575727927514	1257.0	2616.0	1257.0
C-97510-5923-492	240	-7.335239569645514	-8.342503285076356	Very Low	Very Large	Medium E	0.13335450398455034	-1.3373766902573718	Linear	Low Density	10.306264952798445	4871.0	2616.0	4870.0
C-97510-5923-493	240	-7.333153272903141	-8.843214503246179	Very Low	Very Large	Medium E	0.19221952527738745	-1.3369963121380593	Intermediate	Low Density	10.088328846363124	2532.0	2616.0	2532.0
C-97510-5923-496	240	-7.335040743918553	-8.390221459547222	Very Low	Very Large	Medium E	0.13896438699565367	-1.3373404399222413	Spherical	Low Density	10.385222671192462	4582.0	2616.0	4581.0
C-97510-5923-497	240	-7.331257025221259	-9.298313946897965	Low	Very Large	Medium E	0.24572229787124855	-1.3366505841731269	Intermediate	Low Density	10.380648962936567	1051.0	2616.0	1051.0
C-97510-5923-498	240	-7.332565023762727	-8.98439429694545	Low	Very Large	Medium E	0.20881701952291243	-1.3368890612867428	Spherical	Low Density	10.41917312222104	1667.0	2616.0	1667.0
C-97510-5923-499	240	-7.334925837315565	-8.417799044264173	Very Low	Very Large	Medium E	0.14220648554003096	-1.3373194899026908	Linear	Low Density	10.44817365045013	4533.0	2616.0	4532.0
C-97510-5923-5	240	-7.334433525779656	-8.53595381288254	Very Low	Very Large	Medium E	0.1560970929763453	-1.3372297306022318	Intermediate	Low Density	10.262819779850318	4143.0	2616.0	4142.0
C-97510-5923-50	240	-7.3349003443674174	-8.423917351819673	Very Low	Very Large	Medium E	0.14292577101127757	-1.3373148419734315	Linear	Low Density	10.671755313117183	4525.0	2616.0	4524.0
C-97510-5923-501	240	-7.339824452354494	-7.242131434921228	Very Low	Very Large	High E	0.0039916895738476114	-1.3382126159560945	Spherical	Low Density	10.050937369304037	5230.0	2616.0	5229.0
C-97510-5923-502	240	-7.334779726202443	-8.452865711413478	Very Low	Very Large	Medium E	0.14632902171157527	-1.3372928506095878	Spherical	Low Density	10.477975132732176	4453.0	2616.0	4452.0
C-97510-5923-503	240	-7.334640836876179	-8.486199149716773	Very Low	Very Large	Medium E	0.15024779461756876	-1.337267528008232	Intermediate	Low Density	10.169986312510794	4285.0	2616.0	4284.0
C-97510-5923-504	240	-7.33405866776178	-8.625919737172707	Very Low	Very Large	Medium E	0.1666737404665638	-1.3371613856803648	Linear	Low Density	10.618106160417438	3639.0	2616.0	3638.0
C-97510-5923-505	240	-7.336519285929977	-8.035371376805626	Very Low	Very Large	Medium E	0.09724721166909056	-1.3376100108889248	Linear	Low Density	10.18143307697191	5136.0	2616.0	5135.0
C-97510-5923-506	240	-7.332450903696266	-9.011783112896278	Low	Very Large	Medium E	0.21203692587933468	-1.3368682546702273	Intermediate	Low Density	10.180762673165633	1503.0	2616.0	1503.0
C-97510-5923-508	240	-7.332766426324992	-8.936057682002115	Low	Very Large	Medium E	0.2031344309077023	-1.3369257814360405	Intermediate	Low Density	10.243277362215006	2271.0	2616.0	2271.0
C-97510-5923-509	240	-7.336519280943348	-8.035372573596568	Very Low	Very Large	Medium E	0.09724735236720396	-1.3376100099797519	Spherical	Low Density	10.553771418252598	5134.0	2616.0	5133.0
C-97510-5923-510	240	-7.328895140477521	-9.865166285394974	Low	Very Large	Medium E	0.31236305558684707	-1.336219960255345	Linear	Low Density	10.272796608497455	649.0	2616.0	649.0
C-97510-5923-511	240	-7.333271228899665	-8.81490506408019	Very Low	Very Large	Medium E	0.1888913878624241	-1.3370178181296126	Spherical	Low Density	10.597724004545457	2802.0	2616.0	2802.0
C-97510-5923-512	240	-7.333807461818628	-8.686209163529194	Very Low	Very Large	Medium E	0.17376153526209295	-1.3371155852713072	Spherical	Low Density	10.384432356635251	3407.0	2616.0	3407.0
C-97510-5923-513	240	-7.334436439912636	-8.535254420967311	Very Low	Very Large	Medium E	0.15601487049262616	-1.3372302619132386	Linear	Low Density	10.10415419922338	4152.0	2616.0	4151.0
C-97510-5923-516	240	-7.334767576429055	-8.455781657026787	Very Low	Very Large	Medium E	0.146671828491971	-1.3372906354367133	Intermediate	Low Density	10.153894523540364	4391.0	2616.0	4390.0
C-97510-5923-517	240	-7.333587215914384	-8.73906818054781	Very Low	Very Large	Medium E	0.17997579020467935	-1.337075429563281	Linear	Low Density	10.324582704525984	3212.0	2616.0	3212.0
C-97510-5923-518	240	-7.33533719423983	-8.31907338244057	Very Low	Very Large	Medium E	0.1306000186295176	-1.337394489383848	Intermediate	Low Density	10.549220187273233	4923.0	2616.0	4922.0
C-97510-5923-519	240	-7.333666519314034	-8.72003536463161	Very Low	Very Large	Medium E	0.1777382387508679	-1.3370898883300524	Spherical	Low Density	10.186457184967251	3344.0	2616.0	3344.0
C-97510-5923-52	240	-7.323597435713521	-11.13661542875493	Medium	Very Large	Low E	0.46183819850507496	-1.3352540713029843	Intermediate	Low Density	10.32365044349861	196.0	2616.0	196.0
C-97510-5923-520	240	-7.3351467873973215	-8.364771024642849	Very Low	Very Large	Medium E	0.13597236217535494	-1.3373597739978789	Spherical	Medium Density	10.870676764704758	4747.0	2616.0	4746.0
C-97510-5923-522	240	-7.334082743855367	-8.620141474711673	Very Low	Very Large	Medium E	0.16599443165450634	-1.3371657752856463	Intermediate	Low Density	10.156918039701207	3745.0	2616.0	3744.0
C-97510-5923-523	240	-7.33274702617827	-8.940713717215125	Low	Very Large	Medium E	0.20368180752325218	-1.3369222443594708	Linear	Low Density	10.333343473362921	2123.0	2616.0	2123.0
C-97510-5923-524	240	-7.332565048400627	-8.984388383849417	Low	Very Large	Medium E	0.20881632436267253	-1.336889065778778	Intermediate	Low Density	10.067483304874566	1765.0	2616.0	1765.0
C-97510-5923-525	240	-7.328895178609901	-9.8651571336237	Low	Very Large	Medium E	0.3123619796788469	-1.3362199672077228	Intermediate	Low Density	10.57722340073709	699.0	2616.0	699.0
C-97510-5923-526	240	-7.335662038024268	-8.24111087417557	Very Low	Very Large	Medium E	0.1214345265403962	-1.3374537156028636	Intermediate	Medium Density	11.085681701450172	5045.0	2616.0	5044.0
C-97510-5923-528	240	-7.334337154921277	-8.559082818893414	Very Low	Very Large	Medium E	0.15881620407653443	-1.3372121600595943	Linear	Low Density	10.266307149179115	3851.0	2616.0	3850.0
C-97510-5923-529	240	-7.328895216855115	-9.86514795477229	Low	Very Large	Medium E	0.3123609005872215	-1.3362199741806726	Intermediate	Low Density	10.26356759668533	737.0	2616.0	737.0
C-97510-5923-53	240	-7.3343813438217635	-8.548477482776555	Very Low	Very Large	Medium E	0.15756941088781762	-1.337220216675185	Linear	Low Density	10.717843529507277	3955.0	2616.0	3954.0
C-97510-5923-531	240	-7.333249144202642	-8.820205391365795	Very Low	Very Large	Medium E	0.189514509268938	-1.3370137916000453	Linear	Low Density	10.55007645682243	2578.0	2616.0	2578.0
C-97510-5923-532	240	-7.334776523232147	-8.45363442428461	Very Low	Very Large	Medium E	0.1464193937621331	-1.337292266637139	Intermediate	Low Density	9.749950752439409	4445.0	2616.0	4444.0
C-97510-5923-533	240	-7.332565106154429	-8.984374522937083	Low	Very Large	Medium E	0.208814694834763	-1.3368890763085755	Linear	Low Density	10.396318593855076	1918.0	2616.0	1918.0
C-97510-5923-534	240	-7.332337643679352	-9.038965516955429	Low	Very Large	Medium E	0.21523256587235962	-1.336847604859799	Spherical	Low Density	10.168035443173673	1473.0	2616.0	1473.0
C-97510-5923-535	240	-7.331990939292731	-9.12217456974455	Low	Very Large	Medium E	0.2250148565150492	-1.3367843929686707	Intermediate	Low Density	10.474599675495643	1310.0	2616.0	1310.0
C-97510-5923-536	240	-7.334416931442846	-8.539936453717006	Very Low	Very Large	Medium E	0.15656530345180072	-1.3372267050869737	Spherical	Medium Density	10.814343190422452	4105.0	2616.0	4104.0
C-97510-5923-537	240	-7.333958156224376	-8.650042506149749	Very Low	Very Large	Medium E	0.1695096811404413	-1.3371430602002017	Intermediate	Low Density	10.365929869838189	3517.0	2616.0	3517.0
C-97510-5923-538	240	-7.333609091510642	-8.73381803744582	Very Low	Very Large	Medium E	0.17935856859216057	-1.337079417969146	Spherical	Low Density	10.387318076191313	3241.0	2616.0	3241.0
C-97510-5923-539	240	-7.333957692238856	-8.650153862674346	Very Low	Very Large	Medium E	0.1695227725271653	-1.3371429756053614	Linear	Low Density	10.417588624204763	3516.0	2616.0	3516.0
C-97510-5923-54	240	-7.335113920638905	-8.372659046662573	Very Low	Very Large	Medium E	0.1368997002642763	-1.3373537816596366	Spherical	Low Density	10.353494326951907	4688.0	2616.0	4687.0
C-97510-5923-540	240	-7.32359741984761	-11.13661923657355	Medium	Very Large	Low E	0.4618386461629428	-1.3352540684102774	Intermediate	Low Density	10.269561345605748	186.0	2616.0	186.0
C-97510-5923-541	240	-7.333470010444892	-8.767197493226016	Very Low	Very Large	Medium E	0.18328275144232672	-1.337054060409434	Spherical	Low Density	10.361423012245586	3118.0	2616.0	3118.0
C-97510-5923-542	240	-7.332565037770314	-8.984390935124669	Low	Very Large	Medium E	0.20881662429777711	-1.3368890638406363	Intermediate	Low Density	10.616698822941716	1721.0	2616.0	1721.0
C-97510-5923-543	240	-7.328895105453028	-9.86517469127336	Low	Very Large	Medium E	0.3123640438055963	-1.336219953869604	Linear	Low Density	10.221033045162274	622.0	2616.0	622.0
C-97510-5923-544	240	-7.333249118455597	-8.820211570656713	Very Low	Very Large	Medium E	0.18951523572378212	-1.3370137869057885	Spherical	Low Density	10.780114580422632	2576.0	2616.0	2576.0
C-97510-5923-545	240	-7.33324894149366	-8.820254041521503	Very Low	Very Large	Medium E	0.18952022871828667	-1.3370137546417067	Linear	Medium Density	10.804619399554143	2574.0	2616.0	2574.0
C-97510-5923-546	240	-7.328542750625022	-9.949739849994597	Low	Very Large	Medium E	0.32230576208177386	-1.3361557117778222	Intermediate	Low Density	10.166264888816148	553.0	2616.0	553.0
C-97510-5923-547	240	-7.331839411044648	-9.1585413492843	Low	Very Large	Medium E	0.22929023756163175	-1.3367567660118442	Linear	Low Density	10.216500321636548	1218.0	2616.0	1218.0
C-97510-5923-548	240	-7.33440471235112	-8.542869035731306	Very Low	Very Large	Medium E	0.1569100660543688	-1.3372244772758306	Intermediate	Low Density	10.340725886156624	4062.0	2616.0	4061.0
C-97510-5923-549	240	-7.334082652859096	-8.620163313816905	Very Low	Very Large	Medium E	0.16599699912121374	-1.33716575869501	Spherical	Low Density	10.647654298030147	3693.0	2616.0	3692.0
C-97510-5923-55	240	-7.333251531564634	-8.819632424487773	Very Low	Very Large	Medium E	0.18944714966873444	-1.33701422686903	Intermediate	Low Density	10.487702366119018	2631.0	2616.0	2631.0
C-97510-5923-550	240	-7.334293648242489	-8.569524421802697	Very Low	Very Large	Medium E	0.1600437483281505	-1.3372042278281342	Spherical	Low Density	10.386675725031072	3819.0	2616.0	3818.0
C-97510-5923-551	240	-7.333565313303108	-8.744324807254078	Very Low	Very Large	Medium E	0.1805937740479798	-1.3370714362319798	Intermediate	Low Density	10.695209522310524	3191.0	2616.0	3191.0
C-97510-5923-552	240	-7.323597383759355	-11.13662789775458	Medium	Very Large	Low E	0.4618396643958043	-1.335254061830589	Intermediate	Low Density	10.494837836052575	167.0	2616.0	167.0
C-97510-5923-553	240	-7.329676590837045	-9.67761819910912	Low	Very Large	Medium E	0.29031437424713513	-1.3363624359693962	Spherical	Low Density	10.184999807592622	837.0	2616.0	837.0
C-97510-5923-554	240	-7.328895162910026	-9.865160901593653	Low	Very Large	Medium E	0.3123624226520193	-1.3362199643452877	Spherical	Low Density	10.020227181551682	681.0	2616.0	681.0
C-97510-5923-555	240	-7.333220017844831	-8.827195717240544	Very Low	Very Large	Medium E	0.19033631167024617	-1.3370084812197043	Spherical	Low Density	10.42201215428352	2567.0	2616.0	2567.0
C-97510-5923-556	240	-7.333638272801439	-8.726814527654588	Very Low	Very Large	Medium E	0.1785352162524691	-1.3370847383649878	Linear	Low Density	10.162539549836078	3285.0	2616.0	3285.0
C-97510-5923-557	240	-7.335239574102554	-8.34250221538718	Very Low	Very Large	Medium E	0.13335437822885077	-1.337376691069989	Intermediate	Low Density	10.771572184933724	4872.0	2616.0	4871.0
C-97510-5923-558	240	-7.332747068360168	-8.940703593559347	Low	Very Large	Medium E	0.203680617357792	-1.3369222520501653	Linear	Low Density	10.183461120667333	2130.0	2616.0	2130.0
C-97510-5923-559	240	-7.326331119724658	-10.48053126608194	Low	Very Large	Low E	0.384707096176621	-1.335752482464653	Intermediate	Low Density	10.509755609101262	368.0	2616.0	368.0
C-97510-5923-56	240	-7.323597420902271	-11.13661898345504	Medium	Very Large	Low E	0.4618386164056205	-1.3352540686025653	Intermediate	Low Density	10.260105259863094	187.0	2616.0	187.0
C-97510-5923-560	240	-7.334767600791319	-8.455775810083386	Very Low	Very Large	Medium E	0.14667114110883317	-1.337290639878494	Spherical	Low Density	10.383306747855856	4399.0	2616.0	4398.0
C-97510-5923-561	240	-7.335224294802015	-8.346169247516322	Very Low	Very Large	Medium E	0.133785484855859	-1.3373739053149785	Spherical	Low Density	10.042636396896784	4829.0	2616.0	4828.0
C-97510-5923-562	240	-7.3292232598978835	-9.786417624507918	Low	Very Large	Medium E	0.303105141180941	-1.3362797836953633	Intermediate	Low Density	10.52600081594652	811.0	2616.0	811.0
C-97510-5923-564	240	-7.335656554840152	-8.242426838363604	Very Low	Very Large	Medium E	0.12158923499735559	-1.3374527158969158	Linear	Low Density	10.190345797784678	5044.0	2616.0	5043.0
C-97510-5923-566	240	-7.333201794121325	-8.831569410881999	Very Low	Very Large	Medium E	0.19085049541527244	-1.3370051586311513	Spherical	Low Density	10.39044416851039	2563.0	2616.0	2563.0
C-97510-5923-567	240	-7.334384920383223	-8.547619108026646	Very Low	Very Large	Medium E	0.15746849793416676	-1.3372208687615799	Linear	Low Density	10.363254820942434	3980.0	2616.0	3979.0
C-97510-5923-568	240	-7.334778450615763	-8.453171852216599	Very Low	Very Large	Medium E	0.14636501248678216	-1.3372926180418747	Intermediate	Low Density	10.368974276654475	4450.0	2616.0	4449.0
C-97510-5923-569	240	-7.329690904916081	-9.674182820140445	Low	Very Large	Medium E	0.2899105014182517	-1.3363650457431415	Linear	Low Density	10.519365845159392	838.0	2616.0	838.0
C-97510-5923-57	240	-7.323597193234052	-11.1366736238273	Medium	Very Large	Low E	0.46184504008172445	-1.335254027093605	Intermediate	Low Density	10.331089644172497	150.0	2616.0	150.0
C-97510-5923-570	240	-7.33313227171394	-8.848254788654165	Very Low	Very Large	Medium E	0.19281207542827639	-1.3369924831559736	Spherical	Low Density	10.341896208631802	2522.0	2616.0	2522.0
C-97510-5923-571	240	-7.334567291786143	-8.50384997132562	Very Low	Very Large	Medium E	0.15232287492760496	-1.337254119108882	Linear	Low Density	10.274623474869085	4237.0	2616.0	4236.0
C-97510-5923-572	240	-7.328895206490411	-9.865150442301395	Low	Very Large	Medium E	0.31236119302815163	-1.3362199722909573	Intermediate	Low Density	10.309210751634076	728.0	2616.0	728.0
C-97510-5923-573	240	-7.334385414192254	-8.54750059385901	Very Low	Very Large	Medium E	0.15745456507479252	-1.337220958793907	Linear	Low Density	10.153616882343433	3982.0	2616.0	3981.0
C-97510-5923-574	240	-7.334767618513808	-8.455771556685944	Very Low	Very Large	Medium E	0.1466706410674507	-1.3372906431096965	Spherical	Low Density	10.126729955572054	4406.0	2616.0	4405.0
C-97510-5923-576	240	-7.333475679633268	-8.765836888015652	Very Low	Very Large	Medium E	0.1831227948610471	-1.3370550940280792	Spherical	Low Density	10.566827329439798	3136.0	2616.0	3136.0
C-97510-5923-577	240	-7.334354718807175	-8.554867486277917	Very Low	Very Large	Medium E	0.15832063769982802	-1.337215362345132	Linear	Low Density	10.138437693734236	3875.0	2616.0	3874.0
C-97510-5923-578	240	-7.334196384438452	-8.592867734771595	Very Low	Very Large	Medium E	0.16278805395800344	-1.3371864944817193	Linear	Low Density	10.598491580500264	3795.0	2616.0	3794.0
C-97510-5923-579	240	-7.3224731963908765	-11.4064328661896	Medium	Very Large	Low E	0.493558696515546	-1.3350490975662577	Intermediate	Low Density	10.198952660312916	87.0	2616.0	87.0
C-97510-5923-58	240	-7.332777661336129	-8.933361279328969	Low	Very Large	Medium E	0.20281743421380086	-1.3369278298274894	Intermediate	Low Density	10.192048138991664	2315.0	2616.0	2315.0
C-97510-5923-580	240	-7.332565017366955	-8.984395831930788	Low	Very Large	Medium E	0.20881719998010345	-1.3368890601206518	Spherical	Low Density	10.770909137869266	1640.0	2616.0	1640.0
C-97510-5923-581	240	-7.335481682924212	-8.284396098188983	Very Low	Very Large	Medium E	0.12652325940828657	-1.337420832872246	Linear	Low Density	10.307334788970287	4967.0	2616.0	4966.0
C-97510-5923-582	240	-7.332805859136525	-8.926593807233903	Low	Very Large	Medium E	0.20202183113059208	-1.336932970911241	Linear	Low Density	10.43312600040418	2335.0	2616.0	2335.0
C-97510-5923-583	240	-7.330126030852663	-9.569752595360692	Low	Very Large	Medium E	0.27763339001711684	-1.3364443788418612	Spherical	Low Density	10.49936858517009	963.0	2616.0	963.0
C-97510-5923-584	240	-7.332766334824087	-8.936079642219006	Low	Very Large	Medium E	0.20313701261268702	-1.3369257647533983	Linear	Low Density	10.036244960875251	2169.0	2616.0	2169.0
C-97510-5923-585	240	-7.336519307719021	-8.035366147434924	Very Low	Very Large	Medium E	0.0972465968895468	-1.3376100148615504	Spherical	Low Density	10.47528986829092	5147.0	2616.0	5146.0
C-97510-5923-586	240	-7.333825502096569	-8.681879496823436	Very Low	Very Large	Medium E	0.17325252744764946	-1.3371188744136693	Linear	Low Density	10.510314475207633	3413.0	2616.0	3413.0
C-97510-5923-587	240	-7.333860114816901	-8.673572443943625	Very Low	Very Large	Medium E	0.17227592691044039	-1.3371251850794519	Linear	Low Density	10.311161844010725	3429.0	2616.0	3429.0
C-97510-5923-588	240	-7.332132813231281	-9.088124824492452	Low	Very Large	Medium E	0.22101187254635787	-1.3368102597309721	Spherical	Low Density	10.177817087447325	1372.0	2616.0	1372.0
C-97510-5923-589	240	-7.327858087724639	-10.11405894608661	Low	Very Large	Medium E	0.34162357789910874	-1.3360308825619578	Intermediate	Low Density	10.359529283504653	503.0	2616.0	503.0
C-97510-5923-590	240	-7.334035804356882	-8.631406954348488	Very Low	Very Large	Medium E	0.16731883317500995	-1.3371572171750992	Spherical	Low Density	10.075107681825369	3608.0	2616.0	3608.0
C-97510-5923-591	240	-7.332766460692371	-8.936049433831004	Low	Very Large	Medium E	0.2031334612294848	-1.3369257877019751	Linear	Low Density	10.211293832919988	2302.0	2616.0	2302.0
C-97510-5923-592	240	-7.332766450383124	-8.936051908050068	Low	Very Large	Medium E	0.2031337521056672	-1.3369257858223709	Intermediate	Medium Density	10.835804219289104	2296.0	2616.0	2296.0
C-97510-5923-593	240	-7.323597545919274	-11.13658897937423	Medium	Very Large	Low E	0.4618350890413715	-1.3352540913959348	Spherical	Low Density	10.44697077359398	244.0	2616.0	244.0
C-97510-5923-594	240	-7.33276637683294	-8.93606956009429	Low	Very Large	Medium E	0.20313582732969593	-1.336925772412543	Linear	Low Density	10.454337206641519	2203.0	2616.0	2203.0
C-97510-5923-595	240	-7.335120364940456	-8.371112414290234	Very Low	Very Large	Medium E	0.13671787380578848	-1.3373549565985867	Spherical	Low Density	10.222518434060994	4709.0	2616.0	4708.0
C-97510-5923-597	240	-7.331841212118369	-9.158109091591236	Low	Very Large	Medium E	0.22923942012957643	-1.3367570943874874	Intermediate	Medium Density	10.946162801550386	1219.0	2616.0	1219.0
C-97510-5923-598	240	-7.331835950670117	-9.159371839171875	Low	Very Large	Medium E	0.2293878722922559	-1.3367561351089006	Intermediate	Low Density	9.79096097138036	1211.0	2616.0	1211.0
C-97510-5923-599	240	-7.332565014945744	-8.984396413021448	Low	Very Large	Medium E	0.20881726829475	-1.3368890596792116	Intermediate	Low Density	10.211282877373542	1636.0	2616.0	1636.0
C-97510-5923-6	240	-7.323640125618756	-11.12636985149827	Medium	Very Large	Low E	0.4606336995813837	-1.3352618546185298	Intermediate	Low Density	10.294977495033416	249.0	2616.0	249.0
C-97510-5923-60	240	-7.333249307161193	-8.820166281313746	Very Low	Very Large	Medium E	0.18950991138103487	-1.3370138213109997	Linear	Low Density	10.071894891471965	2583.0	2616.0	2583.0
C-97510-5923-600	240	-7.334790905517834	-8.450182675719711	Very Low	Very Large	Medium E	0.14601359647740328	-1.337294888846468	Intermediate	Low Density	9.832145971189684	4483.0	2616.0	4482.0
C-97510-5923-601	240	-7.334082722720191	-8.620146547154315	Very Low	Very Large	Medium E	0.16599502798511273	-1.3371657714322354	Intermediate	Low Density	10.138014965208683	3734.0	2616.0	3733.0
C-97510-5923-603	240	-7.332766257286718	-8.936098251187842	Low	Very Large	Medium E	0.2031392003354634	-1.336925750616618	Intermediate	Low Density	10.12132660861029	2147.0	2616.0	2147.0
C-97510-5923-604	240	-7.335503280698003	-8.279212632479375	Very Low	Very Large	Medium E	0.12591387657781564	-1.3374247706249198	Spherical	Low Density	10.298994800015189	4986.0	2616.0	4985.0
C-97510-5923-605	240	-7.334640909381741	-8.48618174838231	Very Low	Very Large	Medium E	0.15024574886763392	-1.3372675412276023	Intermediate	Low Density	10.359501820284814	4315.0	2616.0	4314.0
C-97510-5923-606	240	-7.332565001363607	-8.984399672734224	Low	Very Large	Medium E	0.2088176515157841	-1.3368890572028869	Spherical	Low Density	10.434781540154944	1601.0	2616.0	1601.0
C-97510-5923-607	240	-7.3332640142315215	-8.816636584434649	Very Low	Very Large	Medium E	0.18909495027292864	-1.3370165027357646	Linear	Low Density	10.514858245875624	2766.0	2616.0	2766.0
C-97510-5923-608	240	-7.334676383157823	-8.47766804212261	Very Low	Very Large	Medium E	0.149244853576955	-1.3372740088829251	Intermediate	Low Density	10.482916044676227	4339.0	2616.0	4338.0
C-97510-5923-609	240	-7.332766356883117	-8.936074348051816	Low	Very Large	Medium E	0.20313639021547306	-1.336925768775248	Spherical	Low Density	10.63706155200856	2181.0	2616.0	2181.0
C-97510-5923-61	240	-7.332766398073474	-8.936064462366227	Low	Very Large	Medium E	0.20313522802641965	-1.3369257762851627	Intermediate	Low Density	10.344843481637685	2233.0	2616.0	2233.0
C-97510-5923-611	240	-7.332039111778851	-9.110613173075697	Low	Very Large	Medium E	0.22365566615463908	-1.3367931758801812	Intermediate	Low Density	10.716406850664521	1321.0	2616.0	1321.0
C-97510-5923-612	240	-7.336519294899213	-8.035369224188793	Very Low	Very Large	Medium E	0.09724695860141394	-1.3376100125242154	Linear	Low Density	10.28570326268052	5142.0	2616.0	5141.0
C-97510-5923-613	240	-7.328579954387288	-9.940810947050997	Low	Very Large	Medium E	0.3212560550993216	-1.3361624948479554	Intermediate	Low Density	10.336035374390434	562.0	2616.0	562.0
C-97510-5923-614	240	-7.334767675542963	-8.455757869688762	Very Low	Very Large	Medium E	0.14666903198551168	-1.3372906535073747	Linear	Low Density	10.295406207668014	4431.0	2616.0	4430.0
C-97510-5923-618	240	-7.333271225545274	-8.814905869134163	Very Low	Very Large	Medium E	0.1888914825068335	-1.3370178175180327	Spherical	Low Density	10.445303166986452	2801.0	2616.0	2801.0
C-97510-5923-619	240	-7.333251741504041	-8.819582039030156	Very Low	Very Large	Medium E	0.1894412262123902	-1.3370142651456352	Linear	Low Density	9.686664548738705	2632.0	2616.0	2632.0
C-97510-5923-62	240	-7.333095582494113	-8.85706020141281	Very Low	Very Large	Medium E	0.19384726455669893	-1.336985793898327	Spherical	Low Density	10.034301411755793	2492.0	2616.0	2492.0
C-97510-5923-620	240	-7.33441694305338	-8.539933667188784	Very Low	Very Large	Medium E	0.15656497585967938	-1.3372267072038315	Spherical	Low Density	10.612130303064017	4108.0	2616.0	4107.0
C-97510-5923-621	240	-7.326084322956408	-10.53976249046206	Low	Very Large	Low E	0.3916704857668901	-1.335707485945868	Intermediate	Low Density	10.276465120220504	353.0	2616.0	353.0
C-97510-5923-622	240	-7.332565006079198	-8.984398540992276	Low	Very Large	Medium E	0.20881751846501198	-1.3368890580626438	Intermediate	Low Density	10.464859066017285	1613.0	2616.0	1613.0
C-97510-5923-623	240	-7.335250982009471	-8.339764317726708	Very Low	Very Large	Medium E	0.13303250326735414	-1.3373787709841691	Spherical	Low Density	10.558426272780896	4882.0	2616.0	4881.0
C-97510-5923-624	240	-7.33439670973331	-8.54478966400555	Very Low	Very Large	Medium E	0.15713586052462603	-1.3372230182213012	Spherical	Low Density	10.634590830426985	4028.0	2616.0	4027.0
C-97510-5923-625	240	-7.333372854623529	-8.790514890353043	Very Low	Very Large	Medium E	0.18602401033283336	-1.337036346750653	Linear	Low Density	10.232792436813996	2986.0	2616.0	2986.0
C-97510-5923-626	240	-7.332032001791574	-9.112319570022136	Low	Very Large	Medium E	0.22385627498652816	-1.3367918795719744	Intermediate	Low Density	10.481626382529038	1318.0	2616.0	1318.0
C-97510-5923-627	240	-7.31798510107182	-12.48357574276309	High	Very Large	Low E	0.6201906473568243	-1.334230818353102	Intermediate	Low Density	10.117270509507923	22.0	2616.0	22.0
C-97510-5923-629	240	-7.334326829944725	-8.561560813265881	Very Low	Very Large	Medium E	0.15910752407537967	-1.3372102775876127	Linear	Low Density	10.111738423746218	3840.0	2616.0	3839.0
C-97510-5923-630	240	-7.333251435794355	-8.819655409354652	Very Low	Very Large	Medium E	0.18944985183443663	-1.3370142094079862	Intermediate	Low Density	10.0314078070779	2603.0	2616.0	2603.0
C-97510-5923-631	240	-7.334388583247115	-8.54674002069248	Very Low	Very Large	Medium E	0.15736514995081055	-1.3372215365828204	Spherical	Low Density	10.520913810492878	4002.0	2616.0	4001.0
C-97510-5923-632	240	-7.335513287200761	-8.276811071817342	Very Low	Very Large	Medium E	0.12563154234129484	-1.3374265950320727	Intermediate	Low Density	10.223388326514526	5012.0	2616.0	5011.0
C-97510-5923-633	240	-7.331988571195309	-9.12274291312582	Low	Very Large	Medium E	0.225081672563959	-1.3367839612120438	Spherical	Low Density	10.189297107433292	1309.0	2616.0	1309.0
C-97510-5923-634	240	-7.329991166884314	-9.60211994776445	Low	Very Large	Medium E	0.28143858714331305	-1.3364197901524375	Intermediate	Low Density	10.434414686836586	928.0	2616.0	928.0
C-97510-5923-635	240	-7.328638735915081	-9.926703380380498	Low	Very Large	Medium E	0.31959752982107487	-1.3361732120228125	Intermediate	Low Density	10.50235655225019	571.0	2616.0	571.0
C-97510-5923-636	240	-7.333289497220279	-8.81052066713294	Very Low	Very Large	Medium E	0.18837594580662168	-1.3370211488492063	Linear	Low Density	9.982256368719282	2865.0	2616.0	2865.0
C-97510-5923-638	240	-7.332191660124331	-9.074001570160682	Low	Very Large	Medium E	0.21935150298240663	-1.336820988823364	Spherical	Low Density	10.27764720694228	1421.0	2616.0	1421.0
C-97510-5923-639	240	-7.335437104562396	-8.29509490502506	Very Low	Very Large	Medium E	0.12778104127805193	-1.337412705249226	Spherical	Low Density	10.188537202973698	4950.0	2616.0	4949.0
C-97510-5923-64	240	-7.3345658641465885	-8.504192604818623	Very Low	Very Large	Medium E	0.1523631558862268	-1.337253858818561	Spherical	Low Density	10.51392868849147	4235.0	2616.0	4234.0
C-97510-5923-640	240	-7.3357940028280755	-8.209439321261927	Very Low	Very Large	Medium E	0.11771112956227597	-1.3374777757103584	Linear	Low Density	10.606207585875342	5057.0	2616.0	5056.0
C-97510-5923-641	240	-7.332405207732547	-9.02275014418876	Low	Very Large	Medium E	0.21332624097179842	-1.3368599232836194	Linear	Low Density	10.456069716427596	1492.0	2616.0	1492.0
C-97510-5923-642	240	-7.3343837357848285	-8.547903411641018	Very Low	Very Large	Medium E	0.15750192146798087	-1.337220652783047	Linear	Low Density	10.355589640083222	3969.0	2616.0	3968.0
C-97510-5923-643	240	-7.332214524733686	-9.068514063915282	Low	Very Large	Medium E	0.2187063762901152	-1.3368251575482286	Intermediate	Low Density	10.569991144089501	1437.0	2616.0	1437.0
C-97510-5923-644	240	-7.333132252794604	-8.848259329295045	Very Low	Very Large	Medium E	0.19281260923878987	-1.3369924797065595	Spherical	Low Density	10.330143788660694	2521.0	2616.0	2521.0
C-97510-5923-645	240	-7.333643901871031	-8.725463550952426	Very Low	Very Large	Medium E	0.17837639162572771	-1.3370857646690897	Linear	Low Density	10.717325088730684	3295.0	2616.0	3295.0
C-97510-5923-646	240	-7.332565021191152	-8.984394914123715	Low	Very Large	Medium E	0.20881709208009536	-1.3368890608178876	Spherical	Low Density	10.583001517713573	1654.0	2616.0	1654.0
C-97510-5923-647	240	-7.335050161270891	-8.387961294986008	Very Low	Very Large	Medium E	0.1386986756830506	-1.3373421569142199	Intermediate	Low Density	10.180985814672125	4606.0	2616.0	4605.0
C-97510-5923-648	240	-7.333259793202972	-8.817649631286764	Very Low	Very Large	Medium E	0.18921404691455931	-1.3370157331487404	Spherical	Low Density	10.19550070679064	2738.0	2616.0	2738.0
C-97510-5923-649	240	-7.332565046526132	-8.984388833728199	Low	Very Large	Medium E	0.2088163772516979	-1.3368890654370158	Spherical	Low Density	10.415779836000459	1759.0	2616.0	1759.0
C-97510-5923-65	240	-7.334036384290576	-8.631267770261756	Very Low	Very Large	Medium E	0.16730247030171883	-1.3371573229098603	Linear	Low Density	10.559189174656014	3610.0	2616.0	3610.0
C-97510-5923-650	240	-7.33093630370812	-9.375287110051042	Low	Very Large	Medium E	0.2547714797620712	-1.336592109535501	Spherical	Low Density	10.561428694465903	1035.0	2616.0	1035.0
C-97510-5923-651	240	-7.33005484315501	-9.586837642797478	Low	Very Large	Medium E	0.2796419563216976	-1.3364313997473722	Linear	Low Density	10.411575679881587	953.0	2616.0	953.0
C-97510-5923-652	240	-7.333667907487108	-8.719702203094242	Very Low	Very Large	Medium E	0.17769907134197763	-1.3370901414247598	Intermediate	Low Density	10.186688328759395	3351.0	2616.0	3351.0
C-97510-5923-653	240	-7.332563717985303	-8.984707683527358	Low	Very Large	Medium E	0.20885386213226148	-1.3368888232145881	Spherical	Low Density	10.125717993798425	1551.0	2616.0	1551.0
C-97510-5923-654	240	-7.334423988913288	-8.538242660810758	Very Low	Very Large	Medium E	0.15636617638639028	-1.337227991820198	Spherical	Low Density	10.439487545251508	4123.0	2616.0	4122.0
C-97510-5923-655	240	-7.334381330635466	-8.548480647488152	Very Low	Very Large	Medium E	0.1575697829402015	-1.3372202142710308	Intermediate	Low Density	10.590811105104368	3954.0	2616.0	3953.0
C-97510-5923-657	240	-7.332565083972141	-8.984379846686013	Low	Very Large	Medium E	0.20881532070970654	-1.336889072264253	Intermediate	Low Density	10.268775838962329	1887.0	2616.0	1887.0
C-97510-5923-658	240	-7.331883915149822	-9.147860364042511	Low	Very Large	Medium E	0.22803455084866145	-1.336764880096233	Spherical	Low Density	10.514264693478278	1247.0	2616.0	1247.0
C-97510-5923-659	240	-7.330126029137989	-9.5697530068825	Low	Very Large	Medium E	0.27763343839676674	-1.3364443785292381	Spherical	Low Density	10.444421557455314	962.0	2616.0	962.0
C-97510-5923-66	240	-7.334373509402734	-8.550357743344048	Very Low	Very Large	Medium E	0.15779045961672045	-1.3372187882870195	Linear	Low Density	10.04161491135779	3926.0	2616.0	3925.0
C-97510-5923-661	240	-7.332094423282781	-9.097338412132464	Low	Very Large	Medium E	0.2220950478636529	-1.3368032603928077	Spherical	Low Density	10.147366057325003	1347.0	2616.0	1347.0
C-97510-5923-662	240	-7.332663770741015	-8.960695022156473	Low	Very Large	Medium E	0.20603086601871665	-1.3369070650486843	Intermediate	Low Density	10.292969108523252	2067.0	2616.0	2067.0
C-97510-5923-663	240	-7.334082614999273	-8.620172400174333	Very Low	Very Large	Medium E	0.165998067338995	-1.3371657517923257	Intermediate	Low Density	10.618557251121096	3682.0	2616.0	3681.0
C-97510-5923-664	240	-7.33332187739711	-8.80274942469339	Very Low	Very Large	Medium E	0.18746233665413026	-1.3370270524728451	Intermediate	Low Density	10.281191283738577	2911.0	2616.0	2911.0
C-97510-5923-665	240	-7.332786941087121	-8.931134139090966	Low	Very Large	Medium E	0.2025556053336516	-1.3369295217316937	Intermediate	Low Density	10.0970882480263	2324.0	2616.0	2324.0
C-97510-5923-666	240	-7.332766422924248	-8.936058498180543	Low	Very Large	Medium E	0.20313452685994413	-1.3369257808160095	Spherical	Low Density	10.412109902410275	2266.0	2616.0	2266.0
C-97510-5923-667	240	-7.332896035350885	-8.90495151578764	Very Low	Very Large	Medium E	0.19947750238263423	-1.3369494120330279	Intermediate	Low Density	10.03619003196391	2387.0	2616.0	2387.0
C-97510-5923-668	240	-7.33516518101069	-8.360356557434482	Very Low	Very Large	Medium E	0.13545338497494364	-1.3373631275611177	Spherical	Low Density	10.048453339711607	4771.0	2616.0	4770.0
C-97510-5923-669	240	-7.333690203078443	-8.714351261173771	Very Low	Very Large	Medium E	0.17706999953641356	-1.3370942064050324	Linear	Low Density	9.971014885692549	3370.0	2616.0	3370.0
C-97510-5923-67	240	-7.332806416849221	-8.926459956186786	Low	Very Large	Medium E	0.20200609522446047	-1.3369330725946218	Spherical	Low Density	10.260566381911834	2337.0	2616.0	2337.0
C-97510-5923-670	240	-7.332766335602468	-8.936079455407668	Low	Very Large	Medium E	0.2031369906506103	-1.3369257648953143	Spherical	Low Density	10.199053253465104	2172.0	2616.0	2172.0
C-97510-5923-671	240	-7.332565049421159	-8.984388138921659	Low	Very Large	Medium E	0.2088162955682816	-1.3368890659648436	Spherical	Low Density	10.022971932768046	1771.0	2616.0	1771.0
C-97510-5923-672	240	-7.33326017126636	-8.81755889607359	Very Low	Very Large	Medium E	0.18920337982729044	-1.3370158020780725	Intermediate	Low Density	10.229482653363478	2747.0	2616.0	2747.0
C-97510-5923-673	240	-7.3340827289174	-8.620145059823999	Very Low	Very Large	Medium E	0.16599485313039028	-1.337165772562124	Intermediate	Low Density	10.44055531731259	3740.0	2616.0	3739.0
C-97510-5923-674	240	-7.334374118873247	-8.550211470420605	Very Low	Very Large	Medium E	0.15777326335982833	-1.3372188994069971	Spherical	Low Density	10.428603135835564	3931.0	2616.0	3930.0
C-97510-5923-675	240	-7.334049840511332	-8.628038277280114	Very Low	Very Large	Medium E	0.1669228020094503	-1.337159776277035	Spherical	Low Density	10.275214093988392	3631.0	2616.0	3631.0
C-97510-5923-677	240	-7.334399245380808	-8.544181108605814	Very Low	Very Large	Medium E	0.15706431703760024	-1.3372234805260186	Linear	Low Density	10.62293823080545	4046.0	2616.0	4045.0
C-97510-5923-678	240	-7.334433540393282	-8.53595030561224	Very Low	Very Large	Medium E	0.15609668065177987	-1.3372297332666196	Spherical	Low Density	10.359889338309621	4144.0	2616.0	4143.0
C-97510-5923-679	240	-7.328895089746784	-9.865178460771672	Low	Very Large	Medium E	0.3123644869584491	-1.3362199510060078	Intermediate	Low Density	10.089895233638382	615.0	2616.0	615.0
C-97510-5923-68	240	-7.334379788814783	-8.548850684452045	Very Low	Very Large	Medium E	0.15761328552807635	-1.3372199331629602	Linear	Medium Density	10.838995542875734	3950.0	2616.0	3949.0
C-97510-5923-681	240	-7.331257072131569	-9.298302688423348	Low	Very Large	Medium E	0.24572097429327483	-1.3366505927259158	Spherical	Low Density	9.997858322050964	1064.0	2616.0	1064.0
C-97510-5923-682	240	-7.332565087004692	-8.984379118873996	Low	Very Large	Medium E	0.20881523514604658	-1.3368890728171543	Intermediate	Low Density	10.084420386306697	1893.0	2616.0	1893.0
C-97510-5923-684	240	-7.332565043461986	-8.984389569123296	Low	Very Large	Medium E	0.20881646370681803	-1.3368890648783542	Spherical	Low Density	10.4311463249968	1749.0	2616.0	1749.0
C-97510-5923-685	240	-7.334937607166381	-8.414974280068467	Very Low	Very Large	Medium E	0.14187439830389476	-1.3373216358072628	Linear	Low Density	10.208597595396128	4538.0	2616.0	4537.0
C-97510-5923-686	240	-7.323597449956652	-11.13661201040353	Medium	Very Large	Low E	0.46183779663404695	-1.3352540738998226	Linear	Low Density	10.32725614239076	208.0	2616.0	208.0
C-97510-5923-687	240	-7.333321916422686	-8.802740058555445	Very Low	Very Large	Medium E	0.1874612355445443	-1.3370270595880722	Intermediate	Low Density	10.061671649048748	2936.0	2616.0	2936.0
C-97510-5923-688	240	-7.332778744155261	-8.933101402737373	Low	Very Large	Medium E	0.20278688238961642	-1.3369280272494075	Linear	Low Density	10.114103246694427	2316.0	2616.0	2316.0
C-97510-5923-689	240	-7.328895228328085	-9.865145201259512	Low	Very Large	Medium E	0.3123605768765216	-1.3362199762724492	Spherical	Low Density	10.648746144674263	746.0	2616.0	746.0
C-97510-5923-69	240	-7.32383296700514	-11.08008791876646	Medium	Very Large	Low E	0.45519266519491663	-1.3352970138757863	Linear	Low Density	10.199081271154846	283.0	2616.0	283.0
C-97510-5923-690	240	-7.333321945298464	-8.80273312836868	Very Low	Very Large	Medium E	0.1874604208122654	-1.3370270648527665	Intermediate	Low Density	10.373853740571143	2948.0	2616.0	2948.0
C-97510-5923-692	240	-7.327088495338923	-10.29876111865856	Low	Very Large	Low E	0.3633376856057987	-1.3358905688192524	Linear	Low Density	10.309581100352785	438.0	2616.0	438.0
C-97510-5923-693	240	-7.330054661921173	-9.586881138918168	Low	Very Large	Medium E	0.27964706984821536	-1.3364313667044283	Linear	Low Density	10.492347217215034	936.0	2616.0	936.0
C-97510-5923-694	240	-7.332766426516356	-8.936057636074633	Low	Very Large	Medium E	0.2031344255083452	-1.3369257814709303	Spherical	Low Density	9.953563056750951	2272.0	2616.0	2272.0
C-97510-5923-695	240	-7.335213810115731	-8.348685572224548	Very Low	Very Large	Medium E	0.13408131107693239	-1.3373719937243742	Linear	Low Density	10.101889770171766	4806.0	2616.0	4805.0
C-97510-5923-696	240	-7.320473198438036	-11.88643237487136	Medium	Very Large	Low E	0.5499887908968911	-1.3346844536282791	Intermediate	Low Density	10.495008215504111	37.0	2616.0	37.0
C-97510-5923-697	240	-7.332565029273909	-8.98439297426176	Low	Very Large	Medium E	0.20881686402447552	-1.3368890622915535	Spherical	Low Density	10.633304190933657	1684.0	2616.0	1684.0
C-97510-5923-698	240	-7.333919920598883	-8.659219056268075	Very Low	Very Large	Medium E	0.17058850222233438	-1.3371360889985406	Spherical	Low Density	10.414377780906463	3472.0	2616.0	3472.0
C-97510-5923-70	240	-7.332766408367442	-8.936061991813785	Low	Very Large	Medium E	0.20313493758131973	-1.3369257781619812	Spherical	Low Density	10.232293789288056	2250.0	2616.0	2250.0
C-97510-5923-700	240	-7.333259717366622	-8.817667832010514	Very Low	Very Large	Medium E	0.1892161866429335	-1.3370157193220937	Linear	Low Density	10.27485097968516	2722.0	2616.0	2722.0
C-97510-5923-701	240	-7.32961459700658	-9.692496718420978	Low	Very Large	Medium E	0.29206353488965675	-1.336351133120591	Linear	Low Density	10.056793019207145	830.0	2616.0	830.0
C-97510-5923-703	240	-7.321971018112732	-11.52695565294421	Medium	Very Large	Low E	0.5077276948346137	-1.3349575393400857	Spherical	Low Density	10.155351515907531	58.0	2616.0	58.0
C-97510-5923-705	240	-7.335233976442709	-8.343845653749682	Very Low	Very Large	Medium E	0.13351231662719673	-1.3373756704925794	Spherical	Low Density	10.116898831085301	4850.0	2616.0	4849.0
C-97510-5923-706	240	-7.3224732159473	-11.40642817264799	Medium	Very Large	Low E	0.49355814472957926	-1.335049101131827	Intermediate	Low Density	10.255828313735522	94.0	2616.0	94.0
C-97510-5923-707	240	-7.331767296897399	-9.175848744624195	Low	Very Large	Medium E	0.23132494371204387	-1.3367436180050678	Intermediate	Low Density	10.646201963710835	1158.0	2616.0	1158.0
C-97510-5923-708	240	-7.33325393240857	-8.819056221943026	Very Low	Very Large	Medium E	0.1893794096744426	-1.3370146645960717	Intermediate	Low Density	10.37162804668312	2675.0	2616.0	2675.0
C-97510-5923-709	240	-7.328574435245509	-9.942135541077691	Low	Very Large	Medium E	0.3214117781044673	-1.336161488586129	Linear	Low Density	10.097633620961627	554.0	2616.0	554.0
C-97510-5923-71	240	-7.333251465107688	-8.81964837415485	Very Low	Very Large	Medium E	0.18944902475651348	-1.3370142147524564	Spherical	Low Density	10.339417836569863	2614.0	2616.0	2614.0
C-97510-5923-710	240	-7.333253947993998	-8.819052481440396	Very Low	Very Large	Medium E	0.18937896993040432	-1.3370146674376404	Spherical	Low Density	10.217354957836836	2686.0	2616.0	2686.0
C-97510-5923-711	240	-7.333249217635783	-8.820187767411804	Very Low	Very Large	Medium E	0.18951243734729387	-1.3370138049885338	Intermediate	Low Density	10.399277702392215	2582.0	2616.0	2582.0
C-97510-5923-712	240	-7.333944998381136	-8.653200388527369	Very Low	Very Large	Medium E	0.16988093068838464	-1.337140661233859	Spherical	Low Density	10.561988371087667	3508.0	2616.0	3508.0
C-97510-5923-713	240	-7.334606494339825	-8.494441358441861	Very Low	Very Large	Medium E	0.15121677189327692	-1.3372612666029748	Intermediate	Low Density	10.355438319458717	4247.0	2616.0	4246.0
C-97510-5923-714	240	-7.332601397119388	-8.975664691346802	Low	Very Large	Medium E	0.20779074249774226	-1.336895692955536	Linear	Low Density	10.25973204250487	1970.0	2616.0	1970.0
C-97510-5923-715	240	-7.320644597523634	-11.84529659432782	Medium	Very Large	Low E	0.545152752658228	-1.3347157034790351	Spherical	Low Density	10.475749065012332	38.0	2616.0	38.0
C-97510-5923-716	240	-7.333321899672897	-8.802744078504604	Very Low	Very Large	Medium E	0.18746170814111826	-1.3370270565342146	Spherical	Low Density	10.38060287769063	2926.0	2616.0	2926.0
C-97510-5923-717	240	-7.332565028898426	-8.984393064377725	Low	Very Large	Medium E	0.2088168746187751	-1.3368890622230944	Intermediate	Low Density	10.54103233912531	1681.0	2616.0	1681.0
C-97510-5923-718	240	-7.333372857168677	-8.790514279517458	Very Low	Very Large	Medium E	0.18602393852128635	-1.3370363472146898	Linear	Low Density	10.085083421464113	2987.0	2616.0	2987.0
C-97510-5923-719	240	-7.333388443542196	-8.78677354987286	Very Low	Very Large	Medium E	0.1855841678067774	-1.337039188955908	Linear	Low Density	10.393807418742245	3084.0	2616.0	3084.0
C-97510-5923-72	240	-7.33256505133222	-8.984387680267178	Low	Very Large	Medium E	0.20881624164756019	-1.3368890663132722	Intermediate	Low Density	10.01490641629858	1777.0	2616.0	1777.0
C-97510-5923-721	240	-7.334012577247359	-8.636981460633884	Very Low	Very Large	Medium E	0.1679741878371077	-1.3371529823584225	Intermediate	Low Density	9.999052588719419	3562.0	2616.0	3562.0
C-97510-5923-722	240	-7.333372883993665	-8.79050784152033	Very Low	Very Large	Medium E	0.1860231816522216	-1.3370363521054793	Spherical	Low Density	10.345997265912185	3002.0	2616.0	3002.0
C-97510-5923-723	240	-7.3343885225447005	-8.54675458927182	Very Low	Very Large	Medium E	0.1573668626740576	-1.3372215255154254	Spherical	Low Density	10.557025755592207	3999.0	2616.0	3998.0
C-97510-5923-724	240	-7.3297286047583	-9.665134858008146	Low	Very Large	Medium E	0.28884679750218495	-1.336371919259641	Spherical	Medium Density	10.81327003171501	851.0	2616.0	851.0
C-97510-5923-725	240	-7.334861022168468	-8.433354679567703	Very Low	Very Large	Medium E	0.14403524984591634	-1.3373076726653559	Intermediate	Low Density	10.66577475157227	4514.0	2616.0	4513.0
C-97510-5923-726	240	-7.332565121433502	-8.984370855959444	Low	Very Large	Medium E	0.2088142637345527	-1.3368890790942891	Spherical	Low Density	10.642551748960775	1933.0	2616.0	1933.0
C-97510-5923-727	240	-7.33325394706834	-8.819052703598356	Very Low	Very Large	Medium E	0.1893789960479088	-1.3370146672688725	Intermediate	Low Density	10.030452918561606	2683.0	2616.0	2683.0
C-97510-5923-728	240	-7.3332628770034205	-8.816909519179132	Very Low	Very Large	Medium E	0.18912703725030913	-1.3370162953938858	Linear	Low Density	10.302280778163775	2755.0	2616.0	2755.0
C-97510-5923-729	240	-7.329970954037338	-9.606971031038809	Low	Very Large	Medium E	0.2820088941583458	-1.336416104902606	Linear	Low Density	10.242096559114437	899.0	2616.0	899.0
C-97510-5923-73	240	-7.332565035434269	-8.984391495775414	Low	Very Large	Medium E	0.2088166902094683	-1.3368890634147235	Intermediate	Medium Density	10.846139142121059	1715.0	2616.0	1715.0
C-97510-5923-730	240	-7.335689975945196	-8.234405773153023	Very Low	Very Large	Medium E	0.12064625597615107	-1.3374588093048303	Spherical	Low Density	10.601213894473242	5047.0	2616.0	5046.0
C-97510-5923-731	240	-7.335235024912249	-8.343594021060175	Very Low	Very Large	Medium E	0.13348273397935276	-1.3373758616518063	Linear	Low Density	10.134518861605072	4851.0	2616.0	4850.0
C-97510-5923-732	240	-7.33562426995589	-8.250175210586448	Very Low	Very Large	Medium E	0.12250015546275263	-1.3374468296472235	Linear	Low Density	10.264618822322843	5040.0	2616.0	5039.0
C-97510-5923-733	240	-7.334363839803289	-8.552678447210532	Very Low	Very Large	Medium E	0.1580632881006294	-1.3372170253048048	Spherical	Low Density	10.360771814616276	3891.0	2616.0	3890.0
C-97510-5923-734	240	-7.338367468907139	-7.591807462286156	Very Low	Very Large	Medium E	0.04510058837524508	-1.3379469755932838	Linear	Low Density	10.203942258366034	5218.0	2616.0	5217.0
C-97510-5923-735	240	-7.333285106229001	-8.811574505039829	Very Low	Very Large	Medium E	0.18849983795956157	-1.3370203482742111	Spherical	Low Density	9.97680435376182	2858.0	2616.0	2858.0
C-97510-5923-736	240	-7.334819765262001	-8.443256337119648	Very Low	Very Large	Medium E	0.1451993166003436	-1.3373001506172348	Linear	Low Density	10.377310874852867	4504.0	2616.0	4503.0
C-97510-5923-737	240	-7.332676339969547	-8.957678407308686	Low	Very Large	Medium E	0.20567622427953847	-1.3369093566975245	Linear	Low Density	10.312563053092802	2081.0	2616.0	2081.0
C-97510-5923-739	240	-7.331262626570395	-9.296969623104932	Low	Very Large	Medium E	0.24556425537926116	-1.3366516054231758	Spherical	Low Density	10.285332904125777	1095.0	2616.0	1095.0
C-97510-5923-74	240	-7.3320541616662815	-9.107001200092228	Low	Very Large	Medium E	0.22323103243592662	-1.3367959198080992	Linear	Low Density	9.822396784823235	1333.0	2616.0	1333.0
C-97510-5923-740	240	-7.332565134230608	-8.98436778465401	Low	Very Large	Medium E	0.2088139026632448	-1.336889081427485	Intermediate	Medium Density	10.81654945558647	1941.0	2616.0	1941.0
C-97510-5923-741	240	-7.322473207423886	-11.40643021826742	Medium	Very Large	Low E	0.49355838521835294	-1.3350490995778197	Linear	Low Density	10.178327873269021	91.0	2616.0	91.0
C-97510-5923-742	240	-7.337168674162839	-7.87951820091868	Very Low	Very Large	Medium E	0.07892467327924664	-1.3377284087513683	Linear	Low Density	10.353530374303588	5182.0	2616.0	5181.0
C-97510-5923-743	240	-7.3332597646781075	-8.817656477254179	Very Low	Very Large	Medium E	0.18921485174577402	-1.3370157279480257	Linear	Low Density	10.203523761786537	2733.0	2616.0	2733.0
C-97510-5923-744	240	-7.326813206033609	-10.36483055193361	Low	Very Large	Low E	0.3711049942967589	-1.3358403774796912	Linear	Low Density	10.476134279100007	382.0	2616.0	382.0
C-97510-5923-745	240	-7.334776231019012	-8.453704555436971	Very Low	Very Large	Medium E	0.14642763857797925	-1.3372922133602103	Linear	Low Density	10.338848183853205	4444.0	2616.0	4443.0
C-97510-5923-747	240	-7.333475584536301	-8.765859711287659	Very Low	Very Large	Medium E	0.18312547802919796	-1.3370550766897953	Spherical	Low Density	10.17224778778048	3120.0	2616.0	3120.0
C-97510-5923-748	240	-7.332978395325082	-8.885185121980392	Very Low	Very Large	Medium E	0.19715370944545543	-1.3369644280810595	Intermediate	Low Density	9.679622570512043	2416.0	2616.0	2416.0
C-97510-5923-749	240	-7.333873308791412	-8.670405890060964	Very Low	Very Large	Medium E	0.17190365791595358	-1.3371275906333255	Intermediate	Low Density	10.151460564853563	3437.0	2616.0	3437.0
C-97510-5923-75	240	-7.333260099174647	-8.81757619808465	Very Low	Very Large	Medium E	0.18920541390045806	-1.337015788934156	Intermediate	Low Density	10.51991742886251	2740.0	2616.0	2740.0
C-97510-5923-750	240	-7.3331889057804	-8.834662612704008	Very Low	Very Large	Medium E	0.19121414093490557	-1.3370028088010515	Spherical	Low Density	10.42299092668833	2550.0	2616.0	2550.0
C-97510-5923-752	240	-7.333458520024005	-8.769955194238856	Very Low	Very Large	Medium E	0.18360695454176043	-1.3370519654511288	Spherical	Low Density	10.429706958677388	3114.0	2616.0	3114.0
C-97510-5923-753	240	-7.332978386908448	-8.88518714197249	Very Low	Very Large	Medium E	0.19715394692141308	-1.3369644265465206	Spherical	Low Density	10.7430240273079	2413.0	2616.0	2413.0
C-97510-5923-755	240	-7.332565045211829	-8.98438914916099	Low	Very Large	Medium E	0.20881641433486642	-1.3368890651973893	Spherical	Low Density	10.40183367830027	1757.0	2616.0	1757.0
C-97510-5923-757	240	-7.332721712279478	-8.946789052925135	Low	Very Large	Medium E	0.2043960411033048	-1.3369176290748763	Linear	Low Density	10.167632650320751	2106.0	2616.0	2106.0
C-97510-5923-76	240	-7.331731024037596	-9.184554230976763	Low	Very Large	Medium E	0.23234838521069712	-1.3367370046590783	Intermediate	Low Density	10.619100638808684	1149.0	2616.0	1149.0
C-97510-5923-760	240	-7.334767552435845	-8.45578741539726	Very Low	Very Large	Medium E	0.14667250546221874	-1.3372906310622197	Intermediate	Low Density	10.10009981558416	4385.0	2616.0	4384.0
C-97510-5923-761	240	-7.337485856974115	-7.803394326212415	Very Low	Very Large	Medium E	0.06997533613065883	-1.3377862382052428	Intermediate	Low Density	10.220686995179928	5204.0	2616.0	5203.0
C-97510-5923-762	240	-7.332628353019329	-8.969195275361036	Low	Very Large	Medium E	0.2070301797303542	-1.3369006076133196	Intermediate	Low Density	10.493737605393198	2043.0	2616.0	2043.0
C-97510-5923-763	240	-7.332776929741791	-8.933536861970083	Low	Very Large	Medium E	0.20283807620370065	-1.3369276964416326	Intermediate	Low Density	10.359502688670204	2313.0	2616.0	2313.0
C-97510-5923-764	240	-7.323597188854914	-11.13667467482062	Medium	Very Large	Low E	0.46184516363943456	-1.335254026295191	Spherical	Low Density	9.9845817335596	149.0	2616.0	149.0
C-97510-5923-765	240	-7.33464082748868	-8.486201402716876	Very Low	Very Large	Medium E	0.15024805948658598	-1.3372675262966829	Spherical	Low Density	10.167477854712406	4282.0	2616.0	4281.0
C-97510-5923-766	240	-7.324462970721044	-10.92888702694953	Medium	Very Large	Low E	0.4374170624256632	-1.3354118775113124	Intermediate	Low Density	10.326004035408149	307.0	2616.0	307.0
C-97510-5923-767	240	-7.333273101976243	-8.814455525701767	Very Low	Very Large	Medium E	0.18883853886430593	-1.3370181596329718	Spherical	Low Density	10.381045614089972	2818.0	2616.0	2818.0
C-97510-5923-768	240	-7.333271897989292	-8.814744482569994	Very Low	Very Large	Medium E	0.1888725094477177	-1.3370179401194755	Linear	Low Density	10.310959367981278	2811.0	2616.0	2811.0
C-97510-5923-769	240	-7.333082623623961	-8.860170330249447	Very Low	Very Large	Medium E	0.19421290006383438	-1.3369834312091866	Linear	Low Density	10.442947041689166	2484.0	2616.0	2484.0
C-97510-5923-770	240	-7.333936709249941	-8.655189780014151	Very Low	Very Large	Medium E	0.17011480915560803	-1.3371391499415914	Intermediate	Medium Density	10.817864192569125	3498.0	2616.0	3498.0
C-97510-5923-771	240	-7.335050126690791	-8.38796959421011	Very Low	Very Large	Medium E	0.1386996513631934	-1.3373421506095016	Intermediate	Low Density	9.893239972958158	4599.0	2616.0	4598.0
C-97510-5923-772	240	-7.330517634479914	-9.47576772482068	Low	Very Large	Medium E	0.26658426388451006	-1.3365157768593265	Linear	Low Density	10.293553895986856	1003.0	2616.0	1003.0
C-97510-5923-773	240	-7.334395545744418	-8.54506902133948	Very Low	Very Large	Medium E	0.15716870255975793	-1.3372228060003373	Spherical	Low Density	10.240229944857882	4024.0	2616.0	4023.0
C-97510-5923-774	240	-7.328922934826045	-9.858495641749066	Low	Very Large	Medium E	0.3115788359288953	-1.3362250277808818	Intermediate	Low Density	10.340840032459273	769.0	2616.0	769.0
C-97510-5923-775	240	-7.3327663662617555	-8.936072097178508	Low	Very Large	Medium E	0.2031361255964797	-1.3369257704851818	Intermediate	Low Density	10.493940291351079	2188.0	2616.0	2188.0
C-97510-5923-776	240	-7.328922956260985	-9.858490497363285	Low	Very Large	Medium E	0.3115782311404313	-1.3362250316889464	Linear	Low Density	10.369438090203662	779.0	2616.0	779.0
C-97510-5923-777	240	-7.330433108556297	-9.496053946488624	Low	Very Large	Medium E	0.26896916924936015	-1.3365003659107275	Linear	Low Density	10.696043852086607	998.0	2616.0	998.0
C-97510-5923-778	240	-7.331819678232891	-9.16327722410623	Low	Very Large	Medium E	0.22984700034645245	-1.3367531682830684	Spherical	Low Density	9.845570856571412	1189.0	2616.0	1189.0
C-97510-5923-78	240	-7.3325650626740835	-8.984384958219763	Low	Very Large	Medium E	0.2088159216360202	-1.3368890683811452	Intermediate	Low Density	10.609777474597275	1816.0	2616.0	1816.0
C-97510-5923-780	240	-7.330054691876887	-9.58687394954691	Low	Very Large	Medium E	0.27964622464545613	-1.3364313721660186	Spherical	Low Density	10.56248910174138	937.0	2616.0	937.0
C-97510-5923-781	240	-7.3299785396024815	-9.605150495404322	Low	Very Large	Medium E	0.2817948668607904	-1.3364174879191943	Spherical	Low Density	10.4267266136889	914.0	2616.0	914.0
C-97510-5923-782	240	-7.333617144160328	-8.731885401521163	Very Low	Very Large	Medium E	0.17913136246867914	-1.3370808861455954	Intermediate	Low Density	10.049435711887181	3252.0	2616.0	3252.0
C-97510-5923-783	240	-7.322473149017281	-11.40644423585265	Medium	Very Large	Low E	0.49356003316515284	-1.3350490889290016	Linear	Low Density	10.32473237406435	73.0	2616.0	73.0
C-97510-5923-784	240	-7.333271247703767	-8.81490055109592	Very Low	Very Large	Medium E	0.188890857303273	-1.3370178215580169	Spherical	Low Density	10.610158293764032	2803.0	2616.0	2803.0
C-97510-5923-785	240	-7.332859995927696	-8.913600977352889	Low	Very Large	Medium E	0.2004943574494646	-1.3369428412477051	Spherical	Low Density	10.056539011439796	2373.0	2616.0	2373.0
C-97510-5923-786	240	-7.334336922205315	-8.559138670724298	Very Low	Very Large	Medium E	0.1588227701751068	-1.3372121176303184	Intermediate	Low Density	10.16802647194854	3849.0	2616.0	3848.0
C-97510-5923-787	240	-7.335087185667154	-8.379075439882769	Very Low	Very Large	Medium E	0.13765402952599082	-1.3373489072819567	Spherical	Low Density	10.209673705411216	4633.0	2616.0	4632.0
C-97510-5923-788	240	-7.332766395091795	-8.936065177969116	Low	Very Large	Medium E	0.20313531215471675	-1.3369257757415367	Spherical	Low Density	10.171315812188235	2225.0	2616.0	2225.0
C-97510-5923-79	240	-7.334230986693626	-8.584563193529776	Very Low	Very Large	Medium E	0.161811748696038	-1.3371928032394715	Intermediate	Low Density	9.821944102806354	3805.0	2616.0	3804.0
C-97510-5923-790	240	-7.331867891529057	-9.151706033026445	Low	Very Large	Medium E	0.22848665852748967	-1.3367619586351545	Intermediate	Low Density	9.864183540222085	1237.0	2616.0	1237.0
C-97510-5923-791	240	-7.335392808603979	-8.305725935045123	Very Low	Very Large	Medium E	0.12903085511442242	-1.3374046291146027	Spherical	Low Density	10.482847647559817	4940.0	2616.0	4939.0
C-97510-5923-792	240	-7.335284892515476	-8.331625796285591	Very Low	Very Large	Medium E	0.13207571576081573	-1.3373849536207219	Spherical	Low Density	9.979275301492123	4904.0	2616.0	4903.0
C-97510-5923-793	240	-7.329972259806721	-9.606657646386967	Low	Very Large	Medium E	0.28197205177589013	-1.3364163429732945	Linear	Low Density	10.243503366819676	905.0	2616.0	905.0
C-97510-5923-795	240	-7.335217692147874	-8.347753884510238	Very Low	Very Large	Medium E	0.1339717792447115	-1.3373727015048427	Intermediate	Low Density	10.21822379979601	4809.0	2616.0	4808.0
C-97510-5923-796	240	-7.335224313682768	-8.346164716135624	Very Low	Very Large	Medium E	0.13378495213397792	-1.337373908757358	Linear	Low Density	10.718226259919511	4830.0	2616.0	4829.0
C-97510-5923-797	240	-7.329755184411544	-9.658755741229186	Low	Very Large	Medium E	0.2880968505639466	-1.336376765319316	Linear	Low Density	10.365958416149722	873.0	2616.0	873.0
C-97510-5923-8	240	-7.33477622541659	-8.45370590001843	Very Low	Very Large	Medium E	0.1464277966507319	-1.3372922123387647	Spherical	Low Density	10.511798312701812	4443.0	2616.0	4442.0
C-97510-5923-80	240	-7.32247312768705	-11.40644935510794	Medium	Very Large	Low E	0.4935606349992407	-1.335049085040028	Linear	Low Density	10.147163687230732	72.0	2616.0	72.0
C-97510-5923-800	240	-7.333920368238821	-8.659111622683037	Very Low	Very Large	Medium E	0.17057587202744362	-1.337136170613219	Linear	Low Density	10.095299489444333	3474.0	2616.0	3474.0
C-97510-5923-801	240	-7.333251464716242	-8.8196484681018	Very Low	Very Large	Medium E	0.18944903580119177	-1.337014214681087	Linear	Medium Density	10.810490926564846	2613.0	2616.0	2613.0
C-97510-5923-802	240	-7.332564981633426	-8.984404407977703	Low	Very Large	Medium E	0.2088182082043432	-1.3368890536056377	Intermediate	Low Density	10.332854549000785	1563.0	2616.0	1563.0
C-97510-5923-803	240	-7.328649697273443	-9.92407265437384	Low	Very Large	Medium E	0.3192882542610401	-1.3361752105212976	Intermediate	Low Density	10.084529013966439	573.0	2616.0	573.0
C-97510-5923-804	240	-7.336519233847862	-8.035383876513187	Very Low	Very Large	Medium E	0.09724868116991653	-1.3376100013932015	Linear	Low Density	10.369607105030465	5123.0	2616.0	5122.0
C-97510-5923-807	240	-7.333251464113811	-8.819648612685366	Very Low	Very Large	Medium E	0.1894490527988281	-1.3370142145712505	Linear	Low Density	10.168443701879127	2612.0	2616.0	2612.0
C-97510-5923-808	240	-7.328895088673459	-9.865178718369876	Low	Very Large	Medium E	0.3123645172424077	-1.3362199508103167	Linear	Low Density	10.250504033797545	614.0	2616.0	614.0
C-97510-5923-809	240	-7.335109363629901	-8.373752728823595	Very Low	Very Large	Medium E	0.1370282766199785	-1.3373529508159319	Intermediate	Low Density	10.252585168823218	4649.0	2616.0	4648.0
C-97510-5923-81	240	-7.334390738059345	-8.54622286575715	Very Low	Very Large	Medium E	0.1573043517598228	-1.3372219294528311	Linear	Low Density	10.388601846059652	4014.0	2616.0	4013.0
C-97510-5923-810	240	-7.334396768159453	-8.544775641731075	Very Low	Very Large	Medium E	0.15713421202655575	-1.3372230288736815	Spherical	Low Density	10.605573999946888	4031.0	2616.0	4030.0
C-97510-5923-811	240	-7.327610641852289	-10.17344595545068	Low	Very Large	Medium E	0.3486052820109443	-1.3359857676971139	Intermediate	Low Density	10.583347497936565	488.0	2616.0	488.0
C-97510-5923-813	240	-7.332811304583407	-8.925286899982147	Low	Very Large	Medium E	0.20186818743257962	-1.3369339637368547	Linear	Low Density	10.17269146860088	2344.0	2616.0	2344.0
C-97510-5923-815	240	-7.334082715393658	-8.620148305522264	Very Low	Very Large	Medium E	0.16599523470380315	-1.337165770096446	Spherical	Low Density	10.32363334272129	3729.0	2616.0	3728.0
C-97510-5923-816	240	-7.323597345863189	-11.13663699283459	Medium	Very Large	Low E	0.46184073363901657	-1.3352540549212781	Linear	Low Density	10.358828098302153	161.0	2616.0	161.0
C-97510-5923-817	240	-7.328806330783804	-9.886480611887102	Low	Very Large	Medium E	0.31486882785092635	-1.3362037682805474	Intermediate	Low Density	10.423020431310768	601.0	2616.0	601.0
C-97510-5923-818	240	-7.33276644963999	-8.93605208640241	Low	Very Large	Medium E	0.20313377307326205	-1.336925785686881	Linear	Low Density	10.396223623453478	2295.0	2616.0	2295.0
C-97510-5923-819	240	-7.333689508521331	-8.714517954880385	Very Low	Very Large	Medium E	0.17708959651814685	-1.3370940797718827	Intermediate	Low Density	10.100433672963634	3368.0	2616.0	3368.0
C-97510-5923-82	240	-7.328895184259225	-9.86515577778596	Low	Very Large	Medium E	0.3123618202827496	-1.3362199682377196	Spherical	Low Density	10.402995560879766	707.0	2616.0	707.0
C-97510-5923-820	240	-7.33354159224791	-8.750017860501758	Very Low	Very Large	Medium E	0.18126306542488596	-1.3370671113580626	Spherical	Low Density	10.634824715555524	3178.0	2616.0	3178.0
C-97510-5923-821	240	-7.336519283310642	-8.035372005445641	Very Low	Very Large	Medium E	0.09724728557382603	-1.3376100104113622	Linear	Low Density	10.16530222992157	5135.0	2616.0	5134.0
C-97510-5923-823	240	-7.332927941361556	-8.897294073226558	Very Low	Very Large	Medium E	0.19857727186443327	-1.3369552292056703	Intermediate	Low Density	10.373685325240173	2392.0	2616.0	2392.0
C-97510-5923-824	240	-7.337387004500233	-7.827118919943946	Very Low	Very Large	Medium E	0.07276446620105304	-1.3377682152091173	Intermediate	Low Density	10.32098344078528	5194.0	2616.0	5193.0
C-97510-5923-825	240	-7.333583589141837	-8.739938605959047	Very Low	Very Large	Medium E	0.1800781198679902	-1.3370747683222923	Spherical	Low Density	9.982659608464006	3208.0	2616.0	3208.0
C-97510-5923-826	240	-7.334803361291482	-8.447193290044302	Very Low	Very Large	Medium E	0.1456621558763996	-1.3372971598099694	Spherical	Low Density	10.332526624823748	4498.0	2616.0	4497.0
C-97510-5923-827	240	-7.328895224819638	-9.865146043286872	Low	Very Large	Medium E	0.3123606758676168	-1.3362199756327815	Linear	Low Density	10.26408993894769	742.0	2616.0	742.0
C-97510-5923-828	240	-7.329776774435043	-9.653574135589569	Low	Very Large	Medium E	0.287487686408553	-1.33638070165894	Linear	Low Density	10.596757113500045	876.0	2616.0	876.0
C-97510-5923-83	240	-7.333132209380424	-8.848269748698074	Very Low	Very Large	Medium E	0.19281383417317566	-1.3369924717911927	Intermediate	Low Density	10.377002847274762	2519.0	2616.0	2519.0
C-97510-5923-830	240	-7.332543849628601	-8.989476089135987	Low	Very Large	Medium E	0.20941444932801767	-1.3368852007729657	Linear	Low Density	10.194258779566077	1541.0	2616.0	1541.0
C-97510-5923-831	240	-7.334032561797892	-8.632185168505972	Very Low	Very Large	Medium E	0.16741032222355828	-1.3371566259847545	Intermediate	Low Density	10.68556196473164	3591.0	2616.0	3591.0
C-97510-5923-833	240	-7.332693551191201	-8.953547714111556	Low	Very Large	Medium E	0.20519060835129233	-1.3369124946845572	Linear	Low Density	10.283515395199315	2098.0	2616.0	2098.0
C-97510-5923-834	240	-7.333253966724742	-8.819047986061854	Very Low	Very Large	Medium E	0.1893784414410356	-1.33701467085267	Intermediate	Low Density	10.305606042727524	2699.0	2616.0	2699.0
C-97510-5923-835	240	-7.323597386436935	-11.13662725513542	Medium	Very Large	Low E	0.4618395888476827	-1.335254062318771	Spherical	Low Density	10.318788743257935	168.0	2616.0	168.0
C-97510-5923-836	240	-7.328895165639365	-9.865160246552277	Low	Very Large	Medium E	0.31236234564352494	-1.3362199648429065	Spherical	Low Density	10.102506970005374	686.0	2616.0	686.0
C-97510-5923-837	240	-7.3343970153530815	-8.544716315260272	Very Low	Very Large	Medium E	0.1571272374395309	-1.3372230739425566	Intermediate	Low Density	10.2541669011916	4035.0	2616.0	4034.0
C-97510-5923-838	240	-7.323597492354923	-11.13660183481818	Medium	Very Large	Low E	0.4618366003635896	-1.335254081629967	Intermediate	Low Density	10.009619233062914	234.0	2616.0	234.0
C-97510-5923-839	240	-7.334767652085418	-8.45576349949965	Very Low	Very Large	Medium E	0.14666969384193504	-1.3372906492305445	Spherical	Low Density	10.553576733790484	4424.0	2616.0	4423.0
C-97510-5923-840	240	-7.333600138707312	-8.735966710245103	Very Low	Very Large	Medium E	0.17961117261915996	-1.3370777856747442	Linear	Low Density	10.297838212720354	3228.0	2616.0	3228.0
C-97510-5923-843	240	-7.332671787170701	-8.95877107903161	Low	Very Large	Medium E	0.20580468184532494	-1.336908526621425	Spherical	Low Density	10.309219245016182	2071.0	2616.0	2071.0
C-97510-5923-844	240	-7.332034177644273	-9.11179736537454	Low	Very Large	Medium E	0.22379488313710916	-1.3367922762781288	Intermediate	Low Density	10.571163100281554	1319.0	2616.0	1319.0
C-97510-5923-846	240	-7.335090802809871	-8.37820732563098	Very Low	Very Large	Medium E	0.1375519715690735	-1.337349566767214	Linear	Low Density	10.11973007760777	4639.0	2616.0	4638.0
C-97510-5923-847	240	-7.33177110321795	-9.174935227692073	Low	Very Large	Medium E	0.23121754808816625	-1.3367443119816356	Intermediate	Low Density	9.835970144635514	1161.0	2616.0	1161.0
C-97510-5923-848	240	-7.336503100069033	-8.039255983432309	Very Low	Very Large	Medium E	0.09770389696690049	-1.337607059847867	Linear	Low Density	10.331736100885607	5117.0	2616.0	5116.0
C-97510-5923-849	240	-7.334082680082115	-8.620156780292604	Very Low	Very Large	Medium E	0.1659962310216757	-1.3371657636583696	Spherical	Low Density	10.216935066326503	3711.0	2616.0	3710.0
C-97510-5923-85	240	-7.332132854593526	-9.088114897553684	Low	Very Large	Medium E	0.22101070550746352	-1.3368102672722257	Linear	Low Density	10.309207800128462	1385.0	2616.0	1385.0
C-97510-5923-850	240	-7.334623395148513	-8.490385164356988	Very Low	Very Large	Medium E	0.1507399142904924	-1.3372643479948463	Linear	Low Density	10.48900266119592	4273.0	2616.0	4272.0
C-97510-5923-851	240	-7.333580312678069	-8.740724957263373	Very Low	Very Large	Medium E	0.1801705655424442	-1.3370741709503553	Linear	Low Density	10.749066652398021	3206.0	2616.0	3206.0
C-97510-5923-852	240	-7.334640784240441	-8.486211782294108	Very Low	Very Large	Medium E	0.15024927973893276	-1.3372675184115708	Spherical	Low Density	10.4872125910296	4277.0	2616.0	4276.0
C-97510-5923-855	240	-7.332132762915463	-9.088136900288784	Low	Very Large	Medium E	0.22101329221099536	-1.3368102505572836	Intermediate	Low Density	10.646830019746545	1363.0	2616.0	1363.0
C-97510-5923-856	240	-7.329718080706127	-9.667660630529657	Low	Very Large	Medium E	0.28914373443481717	-1.3363700004917631	Intermediate	Low Density	9.96266031597993	849.0	2616.0	849.0
C-97510-5923-857	240	-7.332592451481262	-8.977811644497129	Low	Very Large	Medium E	0.20804314435797866	-1.3368940619675096	Intermediate	Low Density	10.353599034688369	1964.0	2616.0	1964.0
C-97510-5923-858	240	-7.328895128870284	-9.865169071131634	Low	Very Large	Medium E	0.3123633830859206	-1.3362199581390886	Intermediate	Low Density	10.40540299283122	637.0	2616.0	637.0
C-97510-5923-859	240	-7.334377035284377	-8.549511531749534	Very Low	Very Large	Medium E	0.15769097659793044	-1.3372194311333612	Linear	Low Density	10.13407508450257	3936.0	2616.0	3935.0
C-97510-5923-86	240	-7.332565078297844	-8.98438120851744	Low	Very Large	Medium E	0.20881548081041643	-1.336889071229703	Spherical	Low Density	10.583399057789661	1868.0	2616.0	1868.0
C-97510-5923-860	240	-7.331257139116411	-9.298286612061538	Low	Very Large	Medium E	0.24571908431087142	-1.3366506049387366	Linear	Low Density	10.501228879551476	1080.0	2616.0	1080.0
C-97510-5923-861	240	-7.331456304448968	-9.250486932247377	Low	Very Large	Medium E	0.24009961930206536	-1.3366869171914912	Linear	Low Density	10.312850543032972	1120.0	2616.0	1120.0
C-97510-5923-862	240	-7.329991155986854	-9.602122563155095	Low	Very Large	Medium E	0.281438894615971	-1.3364197881655893	Spherical	Low Density	10.104291200403432	927.0	2616.0	927.0
C-97510-5923-864	240	-7.334119330494798	-8.611360681248563	Very Low	Very Large	Medium E	0.1649621368397779	-1.337172445840614	Linear	Low Density	10.217660608267224	3777.0	2616.0	3776.0
C-97510-5923-865	240	-7.332766388652631	-8.936066723368521	Low	Very Large	Medium E	0.20313549383621513	-1.3369257745675345	Linear	Low Density	10.273065508425237	2214.0	2616.0	2214.0
C-97510-5923-866	240	-7.332048270538692	-9.108415070713788	Low	Very Large	Medium E	0.22339725104900318	-1.336794845725018	Intermediate	Low Density	10.310625222500155	1324.0	2616.0	1324.0
C-97510-5923-867	240	-7.333105217956552	-8.85474769042756	Very Low	Very Large	Medium E	0.19357539925098918	-1.3369875506566093	Intermediate	Low Density	10.239773685160594	2496.0	2616.0	2496.0
C-97510-5923-868	240	-7.333088584843254	-8.858739637619054	Very Low	Very Large	Medium E	0.1940447038079976	-1.3369845180715383	Spherical	Low Density	10.283337426035763	2487.0	2616.0	2487.0
C-97510-5923-869	240	-7.33412156118999	-8.610825314402252	Very Low	Very Large	Medium E	0.16489919760524097	-1.3371728525457698	Intermediate	Low Density	10.562025655478962	3778.0	2616.0	3777.0
C-97510-5923-87	240	-7.323832900835919	-11.08010379937946	Medium	Very Large	Low E	0.4551945321645267	-1.3352970018116712	Intermediate	Low Density	10.317725905251477	274.0	2616.0	274.0
C-97510-5923-872	240	-7.332296002434064	-9.048959415824507	Low	Very Large	Medium E	0.21640747677586447	-1.3368400127381959	Spherical	Low Density	10.572195525461884	1455.0	2616.0	1455.0
C-97510-5923-873	240	-7.323597490385106	-11.13660230757447	Medium	Very Large	Low E	0.4618366559421317	-1.3352540812708258	Linear	Low Density	10.309968627407924	232.0	2616.0	232.0
C-97510-5923-874	240	-7.330747478759634	-9.420605097687668	Low	Very Large	Medium E	0.2600991900477166	-1.3365576825638599	Linear	Low Density	10.435882411632189	1025.0	2616.0	1025.0
C-97510-5923-875	240	-7.33256508069798	-8.984380632484713	Low	Very Large	Medium E	0.20881541309041912	-1.3368890716673008	Intermediate	Low Density	9.792884216591316	1877.0	2616.0	1877.0
C-97510-5923-876	240	-7.333372969357166	-8.79048735428016	Very Low	Very Large	Medium E	0.18602077311454276	-1.337036367669137	Linear	Low Density	10.336828625026705	3069.0	2616.0	3069.0
C-97510-5923-877	240	-7.333626288539851	-8.72969075043557	Very Low	Very Large	Medium E	0.17887335310481717	-1.3370825533685817	Spherical	Low Density	10.649731088418864	3261.0	2616.0	3261.0
C-97510-5923-879	240	-7.334758043415144	-8.458069580365454	Very Low	Very Large	Medium E	0.14694080320464808	-1.3372888973570678	Spherical	Low Density	10.357859750737815	4356.0	2616.0	4355.0
C-97510-5923-88	240	-7.331907451687575	-9.142211594981726	Low	Very Large	Medium E	0.22737046564552402	-1.3367691713285317	Linear	Low Density	10.213818002405008	1259.0	2616.0	1259.0
C-97510-5923-880	240	-7.327881350214323	-10.10847594856243	Low	Very Large	Medium E	0.3409672249830763	-1.3360351238292218	Linear	Low Density	9.9690204173992	507.0	2616.0	507.0
C-97510-5923-881	240	-7.332766485096816	-8.936043576764028	Low	Very Large	Medium E	0.20313277265619642	-1.3369257921514461	Linear	Low Density	10.460627691869444	2303.0	2616.0	2303.0
C-97510-5923-882	240	-7.333560370064956	-8.745511184410523	Very Low	Very Large	Medium E	0.18073324788847983	-1.3370705349701442	Linear	Low Density	10.692001440000185	3187.0	2616.0	3187.0
C-97510-5923-883	240	-7.333475710205914	-8.765829550580419	Very Low	Very Large	Medium E	0.18312193225152162	-1.33705509960215	Linear	Low Density	10.149571450540666	3139.0	2616.0	3139.0
C-97510-5923-884	240	-7.335218767457719	-8.347495810147493	Very Low	Very Large	Medium E	0.1339414392956427	-1.3373728975576515	Intermediate	Low Density	10.644148037507328	4810.0	2616.0	4809.0
C-97510-5923-885	240	-7.33276623591606	-8.936103380145287	Low	Very Large	Medium E	0.20313980331018322	-1.3369257467202735	Spherical	Low Density	10.425797223075818	2145.0	2616.0	2145.0
C-97510-5923-886	240	-7.3235973724779955	-11.13663060528094	Medium	Very Large	Low E	0.4618399827002306	-1.335254059773747	Spherical	Low Density	10.385523693010773	165.0	2616.0	165.0
C-97510-5923-887	240	-7.3336498862339345	-8.724027303855618	Very Low	Very Large	Medium E	0.17820754237115774	-1.3370868557510343	Linear	Low Density	10.343452909841455	3303.0	2616.0	3303.0
C-97510-5923-888	240	-7.3333218987675055	-8.802744295798579	Very Low	Very Large	Medium E	0.18746173368680316	-1.3370270563691418	Intermediate	Low Density	10.177045693835193	2925.0	2616.0	2925.0
C-97510-5923-889	240	-7.325358951968627	-10.71385152752933	Medium	Very Large	Low E	0.41213688336686266	-1.3355752347437584	Intermediate	Low Density	10.4821423240733	327.0	2616.0	327.0
C-97510-5923-890	240	-7.332682828199024	-8.956121232234079	Low	Very Large	Medium E	0.20549315839127166	-1.336910539645509	Spherical	Low Density	10.389144699050142	2091.0	2616.0	2091.0
C-97510-5923-891	240	-7.33361361346449	-8.732732768522569	Very Low	Very Large	Medium E	0.17923098132035475	-1.3370802424215191	Spherical	Low Density	10.33112775344074	3248.0	2616.0	3248.0
C-97510-5923-892	240	-7.332747044929985	-8.94070921680361	Low	Very Large	Medium E	0.20368127844216624	-1.336922247778324	Spherical	Low Density	10.294818262932578	2128.0	2616.0	2128.0
C-97510-5923-893	240	-7.334758092497558	-8.458057800585994	Very Low	Very Large	Medium E	0.1469394183406121	-1.3372889063058793	Intermediate	Low Density	10.306261880939834	4370.0	2616.0	4369.0
C-97510-5923-894	240	-7.334412065303657	-8.541104327122286	Very Low	Very Large	Medium E	0.15670260193917618	-1.3372258178819874	Spherical	Low Density	10.231965930264732	4089.0	2616.0	4088.0
C-97510-5923-895	240	-7.321441200892112	-11.65411178589305	Medium	Very Large	Low E	0.5226765280181661	-1.3348609419223427	Linear	Low Density	10.143779695005788	49.0	2616.0	49.0
C-97510-5923-896	240	-7.332214541051569	-9.068510147623424	Low	Very Large	Medium E	0.21870591587980379	-1.3368251605233403	Intermediate	Low Density	10.241434506503442	1438.0	2616.0	1438.0
C-97510-5923-897	240	-7.333089054273946	-8.858626974252687	Very Low	Very Large	Medium E	0.19403145878529748	-1.336984603659154	Linear	Low Density	10.228133035737502	2488.0	2616.0	2488.0
C-97510-5923-898	240	-7.332565000929311	-8.984399776965153	Low	Very Large	Medium E	0.20881766376948316	-1.336889057123705	Intermediate	Low Density	10.691952662427775	1600.0	2616.0	1600.0
C-97510-5923-899	240	-7.331257167540256	-9.298279790338588	Low	Very Large	Medium E	0.24571828232990842	-1.3366506101210334	Intermediate	Low Density	10.316805928711906	1085.0	2616.0	1085.0
C-97510-5923-9	240	-7.33382667553476	-8.681597871657653	Very Low	Very Large	Medium E	0.17321941879982405	-1.3371190883574497	Linear	Low Density	10.222486519336337	3416.0	2616.0	3416.0
C-97510-5923-90	240	-7.335503296605329	-8.279208814720905	Very Low	Very Large	Medium E	0.125913427751399	-1.3374247735251779	Linear	Low Density	10.1684700791092	4996.0	2616.0	4995.0
C-97510-5923-900	240	-7.328895079863168	-9.865180832839815	Low	Very Large	Medium E	0.3123647658254431	-1.3362199492040054	Linear	Low Density	10.484137969014782	611.0	2616.0	611.0
C-97510-5923-901	240	-7.334082749639666	-8.620140086480001	Very Low	Very Large	Medium E	0.16599426845006265	-1.3371657763402522	Linear	Low Density	10.476515379630799	3747.0	2616.0	3746.0
C-97510-5923-902	240	-7.334436450877389	-8.535251789426622	Very Low	Very Large	Medium E	0.15601456112129575	-1.3372302639123559	Linear	Low Density	10.457129157438969	4153.0	2616.0	4152.0
C-97510-5923-903	240	-7.333536162298622	-8.751321048330691	Very Low	Very Large	Medium E	0.1814162718570958	-1.3370661213580037	Linear	Low Density	10.210112619770907	3175.0	2616.0	3175.0
C-97510-5923-904	240	-7.334793772021706	-8.449494714790559	Very Low	Very Large	Medium E	0.1459327178526081	-1.337295411473633	Linear	Low Density	10.103203974033326	4488.0	2616.0	4487.0
C-97510-5923-906	240	-7.335239526081981	-8.342513740324385	Very Low	Very Large	Medium E	0.13335573313295424	-1.3373766823147746	Linear	Low Density	10.419303137648022	4857.0	2616.0	4856.0
C-97510-5923-907	240	-7.335285004109213	-8.331599013788818	Very Low	Very Large	Medium E	0.13207256713503954	-1.3373849739667325	Spherical	Low Density	10.130052469408398	4905.0	2616.0	4904.0
C-97510-5923-909	240	-7.335050148947786	-8.387964252531278	Very Low	Very Large	Medium E	0.13869902338037626	-1.3373421546674449	Linear	Low Density	10.300588343304645	4603.0	2616.0	4602.0
C-97510-5923-910	240	-7.3330548928947215	-8.866825705266795	Very Low	Very Large	Medium E	0.1949953246988217	-1.336978375282855	Linear	Low Density	10.35564870853061	2466.0	2616.0	2466.0
C-97510-5923-911	240	-7.333656792967752	-8.722369687739535	Very Low	Very Large	Medium E	0.17801266835108726	-1.3370881150016323	Intermediate	Low Density	10.375144490779887	3327.0	2616.0	3327.0
C-97510-5923-912	240	-7.328742782547107	-9.901732188694211	Low	Very Large	Medium E	0.316661846183509	-1.3361921820290477	Spherical	Low Density	10.164665135873983	589.0	2616.0	589.0
C-97510-5923-914	240	-7.335609423357885	-8.253738394107375	Very Low	Very Large	Medium E	0.12291905335486598	-1.3374441227834717	Spherical	Low Density	10.256108277294649	5033.0	2616.0	5032.0
C-97510-5923-915	240	-7.33359007050691	-8.73838307834162	Very Low	Very Large	Medium E	0.17989524765940884	-1.3370759500187437	Linear	Low Density	9.84582553439776	3215.0	2616.0	3215.0
C-97510-5923-916	240	-7.332766426812052	-8.936057565107639	Low	Very Large	Medium E	0.20313441716526257	-1.3369257815248423	Intermediate	Low Density	10.520876424494555	2273.0	2616.0	2273.0
C-97510-5923-917	240	-7.333372860163925	-8.790513560657935	Very Low	Very Large	Medium E	0.1860238540101473	-1.3370363477607898	Spherical	Low Density	10.214091212632827	2989.0	2616.0	2989.0
C-97510-5923-919	240	-7.326183417321618	-10.51597984281165	Low	Very Large	Low E	0.388874530714292	-1.3357255530441416	Spherical	Low Density	10.446910303166666	358.0	2616.0	358.0
C-97510-5923-92	240	-7.333151543467518	-8.843629567795768	Very Low	Very Large	Medium E	0.19226832143505473	-1.3369959968236285	Spherical	Low Density	10.524812502922336	2531.0	2616.0	2531.0
C-97510-5923-920	240	-7.332132812205228	-9.08812507074516	Low	Very Large	Medium E	0.2210119014965219	-1.3368102595438998	Spherical	Low Density	10.330371074024649	1370.0	2616.0	1370.0
C-97510-5923-921	240	-7.32826780109019	-10.01572773835444	Low	Very Large	Medium E	0.3300634841227636	-1.3361055823859476	Spherical	Low Density	10.29752275650531	533.0	2616.0	533.0
C-97510-5923-922	240	-7.328922948270073	-9.858492415182624	Low	Very Large	Medium E	0.31157845660464445	-1.3362250302320258	Intermediate	Low Density	9.717784659775285	778.0	2616.0	778.0
C-97510-5923-923	240	-7.335109518093179	-8.373715657636945	Very Low	Very Large	Medium E	0.13702391842684733	-1.3373529789780096	Intermediate	Low Density	10.369039665052995	4664.0	2616.0	4663.0
C-97510-5923-925	240	-7.3347872763609505	-8.451053673371979	Very Low	Very Large	Medium E	0.14611599341494375	-1.337294227170762	Intermediate	Low Density	10.58536601585352	4475.0	2616.0	4474.0
C-97510-5923-926	240	-7.3332527258005245	-8.819345807873999	Very Low	Very Large	Medium E	0.18941345421223374	-1.3370144446046919	Spherical	Low Density	10.267640845762442	2641.0	2616.0	2641.0
C-97510-5923-927	240	-7.334775920255306	-8.453779138726624	Very Low	Very Large	Medium E	0.1464364067995682	-1.3372921567011016	Linear	Medium Density	10.810528345110539	4442.0	2616.0	4441.0
C-97510-5923-928	240	-7.333372901540334	-8.790503630319783	Very Low	Very Large	Medium E	0.18602268657162077	-1.3370363553046258	Spherical	Low Density	10.348430942894844	3028.0	2616.0	3028.0
C-97510-5923-929	240	-7.332565019764838	-8.984395256438802	Low	Very Large	Medium E	0.20881713232363333	-1.3368890605578392	Linear	Low Density	10.324395643545234	1651.0	2616.0	1651.0
C-97510-5923-930	240	-7.332565099265996	-8.984376176160778	Low	Very Large	Medium E	0.20881488919242228	-1.3368890750526616	Intermediate	Low Density	10.154345944665309	1908.0	2616.0	1908.0
C-97510-5923-931	240	-7.332766443390373	-8.936053586310413	Low	Very Large	Medium E	0.20313394940667615	-1.3369257845474374	Spherical	Low Density	10.116034625542184	2290.0	2616.0	2290.0
C-97510-5923-932	240	-7.334622843492394	-8.490517561825635	Very Low	Very Large	Medium E	0.15075547930985525	-1.3372642474157135	Linear	Low Density	10.441085725185614	4261.0	2616.0	4260.0
C-97510-5923-933	240	-7.334082754798208	-8.62013884842979	Very Low	Very Large	Medium E	0.16599412290140664	-1.3371657772807688	Intermediate	Low Density	10.361534189001322	3750.0	2616.0	3749.0
C-97510-5923-934	240	-7.330438692228026	-9.494713865273742	Low	Very Large	Medium E	0.26881162552675864	-1.3365013839377935	Linear	Low Density	10.50105813691964	1000.0	2616.0	1000.0
C-97510-5923-935	240	-7.332859354644073	-8.913754885422387	Low	Very Large	Medium E	0.20051245131566076	-1.3369427243274925	Intermediate	Low Density	10.584872044495848	2372.0	2616.0	2372.0
C-97510-5923-936	240	-7.323597401948572	-11.13662353234277	Medium	Very Large	Low E	0.4618391511856812	-1.335254065146886	Linear	Low Density	10.259546228360346	177.0	2616.0	177.0
C-97510-5923-938	240	-7.332766381496484	-8.936068440843588	Low	Very Large	Medium E	0.20313569574746615	-1.3369257732628101	Intermediate	Low Density	10.618948743662413	2209.0	2616.0	2209.0
C-97510-5923-939	240	-7.332795051620265	-8.9291876111363	Low	Very Large	Medium E	0.20232676602399868	-1.3369310004615798	Intermediate	Low Density	10.420924307636469	2332.0	2616.0	2332.0
C-97510-5923-94	240	-7.333565374596092	-8.744310096937916	Very Low	Very Large	Medium E	0.180592044661773	-1.3370714474070486	Spherical	Low Density	10.553944397034254	3192.0	2616.0	3192.0
C-97510-5923-940	240	-7.335224354800037	-8.34615484799084	Very Low	Very Large	Medium E	0.1337837920071137	-1.337373916253947	Spherical	Low Density	10.2072316093295	4841.0	2616.0	4840.0
C-97510-5923-941	240	-7.335411679180708	-8.301196996630146	Very Low	Very Large	Medium E	0.12849842035651535	-1.3374080696388295	Linear	Low Density	9.942575360620665	4941.0	2616.0	4940.0
C-97510-5923-943	240	-7.335050172466789	-8.387958607970697	Very Low	Very Large	Medium E	0.1386983597899247	-1.3373421589554801	Spherical	Low Density	10.625531180837166	4611.0	2616.0	4610.0
C-97510-5923-944	240	-7.334761312891826	-8.457284905961917	Very Low	Very Large	Medium E	0.1468485546713702	-1.337289493455104	Linear	Low Density	10.756837248126695	4376.0	2616.0	4375.0
C-97510-5923-945	240	-7.333249580698154	-8.820100632442951	Very Low	Very Large	Medium E	0.18950219351486972	-1.3370138711828479	Linear	Low Density	10.355783007183819	2588.0	2616.0	2588.0
C-97510-5923-946	240	-7.334437792816351	-8.534929724075516	Very Low	Very Large	Medium E	0.15597669821140783	-1.3372305085775602	Linear	Low Density	10.3244683686383	4167.0	2616.0	4166.0
C-97510-5923-947	240	-7.334565853212398	-8.504195229024301	Very Low	Very Large	Medium E	0.1523634643952419	-1.3372538568250159	Spherical	Low Density	10.279592172993718	4233.0	2616.0	4232.0
C-97510-5923-948	240	-7.334448698038868	-8.532312470671759	Very Low	Very Large	Medium E	0.15566900652851867	-1.3372324968412368	Spherical	Low Density	10.428099638794276	4193.0	2616.0	4192.0
C-97510-5923-95	240	-7.333189530890055	-8.834512586386719	Very Low	Very Large	Medium E	0.19119650341842023	-1.3370029227723914	Linear	Low Density	10.372735418406508	2553.0	2616.0	2553.0
C-97510-5923-951	240	-7.322473284294103	-11.40641176941511	Medium	Very Large	Low E	0.49355621631931157	-1.3350491135929636	Linear	Low Density	10.246927345872498	119.0	2616.0	119.0
C-97510-5923-952	240	-7.332565062896832	-8.98438490476027	Low	Very Large	Medium E	0.2088159153511422	-1.3368890684217574	Linear	Low Density	10.101811305780181	1818.0	2616.0	1818.0
C-97510-5923-953	240	-7.335633009896169	-8.248077624919407	Very Low	Very Large	Medium E	0.12225355738292262	-1.3374484231319752	Intermediate	Low Density	10.781489194961413	5042.0	2616.0	5041.0
C-97510-5923-954	240	-7.33472098174324	-8.466964381622333	Very Low	Very Large	Medium E	0.14798650109673603	-1.3372821401931556	Intermediate	Low Density	10.41059817458094	4345.0	2616.0	4344.0
C-97510-5923-955	240	-7.328895050829206	-9.865187800990537	Low	Very Large	Medium E	0.3123655850208868	-1.336219943910471	Linear	Low Density	10.280660104268016	610.0	2616.0	610.0
C-97510-5923-956	240	-7.325963970284462	-10.56864713172893	Low	Very Large	Low E	0.39506624556119374	-1.3356855429872854	Spherical	Low Density	10.536060709889908	346.0	2616.0	346.0
C-97510-5923-957	240	-7.334937276743752	-8.415053581499409	Very Low	Very Large	Medium E	0.14188372120350232	-1.3373215755638967	Linear	Low Density	9.95706641857516	4534.0	2616.0	4533.0
C-97510-5923-958	240	-7.332747029873178	-8.940712830437128	Low	Very Large	Medium E	0.2036817032711312	-1.3369222450331346	Spherical	Low Density	10.471115039121376	2124.0	2616.0	2124.0
C-97510-5923-959	240	-7.333273747490655	-8.81430060224266	Very Low	Very Large	Medium E	0.18882032562604978	-1.337018277324551	Intermediate	Low Density	10.337139902606827	2830.0	2616.0	2830.0
C-97510-5923-96	240	-7.335142303605459	-8.365847134689918	Very Low	Very Large	Medium E	0.13609887270383486	-1.3373589565032813	Intermediate	Low Density	10.205855886998147	4744.0	2616.0	4743.0
C-97510-5923-960	240	-7.3332712138987635	-8.814908664296759	Very Low	Very Large	Medium E	0.18889181111401104	-1.337017815394616	Spherical	Low Density	10.461045434925715	2798.0	2616.0	2798.0
C-97510-5923-962	240	-7.324569510987825	-10.9033173629221	Medium	Very Large	Low E	0.43441102069380044	-1.3354313021624111	Spherical	Low Density	10.755283725899554	311.0	2616.0	311.0
C-97510-5923-963	240	-7.33514678384814	-8.364771876446413	Very Low	Very Large	Medium E	0.13597246231577795	-1.3373597733507845	Linear	Low Density	10.424098898164532	4746.0	2616.0	4745.0
C-97510-5923-964	240	-7.328895193367233	-9.865153591864038	Low	Very Large	Medium E	0.31236156329962	-1.3362199698983113	Intermediate	Low Density	10.104148359672552	714.0	2616.0	714.0
C-97510-5923-965	240	-7.332834063227668	-8.919824825359353	Low	Very Large	Medium E	0.20122605055348972	-1.3369381131419351	Spherical	Low Density	10.4033678240042	2355.0	2616.0	2355.0
C-97510-5923-966	240	-7.332766457465696	-8.936050208232922	Low	Very Large	Medium E	0.20313355227036334	-1.3369257871136806	Linear	Low Density	10.519541331037926	2299.0	2616.0	2299.0
C-97510-5923-967	240	-7.333557770789495	-8.746135010521204	Very Low	Very Large	Medium E	0.18080658664333157	-1.337070061064639	Linear	Low Density	10.126267730970934	3183.0	2616.0	3183.0
C-97510-5923-968	240	-7.332842316059739	-8.917844145662615	Low	Very Large	Medium E	0.20099319626880305	-1.3369396178160682	Intermediate	Low Density	10.40198802170852	2363.0	2616.0	2363.0
C-97510-5923-969	240	-7.334424053491279	-8.538227162092783	Very Low	Very Large	Medium E	0.156364354313463	-1.3372280035941966	Spherical	Low Density	10.442582913744824	4132.0	2616.0	4131.0
C-97510-5923-970	240	-7.332565053365732	-8.984387192224167	Low	Very Large	Medium E	0.2088161842718637	-1.3368890666840265	Spherical	Low Density	10.294849587238483	1781.0	2616.0	1781.0
C-97510-5923-971	240	-7.327407795789809	-10.22212901044576	Low	Very Large	Medium E	0.3543285990945143	-1.3359487843657456	Spherical	Low Density	10.159471883150347	448.0	2616.0	448.0
C-97510-5923-973	240	-7.334423175920366	-8.538437779112027	Very Low	Very Large	Medium E	0.15638911504352615	-1.337227843593576	Intermediate	Low Density	9.82448683497716	4120.0	2616.0	4119.0
C-97510-5923-974	240	-7.3331942220183	-8.833386715608034	Very Low	Very Large	Medium E	0.19106414287812934	-1.3370037780690054	Linear	Low Density	10.147340169453628	2555.0	2616.0	2555.0
C-97510-5923-975	240	-7.332278257316241	-9.053218244102224	Low	Very Large	Medium E	0.21690815662513446	-1.3368367774100627	Intermediate	Low Density	10.076488922621396	1450.0	2616.0	1450.0
C-97510-5923-976	240	-7.332326478845754	-9.041645077018982	Low	Very Large	Medium E	0.21554758250165024	-1.3368455692632704	Spherical	Low Density	10.44163005819513	1461.0	2616.0	1461.0
C-97510-5923-977	240	-7.333912767967336	-8.660935687839283	Very Low	Very Large	Medium E	0.17079031426555502	-1.3371347849153385	Linear	Low Density	10.561071895279882	3466.0	2616.0	3466.0
C-97510-5923-978	240	-7.328408948131018	-9.981852448555696	Low	Very Large	Medium E	0.32608100962860725	-1.3361313166186892	Linear	Low Density	10.314122730897099	540.0	2616.0	540.0
C-97510-5923-979	240	-7.33442316093972	-8.538441374467094	Very Low	Very Large	Medium E	0.15638953772359424	-1.3372278408622722	Linear	Low Density	10.304194843765796	4119.0	2616.0	4118.0
C-97510-5923-98	240	-7.333188894224773	-8.834665386054487	Very Low	Very Large	Medium E	0.19121446697779135	-1.3370028066942048	Intermediate	Low Density	10.573318965776608	2548.0	2616.0	2548.0
C-97510-5923-980	240	-7.334238767232059	-8.582695864305867	Very Low	Very Large	Medium E	0.1615922202122747	-1.3371942218040105	Spherical	Low Density	10.367057411682476	3809.0	2616.0	3808.0
C-97510-5923-981	240	-7.335050217543215	-8.387947789628333	Very Low	Very Large	Medium E	0.13869708795513194	-1.3373421671739112	Spherical	Low Density	10.239974275828434	4619.0	2616.0	4618.0
C-97510-5923-982	240	-7.332753347617865	-8.939196571712564	Low	Very Large	Medium E	0.20350344762420378	-1.3369233968979644	Spherical	Low Density	10.248484422471853	2137.0	2616.0	2137.0
C-97510-5923-983	240	-7.334433606447154	-8.535934452682902	Very Low	Very Large	Medium E	0.15609481693676489	-1.337229745309704	Linear	Low Density	10.217094525654314	4145.0	2616.0	4144.0
C-97510-5923-984	240	-7.323832736616479	-11.08014321204497	Medium	Very Large	Low E	0.4551991656285137	-1.335296971870829	Spherical	Low Density	10.263699043202141	255.0	2616.0	255.0
C-97510-5923-985	240	-7.334032057304335	-8.632306246959693	Very Low	Very Large	Medium E	0.16742455654765068	-1.3371565340044018	Spherical	Low Density	10.441866848945182	3579.0	2616.0	3579.0
C-97510-5923-986	240	-7.332516804510328	-8.995966917521384	Low	Very Large	Medium E	0.21017752939743786	-1.3368802698487035	Linear	Low Density	10.443432602459197	1526.0	2616.0	1526.0
C-97510-5923-987	240	-7.333626229353075	-8.729704955261976	Very Low	Very Large	Medium E	0.1788750230642148	-1.337082542577521	Spherical	Low Density	10.601444517075455	3260.0	2616.0	3260.0
C-97510-5923-988	240	-7.334350940695399	-8.555774233104332	Very Low	Very Large	Medium E	0.15842723741100181	-1.3372146735116488	Linear	Low Density	9.946006612513758	3869.0	2616.0	3868.0
C-97510-5923-989	240	-7.333285126159081	-8.811569721820632	Very Low	Very Large	Medium E	0.18849927563084368	-1.3370203519079062	Spherical	Low Density	10.324967484745907	2860.0	2616.0	2860.0
C-97510-5923-99	240	-7.323597440607381	-11.13661425422866	Medium	Very Large	Low E	0.4618380604244307	-1.3352540721952435	Spherical	Low Density	10.378165856273942	202.0	2616.0	202.0
C-97510-5923-990	240	-7.332565078007244	-8.984381278261528	Low	Very Large	Medium E	0.20881548900972974	-1.33688907117672	Spherical	Low Density	10.538562691764511	1867.0	2616.0	1867.0
C-97510-5923-991	240	-7.332565086505135	-8.984379238767554	Low	Very Large	Medium E	0.20881524924108086	-1.3368890727260738	Intermediate	Low Density	9.714346001448938	1889.0	2616.0	1889.0
C-97510-5923-992	240	-7.33256501909659	-8.984395416818401	Low	Very Large	Medium E	0.20881715117831748	-1.3368890604360026	Linear	Low Density	10.572111551709982	1647.0	2616.0	1647.0
C-97510-5923-993	240	-7.333075427143746	-8.861897485500785	Very Low	Very Large	Medium E	0.19441594930052775	-1.336982119131401	Intermediate	Low Density	10.424142679717251	2477.0	2616.0	2477.0
C-97510-5923-994	240	-7.33222406442739	-9.066224537426566	Low	Very Large	Medium E	0.2184372131065784	-1.3368268968457486	Intermediate	Low Density	10.236366883383273	1442.0	2616.0	1442.0
C-97510-5923-995	240	-7.331709608829081	-9.189693881020409	Low	Very Large	Medium E	0.23295261694802383	-1.336733100192099	Spherical	Low Density	10.196275516664258	1148.0	2616.0	1148.0
C-97510-5923-996	240	-7.334658054687681	-8.482066874956518	Very Low	Very Large	Medium E	0.14976199275626628	-1.33727066719674	Spherical	Low Density	10.119380821182663	4333.0	2616.0	4332.0
C-97510-5923-998	240	-7.335343377891684	-8.317589305995773	Very Low	Very Large	Medium E	0.13042554642206927	-1.3373956168005836	Spherical	Low Density	9.941303095595279	4925.0	2616.0	4924.0
C-97510-5923-999	240	-7.333648633387705	-8.72432798695092	Very Low	Very Large	Medium E	0.17824289152282635	-1.337086627329409	Linear	Low Density	10.216687902655833	3302.0	2616.0	3302.0
