0.5132810412430382	-0.4422893469512786	0.5511660306344811	0.955720014342912	-0.19332989800418582	-0.019864218373951383	3.3365997359479437e-13
0.3766063816903476	0.9338610505479242	0.16221704989021687	1.9454631984368906	-0.06862231495002229	-0.028918438334263444	3.0978908288909247e-13
0.5082864938898628	-0.8147874596912499	1.1406359198921063	0.2882752149246447	-0.16895573896910793	-0.01417581020176301	3.422471980764394e-13
3.5270369841365925	2.0634000723331756	-0.7227490628555712	-1.0295498771700926	-0.8027838208188264	0.04194424629494538	3.64706710286455e-13
-0.2995179346496617	0.03312847156941502	-0.6548580010904496	-1.3791462234025715	0.12152570873340997	-0.02872948683774398	1.6679432743300497e-13
-0.3000327350000806	0.012079935912520223	-1.5527563755766778	-0.7940745420164992	0.04158789913517506	-0.029074516321824156	1.323484697716048e-13
1.5972277090793632	-1.2617458245829032	1.3950961647365148	-0.7107163698340001	-0.4775527388753396	0.04690245628473242	3.4847009610740944e-13
0.48330824302668124	-1.1668977916453707	0.5640133555077639	0.08555112964133262	-0.22541894235106008	-0.009179906016134491	3.7574170204696924e-13
1.5866252818577404	3.822563406440602	0.15989661507249664	2.182249654729141	-0.12325082975112307	-0.023640675276820892	3.938500242736218e-13
1.1659578709627687	0.5190910132687908	-0.32770257853280726	-0.156726058115718	-0.28919261069855307	-0.018400962281083906	2.1760100622531386e-13
-0.6776376647959382	0.014462703923807085	0.2268769767885478	-1.0410882420994028	0.2707270410673752	-0.02459571211058601	3.3947755142913463e-13
-1.1125547049094149	-0.6921741006633914	1.0149929528413786	-0.4074131188281399	0.34410718267352824	-0.024420949163537986	2.5206471337879214e-13
0.12743525939975545	-0.4414260214639891	0.7852048619129639	0.8007327084575484	-0.059273885846531274	-0.026251867702324096	2.594331685555846e-13
-2.7152282203735965	0.5540458498345643	1.955011573980339	0.14285147421071026	0.9970302961024242	0.07881138627641991	1.175842338566438e-13
-2.0280727849400964	1.1398828538094434	0.08410169373956516	1.332065802616309	0.6941510746411997	0.05680743945217786	1.9326539832959106e-13
-0.6598879920075511	0.2883713374612023	-0.41162657852117013	0.034852380664659406	0.21297573804796266	-0.022142038619952804	2.0180987151884998e-13
-1.0033025022971929	0.9456718141430553	1.2911199919957261	-0.6343292739229969	0.5172055152783596	-0.0015038452443045698	5.847558777901088e-13
0.19872308371710928	-0.4805130709611318	1.8650618449539869	-0.10300159419962429	0.01732635147736232	-0.024383988657566684	2.0615904665239414e-13
-1.3540778752984692	0.057835783446733	0.409496310273702	-0.46816200369970484	0.4646579135780661	-0.007816351951636227	3.2724976490551186e-13
-1.9443575880114925	0.42470725229534284	0.164190372663427	-1.5559545446583185	0.7123810635388668	0.02666486370121519	3.813209828867442e-13
1.4224287322058262	-1.3509960112706079	-1.754620876535171	0.1529503883296589	-0.6605755796477403	0.03586926220413633	2.2729788088895277e-13
-0.8258332233523558	-0.8625259857469896	-0.2945563807774051	-2.122791159472174	0.23238550688435133	-0.028872010296537808	2.346048901841061e-13
0.2827888822649818	0.24782219074154269	0.09219327462998723	0.9589761081339169	-0.07882420207837489	-0.028653390316478792	2.7600774403989996e-13
-1.5458075507558362	1.0831988515959246	-1.7829726175566987	-0.16278067540906285	0.4920105286450478	0.02714454718625984	2.9889715622543797e-13
1.5639896348699636	3.9524211871052737	-1.238904604346453	-0.023317015351384782	-0.0955431949641645	-0.022124940233752447	2.6798674057462134e-13
-0.2826795224846304	-0.8268145611014353	-0.6812714864143812	-0.30801618461371405	-0.022152082777116302	-0.02876194091944359	2.6120336324563664e-13
-1.8114113370638065	-0.07875347176695666	-0.5222098700592944	0.7683951120335311	0.4800308523588438	0.006288738311636997	2.331535366447634e-13
0.011947853945370278	-1.0045264134106244	-0.6741650313575732	0.17132597391645343	-0.14739460080058253	-0.023969172730184354	2.97852906385362e-13
-1.1368115965485275	-0.41400396398406736	-0.5147881148244456	1.3227446926156037	0.21910704904262565	-0.021171557530129188	2.840600994202861e-13
-0.9861868430084194	-0.9902338759987138	-1.5869299445767084	-0.5986174771598065	0.1260864179892242	-0.028663269637725454	1.4669445416410783e-13
-1.6506240321851238	-1.27564719546931	-0.7514470804527763	-1.0938505359532347	0.36288218699686137	-0.021390991987318777	2.3650027187918736e-13
1.8122905591873755	-1.5862939977955794	-0.06845561611875411	0.099082751558589	-0.694765425732995	0.07253024461307539	2.2065213985725466e-13
-0.1859994487799505	-0.34866741028499687	-0.7664851834703785	-0.03862177175472311	-0.01521979173189944	-0.029564155552011123	2.5231039703216617e-13
-1.9245964762695933	-0.5047243509966133	0.08105091542805004	-1.0890508573239237	0.5792046795730049	0.000414114200008709	3.891227251802122e-13
0.8536231813492218	-0.6930863158185158	-0.012499328015063146	-2.0509507983311677	-0.23026117580043934	-0.006560597179902279	2.6416592545073467e-13
-0.28452033193321447	2.7163476112728517	1.5698807209562813	0.3469584371013778	0.47399514939213666	0.012602823518032357	2.727605760582042e-13
-0.20668132511010923	-0.9337508298766356	0.05173005813941146	0.8708690328425784	-0.06058998856777089	-0.027209187387847184	3.6195544464882584e-13
-0.40919635705584806	4.502344696680488	-0.3360115102136863	-1.525095359851719	0.6739830628536456	0.08456750971203174	1.237792080551721e-13
-0.9857744568123661	1.7555007618336032	-1.9473325807062605	-0.21880175663074947	0.39076868828275824	0.019239508324557533	3.489090448366067e-13
0.16569217656231275	-0.27602979733930333	0.23262887642360897	2.055565672312379	-0.1373731973144448	-0.02719815812277542	3.39672518662504e-13
2.6345127788398237	2.5018697056048675	0.12014335204693456	0.7776316368400565	-0.5198294469174362	-0.009857307861959097	1.8618189925829632e-13
0.26812301106090314	-0.028807672376683174	0.5899665367562081	-0.9688858490159892	0.00462915268369833	-0.02734792800844565	3.707015414973346e-13
-0.623055466091087	-0.8067407313206284	-0.15245010945293416	1.110071888582941	0.05413775522114385	-0.029499628164141468	2.88418904098694e-13
-0.8200593635125822	-0.6653961908235342	-0.4863348885876884	1.693648960226707	0.08394215800970052	-0.028085497532245526	2.7084730694321533e-13
-2.1124126169705484	0.3107506567631335	-0.3069139442221929	1.6056494364387888	0.5923121385435404	0.03222007534538645	2.8174118868283743e-13
0.19413071854438071	2.1639425682047264	0.8422202463949622	-0.9390233951690378	0.27900334984249914	-0.01576196527793084	4.1169767940885017e-13
-1.3325403638485391	-1.0932789303308317	0.14424031131663548	-0.4939034911144132	0.31714245518621614	-0.024954794050328202	3.590763991964463e-13
3.047053562263341	2.3687344741276637	-1.704013630870935	-0.6547368496457627	-0.7051636068252456	0.006783794002648241	1.0842293637864383e-13
0.17694329633730632	-0.6071016610924693	1.181817927183077	0.9006471799738449	-0.07201042004530966	-0.023999317281820698	3.519348736272484e-13
-2.3073755801228852	0.7819527744263857	0.2487273515982053	0.2099324407026831	0.7943721257097955	0.06093366215637492	2.802922166933958e-13
0.3055041835232651	-0.37260444405620224	-0.3004843040038424	-1.1273042498087495	-0.0902455536837315	-0.024923969472345653	4.209019418670917e-13
-1.220964432741574	-1.1016005543664458	0.3209669873466516	1.6869834797232324	0.20411513977891713	-0.026519640698013228	2.760114785444731e-13
-0.8192332311092306	0.37308570687407516	1.887569451749647	0.13521681811095945	0.4032987092071399	-0.01744812822451576	3.3477987300775805e-13
-0.5302941372836202	-2.477121657814205	0.7106759586634266	1.6604850094292238	-0.12386832375275923	-0.01617420048831744	3.449291021593284e-13
3.4240239233875354	3.1332562580564587	1.4727684047017575	0.3941647209644116	-0.5868270687890984	0.00649808659251415	3.045127590596751e-13
0.6736396228980849	-1.266822244318455	0.02579973994977756	2.3811370681128214	-0.4182492221904378	-0.0009447751308100139	3.5130459943510174e-13
-1.2523935892211915	0.015076435493406374	-0.9590089194309261	-0.3132513384106472	0.34126045638802005	-0.011741611914210581	4.43362830781477e-13
-0.7946455107332181	-0.5810383352501274	0.4406396714431694	1.2026107204842393	0.16126077593515925	-0.027603150048569253	3.653996456426477e-13
0.5012142367498285	-0.03787537844377391	0.9094619132979225	0.6707617146212995	-0.1132301255768058	-0.02425764547200291	2.77703324204406e-13
1.5899663982786716	0.1259617594534233	-1.6545029822163395	0.3431644886400922	-0.5553323398611717	0.0013213611363438323	3.435452976454011e-13
-0.9891133860925104	-0.47649044355796827	-0.2541969252730195	-1.6951859133219764	0.30780349612885627	-0.024497774240914774	3.5959206628624615e-13
-0.32742520812056564	-0.11811606068761185	0.4455722755462423	1.8610635739800383	0.046260442742323805	-0.028800628161616194	2.3484105385731757e-13
-1.5867313133859993	0.18873986755998046	-0.08711081649778497	-0.922937445445105	0.53772664027735	0.0035782071552587537	3.419365780982254e-13
-1.8016006925642936	0.10665406045025867	1.600636664949194	0.18931153747854146	0.6484587547477452	0.01025229379423144	2.6672888436730307e-13
0.18080997529130197	-1.8187176267509177	-1.0037485209431183	-1.3908072157599924	-0.23959395006840256	-0.007697935751262173	3.66271490854484e-13
1.2964208306743306	-1.2682267334583435	-0.4860687672040038	-1.799844409048967	-0.4589989533706496	0.02752016851251869	3.5233480004850383e-13
1.3316451037261452	2.371271951679728	0.35501283879306367	-0.5049248459969715	-0.0834426713459625	-0.02861444308257803	2.786582373534364e-13
2.980643532163742	2.4060710700327954	-0.9046676231862367	-0.3418813705455252	-0.6467373322349901	0.0037928445285583226	1.4903186706068415e-13
1.1691657574793173	1.01416717319119	1.2653820058792125	-0.3112876337165006	-0.13525251264952998	-0.023136552334135186	3.0640785010901495e-13
-0.9652139554553982	-0.00546012041423432	-0.37529085106064464	0.6631914823350193	0.24815265426590644	-0.019523503453634343	2.077903994703567e-13
-0.004752372338890891	-0.9982411888036479	-0.8168157450254161	-1.2286275011807268	-0.0928767485977204	-0.024364828974061822	4.0844137281134524e-13
1.3103126355643402	-1.6764626136097458	-0.13158866953964296	-1.4628077581103764	-0.49848911738934404	0.042611514509850304	3.064467984170994e-13
-0.49393420195415283	-0.8034888130361236	-0.5692619949213621	0.012262064648887976	0.03637189643792478	-0.029658466665644822	2.9391043166856157e-13
2.452376258022371	0.15105004746727213	-1.1621600906050393	-0.34087666380296994	-0.7461165547594174	0.044979813061519575	1.884195664096831e-13
-2.684662369330482	2.583858474229142	0.5041014032062077	0.8509533940455933	1.1018320508433244	0.18243481629856143	3.428594293618561e-13
0.6894128502302073	-0.9537589330626364	0.6327055160074603	-1.0049737901334224	-0.21419022432805784	-0.0064285375762572665	1.5924188218193355e-13
-0.0846844096183084	-0.41495899376260786	0.1106524836613919	-2.060768270941019	0.08323873463795796	-0.028588630243973855	2.6726458578480014e-13
-0.6488133119903071	-0.36984091338428815	0.06846421252096234	-0.1520238957269649	0.17428118981628235	-0.027815868216279318	2.3848806994014596e-13
-0.3105758155771561	-0.8212379910112796	-0.5701273577542239	-1.4108709420211947	0.03862570142144196	-0.028898543063248627	3.710659713377732e-13
-2.734982782761087	0.6891485974558205	0.03746063764608947	-1.8680730231893945	0.9860752658514058	0.08731544484656628	1.654392371483153e-13
-0.5673140579534507	-0.4763024703632445	-1.6308793670974377	0.33110159792061067	0.016904815853706564	-0.029365236756634678	2.5868673990226757e-13
-0.18635655134649112	-1.272205051159396	0.20752946348496348	1.5265969350846285	-0.12056426122096196	-0.024192792507987483	3.3604819433294e-13
1.2519945321326473	-1.593422303589782	1.601897703512786	0.504795425176764	-0.44966091008611997	0.03807971111366568	4.0412477248734915e-13
-1.7249340564534401	-1.5699619358596104	1.5611337625138815	0.02488654466683291	0.4453659535388788	-0.02309173551417558	4.575035205644273e-13
0.2201627480539076	2.4352193418171195	0.49169404382706855	-1.289044722281029	0.2944180035047747	-0.012056353013013343	2.501281541691272e-13
-0.7374784568015915	-0.00794556727670296	-0.7701593405542677	-0.35565640752963673	0.1982331107363306	-0.02402663613738737	2.408031059371387e-13
0.9466125167500875	-0.7881125010302183	-0.8624273487208389	1.0942937930964038	-0.44764994429805344	-0.0020308603125931183	3.743684985458739e-13
0.08433917761252424	-0.7417782701317607	0.39552610076388045	0.6834767605630298	-0.09741285817922626	-0.024668698448601215	3.6499247186716214e-13
-0.9522941179188881	-0.269300830680379	0.49325352432117753	1.8725253557714858	0.21778308138761227	-0.022896608098299017	2.348460202343767e-13
0.08443077673575125	-1.2437995230968986	-1.3821629818061067	-0.41506123137739337	-0.2127156636800288	-0.020199119832834102	3.34982563969787e-13
0.35659253258442664	0.2883966402942387	-0.38123065507503406	-1.7904963768495743	-0.011729730523481533	-0.028515818906484778	2.107783489761954e-13
1.249519807075756	-0.404744269648813	-0.5425362601236062	1.4821825138772686	-0.4922448968145273	0.001192274660254539	2.1599792838248276e-13
-1.8572388504428028	-1.3077269095126633	1.5787677920760583	0.03265706493229903	0.5142477778711173	-0.01699981958964631	3.9859640998127087e-13
-0.27122595168838004	0.34929308656975944	0.6489252153082915	1.022033990979957	0.12703891535077513	-0.027036141358987565	1.9331876743635545e-13
-0.7954805835046383	-0.36110282573594593	0.6567218207587976	0.20428598043385676	0.23939687704665083	-0.02607065596768755	2.0869156231847486e-13
-1.1351393389604836	1.915067448314088	0.022552869253657126	2.126149209792011	0.475093761608012	0.031364691270627056	2.7642578172117387e-13
-0.44684728202621005	-1.566441129796037	-0.3707475273531678	0.4144589707676211	-0.06445805849397289	-0.02586396152213805	1.742829685502086e-13
0.03763282519832419	-0.6590311787131122	-0.016138951516370906	2.0051247572693933	-0.1536845300871749	-0.026256610490587067	2.8599830528764394e-13
-0.2239441805740365	-0.39353709396120923	2.281848221609124	0.01895061138221655	0.171409171396878	-0.02837398959605759	3.210484645310059e-13
-0.7025461665460322	-0.593896296378232	1.5937957783626637	0.10382540353400213	0.2467150752070667	-0.02805818866985693	2.458505556739857e-13
-2.7675262367069213	-0.9655826791752827	-0.6247820351990473	-0.3448869783548799	0.7084531330802115	0.026297777277626284	3.4845064390966475e-13
-0.8795174768481943	-0.4728963276563932	-1.4321262631221536	-0.07595631349593922	0.1385840822100246	-0.026290323974127196	2.165985438686337e-13
-0.6877432663722038	-0.29633463490679895	1.1901309513368103	-0.9400788011359466	0.29337753966935304	-0.026720611542816634	2.679945514674098e-13
-0.9861337112272006	0.37233431581197457	-0.5242405951425019	0.2653579788793814	0.3032820895455579	-0.013209723452147024	9.670485634536347e-14
-0.36197081226466316	-0.2472771294727155	0.059846655070422285	1.7491171284293208	0.02396769381175219	-0.02911929567718366	3.524547972277264e-13
-1.1175821639285646	-2.9715381721267597	-0.8012711110691042	-1.1413901830251447	0.02018905901701954	-0.02369840979264577	2.6506507643136656e-13
1.6605565380664586	-1.9048673046117064	0.6047008693522675	-1.7168805727685352	-0.5691482645329003	0.07624345131738532	3.2027450301942974e-13
0.17518278869461795	-0.2218105517185058	-0.618511641465304	1.8138905094978945	-0.17540789554686004	-0.027831219644973454	1.5494797967591334e-13
0.12866044012127772	-0.5299699774997242	-1.606903546949684	-0.37524577361957606	-0.16422395760791939	-0.026850473963230113	3.0224239724050105e-13
-0.01575136865909216	0.1261252451514196	0.6748127943103193	-1.5212735111863307	0.1330275361951656	-0.029000343395015286	2.881882987393275e-13
-2.481422644052134	0.8929617389862905	-1.1668630372558044	0.5483082794455421	0.7609400725742123	0.0783923481740782	4.664768817879966e-13
0.11236580743820504	0.18614145974108767	-0.6601537243238056	1.230673729310196	-0.09133874148365895	-0.029457981701580566	4.186016426480105e-13
0.8217063594461403	1.1565315183262868	-0.6179063642219359	-1.0350599243388683	-0.1005733307312059	-0.028737422596075046	2.684340558525349e-13
3.6127199148660645	0.03993113337638535	1.8897114166474043	-0.055508976794635366	-0.9209546207951413	0.14525106240378827	2.380135997752266e-13
-0.720492565944738	-0.7719112984899797	-0.18858833173895612	-0.0769070435376401	0.1333519623003774	-0.02911314146771264	3.3656898680110086e-13
0.10442625962134158	-0.5979364010477325	2.2543758432125793	-0.1916854211478472	0.059452369590461004	-0.024544842160773208	2.291417189231114e-13
-0.11740652196458333	-0.1537857874004672	0.3787497929891961	-0.5263606759064157	0.07421481411762056	-0.029148224164697357	1.5980726905019958e-13
-1.4978676208411936	0.4705181334752521	-1.643804505479171	0.4932158159909961	0.3909529297373028	0.007211484512056804	3.333630792406429e-13
1.2047986085655455	-0.8823097181856038	0.42735393513573594	-2.113815546061098	-0.32395703913421525	0.012416984741662924	2.2550183642725352e-13
2.164442252288337	1.6497061131128534	-1.3562586481986385	-1.038330151498937	-0.4868451885634231	-0.009953428082451353	1.9747811025864357e-13
0.8437865584267878	-0.6427245428682957	-0.41254901246054254	0.5717207245816696	-0.3536828127120453	-0.008293037588080249	1.3870002614444312e-13
-1.2912066198173004	0.1404933179053665	-0.8281587893635496	-1.1024825117052308	0.40690850706866744	-0.008175937481741405	2.321012823611045e-13
1.3722713161153377	-1.259968822257793	-0.6859197935270304	0.17594356180786289	-0.5732871588919647	0.031119231936996224	2.6274650111054603e-13
-1.1241021792679722	1.7466494321165784	-0.8582953679470944	1.2345993845646157	0.4369033441076059	0.025666324014945834	3.1858193547540467e-13
0.3220554109985212	-1.0387100378657728	-1.7550563199615412	0.6428565375547268	-0.32635030940568793	-0.017689675818616066	2.389683910347579e-13
2.3072148541067667	-1.570517742291121	-0.8110733978305968	-0.7250047128983207	-0.8465978778070915	0.10975931535967712	3.1566217792218195e-13
-1.3589585949023264	0.2929230968029302	1.4663960944908743	-0.13563671655979723	0.5416633730872409	-0.002885680791430045	4.0964867475270886e-13
-0.4315600171989634	0.7170392478412513	1.2432591560635637	0.9202589562313186	0.2546326061804035	-0.021322965317865143	3.466279633519856e-13
-0.504480981213586	-1.1469220181035225	0.293561376009251	-2.207671196245731	0.14519700660498722	-0.028566244092593857	3.4982441379485264e-13
1.044096713503091	2.9715056625933474	-1.3399766645066737	-0.35089897324325603	-0.04064102946851866	-0.023505058044873253	2.3092158538807713e-13
-2.2087780552985965	0.36449271602562866	0.49307832736195095	1.6885605920251308	0.671816036097513	0.03918833377536885	4.189578663737151e-13
-0.3169532125070936	-0.8038631757135913	-1.951475003010712	-0.3195078593584801	-0.08518190090168615	-0.02962635580528573	2.682817282712317e-13
-1.789310677496387	-0.2644971381975237	0.262804483920968	2.008138627407984	0.44894762017866585	0.0007782275663114164	2.6639760591725194e-13
0.36679780968110126	-0.6773534970974731	-1.697392676299479	-0.7161473968578432	-0.2415746340235919	-0.021465858213132336	4.33752694416603e-13
-1.2401312954984502	0.3045930227657766	1.5972511290457667	0.2137348060116622	0.5008793268091	-0.006735218823865916	3.857010263701636e-13
1.6333224783678453	-1.1469781500284641	0.6217994151744859	-1.500386555801272	-0.4899587088732465	0.04405619199828435	3.204420251942374e-13
-1.4197447779941959	-0.34530842462806205	2.208125131461981	-0.06887525245552625	0.5312079298374989	-0.013203404496526395	2.0290482556091116e-13
-0.5028807075290213	-0.09135262021325485	-1.1123576296369855	0.1957573507318654	0.07627107011444673	-0.0278632000759438	2.0188067311000737e-13
1.3943050655401268	0.2647577295512584	1.3741485954380868	-0.5798575319788908	-0.2638986994995206	-0.0062990227521218375	1.5549654193306342e-13
-1.8093133458563968	0.12095497669697165	-1.4830347412583247	-0.6026347601109149	0.5003104879440006	0.011615573223858337	3.2537701047772275e-13
2.1460626624903756	2.9301809998408967	-1.53237291332528	0.27088242448420535	-0.40861192418181363	-0.026581990517564633	2.8631534366059515e-13
1.088124563359046	-1.4535667803996228	1.6365118454785443	-0.2570354700358317	-0.3539716202019974	0.02446130634890379	2.532589959442882e-13
-2.4193961437308884	0.1662518743881733	0.34264337534653655	-0.2379287566692866	0.7832864899909631	0.04461364785017048	2.6514266031067374e-13
-0.6164904274862777	-1.5572331524738696	0.19236899873733865	1.8648520666202961	-0.039255428243311546	-0.02769296216822067	3.2572673882527017e-13
0.11387944083838547	-0.5330979388817939	-0.32793483804977724	-0.019471471261765284	-0.09817120876344063	-0.026338194692254464	2.819409592149532e-13
0.8256618422739667	-0.6334289856968737	0.3961087373279995	1.40442302121169	-0.3330966169805292	-0.008448994644746903	1.7123536891795196e-13
2.835924798553804	7.970127863239545	0.5024819159088248	-0.7396688864273183	0.10032623375252976	0.014608874530042906	1.7691367760496742e-13
-1.5637742267769594	0.8278735665132143	0.9877564124246065	1.3063232858973295	0.5745141328920981	0.019477591211896534	2.474006021693063e-13
0.07581097515044506	-1.1989413967237637	2.347789905820715	-0.0740294487624547	0.004170971208811667	-0.018521090128037647	1.8089336048036944e-13
0.2607738559697749	-0.4069436402034927	-1.5006260731213534	0.6467620559338265	-0.22551417034804125	-0.025999010524403364	1.8014414027574015e-13
0.2355241515633772	-0.28667990225382306	0.583102608785091	1.2880882274640661	-0.10660275561712051	-0.02614004582192809	2.8018466032834367e-13
0.30253695292487287	-0.4117144217870082	0.8113977424430114	0.8834509214196914	-0.10949543043361204	-0.02402290224109741	1.0652018097550604e-13
-0.1906146950687518	1.3798787434893707	-0.6926822395977487	-0.7273723027690654	0.20715621976094528	-0.018043574046250545	3.794390759442694e-13
-0.23675757426903998	-1.04784429713423	-0.15034602151796594	0.743800070544309	-0.07089833016328967	-0.026911222472234878	3.217947440079598e-13
-0.17746004230263365	-1.1065538830619899	-0.4378763730928069	-1.6231101474139598	-0.014747621488492381	-0.025819851861151894	2.28505201446689e-13
-1.659110086618604	-0.9400139238800226	1.7105290311359858	-0.07328365156894309	0.5077285173845684	-0.016385803487279776	2.6251225535801157e-13
1.4962352821649307	-2.1364494291351486	0.38939094376339345	-1.9076944541474308	-0.5508681672127742	0.07399142803141791	4.377571657160828e-13
1.4045571385317448	1.0954288974529713	-0.2217704290929927	-1.8307538948383086	-0.2225254278162649	-0.02048836356257916	2.770596897814397e-13
-1.2965352898101685	0.9196722961334445	0.5994198741303546	-1.0915638883169632	0.579616972184883	0.009741056539324573	1.4727600186027835e-13
0.7959935191510361	-0.3714985071282685	0.3487419743736526	0.042298249666528426	-0.24339592685243314	-0.01399841978838991	2.923422537502357e-13
-1.969943845501262	-0.7708745110290841	1.6210128846805625	0.09537919127080381	0.6069540846939685	-0.00397422746586111	2.2193537598543188e-13
1.4304425675679033	0.3740146490149418	0.6976428320136074	1.615515690793102	-0.39354149816630624	-0.007853532194605911	2.5733604181101365e-13
1.0892972716234763	-1.1334456004235047	-0.34571970013303255	0.06848415147578321	-0.4527797751296632	0.013111453943041133	2.095959717261676e-13
-0.9445967573027703	0.4696811620162491	-1.5342608750604778	-0.6350142240619088	0.27807153212926794	-0.012710873227775523	1.5432901454613863e-13
1.228579143087214	-0.40190121243608573	0.5673629195536752	0.6630144215518735	-0.3856472848737161	0.0013088076022842552	2.194597312829824e-13
0.20106185151366185	-0.7743981396888568	-0.3566624759472732	0.6663608477915048	-0.17964603792374026	-0.022809975771678388	4.459986651865522e-13
2.0701041284349295	1.3713131122221398	1.091812305906298	-1.2916376331417279	-0.3316994886881153	-0.005710333441672537	3.5295805948681997e-13
3.191590259041578	0.6045591826232085	-0.821463627035937	-0.07020442612453254	-0.9033918204025486	0.07738324068060036	2.338460386504827e-13
1.5629549607742892	3.1762644665272006	-0.965770501065555	0.9565652557284651	-0.20374076970485228	-0.02803785305923783	2.842989533728059e-13
-1.428210980522563	-0.493187264255193	-0.34966239998291165	-0.4555806258772989	0.38022088381364	-0.015441111719377336	2.425849586481333e-13
-0.9343980165111453	0.6899815693356531	-0.5147606048693392	1.7146064278068132	0.2638484982828912	-0.008988322051188434	1.8996452127980706e-13
-0.16414348249840088	1.7781623080596143	-0.877220164025951	1.0503563346060059	0.15896759985767756	-0.01241247105902937	1.5904517999741842e-13
-0.6557631621041967	-0.9535430715415806	0.20026856853913066	1.6074539762361466	0.0486206201395391	-0.0294665213166665	2.911044129275946e-13
0.3047107582982846	-0.41089109923317263	0.03848684834414369	0.17685878818687012	-0.12735536875125458	-0.02442618872117741	2.627044663719513e-13
2.567589018954333	3.5303941263169585	-0.7332586451283142	-0.5243811505682157	-0.38774364641612064	-0.025212204247907172	4.1021175928060875e-13
1.4072067830114903	0.25776755500705617	1.642533677156332	0.10364104994626837	-0.28039139116900347	-0.005523761709799084	2.8875487276916477e-13
-0.40953152863869924	-0.7581454841765383	0.7395666519358015	-0.45004896962241925	0.11370686428256938	-0.02898492481165362	3.242551278039087e-13
2.770331803026166	0.9599854302440098	-0.7991571190670907	-0.5924807285150097	-0.7214349244886005	0.035754877500953956	3.040898959912882e-13
-0.15969896435861963	0.3563660195977323	-0.11683864761415273	0.7001749667483249	0.062054102445995955	-0.02816011684409868	3.395132152766565e-13
2.859479687814458	-1.8735416972338474	-0.6870279792841598	0.04075520238305285	-1.0602287033474227	0.1790846233555373	4.325809813815945e-13
0.46836300522506885	-0.8179222753892512	1.5420339821557256	0.16102421860375993	-0.12829347604645894	-0.014913641156792088	3.666137949146619e-13
-1.0608597510593647	0.3762500897515413	-1.2569380801692283	0.9796125852741852	0.25285234680908614	-0.010926940782320947	3.5831695973617227e-13
-1.2484611396715515	0.6445494596412477	-0.7081299345580956	1.7515386573957852	0.3397642141696665	0.0011656004195103604	1.8569447898950658e-13
-0.12251126848511702	-1.4867838946289864	-0.21262230225495085	-1.7297708553228168	-0.05384585683183481	-0.02080981025801862	1.9038508450418967e-13
-0.43798478239880106	-0.22025729352770826	-0.3077737408017169	-0.20691689829252843	0.10771741595988699	-0.028775594178209823	1.3093431618318926e-13
0.6405898066476762	-0.7786679991347705	0.272784723104338	2.0671585514989483	-0.32895131646293563	-0.011680565058508053	3.3627315004048827e-13
-0.3456144486425507	-1.833973534692669	0.09340834840312816	1.3934653192034399	-0.13534117099510556	-0.021109888581795546	3.3765563792610687e-13
0.13114766698431216	0.35997463586307954	0.27697000236475006	-1.9047554674577156	0.10679155967791248	-0.029088575813082364	1.9379229276751324e-13
-1.160141358491069	0.21926241950804232	0.3381315804164471	-1.4184200274877006	0.4591892448084886	-0.010839578893227201	1.5216077245053696e-13
-1.7986252805844685	0.9469553123564413	0.06282493208286095	-0.9148332432370039	0.6943022069939266	0.03584663716723258	2.249739758037425e-13
-0.9358639828722447	-0.4624679820684774	0.301335073030743	0.4141190856581915	0.24017102506867538	-0.02508887415100404	2.5813242041153586e-13
0.5057290871897911	-1.347030484576305	0.7038959392399793	0.5619600005555481	-0.26232179896027347	-0.004745612213058317	3.279396716619581e-13
-0.02989357731414177	-0.6110900738416134	1.8004249677831081	-0.5555045787987748	0.08536416996325694	-0.02638254342471214	2.051114414074958e-13
-1.474728849837533	0.7801071903100275	1.1458145666650403	-1.0996150484232705	0.6506795809969318	0.013840119552643844	2.993424919975161e-13
0.31436998053217874	0.030150332076714637	0.05366083687948207	1.4428566349585106	-0.13381133139681667	-0.02753942444899704	2.8928896385606813e-13
0.3803469759596639	-0.3810676601932796	0.651827961136057	-0.9310715938129634	-0.06417573499030302	-0.02306919782780053	1.7966691148004565e-13
-1.5474048320735958	-0.3769147683767159	-1.6930043440381042	-0.18025198894531685	0.3368906774789962	-0.009929720579263121	3.3620701187955676e-13
2.2918187973642627	3.383834098448091	-0.5075168565209488	0.8181864741804715	-0.3637910983132722	-0.027231306133308854	3.099751485794023e-13
0.01725489039768043	-0.14182904831987914	1.5367280024386532	0.6730192905708204	0.055827604723868184	-0.02827857968129903	2.607255993922028e-13
3.191542804721047	8.310985513683853	0.5065639811390881	0.9118148797542904	-0.03619450352545907	0.008062722587985335	1.8845599571552992e-13
-0.036331116119170115	-0.9965798230316251	1.2845142834205152	-0.8706645497831508	0.027828661910747496	-0.023681798860032712	1.6932544348357927e-13
0.4786682793916708	-0.6873171277011441	-0.6442956815602389	1.3425241408127075	-0.29691346685723663	-0.018167608254506737	2.0079843349637858e-13
0.9888753074967902	-1.086168541709203	1.110847539516205	1.0047794540502555	-0.36959699221465553	0.008651741138519273	3.1587754082377473e-13
1.8848547830899267	0.48627847664372387	0.9386323698889044	-1.2338632598776562	-0.38303432913355057	0.00712638943560441	3.7079322407031424e-13
-1.7848640571715328	0.6060260541753771	0.5555127908091954	-1.385144927625024	0.7009672497985061	0.02393604595896018	3.602698311333292e-13
-0.9326653570779703	0.8384273113674239	0.2606294339456776	2.0154109156128777	0.313759548728814	-0.006154129844926496	4.682413132946187e-13
0.6759368388112011	-0.21528621150812635	0.5712455050425268	1.1982768924727594	-0.22557846845086446	-0.019201644197852478	2.2532616845732954e-13
0.3839929832049057	-0.7144701504853229	-0.09858139710392905	-0.7451644978239731	-0.15358899847553398	-0.01958034785722143	3.348252778889225e-13
0.006610360467533411	-1.3696680490719648	-0.916324639536167	0.7254792789215245	-0.2222297592201192	-0.020011515250267297	4.2634484447479687e-13
3.895962746750102	-2.6503112383773155	1.1159236684705767	-1.4203012509613202	-1.2650095078597117	0.3686092319545178	3.2191765800235796e-13
0.36036851213758236	-0.8889718046358686	0.223764536774783	-1.893840110865191	-0.09883831438600228	-0.017481613543603412	2.655008056322123e-13
1.206763702862246	-0.8674185756963515	0.3200528265741149	1.9085258210871134	-0.49453653780545087	0.011839581528584327	2.4080300686363297e-13
0.8005697031517978	-1.1335923372962053	-1.1319608002701023	0.6612972557031337	-0.44001108899881464	-2.8889506931147634e-05	3.598363543439671e-13
0.6916359541318525	-0.5451740230665173	-0.0999128568639127	1.911694452620147	-0.3349678314311405	-0.014442535402758663	2.7585052927772266e-13
-0.4340001289119955	0.0386252091566936	0.2749885264128329	-1.7686641710829667	0.23371463800472161	-0.027394097435883297	1.5722459269587124e-13
0.2845113737830458	-1.5057765891322639	-0.619505943919	0.8451559996791528	-0.3054140796121416	-0.010105506676155984	4.104369929500167e-13
0.9529639070468302	3.5291160893874016	-1.3395515716847575	-0.9881290278654011	0.0738163997848684	-0.014061584501138204	2.665799585464873e-13
1.202302792228584	2.5822055370037122	0.5323827564675092	0.7513418649800951	-0.06318285182115166	-0.027704697375401967	2.276126180162285e-13
-1.0617978633302685	-0.5689477939002837	0.4236099339412237	-0.03987937181229319	0.2919623675500278	-0.024137086125553514	1.7766235434853532e-13
-0.0723010566531262	-0.40314456639119295	-0.757627888982365	1.34065840859023	-0.110811605600526	-0.02900016952995288	3.2550323655095325e-13
2.7301662630029457	-1.1707268657757437	-1.65431817817519	-0.4918372002479306	-0.9871103727214133	0.12465241052822078	3.4247973125874383e-13
-2.3210516215893686	1.0524411988630873	0.3147928512705445	-1.739734080204105	0.9128573719784491	0.07287477961696642	2.9995622365055374e-13
0.1874541427199948	-1.470919109697909	0.02799617003009005	-2.061273935037504	-0.11511307522910882	-0.013089078608857855	3.113907343660523e-13
-2.059740008071249	0.7801569861011945	0.1366564745578122	-1.1863492577963268	0.7699865409634997	0.045209812321717856	1.8654602182794256e-13
-0.7979508097064859	-0.19216334018048598	-0.9081735934936231	1.4834298875255236	0.11233262685398238	-0.02489362423137496	3.821883251037262e-13
0.6183353094239337	-1.7507833592401767	-0.23006026639162533	0.5602753185603582	-0.39396586018434093	0.008387852608627637	2.0412781730326385e-13
-0.008787896206452473	-0.22075675658795496	0.6006354099499592	-0.04775292512630756	0.028503126648997262	-0.028586068285923985	3.264019945799273e-13
-1.2965683200240334	0.588329678541	-0.4783826690791243	0.6764481034222993	0.405854761766241	0.0016810310790135396	1.4850852038399386e-13
-2.39068469724155	-2.1906941611725164	0.43348333936696565	-1.5391835771315847	0.5724563527192896	-0.017089574573391556	1.5928752979509622e-13
2.185306936938572	1.8893955112048642	-0.215459328003941	-0.9953096388938164	-0.4007902961671311	-0.01270328394404689	3.022344515597167e-13
-0.9795377583694986	0.16154885557072798	-1.9613771852138424	0.1504105520775739	0.19682686712730563	-0.01685470732049097	2.536996614193105e-13
-0.3640639849041461	-1.1763555989122378	1.8678412805928493	-0.1451914861544288	0.11023402238573618	-0.026454130013775723	2.0746010935146314e-13
1.8552310618554835	2.9723664258786684	1.466937776997188	-0.8607963633853098	-0.09203582487818993	-0.027656541230835566	2.4663865801148564e-13
-0.6347914866548316	0.5345382184585517	-1.8206350330880576	0.2539254201087474	0.1390906420707965	-0.019700067342956252	2.583894275963662e-13
2.3869716664382983	-1.3227175811137843	-0.5989642272412106	-0.9224075481464061	-0.8230751263500526	0.10442143013087059	4.2382710763527364e-13
0.12379628757434907	-1.441726707176339	0.4289809901028823	1.3815575519317036	-0.2106414115158371	-0.015156390609005928	3.195551027163603e-13
-2.6758190115478167	0.895609633730144	0.2338013253662216	0.8872689398672404	0.890031013834815	0.09218215363097494	2.4450443958920317e-13
0.17654969726385206	-0.24433962447797536	-0.4004726384871365	1.1579008687159853	-0.13824275389478707	-0.02757246966901748	2.717766857633635e-13
-1.3148046562732505	-0.5396868711025095	-0.05416775229013588	-0.414108800927716	0.357274171128708	-0.01892196678322588	3.62260214994996e-13
2.9299157209806808	2.728768613890363	0.6524964808404374	-1.7505790038029678	-0.4464604528965258	-0.003999386386759399	2.1249503029398433e-13
-1.112529832534137	0.16976426295760985	1.1318564122931922	1.1780695440242002	0.3804466837472405	-0.01309154198593592	2.738125699951922e-13
-0.3115484367496404	-0.29113719998719717	-0.32640613272207203	1.7400408500566475	-0.018491418130469534	-0.029455830191686103	3.309179169195423e-13
0.6807476128734994	-0.19570215216136794	-0.14240340314610317	-0.8029431780564693	-0.18550571369711644	-0.019768816649725726	3.483500299212482e-13
0.8719891797285775	-0.7615622723307882	0.47757044237598245	1.219709174209404	-0.347818755694329	-0.004212428693074656	2.6925990116673815e-13
-1.9725694365738626	-0.17164270053997585	1.4608711815136035	-0.2130732856357614	0.6770889632814217	0.010431435968467889	4.989615126630796e-13
-0.3986568326841071	0.1262863255579023	-0.6527654960367019	-0.34719863555732	0.1188414559677892	-0.02744426757477617	2.193241918662343e-13
-0.8724746423611737	-0.30946039757103816	-0.9578023893600454	0.5668016549831587	0.15634926915773248	-0.024853557191659003	3.2527056158121263e-13
-0.7504586496312319	0.35151249060941303	-1.540693602284127	-0.022331641942911637	0.18161653283576173	-0.019573781351562933	1.9211318058168224e-13
1.706862123715347	-1.5572641387951174	-0.18570194929772527	-1.6521495569371527	-0.5963832490872653	0.0637743436814949	2.903207108449226e-13
-0.6035202659530168	-2.0974748989172554	-0.04288697727382686	1.112320195710732	-0.08436674072829448	-0.023221009103107534	3.3451088867331805e-13
-1.515206328478714	0.7298680762856513	0.06766395604577348	-1.2128220537751087	0.5973853049292512	0.01455973815003024	1.8840732554167988e-13
1.1270835964854333	-0.47132853641716405	0.08142675231114935	1.4760501405543314	-0.42586537859627527	-0.001477485283894698	2.666525649373948e-13
2.229787345555932	-1.506182421370848	0.8336207760333695	1.6093494936328505	-0.8147888589720492	0.10234440941063672	3.9087895228088303e-13
0.7076425087515392	-1.4791312369114853	-1.0573359104799749	-0.9842001081165008	-0.37746424592749794	0.004606448712036074	3.7388163440370434e-13
-2.325231770071821	0.09655333662177794	0.9801556006922112	-1.1245225941581325	0.8216463414108968	0.0364109034446884	2.3263905262082657e-13
1.3854258243981197	3.5625631202066557	1.8275141928975784	-0.3322222137269168	0.11130123958821798	-0.022688580507563692	4.16139202825848e-13
1.3293451972470989	-0.9881658878429874	0.019607826708509215	1.3932148104987032	-0.5398539661891445	0.020942283003793014	2.1571925668045728e-13
-1.3060877567891056	-0.3987638711871666	0.2422989601467254	0.9917346302908501	0.33016873950468534	-0.01707976981697526	2.2400938830262432e-13
0.2418354177089946	-0.802639217934986	-1.213860280781385	0.464686608639489	-0.23775975525444792	-0.02223845348409409	2.9058998060909423e-13
0.8416149593931173	-0.5969822125039305	-0.04451108096924006	-0.16324878907423665	-0.29593898142592534	-0.008927429437837095	2.982767740580736e-13
-1.1735257503699974	0.4035327031400667	0.09990388893102119	0.33542749700377333	0.3972244586842443	-0.006872167166636008	3.302106690587898e-13
0.18141218593429442	0.4489781434564615	2.150341479971171	0.17793599330285254	0.12827940346369476	-0.028398969862039755	1.9544053385931481e-13
-4.084795127512777	2.068483087888227	0.5261163839228713	-1.4210357535228035	1.5668570275071714	0.3058417788190575	2.287535562762341e-13
-2.0885897344809887	-0.8584599383212177	0.6762712795122338	1.3423574121806705	0.5250670846368634	-0.0014931530559095308	2.9665573745727306e-13
-0.6881202697362683	-0.5699495758277646	-0.5799415443350274	-0.5517061851956849	0.1417485489453166	-0.028663345952344772	1.5929353989753198e-13
-1.7875367721640416	0.2810002983091172	2.11548553126558	0.2541250198940602	0.6917230663959567	0.014216807769416953	2.840755295033072e-13
0.6661619710518946	-2.954587145703011	1.2292716269531994	-0.354418746771769	-0.4094588657096319	0.05127373865553925	3.940232913529912e-13
-2.183987713991537	0.03526058335496198	-1.3856763554639928	1.1381884068712713	0.5378105305559112	0.02749773126159356	2.8500752522100404e-13
-0.6700582800574799	-0.04461763793470282	-0.1877498516608358	0.7149863217543708	0.16509818711651167	-0.025322441575853477	1.6952224528379935e-13
0.6881618001211702	0.7499309159146872	-0.7153103753519013	-0.3905492061139313	-0.13732244169814542	-0.02818666131491936	3.098518542969067e-13
1.2174571888448982	-1.6227196363001504	-1.1560656481541602	0.06945546713734108	-0.5902533711664802	0.034002035680127274	5.70646935939757e-13
-1.6628497891540426	0.9185932982074289	-1.7262911897506585	-0.20710205407115492	0.5141284301568223	0.02808977572002374	2.2533889633486221e-13
1.2511186056228898	-0.9099479708215372	-2.0242771941919524	0.1431345084841346	-0.5800556315486596	0.01285279896020412	3.959522107945599e-13
0.145534912522401	0.16397509938436808	0.006613433876419844	-0.738498425777184	0.01724360488516525	-0.02905288270787817	1.6537639831233896e-13
-1.5287406970502198	-0.049225361596084406	0.00016046426331135102	1.2357754120420448	0.4106613254984781	-0.0040383091565534025	2.3253293700977785e-13
0.3469146571331166	-0.6649206609790944	-0.8332738174703846	1.3380256252658551	-0.2669441449728928	-0.021526745872294976	2.541082090779499e-13
2.1138783072378033	2.948027653857972	-1.573372535670256	-0.36073673118869715	-0.37372324002266305	-0.027055090993063864	1.4205200267640442e-13
-1.0497865710844423	-0.22238886678430927	1.5787962685569998	0.13504964285936022	0.388285685124703	-0.020350490884066215	3.009825093543858e-13
1.9363524976922486	3.039708522605763	1.1670753555422158	-0.6402121745898928	-0.1357529431873285	-0.02757124664177383	4.029709509129032e-13
-0.9319316865218132	-0.5999707777029311	1.0491997379096516	1.1768806984979778	0.23747715654817222	-0.026123269134099535	3.333452433096886e-13
-0.20152010148806918	-0.6788089185112138	0.20804380756033722	0.6132070390442976	-0.014682281735985125	-0.02838335229077845	3.1382123876699874e-13
0.30249959245421554	-1.2088906581076078	0.4447840072491465	-1.983043903224608	-0.09912038178538861	-0.013897229766917395	2.0437971352608993e-13
1.3920258484964227	-1.670123555970075	-0.7445706569988654	0.629824236715234	-0.6442136431932756	0.0466083843823368	4.284510858609275e-13
-1.9137385295367266	-0.013370043903137523	-0.4041985667484563	1.0744216512726354	0.5124939333082487	0.012470127056680741	3.3209356294778415e-13
1.9531851594282867	-2.045725876337311	-1.5646469428853476	-0.6989161507226673	-0.8401544417817459	0.10262439090402235	1.7878120435023423e-13
-2.2988656610656175	1.2739097063743214	-2.052756072165644	-0.37493263244810554	0.7333978705251771	0.08223452164591026	2.636769855401401e-13
-0.463927998724527	-0.4677811566752806	-1.1902401507744111	-0.6258971458502939	0.05287047302281519	-0.029648553986480385	3.014983479826992e-13
0.4808014712934644	-0.7256425409002032	0.46232248916590235	-1.632946280260713	-0.11314809049669841	-0.016711666421180865	2.0330950585329373e-13
0.4345680952559384	-0.0381151488305874	0.14348292261443904	-0.4729668006474867	-0.09256775296341552	-0.025624764006529417	3.1494117777136155e-13
-0.5745450328970182	0.5934697778663875	-0.26239937474607206	0.18069081157902567	0.2239027184206942	-0.020105210009810096	2.6803232175699004e-13
-0.32766600964825576	-0.061815662018157774	0.2184169456098902	-1.9576724605994709	0.1956157693945443	-0.02865263129021532	2.1049409329196485e-13
-0.9994954657135361	-0.47112059754912816	-0.7293293275083124	1.528222135905562	0.1506915126440708	-0.02436929601888328	2.2153120698341378e-13
-0.8380471712482637	0.05779295495847887	-0.5095250814842311	0.9424626696932804	0.19768172433161846	-0.021414395912449268	3.292432180335158e-13
0.3377085408528866	-1.6325628461888086	-0.29420250590878305	-0.6869772955226325	-0.2520745789397228	-0.005517355183413519	2.790368029463989e-13
-0.011749859268561801	-0.9995969574866166	-0.8592617057937442	-1.4938093526259666	-0.0826188104478462	-0.024486193399741306	2.852542591288383e-13
-1.2065896417089106	-0.3230894735364965	-2.187757276564793	0.08509329048431791	0.20050829592901107	-0.01851643257675534	2.627289627850515e-13
0.6592867442602746	-1.2210886565799235	-0.4614291563306059	-0.05451824014704161	-0.3384082871860858	-0.002834786999717009	2.3902659326078713e-13
-0.05419493599131696	-0.936284599239127	-0.4406561849029337	-1.22915420389176	-0.049097176716290256	-0.025480621750592597	1.417974327077722e-13
0.9860931916638271	-0.44255595750306564	0.24400266000452872	-0.8129356438232027	-0.2778366382572922	-0.0069098262894377585	2.4972721503782313e-13
0.9319903789402585	-0.06873020718745936	0.6923120342133885	-0.04608855300868953	-0.22674389701848008	-0.014894601284860132	1.7883384443633317e-13
-1.0356225410788182	0.3636356453612611	-0.3598348572277057	0.5567771673571489	0.31498955524733696	-0.011931449614454363	2.980857893760223e-13
-0.6414086167500362	0.2860489961235582	-1.672196553791193	0.32509847215937104	0.11981623383118718	-0.022675365090742274	3.459010363792046e-13
0.5715109486033518	-0.9923700044509146	-0.5205863685631121	-0.22946653931631644	-0.28475105709127935	-0.010480419176305098	5.262696522137071e-13
0.25870286455066066	-1.1795574237037065	-0.6263800610402305	1.1671546957823316	-0.2766805845315448	-0.016413460380323215	4.443034689928072e-13
-0.22674419621189082	-0.33769851335881546	1.9900524893655198	-0.21057161333247423	0.1702198530813336	-0.02856335048336802	1.1206344000902462e-13
0.16503992100120451	-0.06621587976978838	0.561189688659246	0.6698195144461992	-0.03797906976046579	-0.028070456947460253	4.182116023021315e-13
2.1410871632898902	0.34165603388215404	-0.2550493509274961	0.53488200633303	-0.6171927376276507	0.021954560593707286	2.5506270747759724e-13
0.1206622798306348	1.691455151491405	0.33564998391234724	-0.9985816788877295	0.22122445480772754	-0.02062899885635889	2.717907724409954e-13
0.5331662523163344	-0.5525073212633123	-0.297371724240249	-0.34832724699076384	-0.2082864275922598	-0.018474582863137523	2.9110077491450483e-13
0.9594325687080009	2.083174528755644	0.4582471334234729	1.3758244397736221	-0.07546627658375282	-0.028160978212664986	1.1246032947112932e-13
-0.42035238093086813	-0.20444751016992788	-0.3261499667142496	-1.9018347251473213	0.17268991839817027	-0.028807249590604097	2.2727631123706195e-13
0.9751522881705511	-1.124613084079274	2.1371293501909463	0.28024299879133424	-0.27837564646385776	0.010047902210623965	3.2412040900443083e-13
0.6705450701683106	-0.9899262905096302	0.8655741640102935	-0.039827898253299715	-0.23818015523845906	-0.006186531239853569	2.7152660154586345e-13
0.560597053734232	-1.1795881264265928	-0.6605767121927449	1.527469428671978	-0.38201269804845595	-0.0074137592641977485	3.06150311538748e-13
1.307159705683027	-1.1361823863817133	-0.8823129544138135	-1.3327756311635333	-0.4911614929721217	0.023491368219838948	3.436305640722927e-13
-0.4864981423245743	-0.9039523402549792	0.9137385737121824	-0.38819848891627756	0.12859106065392664	-0.02891334449825455	3.8259659831525075e-13
1.334622425430427	0.44050486206732636	-0.8968416190321483	0.8175580183350288	-0.42119912482512867	-0.013213551036202623	2.7016602083295183e-13
1.8197639381302018	3.7628177735147346	-1.587203753896535	-0.3415002760334702	-0.20006977746292828	-0.027314926122459064	4.0504772227709417e-13
0.28348440614413106	-0.3931075936810426	0.4457076201590746	-1.4958050889641605	-0.026118551994859768	-0.02464583676267403	2.534860218537347e-13
-0.21089883630483625	-0.08156231370048579	-0.2587334644936351	2.1213092086463132	-0.03717296891708597	-0.02934105460578606	2.3505013435122655e-13
-0.13798863743087544	-0.516998101944614	0.7617854023962384	-0.5035471458245627	0.06304689584199842	-0.028297033360056706	2.9202801737069747e-13
2.5318889667218545	2.6806268020006874	-0.2062528854855446	-0.1925275093304225	-0.4503917396665165	-0.015933555036157367	3.1243975297983277e-13
-0.3392349573429106	1.4864508487768502	-1.1699343565206395	-0.9278226742555992	0.24287885595561276	-0.012450832244219398	2.2570736506687076e-13
3.0634501999937322	-0.06982785731140445	-0.6133671669492236	1.6727645307396601	-0.9955526410700097	0.09871839189825356	1.8770951384918622e-13
-1.5154496995366182	0.06733103453420519	1.2473987608561046	-0.26840805385499533	0.5559602793524804	-0.002125139586649172	2.7305935290655725e-13
-1.9587032569312608	-0.14624614365725147	-0.12609450026931718	0.638036827026568	0.5458194176231658	0.010831036258754922	4.2310599468464716e-13
1.238952608519417	-0.8696376402895161	0.18204093938301405	-0.1052983796134005	-0.42974874578234273	0.013336888627255017	1.9866747136276786e-13
0.6873648887416202	-0.8894050161301417	0.32308762534729946	-0.6185771048073863	-0.24116817625629208	-0.008031105455116348	5.198217666055813e-13
-43.48167199549872	14.380826013252372	4.126101650102299	-2.7813664956268522	-61.76233428215691	0.011480283071759769	2.8430699134309527e-13
0.12620973138164726	-1.4186662213134043	0.5259858493026363	-1.784193627584196	-0.07309871668419454	-0.015295416567012112	4.4990457658593934e-13
-0.05578256764508501	-0.0927805716944139	1.1458545806257063	0.9994999379948389	0.04590111018191121	-0.028807401317412988	3.3161769934805843e-13
-1.2826671678029913	0.13754841864518022	-0.06820264805642447	0.46949045445668935	0.38499158943121303	-0.00854073692645479	3.028015470603253e-13
0.38471131184846413	0.4132532786004728	0.70003971362638	-1.5871684030999675	0.04988194200116417	-0.02828660318049862	2.98899518319911e-13
-0.9718116212310653	0.08193018734154245	0.21408829061340498	-0.468262477921542	0.3414420594898913	-0.018117343482115456	2.0430915410186015e-13
1.15918504589027	-0.5539714397469625	0.2791684976134299	1.2153096655438111	-0.4214551458467366	0.0018430639833984996	2.265818626103701e-13
-0.5555288095472346	-0.6463638233554224	-1.7463825245366327	0.07041309944194868	-0.0012688257875133626	-0.029926726915819997	3.4404196393449546e-13
-1.542257791951072	-0.4784521721170159	0.3257700463990856	-1.3358975566988418	0.4924801785545065	-0.01200945084450356	2.979098993137439e-13
-0.7771177060204486	-0.5275612535465212	0.07668183036323638	0.7759185908638759	0.1575972932797579	-0.027541988595368518	2.356422240917141e-13
-0.2644177963471242	-1.546664896898291	-0.02664693200701665	-0.8568606688375965	-0.043226892835769665	-0.02284140927195761	2.641180192237497e-13
0.10663542904430832	1.5994713304573598	0.6291288149122759	0.7812814005137567	0.15983905831627432	-0.021421682334104655	1.8494684588930467e-13
-0.3416684538757115	1.4818011666422706	-1.6508046811389387	-0.18178749270646533	0.18367751234459978	-0.012455509702776622	3.9083496619048114e-13
0.05842931626127495	-0.5585978196573514	0.9007591303670578	0.3856057383730805	-0.0275742753680898	-0.02619907405246938	1.882145044073624e-13
0.37576621993953385	-0.09503882826549848	-2.110086027706369	-0.011392489619817439	-0.23535090215332627	-0.02717697711856824	3.4860239381904087e-13
-0.49503973752823405	0.39917072056772523	-1.3934734321922713	-0.9943830379474198	0.15947406025534813	-0.024018845789804826	3.051311206193161e-13
-0.5498239021243215	0.2651473132108776	1.0626051630221416	0.8639799617037933	0.2319242832966059	-0.02407233564395239	2.851688349663729e-13
-0.14847490506040043	-0.8945814928819744	0.04830732793897947	0.3444502218220082	-0.05212980859261774	-0.02680058723088317	3.5941812832531274e-13
-2.2439369961703695	0.02050838102306844	0.2065729887477159	-0.950760211592899	0.7352536071597774	0.029674821552564044	3.106790332774539e-13
-2.052679395862638	0.2288467948046705	0.12297021081951089	-1.4399478450785643	0.715953132264984	0.026190838505577248	3.7081142528613384e-13
-1.41768003086214	-0.541130205582732	0.9289874433005338	-0.36557337780717153	0.44467691255018965	-0.016417372043504255	2.14145623720049e-13
-0.25312001037258614	0.04463987123100868	-1.1286976705257838	1.1369695940458096	-0.022662600852246317	-0.02912389170792424	2.8178391791989263e-13
0.024481900479125098	-0.7974374675379059	0.43205207130891543	1.9423863418241154	-0.13526082436412457	-0.025088996522412484	2.1873758349756355e-13
1.3977842146471753	-1.3496424212485054	1.3143924317145752	1.067235303651976	-0.506737958661603	0.03780805042162978	2.65576342803895e-13
0.5677885813881738	-1.2286068041675713	1.4482189532536485	-0.7488162989919739	-0.16945160298505893	-0.00435945516753974	2.535790358157542e-13
-0.21979322029683454	0.00426465918895629	0.703658067854415	-0.9656355077201257	0.15915676644258794	-0.028793654734629585	1.5285568868751342e-13
0.21415400411904464	0.3724980692380084	0.8487777460092494	-0.8706142335548362	0.07538682886663309	-0.028806988976293746	1.868376802589402e-13
-1.1146665113269356	0.6998403267625022	-0.08415041409176216	0.9341236187826919	0.376698496576649	-0.002690208492175422	2.4092834220516404e-13
-0.07742116367073622	-0.16076390549871328	-1.1223474809803822	-0.8213702344701083	-0.01618581224368442	-0.029658270860181603	2.2454971568265172e-13
0.43028556688995223	1.4011605629866237	-0.4724532918013769	-0.36725272683671945	0.02316022773224337	-0.0277419407758582	2.4509923201680097e-13
0.2844320899000728	-0.439184694880602	-1.8519054805071904	-0.22918372322550612	-0.22103669680860097	-0.025556492787967663	2.5037514293145976e-13
-1.0023462055023338	0.3746280919518656	-2.2186399700794266	0.09365354392913967	0.21398213335098432	-0.012692427148726102	3.0719116457291284e-13
0.14372311542592098	-1.1191262583517472	0.4113799829483159	-1.8543271135309032	-0.0502057944398001	-0.019282925072754177	1.7211418371762626e-13
1.1651616159986502	-1.9197151155500136	-0.6216985767303564	0.5630389215620596	-0.5944546404419797	0.04188452015182729	1.9820052552521294e-13
0.016112172730590422	0.25133257635178335	0.04186388724943345	1.3232229539534042	-0.017533949539814537	-0.029203049651197535	1.6771626478296591e-13
0.9347641247060787	0.4685777096069153	-1.040416174511022	0.9544222489688525	-0.3149729368016103	-0.02308511048649188	1.994225304697503e-13
0.5643290684623301	-0.8342925775970462	0.7109010736296225	-1.4708356782258238	-0.14100859804917193	-0.012530085648116425	2.6064959947273327e-13
-0.6241448789643552	-0.08070501593504044	-0.8104542905684265	-1.2268331527224037	0.1899381394074594	-0.026351179938525385	3.2796578252013826e-13
0.7441046122472391	0.6342233052146086	0.5663090912003246	-0.3044334886844909	-0.09304229976809691	-0.026386015590036293	9.922779337022546e-14
-0.025430309594657297	-0.11739194983280057	0.49065650612167716	-1.5781254026128577	0.10083461169254293	-0.02891595425935576	3.9996699713644804e-13
-0.359920825353613	-0.9108436250976699	-0.10351265442434326	0.6504523262951036	-0.013144356936193483	-0.028716821311946947	4.196044699851787e-13
-0.9226618233946281	0.4430857051796315	1.426058506996482	0.8818497361000074	0.3835625898833995	-0.013768035404132106	3.9281934260898544e-13
-0.12461130045324575	-0.3718272882399341	-2.0749719134731484	0.15436251593351827	-0.12219143134492708	-0.029883940927830106	2.8436031931658257e-13
-0.002703605882051646	-1.3535591182775863	-1.4517602533662575	0.03881112061424369	-0.22166738475303038	-0.020761177530450165	3.203941692054788e-13
0.8392229440862677	-2.236809876020533	0.8174291245739779	-0.9012179222501975	-0.386673287910714	0.035420593228112925	3.429295794675517e-13
1.7760933765850386	0.5544788410025571	1.8510175938358269	0.46878031864182435	-0.35924531662136894	0.0017697809291699295	3.251129069218037e-13
1.885517667061445	-2.1660790445324807	0.36402873563192467	0.9909748328853485	-0.7867760373185613	0.10563689757190561	2.028225222401984e-13
-1.433102309374894	-0.44588667337430454	0.6166590410590195	1.2888228821525625	0.3731207853403617	-0.014520893383131953	2.570884038312724e-13
1.7734441758690984	0.7194507509132632	-0.2555842282821742	-0.5274383716673872	-0.42635231223080033	-0.0037712078393470454	1.8569828969079886e-13
0.7427886990815729	0.7197054810831883	-0.04150676811358672	2.4083692204861866	-0.2312411017194071	-0.02728055498002599	4.2126952756080785e-13
2.299843176678475	-1.5968046100002764	-1.5053135643051954	-0.39591323073247037	-0.9023714234560567	0.10941447241996703	3.0989772571902515e-13
-1.0724773704997477	0.2157607087651769	-1.8256673949421047	-0.3873957507043095	0.2607371538950378	-0.013446748516555404	2.451310308418376e-13
-0.20434430395052064	1.79780909796736	0.21851763709320748	1.478271183710658	0.22117524799729932	-0.010894899639028708	1.357757912132021e-13
-1.0507910680282697	-0.2222649193296186	1.76864849461852	0.3102321478706044	0.3927752115661488	-0.020309075132854317	3.0902886127558695e-13
-1.9529727686708827	2.3473037206367997	-1.602276617682405	-0.4516381586567137	0.7795736296668346	0.10492274487248233	2.4299277272914243e-13
0.005688797378115363	1.2807313331324202	-1.6976908733219729	-0.21107259849741497	0.056432954959984134	-0.023431927120524377	4.012732044194636e-13
-0.7279731319352801	0.679003655688634	-1.1264478126385924	-1.1612264822182368	0.28240495238322627	-0.015221713904697926	1.6563763741785296e-13
0.7355476292937552	0.7961793759678943	-0.007884318237786611	-1.8862815244792086	-0.04252772535607973	-0.027650714733678618	3.423674567396989e-13
0.14322824502860695	-0.7126250459145583	-1.3225246068709242	-0.1016543063013053	-0.18234440966594478	-0.02498109102671359	3.260524271589413e-13
1.4458136559819794	-2.2548167979832368	0.14676321150218713	2.148269334029627	-0.7297150624920129	0.07489778273298321	1.8970919782715342e-13
0.7874573977425189	-1.1202380671376664	0.08736977396609798	0.7379913183751355	-0.364805884991673	0.0002192026262219725	1.1532472395786013e-13
-0.8509545425072182	0.043040253955075033	1.270511314540453	0.08330755479507346	0.34177507408822333	-0.02113512468122797	4.554731344502878e-13
-0.9829565789682841	0.6612600627250881	0.7633213060847871	0.5601904229351605	0.3991125866680726	-0.008054250866890728	4.028033074397348e-13
0.06331169418573407	-1.175652132935974	0.8976532881337597	-0.7004315511230209	-0.050858229304721995	-0.020038516296499637	2.8023951695764103e-13
-1.5771739725372016	0.8244654641810333	1.8164712622915455	-0.3742383801985521	0.6967497890949513	0.01978832874293502	3.303204665002512e-13
1.6035884415621784	-1.862075470024757	1.035640024767011	-0.5148709464340722	-0.571725412766919	0.07075358247371624	2.4435497211130583e-13
1.081881079382299	-1.1913398821910646	-0.1319864130964842	-0.7395051650162044	-0.41074307239076235	0.014618953635545889	3.0778084670943777e-13
-0.6026805300069463	0.15174934382087912	0.12040616381543064	0.1635267259974093	0.2075931333988069	-0.02448241523749641	2.4821365183670396e-13
-2.6380428281528445	0.05778437887502211	-1.1412462371683645	1.2286085549496668	0.6881869920364522	0.054849281425507546	2.7685890293745024e-13
1.2662560713649567	-1.259147896730647	2.0454008344156347	-0.41491070691057025	-0.3543114918060446	0.028254868430880598	1.0929680221410284e-13
-0.4880503001735325	-0.5613775410050653	0.8638243613758216	1.4646069825082828	0.08708497591354393	-0.029074724956595948	3.032968759839049e-13
1.3290796714375275	-0.9398251930183151	-1.023510449559564	0.5951212497664518	-0.5644666967211504	0.018456048639427267	2.12103974271872e-13
-2.2739800220881956	0.3876494512828857	0.9846218314220326	0.26426004636749245	0.7819485317841337	0.04361160358950539	1.835847000603953e-13
-1.0713969618038486	-0.32786427789399386	-1.5189005801002378	-0.4584210621377266	0.22204559171030316	-0.021539711625106844	2.7714665220325713e-13
1.0176811781423678	1.6577036217154382	0.9066091786790798	0.4497788659768921	-0.07394998299545767	-0.02841451635872251	2.934429818417315e-13
-0.30018667584004355	-0.6796517785329037	-0.08483400662851046	-0.5373908043926952	0.044064656897873374	-0.02906797133876655	3.7124149299514437e-13
0.2974194718830396	1.5826753377314693	-1.2333682423227506	-1.016253788636583	0.0634862117536	-0.025084627126493578	3.5232429249388167e-13
0.6945721062078895	-0.45200985012497635	0.5475488004150467	-1.1785156462812953	-0.16020010302409582	-0.015290610505792456	3.206542112803012e-13
-1.4504625953123043	0.30549631035227454	-0.35918069073012365	0.8542809982777039	0.42054455222944864	0.001024783944682294	2.669477698052832e-13
-0.6460864140506983	-0.7941216175253061	-1.0444706533242134	-0.8176537107912446	0.08803441609378743	-0.0297095486676965	1.662811715991818e-13
0.2397708146392061	0.06364732381132936	1.128294605918346	0.9376779912621442	-0.023050221885951218	-0.027801290480744114	3.4231462272064594e-13
-0.9999226802392357	-3.0469605312731334	-0.5996022438276133	-1.4429761508625503	0.001980321643457251	-0.020272672821006896	3.0396440528067455e-13
0.26295703250857816	-1.3716629563408744	1.770347947344685	0.3495499675086923	-0.12119892165927278	-0.011346363690216193	3.335298407495269e-13
0.581351039002767	3.8788791648203786	0.23047846844817912	0.7537520464785169	0.2460739033900184	0.005720481711755707	1.9604750806840588e-13
-2.0030351045826507	0.6533735322530183	-0.10065626888139408	-0.7574923890082135	0.706918481844324	0.037508433847258556	3.2799170393502103e-13
1.3610250583829553	-0.984298698186461	-1.0748788875588153	0.5485264152929944	-0.5796236067146217	0.021346004069719985	2.8877700381230847e-13
-0.31527977340332025	-1.391961471599846	1.670574056888424	-0.4706588118750666	0.07420662217289281	-0.024248733579714694	1.9786559611330888e-13
-1.3941545943295912	-0.44500290941494874	-0.07811151452840387	0.541754487966711	0.35066206291779606	-0.015561736914230484	1.8481830624370208e-13
1.479769677740088	-1.3992503421348825	1.0522715090318342	-0.17166384017257275	-0.5005907061380171	0.044246465777459526	2.7882482407482057e-13
-0.034197806520601795	-0.44020170575094825	-1.4515012129827436	0.8826053526235303	-0.14883353101410868	-0.0289222946976278	2.9379236704090703e-13
0.8650046098540497	-1.5687257701751673	-0.7163011409891258	0.6607075928313272	-0.4799247228712338	0.014286970520649379	3.317448607877906e-13
-0.1501696640430697	-0.45528278046196685	1.1518345553810745	1.2277305623005785	0.025601485077124717	-0.028427395021310413	1.1151935453235814e-13
2.019920809929093	-1.7209973422425162	0.34539763306637195	-1.6699631152837968	-0.6712334273915518	0.09514633570807209	2.094255832506284e-13
1.3060324237479086	-2.203807908537843	-0.060700560744913125	-0.30341475259999057	-0.5957647235177282	0.06265861136775566	2.6068959762952265e-13
-0.8842458810200567	-0.8822131836888101	0.5652953896315059	-1.5612621605942822	0.27602096448612506	-0.028336737749204383	3.17239498445889e-13
0.8768671401478642	-1.0102287753647035	0.6407846027087503	0.6663119080692127	-0.3431387318297951	0.001671642796440067	2.042723165868394e-13
0.2762231620531292	-1.2094654214369198	0.6379101076574719	0.6555073082269921	-0.18822729344627864	-0.014552227772589832	2.0178763547146126e-13
1.003691139643125	-1.8109332884318932	-1.3921146219183709	0.38498321788640677	-0.5750301978308288	0.028003848140039422	2.8268717578276657e-13
-1.3473354036250227	0.2072913004520964	-0.2805427407324288	-1.7612177754990608	0.4908932049563641	-0.004970865084594608	3.276512351041079e-13
2.648359463867987	2.6163356666467483	-1.732850355929881	-0.6324813448757362	-0.5648662606761534	-0.012825374283209437	3.1746411013009326e-13
1.0060818479488678	-1.0000614499809646	0.8741249196568724	-1.1803368055170917	-0.2899840494112663	0.007048918389792393	2.2873117418015107e-13
-2.082318320222453	1.1596117980970475	0.7476379994674328	-1.201513203027578	0.8564607420375161	0.0607529819973025	2.36305888457333e-13
-1.4178353533958987	0.7291563272495521	2.2393095653656	0.13336025643173957	0.6427779715381936	0.009723310539404107	1.3191376127912122e-13
-2.9608114827108114	0.4508451281421041	-0.1075106412510438	-0.09236334241652217	0.9461482060605823	0.09378686445314399	3.742814017779667e-13
1.8098692747954421	3.673221147374654	-0.10495162711871477	-1.0624928578787374	-0.08850123386940802	-0.027311040302227512	2.2800953557974584e-13
0.5078101623380051	-0.9779764898320439	1.668105761769789	0.2645483146963605	-0.15363245149495286	-0.011028161784211095	1.4036889145684057e-13
1.0546838312958344	-2.0378095269670617	-0.8843336234412809	0.8458845544316772	-0.6021464055692376	0.03913223248722542	2.4918929015298705e-13
0.03282288497625302	-0.17821926083883027	0.5029892983122598	-0.014470799512632382	0.013587056174794785	-0.02853185747361714	3.9231288148284823e-13
2.53095617294972	0.10956346185367036	-2.045989641262568	0.09020655753549359	-0.8439590793190266	0.050414261556919464	4.511998599518474e-13
-1.6137970459415716	0.8790489629599029	-0.33383556591917346	-0.2699064707129789	0.5808670717427823	0.02385695360701007	1.8119380163085782e-13
-1.9184510567471462	1.2647365544421765	0.1428800822562994	1.9532412816763467	0.6530300419054761	0.05456052251762183	1.8824437025858333e-13
-0.9227105737332991	-1.4730810384791098	-0.5839094804110464	0.9909873169660159	0.04968252692129877	-0.029861615712039484	2.9427104503883667e-13
-0.12304389111840087	-1.252173960581669	-0.6933542773210709	-0.06728907089419121	-0.12559966080706583	-0.023812379764656843	2.8054053192694867e-13
-0.06742518777911556	-0.08126277926053646	0.14149325593437762	0.4628685801995979	0.012452409332091715	-0.029228081812037673	4.2056443348817127e-13
-0.9257124737036911	3.9714367237351906	1.2406020539265856	0.7204667805711323	0.7729286844440988	0.0987756507860052	3.759983659111982e-13
1.7448186783728903	3.065274226379626	-1.5659445914465917	0.44841946824836465	-0.28476919542264567	-0.029168494852408154	4.945216477065162e-13
-2.0737660606055917	-0.09177498868314779	-0.031809995086994766	0.020977877923144594	0.61740662463823	0.0176505322182873	3.671295541399605e-13
6.65959453235586	9.428492064509237	0.4465273672267481	1.8144464454489202	-0.9841181312770451	-0.011176901059735908	3.4332416532718153e-13
0.37274725199145853	-0.3733181636324913	-0.5757286318764676	-1.0056488695078694	-0.1316103455817704	-0.02400365137270882	2.234380179809506e-13
-1.4323777516332534	0.0202388126576622	0.8358884185617961	0.21499995223382276	0.4814180250543575	-0.005995495411674327	1.9700080610257483e-13
-0.6143840037457847	0.2553708044941401	0.4055272423170703	0.1410784894372495	0.24039325075462953	-0.023217996954934688	2.1150847206808112e-13
-1.6341960226726253	0.005095483388312652	0.9859608206591839	-0.126401816401344	0.563178237914239	0.0009460158329250603	3.1922280470105536e-13
-0.4022821726453549	-0.5851306651075396	-0.7648368938127593	0.02619101648857775	0.020607769629331144	-0.029715828701250287	2.140803484951381e-13
0.6126045164709282	-1.419592244018901	0.2569384896165511	-1.127830695230634	-0.2586967835453816	0.0005084479054777582	4.2142936453424325e-13
-0.5236277435730318	1.653590773470143	0.254311507837046	0.6162402471625487	0.3383167751148728	-0.003304060014926592	3.5977568074699627e-13
0.14414581200550441	-1.1053636328432181	-0.697804364466336	-0.6787572272379443	-0.1635993224094699	-0.02021691153148577	4.2672554762258664e-13
-0.6843344142494154	0.17646662699688834	0.16522404491753223	-0.5607770185318621	0.26701106056130386	-0.022868472558194908	3.4799822672788495e-13
-1.050536070898126	0.20758961459088504	-1.9752160949846482	0.40790331858853407	0.2116817846165187	-0.014206129490700372	2.1595059891589425e-13
2.165643239593084	3.836813834315689	-0.7479350492046611	-1.6224087449809403	-0.1917200906320605	-0.028631777071652376	2.5273486086781604e-13
-1.701962472340175	-0.16519476648531609	1.3823997994779442	0.8813803887162229	0.5470235439802567	-0.0004180341212526475	3.0907850485116844e-13
-0.43528672229137116	0.6369241451218257	-0.64722781246762	0.29010323179553654	0.15963917458533955	-0.022407131261355122	3.9829563576633706e-13
-1.59145898392911	0.4277851672660365	0.04778541663962434	2.176902184605748	0.44643439434568355	0.009843458422439784	3.3270734364772867e-13
2.097086338212774	-1.4131674414091278	-1.79864103069044	0.06570201982035916	-0.8614439826127601	0.08379344533675451	3.9359408890261825e-13
-0.33047888814502224	-0.6705848923644232	1.2727811524090866	-0.8242527596808753	0.14711235149879898	-0.028637321983129037	3.314011159566815e-13
-1.8202367945167148	-1.2912233417176382	-0.27949922300886093	-1.1865707065809772	0.44380782638235833	-0.017756529620585444	1.96262578778786e-13
0.36822629080245534	0.010770679088837547	-0.21459487974374972	1.6056683865023118	-0.174544822086869	-0.027015388003384874	3.7232845585777125e-13
-0.3752244703799136	-0.38925635326271907	0.32421162643793294	1.040514580075087	0.05742078045499577	-0.029234385180275702	2.4247013206526096e-13
-0.27172698142656526	0.04453071807726447	-0.6961522064283968	-1.1881099903736472	0.10420693489698843	-0.028867313300464364	1.6563138070639503e-13
0.23296529951138115	-1.1771507822617053	1.8537900922810346	0.18044130708893613	-0.07970008582737456	-0.015334315592791964	2.702662067281477e-13
0.4369773016085261	-1.2726066590883713	-1.838468214614096	0.33819553801324365	-0.37749901119670665	-0.010564314436227015	3.5384115462389236e-13
-0.6646490012119466	0.19640690325276625	-0.3990300180442729	0.917554033785738	0.16885031931040353	-0.023085734032568365	2.43341517562284e-13
-1.1738713689579814	-0.4829886540585496	2.116449233627921	0.2511118190531884	0.42415229348069733	-0.02097915168566008	2.0943121984708062e-13
-0.8581498648028707	-0.7936380526028799	-0.3193478079023249	2.136339598822285	0.07312065508925489	-0.02839662257428566	2.2731686238644792e-13
-3.1237526613133118	0.9277274759474505	0.2537652891741893	1.887073856083978	0.9899281915838131	0.130636536151833	2.785115044043739e-13
-1.621402811447649	1.2599371309729916	0.719267152855676	-1.4923030493694576	0.738789277169077	0.03620122092558019	3.4513016511405614e-13
1.9622222260742834	-0.18031220632023198	-0.5901485453878184	-1.28839009334208	-0.5653617618436277	0.028560823706433206	2.1058114786412937e-13
1.2049993732283515	-2.135980756864108	-1.278340332364347	-0.22060845725019937	-0.6358690524535551	0.05169326456016373	1.971052719334504e-13
1.2390463927632334	2.6405884958619605	-1.0536074186490023	1.031095279377841	-0.17421814977356848	-0.028156734037881825	3.133815984851534e-13
0.22294884902655232	-1.151798153283695	-0.4493167088786461	1.8542376517793853	-0.2808150415940986	-0.017633022787451966	2.127487466612503e-13
0.16044556416883837	-0.6094426808523232	-1.456453648613289	-0.25602310971827286	-0.1780159599748766	-0.02570695964701362	4.083476563837647e-13
2.4914586011980933	-3.2638015566129224	1.4487103159810604	-0.5883535626811814	-0.9429454429623501	0.23360368044553315	2.9717457774832707e-13
0.6532649924704511	-1.7742130814315384	-0.5883667399989274	-0.2546545868467513	-0.39465852360327763	0.010260111096615412	3.6510633309690614e-13
-0.49953856270243063	-0.5590681109599135	0.16934856054965172	-0.9340931941664954	0.14761348780216113	-0.029259334170100765	3.505639220832274e-13
0.18702850445041014	2.791241433475744	1.426926137987883	-0.6291682889389055	0.37243396306979365	-0.00427544920080141	1.5535895861011952e-13
-2.3552159234448102	0.25499820589314803	-0.373943962772042	0.16478904714358933	0.7144327095121992	0.044261237463047796	2.900174718354754e-13
0.0016141315967689613	-0.5726692445071797	-0.00816776939334177	1.5075812860489792	-0.11286213578358406	-0.02724386687410973	3.8302446968326993e-13
-0.7326678097508972	0.6706253649566771	-0.8000755453458015	-0.8900082141084784	0.2912926929715849	-0.015223674702612582	2.9652460730406556e-13
-0.46981259332643144	2.9564434481430077	1.6865532087526782	-0.2790231383542175	0.589064843548047	0.02864711623641175	2.600683271422067e-13
-1.3269926655005995	-0.6045090841512459	-0.3100636340653342	-1.809575257006141	0.395768283271318	-0.019553432463485565	2.5673695905540176e-13
-1.5715365224638	0.107726947942477	-1.8578976577947663	0.31405716901277886	0.36743506385500785	0.001304129817936465	1.2905081017502154e-13
1.463289843551826	-1.7558585732571563	0.9250944964468958	-0.12024903246286213	-0.5428795516164692	0.056547543894836766	2.550215703705617e-13
0.3587342686675787	-1.6481031690388708	1.0654951227492293	0.6791982310594034	-0.23445215446885126	-0.0033485737186398435	2.856262655209378e-13
-0.34353802394879224	-0.599407665211637	0.42987704647455394	-1.6103075290593498	0.14044289032606366	-0.029138550964602078	3.8005454031887353e-13
1.426770414885832	-1.3684040609825532	-1.2925273181178405	0.4588059807536294	-0.6485052675537235	0.03723472461723687	1.776142628004189e-13
-0.10050821397069068	-0.4171064223172553	0.18476897611604	-0.002956913250099824	0.007638347232558668	-0.028676602608271876	2.374521905847782e-13
0.8886644799819362	3.691921221267981	0.26446191077908754	-1.6526740238321787	0.23424702587947116	-0.009363015615015848	3.6898564755557415e-13
1.6107307559242983	-1.1233565917725128	0.5902055878207395	0.9489564359376182	-0.5833878303023428	0.041675970399462726	3.096864784582158e-13
2.700309704172282	3.122263215327061	0.6796899291255516	0.673568633572375	-0.43507937796669927	-0.017566542958749855	3.094324570477802e-13
-1.0705511242870904	0.8268295599538311	-1.953575066317812	0.17684645586752457	0.296693372821748	-0.001293152763185108	3.536905966072797e-13
0.5386975140979577	1.3243023331916526	-0.6248238127673728	0.43391197150415006	-0.059367032173300534	-0.028812034963527584	4.227056162441858e-13
-1.3479887656489986	-0.02463458475048099	0.1892276343732624	1.1117320130491541	0.3757065322796686	-0.009580813324752729	1.6619997277718944e-13
-1.9593621985899619	0.32996826995301276	0.6690676406837894	-1.4684411464688178	0.7329732056600352	0.024341814701042307	2.2529870715073152e-13
0.8369335435796414	-0.9834518935452945	-0.17980664523483186	0.8314954253076939	-0.3846080346609602	-0.0012205310033924605	3.711541486009757e-13
2.80821640744938	-0.07291976060592982	-1.0790982351768892	-1.0649487853903619	-0.837779387484874	0.07847351471851567	5.613477298850495e-13
-0.5954704196229695	2.6585144941624326	0.6587491749212508	-0.14778673228255662	0.5268289069632595	0.02617919433457956	3.103812613844562e-13
1.8175044233513797	1.5321880067199862	-1.622960229088519	-0.06824401985361181	-0.4534457914670049	-0.017919346061837937	1.6093365414182958e-13
-1.2471049794355396	-0.4395543470485261	0.7341571039039188	0.8524522567815089	0.3432731890019738	-0.019021774449759977	3.4488604617156816e-13
-0.03368351790787037	1.1566862524893156	0.24944475099015023	-0.946658109310468	0.20139680016890382	-0.023746890890534007	3.2713549120650325e-13
-0.616177583332264	0.4594592494433245	0.3805382259253081	-1.434312420298366	0.326432873099906	-0.02086482405824118	3.1269131242133035e-13
-0.49596477581818815	1.393876748874147	1.1165554750726423	0.5301571275296714	0.3565660305419618	-0.009475479293315629	3.107467760860308e-13
0.8077553935118608	1.1632790792964154	-0.6302676972431355	-1.5417612035109742	-0.07565958494099023	-0.0288200938239256	4.561058452872793e-13
-1.000551131936842	0.4090878716109784	-1.205814317955395	0.6583614191611197	0.25469145506439517	-0.012143934361682188	1.9989006242266874e-13
-0.14066368377878846	-0.9604291356918293	0.8161414694955386	-1.418069341884203	0.05685244160091286	-0.025788210785051103	3.1200989572318365e-13
-0.4574376610749866	-0.7244432980741846	-1.4320626054614685	0.35754625420159686	-0.031732775557492564	-0.029988213692546197	3.279753948028169e-13
-0.6376576655275926	-0.47239993056964863	1.6682715405047264	0.341691660088647	0.23537119467196513	-0.02796283580234791	2.3093043258255687e-13
-1.2208154512427227	0.2692149480720468	-0.01571014635856772	1.1969764640257652	0.3542767869470337	-0.00797109983776098	2.689769269134757e-13
-0.08411912627465774	1.3036849170685965	0.03507177737596437	-2.1391243345297455	0.2686025193109582	-0.02127529721653637	1.1956781941669202e-13
0.5116264691012568	-1.077736759211447	1.0993657492303293	-0.0281187132787479	-0.18745848009847804	-0.009526786832679017	3.5720911367197876e-13
0.4830330540012314	-0.4982300751555337	0.7291042461696667	-0.5708765096043071	-0.11709023305837052	-0.019653362592499155	3.492054653681869e-13
-0.7527376960728712	1.2461458315953986	0.23599764736184295	1.6731336433834296	0.3174584387974438	-0.0038809250864145876	2.6992836897340835e-13
-0.07394520102611818	-0.4449856501814899	-0.5791270526896696	-0.3341874784481299	-0.035387830535594446	-0.028755489851662625	2.519162217005543e-13
0.3205533153804668	-1.4010947233202438	0.5038560138536753	-0.12352387974034665	-0.19771001881330963	-0.010007181809314956	2.650280482732817e-13
-2.530214298167296	0.15748195600253634	0.6068081305784395	-0.6312203418825082	0.8477077711368376	0.05096642695951101	2.1105034656263733e-13
0.5828908001014644	-0.4759135833566195	-0.9824784420174159	0.9175359203143831	-0.30773127378200127	-0.01885915102365867	1.7984431984451064e-13
0.08721260230024291	1.8382945440724148	1.0483143926999645	-1.244161662980989	0.300037740194991	-0.017924007198366083	1.6142741772218798e-13
1.3705505549684514	0.8074785523344801	0.3154989736532948	-1.705921663942419	-0.21627637155201182	-0.017069405823295605	2.5626210646402017e-13
-1.2962492640500827	-0.2403605171389781	0.011432107385880793	1.1953582641780025	0.32244304027320386	-0.014870134159419865	2.21396445148536e-13
-1.8582463768118425	1.6606928781406467	0.6287023840629938	-0.8882052024772075	0.8249259001736376	0.06594688943786235	2.0942031644735242e-13
-1.923679799094076	1.06776566724585	1.086983748889704	1.102835651314016	0.7239627410076118	0.04707474438953231	2.556878457547302e-13
0.02266250955188333	-0.1536166157113997	-0.6566237741316312	-0.5091958385998283	-0.029917723510663113	-0.029150739454726002	2.575586506516333e-13
0.4287874180552467	0.0016135333254815533	-0.0018731996784273977	0.8840364087243645	-0.1510128373482237	-0.026109438874854663	2.944312779051777e-13
-1.636789637562889	-0.4096738930393102	1.2220926317693737	0.8992727008424033	0.4902115589915369	-0.007833460191834401	3.149187846700945e-13
0.4766467778975507	-0.8478201457915561	0.9984203988078895	-0.17762886987568144	-0.15259707078215798	-0.014599489133259992	1.6347849107478094e-13
-1.9662447963039416	1.079708721404953	0.6079778829916104	1.1500473350475182	0.7075514968434179	0.05034462492611577	3.675621241820401e-13
-0.5822447377001427	-0.837745276746804	1.107394690145719	0.4867950455006611	0.13975624159340552	-0.029089225932432693	1.668560036460284e-13
-1.4729944167557092	0.6664058154049459	0.1218329286438458	-0.819925251794212	0.5647806287048899	0.010902210972256163	4.802136482617206e-13
-1.0897494438771127	-0.17124267861429093	0.7457086399423245	-0.2644193315104829	0.37231417137529155	-0.018898338987433854	1.8802313139032705e-13
1.2918953114868512	1.9483997478252677	-1.9093177684067624	0.2173258365294092	-0.28274650037956933	-0.02914359383315173	2.58170108560918e-13
-1.2884053193091802	0.05326869535278651	0.9541992248881341	-0.7823082255503562	0.49002479546576105	-0.010001745031024144	3.314599507975281e-13
1.688090274549837	3.7544682011098356	-0.7186118851072356	-0.5916523076656189	-0.09957974705394135	-0.025762709456094487	2.424919626040329e-13
2.2892123741370676	1.2595647132089483	0.06154080503885674	1.1370735327487644	-0.5691082622498157	0.004031528481813339	3.1204241062304276e-13
-0.9928130929774552	-0.23617809328096814	-0.5964790360384926	0.6996424780705202	0.2163662040009601	-0.02189882332289	1.892568605484183e-13
0.5656389141095506	-1.2147476627215257	-0.21766128625029407	-0.19984038320540112	-0.2897583456940884	-0.00611489161809221	3.8276293485186725e-13
-1.4174623547372989	0.5461379613248916	0.37420036159452813	-1.5027269255213915	0.5779286992011727	0.005369648650062649	9.269089851925888e-14
0.707150446245473	-0.19251870982107072	0.9256112444644339	1.502664299925934	-0.22357007675837007	-0.018567324536816095	2.6592316824429543e-13
1.0940638287527462	-1.8109648728975591	-0.34432791208064956	-1.6946068933187857	-0.4530700772714187	0.03430699897791002	3.668493057978854e-13
-2.1411438375541127	3.010064620034276	-2.1835365254594854	-0.11800819309706102	0.8635185919555075	0.1566750330794953	3.403218671487904e-13
-0.3928724427657663	1.3487605611748006	-0.750613491707562	-0.6423777988080248	0.2571472101036884	-0.013296798545313165	2.2650200962185873e-13
1.34952216488477	0.8000428985710711	2.4039045673222623	-0.06650017221381571	-0.15303175308911618	-0.016082235560215753	4.0283203433032783e-13
-0.7196627842904296	-0.6996729135623562	1.8188173071156313	0.5190374789308613	0.2367300006989781	-0.02828173809194172	2.2988076716804244e-13
0.1566998242827623	-0.7436768355182842	-0.33061136882221875	1.071020915535022	-0.17834738108638282	-0.02391086479051393	1.8161493159706999e-13
1.1821870147080786	3.515336702382823	0.933428728497682	0.9109294360539013	0.06206948941928775	-0.019615468437064656	3.1207983380227393e-13
-0.30400150485567934	-0.815167930449433	-1.343917254219396	-0.06549327352368452	-0.06425653777957305	-0.029250154669293534	4.1618202085062517e-13
-0.31307683772018546	-0.16090426647390862	0.9079326524290262	1.3754953501114981	0.08499494136316955	-0.028809588931489438	4.562939723836441e-13
0.7981594555388123	-1.637321131999121	-0.10847011526314496	-1.5889384903415218	-0.33887532702014384	0.013733108157980851	2.90796149634436e-13
-0.2486235908251636	-1.1242303963062257	-0.26680777944948736	-1.6543002880503703	0.015854530714958674	-0.026534186948230863	1.8692088664168678e-13
0.35469082308624644	-0.353081045512481	-1.5851059324201275	-0.31125607760126395	-0.21311848605241687	-0.02509112260344118	2.1357312083808932e-13
-0.524268669093927	0.1585841565442913	1.2233810471585338	-0.8525491427573635	0.292793441223734	-0.025333852907244485	2.283078808633507e-13
-0.8832642806930524	-0.25400742635182383	0.8901931293976766	0.46687812817219704	0.2803894048200884	-0.023842399825747995	4.069911240114029e-13
-0.7093201551067269	-0.1389460314031416	-0.6302054598141039	-0.03843670759195992	0.17091018561830465	-0.025662315805688122	2.736321326555172e-13
0.21269421636320401	-0.6758101197226023	1.1732308476649467	1.1564893804830472	-0.10092868514913389	-0.022729532111671887	3.341563347974851e-13
-0.894147682545837	-0.4629715242018062	0.09181725694206551	-0.4178308600239209	0.24931997059741698	-0.02571259065564772	1.2008583763480385e-13
2.0612936375444444	2.6509179414823603	-0.6358721913723535	-1.0436942057893035	-0.3059835284408506	-0.025103090775716246	2.0746313703497644e-13
1.4596042144755064	-2.7049712480322747	-0.03881455759428836	-0.08837208745325899	-0.6997740740716326	0.09641288247996546	5.677772421601081e-13
0.918691941214592	-0.6955622853617541	0.48598064425120474	0.4027059851797618	-0.3204191219031154	-0.003899389470357679	1.4204723622736999e-13
-0.8638596316737919	-0.6639174416594273	-0.022936642711285135	1.605692161311647	0.12847248288393837	-0.02755142176611293	2.0503129792222376e-13
2.111035127689065	0.5007476252040198	0.7540407326871396	-0.9043811718264403	-0.47205487502443566	0.01685812202590166	3.213062988240072e-13
-0.6645498573182477	-0.10720398276121375	0.3195269660212213	0.1260597073988761	0.21119035553061746	-0.02582014804665462	2.130200465935787e-13
-2.9166685507558037	0.489537994099005	-1.5644153326483756	0.35598436324663346	0.8315756233266317	0.09310721116297946	1.9377334628167227e-13
0.7116481985038076	3.8023172198619335	1.0163853356801023	-0.3036016629177885	0.28901127163315665	-0.0012277803482827058	2.8324931780872823e-13
-2.978524118773089	-0.0016530305979937541	2.1635874999637252	0.17494192116920795	1.0254544081711623	0.07370343929842876	3.858131000009425e-13
-0.7141773971947721	-0.3419407025061705	0.027600754183265557	-2.2033650818540127	0.27849560648000127	-0.026998682930766092	3.3565741550547687e-13
-0.05725324523153349	-0.1857559364054453	0.6096878608892663	1.2598292194745686	-0.006530120143141776	-0.02889613188985383	3.1507013950680334e-13
1.3999344787230303	-1.8728524077375979	-0.6930769200308879	1.0058739091273383	-0.6800705217011167	0.05489524610319116	1.7682430098215518e-13
2.479636654207449	3.261351104794019	-0.4878356846261872	-0.6969304507948474	-0.3689658384301573	-0.024095127273093528	3.378745571080908e-13
-0.3215824163929297	-0.02908849146044651	0.12338148305878735	2.056856361436156	0.0268606209857309	-0.028641414780683386	3.0092097042596076e-13
2.0781474046332695	1.3668280305477314	1.1080982804663808	-1.1370876586929521	-0.33989968339982113	-0.005336147349174552	3.0287039597596264e-13
-2.498257853500539	1.686364455718049	-1.2758579722355665	0.38310553347996706	0.8558172459768663	0.11702373003349467	2.16172441122145e-13
-0.2248919877840551	-1.0621871068892252	-1.3694853236015805	-0.1937039867043239	-0.1105037798453111	-0.027293194519592712	4.1921552733609285e-13
0.7786767371506444	-0.7095327969407774	-0.8059284331825096	-0.4268756538558165	-0.32431116130743765	-0.009411246889941265	3.005490204403663e-13
-1.9092293230729989	0.6686371546889138	0.4516680953358637	1.1213260686969078	0.6362720893925006	0.03259556427081412	2.1825477799677838e-13
0.8107820486729221	-1.5330734320331756	1.0584132150780883	-0.46221814263871186	-0.3078283910539608	0.012540660740543016	3.807991400716307e-13
0.24809251083875786	-0.48112528287456746	0.9037279377651591	1.1081443042565993	-0.10461209031097174	-0.02419802475015226	2.480132835416085e-13
-0.5264389982512748	0.10409819523944704	-1.472192123812107	0.1369075297495274	0.08543563920603024	-0.026286608139821203	2.965544457366104e-13
0.989508498447192	-0.026541147575580928	-1.4490353656087949	-0.39288782712203724	-0.3532286818695338	-0.015546172176122421	2.370880244374374e-13
2.164601630873365	-2.002768125695153	-1.0688378505731377	-1.2855533390285194	-0.842711264626534	0.11925531326042155	2.982136159088987e-13
0.9632181059811981	1.0773284822657958	-0.8306994019306496	0.8542179933556752	-0.24121723404191484	-0.027490859737610986	2.0180219753296156e-13
1.2807956716763846	1.4924182460954827	1.5118147119282916	0.9284791414574778	-0.1528573650745203	-0.025423431366637012	4.2661022656292153e-13
-0.554608573418412	0.21751985987435288	0.6232706398092918	0.31647238189708404	0.22431318104945358	-0.02451597090064197	2.701582594835841e-13
-0.6726232403045429	1.0383518811769679	0.058149321439015245	-0.9956360066028546	0.36950935108884553	-0.010613723363925147	2.0639635945034622e-13
0.8118114846084821	-0.7395082555877895	2.0388944121924593	-0.16243550657945996	-0.17751727729411032	-0.005443855662807649	2.6712768653954796e-13
-0.8594488193115689	0.7764857531973074	1.6831583530106817	-0.30822228184621375	0.4655940304375014	-0.00978168021973357	3.738400527163895e-13
0.9275754474913275	1.319358974856163	-0.018824786128985197	-2.3034635774996337	-0.026297640321766964	-0.02836981804453608	3.61488236013933e-13
-0.6095977884322099	0.16098845944621218	0.11205424509482848	1.399436333760943	0.15942079052508557	-0.0242941559994364	2.4752068825340334e-13
0.04859183367146288	-1.2185182291238161	-1.3772547266504849	0.39064460051501493	-0.23226068435823655	-0.02131790464860428	2.5515388470830577e-13
0.12848312138734388	-0.7164404197134249	-1.3139557681460834	-0.3970776720586381	-0.16577004424053923	-0.025166270334690852	1.7834646794041008e-13
0.5538151472967291	-1.717695569210028	0.3723979212701711	-1.6598633113603805	-0.24435833950116434	0.0054022463809773645	2.3229379896662037e-13
-1.1624739186229	-0.6576747767742394	1.0840845183360843	-1.2240165978323994	0.40039071661007014	-0.023261954787333824	1.802132893969918e-13
0.7079706325939388	1.8450899690613989	0.7351271809500934	-1.0790354985682369	0.09060359585241387	-0.02741643280527099	2.6717146004135466e-13
-1.3402894472626314	0.22714981569221618	-1.5138485314013912	0.4370412727073658	0.3269010727056149	-0.004678671085427356	2.9608522504443185e-13
-1.2676354800922673	-1.0221899763140665	0.31162740247599674	-1.8935619081855122	0.3730872225818565	-0.025233239435781717	3.470583640385861e-13
0.18153733025859087	-0.7000833838094441	0.4589634399499884	0.8168089324096082	-0.12322375085848755	-0.02344705597141993	1.2786061248279331e-13
1.313562379462508	0.2367055459222117	-0.001993028655122749	2.3725497648778333	-0.4469524863544976	-0.009588416262129428	5.48134904132332e-13
-1.0195241775289074	0.6572109537245985	0.4955418846227178	0.8285468729914	0.3825562909362131	-0.006925559064501686	3.557500053150479e-13
0.6204985040431492	-1.2371603580283437	-1.58417302448162	0.5794568885951076	-0.42211103557872764	-0.004872904809824662	2.0911036221124668e-13
1.0513371503948747	-1.6778329460960877	-0.4460350017734397	-0.765846688643328	-0.470888388026975	0.02737940789533269	4.0805496302409717e-13
0.3181511417468131	-0.5940193963858421	-1.0554002954283388	-0.3203403073094126	-0.19611020749185581	-0.022995269887624466	3.181856828415221e-13
1.8320997030134576	-1.6276334867962383	-0.8578692954991232	-0.8715286012705338	-0.712306200787444	0.07477657106389164	2.1858372921562708e-13
-1.0586632437420882	0.1952911716025322	0.38187864607937655	-0.14581272148754623	0.37661315870484996	-0.014164031097174698	3.797730684577723e-13
-1.7921229223146093	0.2440987932374557	1.1270829560698514	-0.6245398215424675	0.6659222782393185	0.01362290460008796	1.8235507482086903e-13
-2.332661851840851	0.7958294813815312	0.8285424703079182	0.13500803032761516	0.8413362960532981	0.06288219665805254	2.696149924987924e-13
1.287347147837984	-1.6057060339003042	0.3301886825662888	0.5714338186921697	-0.5402268713167369	0.039145457318962226	1.8620644281685753e-13
0.7167385027688529	-0.49792056930705925	0.3368493997816136	-1.3130109327534123	-0.17871257195974088	-0.014104143243697045	2.330558887658566e-13
1.80125939761638	3.1237890575128615	0.6474346527816087	-1.4378382441867203	-0.08509975106887001	-0.028312586609855136	2.4029497197887026e-13
2.1930796272453748	2.898307182783348	-0.4602647105525183	1.3355765237229604	-0.40536974181867536	-0.02521566535474042	3.9291526402028334e-13
-1.4024737754220291	0.5437813114479484	-0.318819225739036	-0.4398107803214276	0.4880561680212509	0.004819558856608296	3.6717598459229083e-13
2.039207561218252	-2.623727252990968	-1.133848032123583	-0.22886729914724024	-0.9180138726334394	0.14122984493707608	4.2395272150510166e-13
0.08985011102668317	-0.2658937518802717	-1.417863352924304	0.779552316049148	-0.1604057004983467	-0.02871462274053955	2.00081061653918e-13
-0.2869095630299105	-0.8170664549989919	-0.11713115697503929	-0.9818038888837338	0.04161225907177333	-0.02855817724798977	2.2337886286562572e-13
0.3667743995417922	-1.2703058538949674	-0.048622933830159795	-1.9178221799006063	-0.15676781187441924	-0.011331743150458621	3.47029715307594e-13
-0.03573039864266397	-1.3367890482477467	-0.030648639471388163	1.620405661469361	-0.1899260292393837	-0.0207994532617759	3.562479290894375e-13
0.09348382881742061	-0.43308235537911566	1.6442624533395176	0.09493197208894043	0.03208774958285088	-0.026242559762041283	3.3348702861786023e-13
-0.9404535203647408	0.43487767355773455	0.18882237747440514	-1.5492328092620113	0.4137012939616368	-0.013432979334437073	4.0300769479748924e-13
0.10714427116595147	-1.0687640054288259	0.014192853050251465	-2.097392968385204	-0.047888272979216835	-0.02097078791130214	2.7708204460242874e-13
1.4297241720596883	-2.2966471991271526	0.058782132191861236	1.1237136977285838	-0.6926336226051949	0.07547868043530612	2.872532808528293e-13
1.3330763086735473	-1.161742938925122	0.3785220058010182	-1.727884089282799	-0.4095535826341786	0.027019918486615748	2.5005799414958695e-13
1.5258391112009289	-1.4600953987482523	-0.6346790555614285	0.13781325321177582	-0.6342228106073683	0.047349086687354026	3.2488817534527147e-13
-0.9037761124069945	-0.2647012586613017	-0.9297828119101483	-1.201354435115902	0.2448208455067648	-0.023884626605394765	1.518464523719206e-13
-1.6768027621269925	-0.31474908668858603	-1.8187270181352273	0.4314340418615484	0.3498233836214692	-0.004301880645008968	2.379098861586468e-13
0.9212339252089696	1.8025226491179311	-0.4132210379385583	1.8108743517487491	-0.16467047287871006	-0.028973787524809922	3.397315430927356e-13
0.7956577769153774	1.1651882599467782	1.306191324671645	0.19210850111236288	-0.027043988749526213	-0.02807446190573334	2.0885833809968803e-13
0.7804272096395849	-1.5030259326014268	-0.7945726554434748	-0.6125997880245093	-0.40073568263786347	0.00859068991362357	3.259633628638917e-13
-2.5184058992988576	0.20363085121866276	-1.0721788614996435	0.21361444230121032	0.7141751172334556	0.05274164522849079	3.0251932352702506e-13
1.3307704560941584	-1.6546829494612159	-1.5861127953302279	-0.1813030813274876	-0.6420033183768119	0.04132141630841638	4.661463441113994e-13
-0.3488089270842893	-0.24490372679289796	-0.5947437377630433	-1.4709677641901804	0.11331301105968165	-0.02933465292716404	2.1426723804942082e-13
1.6379317231112742	3.7927713585106626	-0.03807722806616923	2.401443714079026	-0.1626153351908323	-0.024691314493315943	3.315572076318511e-13
-1.7665332555180888	-0.340608275158806	1.095872350456258	-0.34916826673944756	0.580356202518521	-0.0019192980495476184	2.927292163433364e-13
-1.4248720909417953	1.9340027941663767	-1.0004107873719468	1.1406350860921044	0.5438294416991833	0.04926498466157089	3.1467160875693355e-13
0.5574506148490722	-1.1963541236258795	-0.09708499536799732	1.3833675008217303	-0.3431781682297134	-0.006722770138980932	3.1226423630300447e-13
1.9510991490066523	3.040959856373516	0.5772462206122169	1.0809952117617858	-0.24597761043178173	-0.02778283524011807	2.511658353578026e-13
-1.6626730918339327	0.572319936997439	0.6516503080454509	0.8054815487775021	0.5763009687203855	0.016922051122159044	2.1254404491299633e-13
-0.4472806663031636	2.577814080431564	-1.546312747630537	-0.8389022909798249	0.3696990495761411	0.016988873040980575	3.9654881128576523e-13
-0.9676865886304106	-0.8367463844353005	-1.2117679864808617	-0.33510585733654613	0.14895530536312138	-0.027853172236379554	2.5442580394660695e-13
2.8301084717978378	0.5952903786747876	1.6233955846031853	-0.7991691706872606	-0.6231895476226842	0.05564852283504497	3.1156330096151994e-13
-0.5551758769215119	-0.3149488919728434	0.051694211614079985	-0.6558599525334534	0.17214635193858682	-0.02829208341027127	2.2673638019999896e-13
-2.147063779490695	0.3240742960257395	-0.09307473430507776	2.3689617924629105	0.5856984804286557	0.03452483736618836	3.263352358969773e-13
-0.3499964113015394	-0.004223346431210006	0.2217520121429037	0.5704736880003008	0.1049046652924314	-0.028323700809464853	3.639819963085202e-13
-0.5106571703223436	-0.16395774012306813	2.027843507522591	0.2064834981306075	0.25832214725720687	-0.027385232848970997	3.0275790029658945e-13
-3.754951010209273	0.9741467997653979	-1.3271953115133528	-0.20811284279779843	1.1793178201855787	0.19503696972422863	2.826036842697227e-13
0.06169879343859295	0.18346043431813766	-0.12964054083444843	1.8716900361706188	-0.07117337746154621	-0.029321924704590104	2.5608144331385083e-13
-0.4438609785512275	-0.19853531748171674	0.2156301729619276	-1.0757874347506453	0.17884297956665993	-0.028495945219137734	2.244390180847312e-13
0.14724577311810266	-1.5345453963256284	1.4661898884905917	0.9310848520138734	-0.14675669321311863	-0.012181694558239416	3.852577894467926e-13
1.6402533161008097	-1.876712018584449	-0.569325153219653	-1.0535056239996463	-0.6580257046428116	0.0719522485797809	4.4195041019269887e-13
0.6716966163787488	-1.771343346826053	-1.031086533669725	1.1026170722448303	-0.4820027871419821	0.010541905914108085	1.9129142714291447e-13
-0.326073812388374	0.08577489362248103	-0.19656135131947527	1.5898891845241696	0.040686456710064954	-0.0282146916339949	3.4889452438235935e-13
0.6780015939969681	3.9914213311488362	0.14348734690677276	-0.4785334637087302	0.2749252960123051	0.004547461363235805	2.6689761511988763e-13
2.682272913908096	-1.8326701255862232	-0.6995696569245266	0.5798656079692743	-1.0282039712605189	0.15859025710807045	1.5982759267957067e-13
-0.12258144380445833	-0.3870156023785089	1.1861651876996289	1.1774394670647372	0.028946247350281448	-0.028463918881152364	3.428372234460445e-13
-0.45148686578555824	-0.8485362546331366	-0.06359166382916506	-0.3007395807494899	0.062088922725709664	-0.029300249477401553	3.748168491194759e-13
-0.38936863783922065	-0.6527521365246045	-0.28778351432349897	0.7758766163626808	0.007267100288447617	-0.029501216905668273	3.031814514877815e-13
0.18437546647664677	-0.24732007045721874	0.07058862695407943	-2.205180561030651	0.025425448005905595	-0.027174903081313335	3.038336883051257e-13
-0.35800258490525305	-0.24732996204484062	1.6777528557122712	0.0016497967895231153	0.19144477239449564	-0.028579007354818827	2.5632945267816593e-13
-0.8500743595296942	0.02804685103694327	0.8948438541148744	-0.1764710749413171	0.32804102340892605	-0.02137321508610237	2.5560155958890983e-13
0.14933919826488654	1.585088447733736	-1.2826251872042518	0.7800747109225271	0.03111702171566425	-0.02262709262194892	2.792288675178504e-13
0.08470103593003574	0.1250344589789072	-2.132417421379516	-0.24612184179211105	-0.11734056771046086	-0.030012168069248262	1.7768281495879055e-13
-0.4340340726607089	0.630581595012091	0.19359602750711996	0.2387184309588785	0.21103347738374648	-0.022392643852710892	2.2387447961301254e-13
-0.7202519392995971	0.5489169046941643	-2.0328690560152647	-0.3754008826951954	0.17928436165713835	-0.017481945027271118	1.728754123612909e-13
0.08309437895887019	-0.18487397045166568	0.013632673414552779	-2.40773803020522	0.06695572867048671	-0.028375821199729524	1.4699473200521506e-13
-0.45440525822710603	-0.1733214063193429	-0.5772046146493782	1.1117766205434736	0.04741282529604402	-0.028567006526990787	1.915975278569275e-13
1.3351328487908498	-1.5662227967609854	-0.712989486183722	-0.7697196230978707	-0.5574605026528083	0.039466332589737425	3.655778105475222e-13
-4.132854102286013	0.21003722228881203	-1.198947013825556	-0.3804080544832873	1.2223659458941407	0.1867369862640746	2.3469187094673387e-13
0.6795309739498889	-1.6323043773441814	0.7603284434308131	0.01340349278742589	-0.3174454164495648	0.008953912073600386	2.939996140873315e-13
0.7794993945436764	-1.9008884441756964	-1.9475343075781628	-0.22300197147840095	-0.5276234305127928	0.018502226351593556	4.4939684536952586e-13
-2.838336298074308	0.739530577012517	-0.7058107844193491	-0.25994754028453737	0.912638453753349	0.09810824323280717	2.621159874359172e-13
-0.8355716047203483	-0.6016958340101712	-1.414185985358391	-0.3165869783272096	0.12243901654155667	-0.02776325118034508	4.522185386092713e-13
-0.7750879594699668	-0.3690767781919979	1.1506694886744802	-0.7486613455633855	0.3011741326507671	-0.026262276476200053	3.6655946836702643e-13
-1.090292993921978	1.8198208701393213	-0.7986510517598404	1.5246288995424873	0.4265351699143539	0.026181231208144733	3.3140400811962087e-13
-0.11690455075824108	1.81105918069387	1.5561526762439142	-0.4697190690769793	0.35656853408735595	-0.013178256000771639	2.9197636990834433e-13
-1.4765429354967181	0.3917861711378441	0.20656554077411485	-1.4044897316583207	0.5644985651399722	0.004015212755148961	2.000539467406494e-13
1.4890279231253911	-1.919033940821739	-1.4192898524030095	-0.5558357528829722	-0.6901324933966673	0.06192422496915789	4.0679273602448123e-13
0.7493613348258443	-1.152667711050227	-0.2445252087015815	-1.7677620608634488	-0.2741334579616139	-0.0007149139472314328	2.4363588107823563e-13
0.721581689821337	-2.046915297966352	-1.299513675249905	0.9336389788355444	-0.5347855632471116	0.020558962676128445	1.8228133631512397e-13
0.7345993618525589	-0.5944376297263578	2.2736519474083368	-0.062103800642809875	-0.12950422473502254	-0.010526177403501608	3.8812250415906205e-13
-2.4503128587754985	-1.210954027814959	-0.6661673033277512	-0.7398367177043356	0.5996371129120456	0.004525646523993175	2.444413862044964e-13
-0.5885045653122675	0.2944188593064255	-1.0851235465726734	-0.1235345803332546	0.1585550010667467	-0.02346806331875905	9.242800787892309e-14
0.5325449649587928	-0.42976922295826875	-1.2700830013441502	-0.66936592512115	-0.24008549521726866	-0.020750656352852948	2.516303555624253e-13
-1.7862581841886283	0.14736665528555049	-0.876723993006938	1.3299163851238582	0.4532684893074858	0.011184657983154659	1.7143625144130015e-13
0.11507325258634245	-1.6239684482720198	1.6812733622183114	-0.7654432650900765	-0.06431496482771801	-0.011361061639520715	1.7832396295116238e-13
-0.5064081960981033	-0.3039163212651568	-0.811362425808234	1.468781854088263	0.01995831376847874	-0.028842538618988896	2.9481561690020655e-13
2.3484139882030077	4.879309556948255	1.2964770958020349	0.4763677929690071	-0.09631598300187853	-0.024952386322527203	2.4816080309925434e-13
1.36095407057041	0.42998175612075945	-0.12671995737443448	0.07536879425689723	-0.35340549751573075	-0.011657659227528528	4.315312176583944e-13
-0.08409815642765656	-1.3157137331917814	0.26378790670651864	-2.0076355816870697	-0.006848533395135746	-0.02176382145765927	2.4811799621570026e-13
-0.5932163800168597	-0.14229908010035117	-1.1465192253067633	0.09568959238949694	0.09961153298242821	-0.027256376431188778	2.3228895514879114e-13
1.065475868357795	-1.1564589797535438	0.5221929400075367	0.2927440277651031	-0.4054306022377845	0.013474180142152365	2.5479044330888804e-13
-1.1748697836426414	0.8163266758955303	0.1943918209282058	0.32797456766461874	0.44916342349178207	0.0021960474799819878	4.1929045572493104e-13
2.7821284515416336	3.0673337715037436	0.6528053261492629	-0.46356013124306866	-0.41989821723747334	-0.014721157233057437	1.8510054547486787e-13
0.31364915255045667	-1.0442744587839445	-0.6122822605024051	1.484447414357296	-0.29053397436360934	-0.017044004848952736	1.2456461605751564e-13
-0.6825326954025579	-0.4113446860049472	-0.4431403568686771	1.0811412634288309	0.09850361904247344	-0.027884503038156466	4.367666153339545e-13
3.305180463940834	4.662155533793256	0.27584346619031747	1.584601916943204	-0.5094815350693154	-0.023538389751591154	3.1195211536196056e-13
-1.6463355451901964	0.4977223464924488	0.7565532407202948	-0.355684610492345	0.6170580927045319	0.01401966162269813	2.746485384064231e-13
0.14480757549177742	-2.1370346341870157	-0.07669855358335015	1.4254802373182163	-0.3229405459406227	-0.001576732375340727	2.3299759953023885e-13
-0.3800609960270344	-0.2246631497131654	-0.418423464382394	-0.8054401084919305	0.10801046854175785	-0.029114002881567153	1.4661409460776472e-13
-1.0806643479711606	-0.5196866496395218	-0.30317980889866913	1.1348864604413427	0.21120728928705257	-0.023432864062923348	2.1323370231757762e-13
0.9448297910021957	-1.0581384559886866	1.9161486600303643	0.08284435070275789	-0.26763832224225376	0.006814166383333569	2.4687825341317294e-13
-1.3444112326540514	-0.45735811179782565	0.8034871839224638	-1.3524315675208374	0.465009855708622	-0.01698319685277852	1.7077793562979293e-13
-1.837508653542597	0.6021905837630693	0.6637807974032485	0.6581059119765545	0.6389823346059246	0.026533563902073704	2.264052196113461e-13
-2.216560401967334	0.36016329885890574	0.10839669378907166	0.9340026656012831	0.6816380550617819	0.03962219105822044	4.678570885884906e-13
1.7105992123310856	1.2447360243427616	-1.667633748303583	-0.4718124487346135	-0.4388964917227452	-0.01638593151143712	3.666137617845058e-13
-2.025855049987181	-0.09865525902375705	-0.9814084757133998	1.3140690075151753	0.4923280133828763	0.015425610729971373	3.278868245767413e-13
1.0441661792253207	-2.6707869380377804	-1.4014270405062688	-0.3792476812249422	-0.6460554694056553	0.06200231301595373	2.478045648810734e-13
-2.48606754068341	1.3998358835954552	1.427293075224695	0.8023518540385203	0.9641877801563374	0.10016717027941673	1.8367775490156403e-13
1.2194486715586457	-2.188376322097014	0.8961152383933586	0.6521498595247045	-0.5509236745706907	0.057311426821982356	4.2055542980924e-13
0.04756199369669612	-0.5071202848039019	0.18983451251413686	-2.0570621923771903	0.038858094731528695	-0.02698492011856657	3.5327828066614287e-13
-0.6511131177526853	-0.9230015608403246	-1.168415034967172	-0.6841472743262987	0.06264237979852622	-0.029916982741889024	2.1559545845216445e-13
-1.6780359875299553	-1.4403872304604484	0.6811650229154304	-0.2303724154185355	0.4033566494096533	-0.02264109437192806	3.8890073376668874e-13
0.4072707034954749	-0.3936172575852822	-0.37243155892325464	-0.3749257612807397	-0.15766086116813063	-0.023089119142170534	3.2133082791138735e-13
-0.45364629863384553	-0.7413348276349891	-1.0813951368609163	-1.1838814270978975	0.049607461285261285	-0.029821151442405967	2.8058543110414364e-13
1.178938383884775	-0.8502556575632689	-0.4269149951155616	0.637801465768638	-0.4772254391555129	0.009452612312317435	2.2109857670849611e-13
0.058297798450890184	-0.2567525073763303	-0.3672012336986381	-0.1801464281417484	-0.047751197475920985	-0.028480340907902673	2.017080815120498e-13
2.051401477052127	2.9807735025248094	-0.9799075862647746	-0.9475737891254569	-0.2921066393277586	-0.027519939343571127	3.311438880596013e-13
-0.6250881279337119	-0.13708229436266958	1.2325475455346477	0.2371935565909521	0.2463268107237396	-0.026330881470690584	3.7298596114183643e-13
-0.5636308007892253	-0.8079181748421939	2.0960146178873047	-0.05604795899469574	0.21898974713467595	-0.02870396288783445	2.748438812533439e-13
-0.7133480864717392	-2.0311460121416065	0.19358617002634096	1.0421425203096868	-0.027858278897741173	-0.025518268263079992	2.9471179272370957e-13
-2.3916280864569655	0.4774202412137033	-0.438925289920876	1.9326739906508439	0.6738504431620794	0.05488166605564658	2.2643158640210843e-13
0.3320812628053479	4.04736675000728	-0.7016005032833804	-0.6985865374419705	0.3434659868299265	0.021840512135992557	4.1563917272778924e-13
0.2249357478471425	-1.5609885392870697	-0.42586047523852355	-0.7091920107858256	-0.21841824642846405	-0.010756337844400507	3.370371148320826e-13
2.61993292725632	3.870192232223274	-1.4674526836002353	0.0472121147880002	-0.43405099086905585	-0.027229950805591357	2.529768437974372e-13
-0.40021161123932286	-0.2244032239763461	1.2863537561740752	0.01190223739429766	0.1825738035436947	-0.028500531475313392	1.902488054279339e-13
-0.42936635173474264	-0.7718479475999259	2.289300482757704	-0.08483213419274739	0.19594126560222017	-0.028391908228063582	3.0409547421525536e-13
-0.29069800952186714	-1.3897377303654939	1.6466356720233681	-0.56204825605969	0.06952467669175157	-0.023892777312056544	4.550224653685141e-13
-0.6898508883538612	0.18959321118019684	0.14526865053958687	1.675805455330389	0.177073600348926	-0.02263608787284594	1.6995388727660842e-13
-1.4813694000222213	-0.4824421413981694	1.2390260596559983	-0.564385417133331	0.49685889981556575	-0.013802406983789445	2.0173597692557785e-13
0.13976965892269586	-0.31365366668391714	0.2589408480144276	-0.7896527839933918	-0.015391997253756637	-0.027174624974080717	2.1469621720628857e-13
1.8988872162634807	5.685261783062165	-0.270539313396988	-0.09877133037558532	0.055923586692518526	-0.0029739444336188184	3.3833234742382785e-13
2.333702127747684	2.8038970470929816	-0.8570293713594623	-1.185445194576023	-0.37719090810743033	-0.022269987090555127	2.1514549503100252e-13
-2.003236214571853	1.1141749522701225	-0.31101264262772593	-1.9872992831438439	0.7963930780013413	0.054326689426290334	2.9851562635717546e-13
1.0457790204179915	-0.8721201121339066	0.46873755634483666	0.5015017953619177	-0.38138132458621055	0.005087673382108172	2.0713372257505748e-13
-0.22476583814902307	-1.640351375337228	-0.4477467529939174	0.14501564353401905	-0.13130079020468838	-0.021268557338557037	3.6537245521594117e-13
0.25253567068315025	-0.2810055235308711	0.1288349812943282	0.1288285767496972	-0.0906335698397113	-0.026186743997092775	2.1189464910884656e-13
0.8875526926391064	-1.0246098900265683	0.3820263668443617	-0.07727274684302204	-0.33277034373655534	0.0022343686637891122	2.901650840491238e-13
1.4970881652014247	-1.6948659943425186	-1.2408316515107953	0.1722851655685603	-0.6882351492484703	0.053714770935196686	3.9711927107992854e-13
0.2537339238072861	-2.1513144718042554	0.979613225193635	-1.0556178542538597	-0.1910813439701447	0.004101045830485396	2.719767294680525e-13
-2.1747063786001717	1.2226646013385365	0.2977344473358822	-0.47478986172563065	0.8347341362237922	0.06982216805605786	3.0528262657086333e-13
-1.4998396537976422	0.8047707273300826	0.022682913359916946	-0.5886395531316645	0.572766563394413	0.015966105063588025	2.831082830885844e-13
-0.6033705331464652	0.5496063409396171	-0.24469618161255688	1.7632040580343056	0.16378046350498743	-0.020058849664520297	1.5770694907953324e-13
0.5020506357810315	0.7242775804901608	0.16330165085998075	-0.3920036527616559	-0.03241093058342559	-0.028786694718917028	3.575560980158633e-13
0.5514838006731574	-0.45753899125771685	-0.6675497195966169	1.1577400915871843	-0.28752530227430007	-0.019626918510519214	3.1521190045616084e-13
-1.314471121440751	-0.37414159631757427	-0.1317243793585634	2.006671417285428	0.27131132630566884	-0.016512422969028263	2.257273670849911e-13
-0.39737366325384327	-1.1776352634856453	0.9541202207649158	0.827226466965029	0.02524858982786122	-0.027277641934472765	2.1961922879941777e-13
-1.4362709547103034	-0.48181501140134375	0.6630476126465992	1.2062943389574936	0.37628517878555007	-0.015017294935275675	5.035833683326768e-13
0.05452677488806683	1.6183035548691378	-0.3306592682023332	-0.7928974558765021	0.18457570114328517	-0.020252162507723135	1.9240011223519745e-13
-1.9717353518252825	0.3105714269132067	-2.1950610930902794	-0.12873345730395155	0.508145106550512	0.025266424176001976	2.651793347273978e-13
-0.9430747028560391	0.7618093903139259	-0.7704983226777622	-0.41790304704030384	0.3465938428533543	-0.007296665220831727	2.823338213948728e-13
-1.759422029745012	0.5338433330617299	-1.392028914363941	0.2608578738049661	0.5011661520486979	0.02104492288821847	3.0430077391606363e-13
-1.7638591850159235	-0.4101591187803508	2.1578755831455707	-0.1653483813853633	0.627905484188505	-0.0036220295139405543	3.9455458607258155e-13
2.1648133541307377	0.9469579386281328	0.5801675404810895	0.17780300225274998	-0.4954221181477003	0.007071053230293225	2.766663909800754e-13
-1.2790697146702843	0.27375783038631174	-0.5661470025385746	-1.4806650736510423	0.44917889951994017	-0.00591765508188589	2.7901691957956744e-13
2.302427357359508	-2.616100572138616	-1.2089242024235778	-0.5224834635407902	-0.9851229536791072	0.16635911268183945	2.2702589797204596e-13
0.2127234711596003	-0.9885507506519037	-1.8134105875358384	0.12149141201903224	-0.27096250466904975	-0.020963989112936784	1.2592557641374946e-13
-0.1458206785029956	-0.7371222354613559	1.5138319441983914	-0.8491299760317744	0.10086461744057396	-0.02697530607286918	4.327378054266211e-13
-1.0034463068171058	0.5031431113256449	0.005514868157427081	1.1038618869224748	0.32013919527715406	-0.010374148523595951	2.962355835249769e-13
0.4019159588020064	-1.1344632572690483	0.7039505831526673	1.0518430335533278	-0.22939677774057973	-0.012193800892112043	3.2073209915327486e-13
-1.0908447445021032	-0.3600870926678678	1.4106478087185497	0.723542725354803	0.35121377002164567	-0.02122375172826857	3.311199369923355e-13
0.6625190303126897	0.7030701715853721	-1.8778536619279582	0.402308687096567	-0.23701342820463814	-0.028739167804865746	2.2967973565131024e-13
4.5277609148879225	1.3196368107460807	0.4578069370245826	-1.2978018707179086	-1.0866945863126631	0.15796554434853854	2.2190623184715958e-13
-0.5167136609932013	-0.6853687317519888	-0.5312567283854761	-0.7351312332140388	0.08886855836954964	-0.02962673388324438	3.031095360561408e-13
0.8345321739802068	-1.5488408180060014	-0.8443399149394641	0.1652796944191954	-0.4562794200256401	0.012197187725928411	2.6012898666878445e-13
-1.2154305719956044	-0.26770792775826185	-0.1263189770077594	2.0942635820717923	0.25016992013361616	-0.017374931424206163	3.1953566884266013e-13
-0.20904540463689486	-0.3307676157007464	-0.6566634935724533	0.9972890697485615	-0.042415480611657785	-0.029593190057889556	3.432060522007426e-13
1.6513176049346197	-1.6246532587065174	1.6324726973837957	-0.4135815438578176	-0.5291212027167231	0.06494243900421579	1.985001224382093e-13
-0.7452464530220456	0.3341098870004326	0.42577091020190555	-0.47831570932633394	0.3146255612938566	-0.019757847203292243	2.333793459206777e-13
1.8916951070763757	-1.392800735315228	-1.6750822972833526	-0.5932583542450024	-0.765519759508566	0.06793392423674915	1.7089904373850652e-13
0.6743733264604375	-0.7561109532061998	-2.0932422978973633	-0.039068495716265625	-0.3918035712331858	-0.012799240388651944	3.0520556410531334e-13
-0.992580901587536	-0.2476854239303147	0.5489599806729085	-0.36929492267142755	0.32751339604500235	-0.02189964752124106	1.8470480112882126e-13
1.6564498716470626	1.1402028835209883	0.7579006177188753	0.32928570143870695	-0.321676976587339	-0.014485290150779609	2.2980357132034307e-13
1.0423388882383953	-0.7670987689138795	-0.8724907490681408	-0.4973043216414313	-0.4086545016781771	0.0012410516578184952	2.504443915862559e-13
0.5072978413375779	-0.7724321319047003	0.2235885246479252	0.8582210067524327	-0.24251094083719246	-0.01555291540288991	2.0955026098668405e-13
-1.992953757138773	0.769178499126604	-0.020697990778919408	1.473240042090144	0.6300164404188361	0.040962933468892515	2.450814556952524e-13
-0.07864301609332047	1.7116896557447068	0.20659571787397096	-0.6379426618932025	0.26033547114443745	-0.01581440097241368	2.3595006178535584e-13
-0.37325208760639766	-0.003874006480895685	1.7659853867336306	-0.5459732087419351	0.2501726609622529	-0.027718821428759255	3.8696658022301944e-13
-0.11591276941478448	-0.08107054477054275	-1.0330161926995185	0.5426542831616517	-0.046816372549596995	-0.029707690244726574	3.0835137730151795e-13
0.49250631247065796	-0.7833117413176902	0.7023018453258953	0.1823448345186806	-0.18288985063650254	-0.015414130733797804	5.701053803420499e-13
-0.1244133251576673	-0.7077463437246077	0.4558859839752675	0.8234717956245592	-0.03434554100192584	-0.027487512276057075	3.359841624185564e-13
-2.1622913053508275	-0.13522841855419132	0.9906449727330424	1.3606360676363822	0.6453874070052957	0.020439927832787967	2.5692385429830343e-13
0.40264130805754267	-0.3669959665509318	-0.9592762675814824	0.19923218545456037	-0.21218300227092574	-0.023811226741952057	3.9110393981685567e-13
0.15830265445571529	-1.3190693012899906	0.6251616483162324	-1.028009348062528	-0.09697914892441292	-0.015944768051563002	2.459632544997965e-13
0.7443167611628475	-0.24081849536127162	-0.8033045315513275	-0.8112745991255385	-0.24827648074626552	-0.018130242789487216	2.624011592365562e-13
1.3170207977514843	-0.564736143251759	-0.5455942578576394	-0.8668141255879961	-0.43264278887314117	0.008039002708370286	3.4213742228137193e-13
0.8927582717052446	-0.657745508585297	0.019080441526473577	0.9260594446553924	-0.35828903420502933	-0.006004270136530967	3.235669920660357e-13
0.012249751494823444	-1.1960773484427496	0.22533361170838076	1.7881041635738866	-0.18049902669940573	-0.02135315226997916	3.121265355707143e-13
-0.5870835514710898	-0.8878643095819629	-1.288061642944245	0.7433223972104809	-0.018276303741095734	-0.029991132945433766	2.2912940881913894e-13
-2.060190557174572	0.9032652754277404	-0.29378722587798667	-1.2912641046044881	0.7624437336685135	0.04994588933922005	2.5681530706244224e-13
0.22998315606742978	-0.787336162819348	-1.2505211263748222	0.19335589305079934	-0.2236907010559988	-0.022659825898780774	2.6243854987978973e-13
0.18410453910622138	-0.2668244900241276	0.3854964879616245	-0.5890044012130655	-0.02407911961040908	-0.026931293875837085	3.852246308567715e-13
-0.030082959067978463	-0.8133235312058285	-0.7598600664531541	-0.2621801645063468	-0.10180675812790163	-0.02633050021707541	3.044047080153021e-13
-0.8531771604489898	1.8615908061375477	-0.8807202813370716	-0.4476872493891978	0.435925275093402	0.01565845417232184	1.2959351720088912e-13
-0.48997386953857747	1.970415285666017	0.46788007404155685	0.6552956955368494	0.37441571957974	0.0025587141856685384	1.8537131270045533e-13
2.3497181118534076	1.2152346797750935	-1.4376932292295825	-0.9337532346595633	-0.5963392810363539	0.0063709209049202615	2.5553270081880007e-13
-0.06886795984932376	-0.089251069048016	-0.8949639732163476	1.0580426821822888	-0.07451267252315891	-0.029635631918155082	3.8144250004197716e-13
0.04461285424872176	-1.6967086379780196	0.2541767027434167	1.1715997984372044	-0.21648935797736218	-0.01330512730339935	2.0890716649699366e-13
-0.05120702170977515	-0.21521095277142757	-0.14079284712452306	-0.9867213223888203	0.03576765810906518	-0.029095063543977017	4.391925567143099e-13
0.6269871668689245	0.9355475838457515	0.6841977282945318	-0.16855210842746854	-0.02446937495682974	-0.0285268578225471	2.3701423675158824e-13
0.9881910131991394	-0.7576011421272064	-0.08224958971789631	0.9093178334575326	-0.4021960904220309	-0.00045261828063948106	2.656157904766814e-13
-0.9116383520318926	-0.24094316816299716	0.25616043105143405	0.4795675052975728	0.2517699696927002	-0.023333893106539386	1.8612166296692707e-13
-0.14294075435611303	-0.5600502891436671	-0.8853738672886164	0.6019944052969477	-0.08421543447195856	-0.028939754876855846	1.984246798291353e-13
0.6817056206427837	2.2610959133013493	-1.0785562789710896	0.309806074517626	-0.021901326456541595	-0.02460529130547369	3.28900564339576e-13
-0.5103835645270246	0.20295016557523454	-0.3934493012882381	1.9849732854335522	0.08018319541508762	-0.025480818497544324	3.8787066798591546e-13
5.012238123280727	9.185003869414382	1.7020527856981196	-0.3953947517295485	-0.35833481529673655	-0.024861782623557628	1.9311178590969294e-13
0.27145542039058346	-0.1909115868394555	-1.131191821970474	0.24773507100964656	-0.16689811350559122	-0.027245341098624056	2.4219895275321616e-13
-0.42423046107440243	0.4380899283342174	-1.6390995342845052	-0.31992849163154985	0.10025913161462158	-0.024827982574864026	3.59921580897335e-13
1.5630150838280856	-0.6008354666595613	-1.514170756969012	-0.553755141733135	-0.5790859147511314	0.019671732516297002	3.5836521313645427e-13
-1.878632020106338	-0.9092531153915653	-1.9444358516106972	-0.07941701880857122	0.3581091053892061	-0.009603821000444789	2.2140802344834815e-13
1.6575167278033534	3.2183091268061035	0.5822845811226486	-0.16458958256821543	-0.08845503399465024	-0.027944509076799996	2.840599818425157e-13
-0.5069321121623025	0.18617167824975273	-2.143578742655922	-0.07463137304279553	0.0570673373742041	-0.025988957956290158	3.8322276582834137e-13
1.084469559907817	-1.8618309229150267	-1.246456522563472	0.4581676460559334	-0.5981227290204159	0.034379893500309566	3.5825998254557867e-13
-0.10815536234194209	-0.7164033628361288	0.9817771728374016	0.2593936546621388	0.014594447482934458	-0.02700326793984612	2.629931176287184e-13
0.570654443116821	-1.7036325643844663	-0.852106140139837	-0.1396737528493239	-0.3836195668133148	0.0045809944796893305	2.468695740772488e-13
-0.9767516707989763	2.266679308939862	1.112415815828181	0.1486986900694813	0.6129672712119508	0.033850142454354325	4.706780052986654e-13
0.8665083283846168	0.7341405143862083	0.7633545438282066	0.44194591928624727	-0.1372091757726917	-0.025508965890510504	1.925501139639849e-13
1.3100986821614697	-0.12058027186283776	-1.1674015298813947	-0.06306477720082437	-0.45381124930598526	-0.0033824613938170356	2.2630599594114142e-13
-0.09593551696954399	-0.4057711834063822	0.936357247720962	0.18494765646474143	0.044827789650544105	-0.028354916485818144	5.247082122934284e-13
0.4728563645297085	-1.9401833197323326	-0.3242052879231096	1.5227290499798918	-0.41672192482189035	0.00679730580909642	2.3822940709880913e-13
-0.9926749823947957	-0.3821373465308151	-0.17212796036391287	-0.3401295174051743	0.26845802386607365	-0.02348034300343854	1.9818222307512733e-13
1.5048841318713144	-1.0549086854864702	-0.7862685764750563	-0.5958877300826148	-0.5645971394309126	0.03166914105872986	3.2556746379422867e-13
2.4235872812848283	-1.6223004780994033	-0.43145481433088684	0.5686184654002135	-0.915755207185894	0.12302866444870164	3.2357398003472626e-13
-0.4519192426792559	0.15148501374542275	1.2655599217558855	0.7796884728863968	0.206037093255434	-0.026272931358551903	1.885416980884972e-13
-0.5484009288354527	0.20631393061180114	1.2544994989455003	-0.5643177805030964	0.2952068105681335	-0.024591640362137016	2.809799440430293e-13
4.161529451281997	3.324513997636793	0.5742392280820078	-2.0859406664873026	-0.7334648498325135	0.03681626167482322	2.9003030260969773e-13
1.6231310684515328	-1.2334570505201186	0.7777181747863595	0.15056515573090723	-0.5544967007124614	0.046701156031538876	1.9357437457251603e-13
-1.1638343256847516	-0.6606008611431016	-0.4329580066155468	0.05586457842923517	0.2570834886526055	-0.02349510799855763	3.108122883680408e-13
-0.7214965369549386	-0.1892097362407373	-0.4776219293829217	0.8925897630582644	0.1399615058628472	-0.025894467737420546	3.8885834405616247e-13
-0.9127723582265642	-0.8611202130225607	-0.05659230316423197	1.16759722009003	0.1374976844524801	-0.028218704198006712	2.087864443973127e-13
-1.7674443982081802	0.5298132273041899	-0.06439909241832435	0.10107412064908826	0.5891415304577644	0.02095188801593509	2.9997617831195904e-13
-1.468812785336159	-0.10817555863654128	0.38693033828116014	1.1056197885591033	0.4147231811903045	-0.007330695691262343	3.1334604987853356e-13
-1.035748939036319	0.8731919668524564	1.5379308644129268	-0.45608493285699375	0.526376553711688	-0.0019381077039778568	3.5227371738568003e-13
-1.1883775812726018	-0.04887467908344478	-0.07924610814743246	0.609062627696767	0.3299153141732076	-0.014658302637603565	3.549990170277292e-13
-0.20636029613502316	-0.33626560758697993	-1.1468442487668133	-0.5621813207187797	-0.009147146187418185	-0.02975410954724636	2.3423117647470544e-13
0.05396555121588703	-0.550795460563963	0.5310701818781282	1.0975542867743333	-0.07679999679362054	-0.026514489773839252	2.997662697357506e-13
1.8132062560365063	-0.8191482203356888	1.9591835811429128	0.2150651447202228	-0.4979915004778571	0.04465324747927743	2.8134060853356036e-13
-1.4599633280704785	0.10200431005639626	-0.5294421669329865	-1.2529674110741686	0.4772274397907846	-0.003204544105068755	2.55028662418478e-13
0.3913126609439063	-1.8623996757111159	0.2945816558102163	-0.3282206677046408	-0.27157747340707555	0.002108224004118966	2.6372744283143215e-13
-0.5822243885968631	-0.5016586787185108	-0.9961494494333928	-0.19504344823182587	0.07819170615776029	-0.02917840486779427	2.5947568742866997e-13
-0.4891551404879188	-0.7172162229638823	1.4058775858567043	-0.1536481918123657	0.1694362012036198	-0.02892892318008783	2.6377102939717287e-13
0.8017235547574186	-0.4292562731867064	-0.5835711798970624	1.6461762599574192	-0.3729737066422094	-0.013613251715448266	2.0162888629040412e-13
-1.7160884517641632	0.0191579245546019	0.022459230563081523	-1.7756421761799581	0.5993170564880616	0.00466040662643112	2.484115829425542e-13
0.21785834498350173	-0.6412291428420608	0.9582663846426887	0.8815727952694754	-0.10033290774815565	-0.023116653970619384	3.2734760311535837e-13
0.10587723918606648	-0.3235057524137256	-1.0029381981659764	-0.5526392999110039	-0.09179493558250436	-0.028079689566930036	5.241413694103993e-13
0.4181287569962346	-0.5869393497071745	0.7337866515496988	0.7202202487473072	-0.16024138122038167	-0.019965210302572735	2.1683116419913496e-13
-0.03709864201228905	-0.8455658757833591	0.3313434384504574	-0.5270125012565565	-0.02694559918594633	-0.02557188456388453	3.2429391651763715e-13
2.553241325848746	-1.7934320338242284	-1.5264829560728896	0.7122633738453323	-1.0422512400860102	0.14251221006353668	1.9878877460179332e-13
-1.078405413624206	-0.20233780714986085	0.087648449526616	-1.744311781899409	0.38687532307936195	-0.019621603660490643	2.968749753247867e-13
1.2348045526465503	3.373169650279375	-0.9089395493113747	-0.7126475125604339	-0.012830031110130336	-0.022505455083199347	4.539915751258953e-13
-1.1165963019180332	-0.3097036257515867	-0.025904576509762755	0.784582259036195	0.27587487727453575	-0.020219496365081004	2.4653291900784496e-13
-0.7926449256083739	0.03854150405219372	-0.7975631374658696	1.004576586881473	0.16225392813024786	-0.02255690329517536	3.2002903819351143e-13
1.164537343885356	3.53226581008263	-1.0397790819698427	-0.8058089068254027	0.02150644976056059	-0.019201575354281436	2.86864485318215e-13
2.1847054689091174	0.6187755341988945	-0.8651772841388017	-0.9873740462888183	-0.574750483999764	0.015433757548959268	3.511438758025116e-13
0.38566092787786077	-2.967855387179832	-1.2202499664931719	-0.8423524879787796	-0.4563512842202489	0.03197660004454185	3.866780607892147e-13
-1.0090273252253563	-0.24391597230036263	1.0121309873551547	0.1673231123999259	0.33852964967629695	-0.021485866723997844	1.5071366848407902e-13
-1.5032283553383168	-0.39777741836289826	0.2774135550696837	0.7233380419957732	0.40226012450608556	-0.011716578438673197	4.3351781955718995e-13
1.3966383594912464	1.0964800888960875	0.1389372156185732	-2.2418990673533905	-0.18158679870005554	-0.020424646505426376	2.58167405069076e-13
-1.0991036991642344	-0.45731146399957556	0.3727010380931561	-0.09064895843139993	0.31430555443720654	-0.02231890846414097	3.950601458832072e-13
0.3676903571425063	-1.040963390495053	-0.1973305375484621	-1.7917031093502023	-0.146661165607288	-0.01529242306136012	4.0356324183089817e-13
0.0002063006713310363	-0.5737279782507222	0.006989789680981685	1.933131971307242	-0.1291238081376833	-0.027252883195831426	3.0115172493806033e-13
-1.8695371016667164	0.8415810145972137	0.6648578871962669	1.2697156284430948	0.6502631026655674	0.03609843301403951	2.1564315695942108e-13
1.5752385432304101	-1.2513406324240455	0.13649073105001697	0.8491786301644805	-0.6096270829625708	0.04360735321591686	2.2210378523685896e-13
1.4873866277721388	-1.9684535600272115	1.2674156669208172	0.8442939911582801	-0.5911161890403072	0.06720525882827165	2.0402077939004347e-13
0.03836526673430126	1.6370733901157366	1.6474987652968305	-0.12157371948812644	0.2823401684868844	-0.019483349451501857	2.8955743953218336e-13
-0.7637151787387109	-0.34122152642959047	-0.27639580691940696	1.8346690646927704	0.10930578916529386	-0.02651753860446859	2.252961915312515e-13
0.25726079060271434	-0.3716643056849868	-0.879604340825133	1.196286514002335	-0.20603239925022077	-0.026002393607082733	2.1360020115732542e-13
2.5656421774964815	3.408134730860734	0.47248769014646086	-1.373318371308251	-0.2932052359330181	-0.02352181018175891	3.815927575882546e-13
0.38855448395791453	-1.0969545743282467	-1.3630039400893292	-0.015777371962425707	-0.30154324103717667	-0.014715746224447775	3.2077711331258194e-13
1.7323600126231569	-2.0902523032186338	0.08762088288678903	-0.8771955984378725	-0.6746534597930779	0.08931712478453903	1.7691628258767774e-13
1.661925201165142	3.196880846981394	0.4511348997411322	0.18249615530252442	-0.11419359822066096	-0.028067782050179103	3.936119438489527e-13
-1.3262429188103844	-0.19493420847910228	0.017841350120306586	-1.6110603305359696	0.4519885868447871	-0.01329317639072719	4.3359481688010474e-13
-1.5965530192891326	0.8784655531694187	-1.5621183099936864	0.33079979766338263	0.4774497010723456	0.023329409074410116	2.844951126444931e-13
-0.28822334752815176	1.3423509595171137	-1.0112508145445447	0.81754177404904	0.14965975965040515	-0.01621699412467305	2.79730687343963e-13
-0.10556051969578129	-0.15667097475471992	-0.4896899926326731	-0.8071927466809756	0.02990066719925286	-0.02946282988665519	2.53920730393011e-13
1.2630699798559422	-2.3369939385048113	1.3959467441429136	-0.9029902267336867	-0.48522537273807637	0.06705926179534216	1.8992611640536212e-13
1.2828808891344432	3.4546735088428857	0.8243057468086542	1.226046861237214	0.00597468570990925	-0.022238686180677945	2.8678402643591877e-13
-0.17655242696059376	-0.9185765553455393	0.17482611260108805	1.0214576920764948	-0.0666477306176713	-0.02691227604084082	2.550994452796682e-13
-0.1502869573326	-0.25003386439146863	0.6734939508503872	0.13976042086884993	0.06383480063584228	-0.029020892558661495	1.6586225912168397e-13
1.073213064887219	-1.1957563896846504	1.3271170599222621	-0.8741057804082842	-0.3156603427204327	0.015780976551503692	2.7447072429487927e-13
2.2418825288310518	-2.427062590688613	0.9114407043366903	-0.8983195852692839	-0.8056542117409301	0.15278869830626784	1.4370326490887083e-13
-0.6468192801671211	0.2490762241582525	0.4749813224623696	-1.9816541773237029	0.340664981532011	-0.022700998766976947	3.0861203192350036e-13
-1.1597794593585908	-0.7396829900776836	-0.2661248047757049	2.1384528750614096	0.1717265460503933	-0.024358518249097096	5.002170888098439e-13
0.9822291393208729	-1.0587292444649357	-1.5212495635290613	0.2952081898949916	-0.49344208897372943	0.005237796016564321	1.6002844325893516e-13
0.5785892450240651	-0.8201638022591728	-0.6715364653165716	-1.295657548495579	-0.23374186277105777	-0.0133953087734939	3.0635457438868123e-13
1.7737403854803	-1.6036586221411007	1.4783222830912894	-0.20476974233949397	-0.5801546423864847	0.07253056741223618	3.6774448869717503e-13
2.7708451176630793	3.0868708076574234	-1.2435094533487738	-0.32198190573332586	-0.5339741503744012	-0.016645115533591524	2.9478490156963053e-13
-0.7105081074081603	-0.3396415780805276	-0.9677068999657197	0.31679690945900607	0.11458122676660781	-0.027267756408794887	3.0175873659906793e-13
0.44964349474556187	-0.80194372604974	-0.38318068203409633	-1.8814482453825665	-0.15263218040815116	-0.016950544788801744	2.43864384713301e-13
1.041350383990305	-1.1264673136071048	-1.9273168001342276	0.15711864844922674	-0.5365397771333985	0.00919347498167292	2.1811798983877239e-13
0.7983752572819861	-0.8051139532443427	-1.068500271210586	-0.5121699753032141	-0.35249045079921304	-0.007101589011528663	3.1117590826053256e-13
1.758280248738337	1.586962384749829	-1.0020760511492812	-1.1463356253218475	-0.34871303284908334	-0.01959510188182652	3.62574279115534e-13
1.2652907935398188	-0.593355210382364	0.5806219579555498	0.20789071416006602	-0.39717235660914724	0.00753612089239005	1.561250193275431e-13
1.031394708533084	-1.218058137248009	1.4313756394967083	0.24465872617519116	-0.345510622472408	0.014478609986055303	3.1176919803422697e-13
1.475248171085695	-1.035382119772705	-0.6024033648922961	0.006436600492140229	-0.5676333588886691	0.029551676952506895	2.7151562551501276e-13
0.3501292111556304	-1.0813504082147272	1.2097396524293305	0.6294449083996594	-0.16088389892628824	-0.014174565531804456	2.387312004710427e-13
-0.0021417077509811636	0.3621853175692691	-0.4665909085521519	-0.9257810094936401	0.06177163074124025	-0.02910522205734519	2.2597660924293946e-13
0.6913115948205409	0.7243257498980672	-0.27377658050605336	-0.5668823017693816	-0.107319485754724	-0.027830708594006638	2.2544286521664761e-13
0.7430855460524598	-1.8316797190651226	-0.43840693215041326	-1.228907851792132	-0.3779167562786984	0.016256156808757558	3.191518727653678e-13
-1.5461256285707097	-0.5244329249140001	-0.3453185192162256	0.891879483382757	0.3569426059681945	-0.01269339841809849	2.758780707579899e-13
0.01044092382813817	-1.0016478593493068	-1.211253842975048	0.7999533656844455	-0.2046373459846156	-0.024355474463326296	4.613104054946305e-13
0.31747481723673987	1.4784198054378612	-0.6715911965385031	1.1926095306546183	-0.010888350038135628	-0.026127015252254897	3.400061213075459e-13
-0.25906075273658374	-0.5651045111159583	-0.05380713412274216	1.3060842558580548	-0.029534968295903144	-0.029172019719224642	2.7820192322379934e-13
1.319591244589136	-1.0280698458621096	0.16937144829624012	0.07942640134584174	-0.4782986605489444	0.02186002341778945	2.2249006775928994e-13
0.1179479397886721	-0.3184769113922531	1.1734615530824082	-0.5291149297300869	0.034626715315880706	-0.02691422208466901	4.53070700419904e-13
-0.5417639450854945	-1.0487504440375148	1.5488908923953741	0.5758473110652168	0.12774911026321986	-0.02856761484872867	2.944430560172351e-13
-1.6409110337453028	0.7907774858404201	0.19338397494995463	-1.1862450411359962	0.6483738000705456	0.022375629368670828	2.4396096562900323e-13
0.684877422969564	-0.8032071346939971	-0.6720951424525788	-0.007474873886794701	-0.31600810424992354	-0.01054393939205359	2.9365819512930585e-13
0.25285575744793515	-1.256116146509524	0.31211925641183974	0.7505947965902412	-0.20978505349730875	-0.014680371313212728	1.604246661580892e-13
1.4242060731238428	-2.969034567560793	0.07895904505591521	0.4956587790294378	-0.733849999207196	0.10653448810554499	3.9051041112233837e-13
-0.5031898264625254	-0.1381821393756144	-1.544881459319904	-0.046976946272501555	0.05532402664725432	-0.028238894178489227	3.0235140152717546e-13
0.3232725218359431	-0.10218131664120697	-1.3722615187087817	0.746533646217618	-0.20754740252290282	-0.02737144979549527	2.8901381562987663e-13
0.6784508477482597	0.45151993923228184	0.177810686882987	-0.3216449788932387	-0.11592563550102886	-0.026118617447230385	2.8596534548582284e-13
1.6564102078116127	-1.1640431361774959	1.099920463524253	-1.4278543071654828	-0.4727416283258834	0.04666818660004403	2.718751430873536e-13
-0.5068825900230668	-0.6949540709712834	-1.603662067314606	0.012364966135610788	-0.010012111786576737	-0.030036790748298462	3.0725460894087363e-13
2.188759268316794	2.901447705503136	-0.060558660166254684	2.1122370144684712	-0.4116932225990598	-0.02509682865699179	3.3020114338387635e-13
0.6146339647931306	-0.5320249656884437	1.3612431697419942	-0.05628416175243498	-0.1425915843399813	-0.015608259902534297	3.9667207744529745e-13
0.17289274742090677	-0.2556213072939479	-0.6451545125525988	0.5415435759604126	-0.1277359510962032	-0.027654949042852317	3.8696043432972034e-13
-0.6988823068574591	-0.043989988437345126	1.244674434932158	-0.3614483684729145	0.30371559356409156	-0.0246347488640172	2.231892315393058e-13
0.9474288246079229	1.0708595625965245	1.4932987275213843	0.4587043425748512	-0.08176639351641009	-0.026442579619781085	3.520434276693342e-13
1.2614305234462018	-0.6209990408424759	0.2956026830968132	-2.0132157466005935	-0.32486956198093464	0.007896016354674216	3.1114930966901484e-13
-1.4091831592458057	0.25457002498190257	-0.8615964017279223	-0.38484748974045485	0.42334430220805785	-0.0016555176805907134	5.507654867097503e-13
0.6611402552522547	0.7260806363473908	0.5321309938588702	-0.30945540878723904	-0.06050508769594674	-0.027705342362641654	2.6453243862066896e-13
-1.3018133223467396	-0.40353435730510334	0.6025040790583018	0.8280812655408919	0.35665623848542016	-0.01723737020206523	4.077811420786321e-13
1.7815919558114768	-0.06822781005312771	-0.7198391242193287	-1.4983411218934086	-0.5001350682202983	0.01575698077142027	1.6042361785604594e-13
-2.119138570166825	0.45018560810665953	0.9754261222174564	1.3346281173386538	0.6977466325486626	0.03681182557294759	3.339149216736977e-13
-0.8203283499023457	-0.0007577280916376225	-0.9012381747828554	0.6467771705736955	0.1746786551076022	-0.02249800030005452	2.7944269758109045e-13
1.163260275196569	0.931358119717263	-0.27899508397457573	-0.3930556614982439	-0.23159851210845844	-0.02332951323689781	4.190800887013966e-13
3.806131801421104	2.4376515561110064	-0.3176765251231296	-0.6418016569291822	-0.8361420525558261	0.04590206614984424	3.054160827962956e-13
-0.4763052091865015	-0.6832463949640636	-0.0034097656219847427	-1.5656774370281648	0.14285634102317324	-0.029436694079479072	2.6959984616234194e-13
-0.8179588918089851	0.04134128575077426	1.2724570531784514	0.14446561650913756	0.3293683261605018	-0.021787121369402803	2.502823982534528e-13
5.066554891907192	3.838610157021779	1.636673285560794	0.6467948299261517	-0.990334524945713	0.07739427258825007	1.4937757570903457e-13
-2.521054898855301	-0.47747259246102597	-1.2373053239330623	0.7518676152021758	0.6069294522980045	0.028996690671678847	2.277626227028871e-13
-2.62056576367164	1.5077860229326903	1.5523108306427416	0.6061461583743654	1.0327736400537704	0.11627494090219881	2.1462556345902893e-13
1.0500020478993999	0.6060601369261406	0.8151310433433477	0.7712545361623827	-0.21540377409756548	-0.02127926238923836	3.284195452821245e-13
-1.0753501094856683	-0.5362103723352156	0.9208918066438636	-1.0044283879609424	0.36895053684005175	-0.02350655718230617	1.7443255333022337e-13
-1.0762272612632648	0.8490455504120605	1.4365949302651022	-0.5889060921314974	0.5352197399845434	-0.0009786383875026853	3.780682115091281e-13
0.618836320354107	-0.8328232231588446	-1.2313336806252997	0.9007398500446421	-0.3706229795290897	-0.01248407565117525	1.6489492033809775e-13
0.21946044301154108	-0.2865566798740744	0.9616243570339372	-0.6520736380237606	0.0004819755634841613	-0.026097719542834984	2.919328602196295e-13
-0.75352173745713	0.0964216906984041	-2.2287692425897543	0.03565484446464212	0.11100897138149765	-0.022805060623458464	3.451553987102866e-13
-1.87992855532247	0.1695225032007338	0.08925214059149662	0.8222621027299716	0.562518028292747	0.01588062348495144	3.4718776898564407e-13
0.6120283007671176	-1.2423682484771188	-0.9272616987264821	-1.2281463499271799	-0.306589684046129	-0.0044557193176085275	2.7177151729124733e-13
0.14514889860629734	-1.4581310147543458	-0.09239624992813207	1.6215061154307535	-0.2597598252243813	-0.014695409972942008	1.3903643508860258e-13
0.5196546737568333	1.1019910499923666	1.4122700782835955	0.18337616308546065	0.054469945792471615	-0.028502895630577896	4.447620750438835e-13
3.027693170270582	0.4278709103033888	-1.759094465944247	0.4954849086431251	-0.9539164437143419	0.07178524889602059	2.1110153010319363e-13
0.6183675560937165	3.762164629047826	-1.2522241990794403	0.35895184306081684	0.14952347471335173	0.0016522309551122178	1.0449112210144894e-13
-2.1120163483814784	0.4508779696742562	0.09807504245882395	-0.22382805395088712	0.7071573777067323	0.036725928111632465	3.4136771007904917e-13
-0.27681466536467914	1.2979734525508162	0.7587751947998587	-0.2896612848254523	0.292821370987264	-0.017085364496245134	4.0383761087078863e-13
-0.4131203273715474	-0.6173834953118656	0.5339551511003342	-1.5462638902774521	0.16268642137178851	-0.02920416148725099	3.2352544457911117e-13
-0.00145636465289717	-0.6607656384620729	0.7510412144381112	-0.2859959803556264	-0.0023143952818635463	-0.026275348683965843	3.094716060804899e-13
-0.16432028737116788	0.2908786438570352	-0.05263238852044726	-0.9259663562470919	0.1269107056364494	-0.028383162755211074	2.5213015666955793e-13
0.12561228568483795	-0.7671716263718575	-1.3094035447111991	-0.8534563274022081	-0.15136440665457238	-0.024729726340764584	4.610338070125097e-13
-1.45848153901393	0.742921035961474	-2.480192795431286	-0.001059645177147981	0.37956102101937905	0.012905880750285087	2.479300761216031e-13
1.5550304760964866	-1.077425036023325	-1.8387234427863752	-0.09384671640178621	-0.6652682528049921	0.034083371225830585	3.0173970228047365e-13
0.14732661723040139	0.42006643355040724	0.7987020875632266	0.6225607356122168	0.03600976341050388	-0.028912459732273504	1.4978837018210576e-13
1.1691103877795976	-0.8568512999364529	1.5974154048049378	0.6802573557706633	-0.35541514935083357	0.01111727391094438	2.9253279505354164e-13
-0.3893631490872332	-1.587463282706325	-0.3701748056658336	0.01144528821048352	-0.06706807503487965	-0.0248090616685746	1.4914597138863292e-13
2.3694071974495636	2.774444769772736	0.6680266785506498	-0.5711503182338604	-0.3246729792062662	-0.020315096735576056	2.8412273349238275e-13
0.37776977684156204	-0.8794106673550416	-0.762991204185541	-0.942693859537008	-0.2011191631659268	-0.017898381492466503	3.818157005575718e-13
0.2519543652711559	-0.7896207255082496	-0.9171794984928747	1.145655171537472	-0.24951720267463334	-0.022019263097630377	2.5065688899759695e-13
0.5354439490745524	-0.8159920804024375	-1.588192395065854	-0.14683892441127422	-0.3227550211842516	-0.01538201767651192	1.6102173757476253e-13
1.2283124043069455	-1.2816710668237916	1.1748346326859973	-0.5859219825010339	-0.39083675301026605	0.02601418805560533	1.989145662565172e-13
-0.7194644547010022	-1.7280592868163693	1.603152115654763	0.514650233020392	0.11268214537311201	-0.027010857465355958	2.8537381129809784e-13
0.5064294352932907	-0.987221381772611	0.2908462508779515	-1.7325613908382955	-0.1547778706713397	-0.011892554916336716	3.764814678314029e-13
1.7806815076513016	3.153975770584583	-0.28144490033354896	1.5519426027455638	-0.25412967964612737	-0.028687104785206106	2.642490502021945e-13
1.3505155857770075	-1.3660824569462313	0.14539897344089045	-2.401959223073138	-0.42241413406723854	0.03448057111600844	2.6908625974800285e-13
-0.6479822189671502	0.5947387998127472	-1.0392685226410532	0.3991922187106244	0.19044731441910748	-0.018502735643885583	3.1722250272928154e-13
1.5065961918936261	-2.02073152905161	-2.0805927502285138	0.1927890813573831	-0.7762367154009536	0.06647079316435198	1.6776670127880314e-13
1.7647172286677515	3.029221941746115	0.9297307088370264	-1.6065664944236084	-0.06068777438111011	-0.02820622317213079	3.9504264691595873e-13
-1.716901427376033	0.8216629826996754	-1.3796682584164905	-0.2572129901697115	0.5424061610745015	0.02775508047011098	5.425693066970762e-13
-0.10761535553782067	-0.5590124823947514	0.1277152761120279	-0.7331418112630628	0.020978963361906355	-0.028203249017258476	2.6219421570941244e-13
-0.5479528906765756	0.7750490196355382	-1.018646423277034	0.5813796347337098	0.17414589539763206	-0.018283162034137837	3.022449179597609e-13
0.9899368612117813	-0.5153643710379713	-0.232569840226807	-0.7139564802360685	-0.31933985001429444	-0.005698498155121849	2.344965835305116e-13
-0.7789891630990364	0.36582885286312133	1.368525872607438	-0.5984485376802708	0.38954318824034484	-0.018511612152033285	2.565303053493364e-13
-1.077453770972539	-0.6965975752436755	0.5377037160638228	1.471986573762771	0.22744440487871997	-0.025077220273075063	4.0118749600599547e-13
-2.399221840662828	0.9781537633297924	0.11466262989421673	-0.6353650475792544	0.8708701583800377	0.07539776980248958	3.7718031845454006e-13
-0.7428795615915229	-0.16327418999327678	-1.528916921047933	9.839254557518085e-05	0.12282910969156857	-0.02555925614678172	2.4729787490131216e-13
-2.860811601533345	1.7072232902789108	-0.3310441936803569	-0.8364311997371774	1.0751253734158253	0.14940779297839402	1.5572116975607792e-13
-2.2812564327831906	0.33223379996097596	0.37680689009166485	1.2919187674228785	0.6993982226634428	0.04233382933832752	2.0816681711721685e-13
0.8645167901306656	-0.5343848956496331	-0.5085153880468174	0.8545005777043901	-0.3655814754800487	-0.00977248121887353	3.888690584818999e-13
0.278251304060761	-1.5806703318405821	-0.5429881082742355	0.32507910273911944	-0.2856159193492362	-0.008808365334839974	2.3658852654762086e-13
0.45966142242282226	-0.399408095468098	-1.6148543556200685	-0.10062791479094235	-0.2594147336664175	-0.022820552480016763	3.6584016141609833e-13
-1.4036159604665022	0.14243461198658838	0.849518253084977	-1.0946123069423235	0.5408669008587025	-0.004462886734307382	3.2939541838744576e-13
1.3673600564512665	2.344358945462023	-0.7543957275556261	-0.32260162232486383	-0.17087338319132206	-0.029016805409605127	2.911413947365762e-13
-0.5762084952788844	-1.0039550615413557	0.42685416735595233	1.7065877855247522	0.02913044964958602	-0.029260814334029286	3.404293854018738e-13
-1.652980596800057	0.23423451852535818	0.7491571346647639	1.0840644438381688	0.530295964698457	0.007327620691140961	3.890631041094958e-13
2.2278823487590196	-0.08219845262566661	-1.366640252723208	-0.6320457042370098	-0.705747503395171	0.03951422722932921	1.9829790306135177e-13
0.8116628298423337	-0.8849886557706377	0.6933092670235723	-0.5795820216679267	-0.25648136935042354	-0.0035216938062781343	3.6404094276766544e-13
0.9028046459142777	2.041591707071891	0.5400708729165119	-1.8463528835497092	0.07399212555853674	-0.02794033382027883	2.807531757530671e-13
-0.6522306743156716	-1.2251872206189962	-0.36860021714593744	-0.07417128267576656	0.05313565173446409	-0.029433048792139534	1.728934048378077e-13
0.13619133154687021	-0.31815647195272123	1.8230699896032014	0.03461812744472837	0.045059981199778956	-0.026408477811236106	1.1119697352640999e-13
-2.269810265282291	1.6223194332183382	0.1567714350319862	-0.06888310317212888	0.8834306503439378	0.0944795355262162	2.471494145948986e-13
-0.8167265778155127	-0.8153734334419956	-1.2623275254287307	0.4241970489595099	0.07227640202910617	-0.029042915838313088	2.2522668884265653e-13
-1.2715285735998592	-0.417356830193724	-0.2496812680362716	-1.1789477034242932	0.37747593799842255	-0.018215443690989503	3.6980541914074797e-13
-1.5727389975062893	-0.053046282295931446	0.7157307577567837	0.7175838104281668	0.4875218298891263	-0.0026177802398805023	3.451812204229946e-13
1.6609547422647537	3.470670415436013	0.7085497368117768	-0.08914733996763656	-0.057580578043961085	-0.02692763963017371	3.7178707573324493e-13
1.04847406735678	-2.713615127520058	0.9615623848333226	-1.0597150914038602	-0.48206666635466566	0.06712689462629622	2.7984928254278445e-13
0.2122987178824481	-1.3355338218786896	-0.7985337541038608	-0.5688067789225184	-0.21877015102109543	-0.015280412724812809	2.294122144848822e-13
-1.1222267384581939	-0.4404641278161004	0.584319491023252	-1.3825775101652036	0.3887456972767762	-0.021655470927825337	1.8582735824511318e-13
0.5374763903153639	-0.5649580950515921	1.760642680510493	0.5017994962358401	-0.1224356514200908	-0.016808478967726595	2.154618103191145e-13
1.3646069677162929	-1.2476209379324288	0.08210090825858528	0.04352128560045806	-0.5182615756826784	0.03113105994544773	4.175475103227639e-13
0.5117528080064453	-1.5184470514923563	0.058264895453517936	-0.5183571660782763	-0.2766453423759832	-0.0013240041262203189	3.257881118930836e-13
0.16456993867648495	0.06016774449801578	-0.36948066995127526	0.46320735984764433	-0.07147203564169688	-0.02892336060856941	4.571857020213805e-13
-0.7857733223584996	0.3500940684784793	1.8606912930096096	-0.4906193062357527	0.41488445256437506	-0.01853517909528403	2.937144915728274e-13
0.7371537071506173	-0.5791374917218143	0.07264842631436307	-0.8253194556823675	-0.22922362541503907	-0.01236507322019469	1.3288729920455463e-13
0.4287436861208689	-0.3769821896934844	-1.8836345175884661	0.30027809232954783	-0.2804803361802696	-0.02380569343812646	2.913578178380442e-13
1.7097599866280333	0.5569670112933124	-0.1709714905197359	0.5962458055839951	-0.4660506322092281	-0.0025654018155865568	2.844961442447747e-13
0.3376903822853657	-1.078315701866404	0.7338500690011833	0.08778323758188204	-0.16319747746607968	-0.014891989696798745	2.895725007378138e-13
0.8364981237295146	-1.2963876028190016	-0.5520365370941684	1.5783752040754289	-0.4706396849489074	0.005859976879568993	3.5454575481234486e-13
-0.24563926565813335	0.9129471750847229	-0.2784977980943651	2.0940457642810117	0.08138724723731731	-0.022759307348167557	3.7886487556091716e-13
1.0216689047330394	-1.6338843332448796	-0.3788248143565176	-0.22536348009168589	-0.47579316205482286	0.024452996997696697	3.123494147663372e-13
0.05744984582146318	-0.49291033498913894	-1.4201566803868575	-0.6528664988742274	-0.11664787710182699	-0.027811526715265125	3.8137557672002924e-13
2.178461588421941	-1.4770902700450401	1.0339004301090728	1.234274729517794	-0.7695651665160345	0.09705935767999696	2.459150396867834e-13
-0.8429534758434695	0.3075135914684042	-0.7670981478821277	0.4182967956151497	0.23260609484191497	-0.01799080797240014	5.105143336325179e-13
2.0116631287008393	-0.9844089590103954	-0.4622217229306203	1.0780239476997333	-0.7534701727164492	0.060881204628266655	2.997956022741759e-13
-0.04684148843326534	-0.6188330004611873	0.8854422066094283	-0.06353247283494934	0.014505141314141759	-0.026990812552059214	2.256021413687879e-13
-1.4754520776285935	-0.8330957928449011	0.11942079879445115	0.0864141508464133	0.36285247862473263	-0.01930226217341689	2.391633949551415e-13
-0.011107521710503783	1.1479795343103112	-1.455353975946251	-0.005822847772746486	0.053009404699532685	-0.02447322391825762	2.608194224333824e-13
-0.5970292496349645	-0.2268525645282015	0.1547354955987839	1.064052656546891	0.12971559612337924	-0.027463111232717472	3.527143433535935e-13
0.42767195004169006	-0.39365724353153847	0.9846011303028339	0.5059395375422301	-0.11850504921123813	-0.021902748770251463	1.0141556820547184e-13
0.6908795742403144	-0.24201674149713448	-0.9082666174153483	1.1499957683061834	-0.31952189680364135	-0.019490759296999057	3.4266541282516546e-13
-0.576391456446089	0.44653050941110206	-0.9195359912723018	0.8273913558971954	0.14246412056917354	-0.021960137368824528	1.9698514580620576e-13
-0.5588874608623159	-0.9729244761751678	-1.9911505448681472	0.08196407911248631	-0.05079746482871639	-0.030196468112778718	4.4511173881332346e-13
2.254946983074828	-1.5289722805509367	-0.12537726068958538	-1.832598574890531	-0.7406221060685985	0.10436609344094293	2.399639959322067e-13
1.9460207467143176	-1.0551905247604256	0.324714068835374	-1.0516571439331341	-0.6072113856994956	0.06036829132256648	1.2282857677287669e-13
0.6947778239933227	0.008292867675944775	0.21127434837122833	-1.1051114018036614	-0.13417218414955853	-0.021723456086534535	3.7383521848507437e-13
-0.3394854344798839	-0.6861470189029085	1.6339040550082085	0.5824064520673773	0.11197756357748716	-0.02850888461317247	3.479840897014214e-13
0.002472656018243352	-0.3332138311280067	1.1165902954722975	0.27353226364219024	0.030758283527000888	-0.02789122245743179	3.166151674362507e-13
0.201031821865285	-1.2620643143390082	0.35279891292680954	0.432745796530683	-0.17972705001097156	-0.015937850799868713	4.4025286525667527e-13
0.6520482014785581	3.7283235775219388	0.397991191905597	-0.3172611874914578	0.26223367888790733	-0.0006097167132530569	2.947885038495699e-13
0.9206072992404575	2.109826777119203	-1.9294902006095562	0.2834260048861129	-0.15923099691359574	-0.028502700717767903	2.887584228414322e-13
-1.9771378414187915	1.0982760669686855	1.3906179415602036	0.9016015015697473	0.7699418582271532	0.05136814979228563	4.271841165338759e-13
-0.06860339935436	-1.1740770236785694	0.41258673044146404	-0.9981447061700216	-0.02874460632289838	-0.022968102388648246	3.909950856813164e-13
0.5302246201094138	-0.8202662997944382	-0.9082412204556243	-0.990744566869359	-0.24627582717298366	-0.01493785616097392	2.5313764109996583e-13
-0.7151365385826497	-0.011294657726403522	-0.38259022595944714	0.3297666660406027	0.1862903840527541	-0.024365882921485893	2.514530455783765e-13
2.44636065190583	0.1514786684019857	0.42499862437786545	1.4173273487589129	-0.7213111495199105	0.04637435939437545	2.1238645431262279e-13
-1.8398620620220578	0.11413374315944813	1.237835470071782	0.6209853401242018	0.6213403493472763	0.012232603098775255	2.568113398845834e-13
-0.014338329888401408	3.784375145933309	-0.7119982274931215	-1.6791980659282881	0.4580912135717712	0.03165204446400094	3.205000587900029e-13
0.049844639092351095	-0.5027301005982915	1.86937666198961	0.03458182930895652	0.053423573525233616	-0.02616478829257122	3.733009023955825e-13
0.9513736146912007	-1.1035012727987863	-0.8933527312417558	-0.20679744642374892	-0.4309171906316892	0.005649239142636613	2.8807592549274523e-13
3.6385333871201095	1.8737111849205221	-0.3240831344062652	-1.8532030648546451	-0.7972348357344441	0.056642147787215213	3.105969919167607e-13
0.49430336569696515	1.982909322858541	0.9968601726045024	0.6922135015083097	0.1120539322174628	-0.023986573411059732	3.1658968700168976e-13
1.0801736598913467	-0.9045751159619849	1.880180279576443	-0.06489346043233385	-0.28697117639274217	0.008712661597516526	2.068145022671265e-13
-0.08433750167616401	-0.09076373421030927	0.3088058645084841	0.1582574996244184	0.03895651025500541	-0.029176583844902258	3.4036489982328433e-13
-0.3360959032174591	-0.16951011126370807	0.22394063999147149	0.13277718990757334	0.10092853897273747	-0.028954565176224464	3.187672734697286e-13
0.9263256858511515	-0.7028701481666698	0.9900744052459335	0.5553412274145624	-0.2994738449794893	-0.003048394819857195	1.0734051455778104e-13
0.12942206371239845	-1.4571778003212599	1.3357528260298923	0.08157686619951428	-0.10621643556505214	-0.014058991241406445	2.499465090023084e-13
-2.59106253173237	-0.17054906283264912	2.027862351144516	-0.14580237711881436	0.8944928221550399	0.04212022126269735	4.3909672520187513e-13
1.1802326217241061	-1.7651992015373512	-0.8783218167251949	1.1365331154333673	-0.6215576263217378	0.03699994333540995	3.384304876069469e-13
1.4694124923203977	-1.0275855287311573	0.06925661320492567	2.2052483879439007	-0.6151121090398051	0.029607901139884447	3.7405840635806093e-13
-0.9582276953504248	0.01277800010925903	2.263747479330192	0.15847845892470513	0.42681285059748314	-0.019208164253608325	2.6759075668256074e-13
0.031648948671386685	-1.0243278822082966	-0.8251271497809334	-1.0322592416342622	-0.11495053473124335	-0.023483323629035473	2.4331988334052674e-13
0.3558473916990752	-0.6860576861138991	1.1522592485993002	0.5630050003581454	-0.12101620113633395	-0.019780055829438772	2.5808933134154445e-13
0.2592953134023489	-0.28466884699391837	-0.023606882358593453	0.025977883678223384	-0.09793232730604262	-0.026153672530108328	2.422925139690379e-13
-0.7459769082387644	0.09256556373430287	-1.2985103388051027	0.7112712436118158	0.1363106297601013	-0.02287679120096169	2.2731278509645415e-13
-1.1917869946507083	-0.2863074757840036	0.9168926420734178	-0.370025475247233	0.40470924029973926	-0.01814755520274047	2.8145249988930644e-13
-0.3398500434910105	-0.5670825887790327	-0.4424036760646868	-1.7047802268345174	0.09447072360396265	-0.02950914744429111	3.4420028148662394e-13
1.264187935091445	-0.8762007765604524	-0.3986751905521384	0.4428691908024269	-0.49512629753726967	0.014113952147107292	4.952741801508514e-13
1.3399495006042137	0.82378356458875	0.45026303076732693	1.3562728028867737	-0.32319038145458556	-0.018026711224013565	2.49987433056113e-13
-0.9980328412358009	-0.7663180320862539	0.14293827662922004	-1.528373220105792	0.29576802352648063	-0.02673107253938228	3.401494649926167e-13
0.209319679153152	-1.676430626994511	-1.2147912001867784	0.8418963045966806	-0.3371155485826159	-0.0097630324930545	3.9639352120217e-13
-2.8905623372858136	2.9364591915270872	1.9016802390919083	0.19037482551250173	1.315828435244486	0.22486346816569583	3.4987744121341905e-13
0.6546131984148018	-1.847098941032167	-0.7339733753808676	0.39178350656351935	-0.4380279121562198	0.01213180733612228	3.0352950117205387e-13
-1.491413545794702	2.0772440001508468	-0.16042233824525967	-0.5621192495799374	0.7001241750097422	0.05855060464466756	3.7480657018660677e-13
-0.9213068541921636	-0.6419835057625131	0.9340845775079999	-1.2087127694343134	0.32078524753585114	-0.026558821046121447	3.0574090265267637e-13
-1.404311898740354	0.5418264298202289	0.4541215006999861	-0.3769086764234971	0.532073538903639	0.004721344604246436	2.1747531888784664e-13
-2.123431889951883	-0.20038777101645017	0.04870372608840467	0.5515347863080713	0.6033092742140733	0.016888260784314862	2.900182137259278e-13
0.8379171774364378	-1.525922649694747	1.2431523325803964	0.2525175062915458	-0.33325019489720403	0.013758208263112198	3.331452474569228e-13
-0.5520478178246335	0.21888168380251738	-0.5132160672432279	0.25809378422468765	0.15803535104826089	-0.024737906158872263	2.6805114807032926e-13
0.07487513720917907	-0.8068241695635562	0.22391415130986617	1.3101117119798373	-0.1376246878457231	-0.024335798521425048	2.9410160699905294e-13
1.0197168340851297	1.8060733151745538	1.3493733069783431	-1.149858463555106	0.03370221622391167	-0.028350579767826813	3.0746594575379625e-13
0.2602262255368895	-0.8216175707263716	0.2645243727768884	-1.02626342036954	-0.09538579872894103	-0.020661061372400702	3.0061518370529736e-13
-0.10372112435732352	-0.4087726073684096	0.7509367108620555	0.025282398144243955	0.04224945553629841	-0.028470394485432576	4.063650795242643e-13
-1.5019333231288492	0.8111913823084471	0.11749945427796135	0.8999234788522895	0.518674380164133	0.0162435129352466	2.40038044868949e-13
0.9245942360705589	-1.0259481261116086	-0.9402882523269843	1.2139467226175276	-0.47602756103602695	0.0025320692717100547	2.185687525585603e-13
-0.9350538794748446	-0.3928751652958214	-2.250423911602157	0.04994261553945284	0.10966306563801437	-0.024874698760427333	1.9046483798992245e-13
-1.843759087703127	0.9690352361674922	-0.7111302237754747	-0.9292641882558628	0.6646557445730555	0.03948016625992969	2.3855352586387337e-13
-0.558918767754807	0.1193524742684946	0.13212797101029233	-1.1712634869331804	0.24654331053856118	-0.02540151335405769	1.2919779491178225e-13
1.629504635630576	-1.0571968013877422	-0.3588257293358671	-0.6638249311796028	-0.5726033247624003	0.039436583656679444	3.5205649081505036e-13
0.4167211320470294	-1.4670163526571223	1.302554725069914	-0.4234678074196031	-0.17268608061020288	-0.004859940057294524	1.45496351086247e-13
-0.29519910449103776	0.2998759874276689	-2.3220706068464	-0.057924552826990224	-0.00483156090486937	-0.0277964222383476	2.2377057022039754e-13
-0.46269197542279283	0.07631877378563003	0.27557693539284756	0.9491798515155887	0.13479579065311523	-0.026890641661926968	2.55904966786648e-13
-1.0001340761112187	-0.9287669133103897	-1.2327282038160317	0.062427995186739894	0.13099341547828394	-0.028105582593687697	3.1502089236520496e-13
2.1876588610934573	-1.4970616958420169	-0.4978313999311403	-0.3854089835104349	-0.7996997776311867	0.0966787156273965	2.0696061858555288e-13
-0.061031350394229016	-1.150258165709848	-0.9838618323292925	1.0968198749300444	-0.19811449485809707	-0.02396782489791487	1.509381572743297e-13
0.331250265341225	-0.5789535469098618	0.4790395119957151	-1.8240834162816812	-0.04465102014510452	-0.021932584671384207	3.205341590375424e-13
1.094323447104115	-0.7986173657984563	0.2808856084589782	1.5923444148543533	-0.44381814193530644	0.005089680321534115	4.849626754142465e-13
0.009734563459532674	-0.6434854370571627	0.07705688163751755	-2.06386589117209	0.028851205679123613	-0.02657934758361557	1.7708438725054983e-13
-0.6644949455398403	-0.5085471685655886	-0.32456796828512813	0.03975783038899802	0.13243057718830537	-0.028491469700089863	2.2956697716846526e-13
-0.4839843239871559	-0.3159611466749879	2.0492121436437527	-0.3273504465355973	0.25708685173905527	-0.02814763421413278	2.3130872151601656e-13
1.7889874690218321	3.138651812470637	0.45314511176671946	0.12216734063388433	-0.15554310707178554	-0.028409503719821247	1.8663617165978651e-13
0.021671063909575766	0.09144267612413834	0.5890399142653149	-1.573397337068866	0.1151992334752167	-0.02900499629241363	1.0115246563876243e-13
3.398244303850138	3.7773824621039234	-1.3413803623805838	0.9562468105929437	-0.702638019608321	-0.010599535833778815	4.4716224693834446e-13
1.9085729335204962	3.038141229078893	1.1607660003549136	-0.12878959277837884	-0.14908826672031456	-0.027719482913077933	3.3365896704136244e-13
0.6603055528562485	-0.7485525454439637	2.178869404170306	0.16165007943742726	-0.13902653726503494	-0.010103786340063429	3.701781076250888e-13
0.6620504266928663	1.2622890835357716	0.06300800889406676	1.8271153721354074	-0.11862605303388195	-0.02900729427894582	3.154704269102725e-13
-0.3097831204886352	-0.8059489020482943	-1.3797241882880482	0.5860867113251016	-0.09044907170330962	-0.02934187798576713	2.7788174632288135e-13
-2.479110237654652	1.164396577002438	0.9296054880009406	1.4372204212126003	0.8797018437756358	0.08905367304373679	3.299038681954423e-13
1.0165923924928884	-0.6523249810386863	-0.05975805258630403	-2.307547828497228	-0.26590093448773255	-0.0016055460294454606	1.5668410969353986e-13
0.3614692266781125	-0.3505196294786414	-1.0023312295864246	-1.285254242020473	-0.139927551515323	-0.024649483288439817	3.4680966743005756e-13
0.9041802986526063	-1.024013391306511	0.8916620351342023	0.7042904486018587	-0.33909618538454767	0.0033210305573471385	3.9452424471409975e-13
-3.470177462189144	2.0253015372316683	-1.7325914918850343	0.1756011186989411	1.1724546000576401	0.23255739248240356	2.815248768075889e-13
1.9475072918862033	-1.9650615112033891	-2.214908586352309	0.09034652087679343	-0.9015872019979638	0.09725193260012162	3.314995015063604e-13
-0.4899209179556172	-0.5129593278074109	0.14419055699147632	-1.409292764749895	0.16776792804961552	-0.029208507681078872	4.0012878814360194e-13
1.193357616892355	-0.8540272557664892	-1.153814071511947	0.7917581481453817	-0.531737845726729	0.009499805344307668	3.115266812334743e-13
-1.6116717887080716	-0.01234803419212813	0.8478271361679929	0.25303704490505463	0.5306561250904951	-0.00029137096064671457	3.413440585852362e-13
0.454689177325218	-0.8116855781577256	1.3652772774793733	-0.7235820461810947	-0.09789106384462723	-0.015472840602158415	3.295800222669248e-13
0.688531308760871	3.833045931334517	-1.3568467512044249	0.04850144998379035	0.14281412693490403	0.0006044123090631837	2.5206665441034824e-13
-1.063410248652178	-0.2084610580360374	0.40001326252083713	-0.39187354726352336	0.34491684468829753	-0.020001616173998798	2.535710021833817e-13
4.554594325416134	2.867251759467296	0.09653416401165585	2.005333820519202	-1.0917388903534804	0.08003311199482115	4.000833189185725e-13
-0.3073794561019358	-0.0578088583785351	1.0160140990544793	0.5156570768414619	0.13627220689440375	-0.028522726630419142	2.7841302913109437e-13
0.3065184720265153	-0.12273343547238426	-1.2429124295006906	0.3660582239427464	-0.1814485564759719	-0.027352172908509793	1.9179388132752425e-13
0.4343321794386103	-1.4770447828462576	1.7817676969383631	0.5926706458997697	-0.1918943171916855	-0.0036589570707303057	3.30040956247388e-13
0.36916104096170865	-0.6927356106808589	0.030941075377468243	0.9795063746636286	-0.20994871952748884	-0.020148357285608758	3.902019876918577e-13
0.048019069320471515	-0.3819705449549117	-1.1256694692959603	-1.0026602780857565	-0.0699012374696835	-0.028347654453640656	3.3932988316103375e-13
1.30924812996665	1.1961085758369687	-0.8249649850678452	-1.4161665893063078	-0.23686139159537511	-0.023769440178590524	4.3524747910359137e-13
4.684361832278533	1.9025915595165594	-1.4777560726142533	-0.09104930133533577	-1.2373789251982208	0.1366587008563272	1.8980323263776348e-13
0.7821300409731813	1.4302726473756087	1.173226848496091	-0.04760352470472609	0.007506384715144871	-0.02852944591300904	2.587646000950431e-13
-0.02226982658200028	-0.6317965700083638	-1.2366987613922984	-0.31171917327211235	-0.11110802043967212	-0.027725123249778376	3.943767264648569e-13
0.878227036232554	-1.2047273977537438	0.48047728327228745	-0.3939986524738487	-0.3302248019478423	0.006358427992940124	2.6532460539602816e-13
1.076115479037689	-1.0567839807272668	-1.7771997967744322	-0.19938877784875086	-0.5156714361191903	0.009061970515101448	3.844770593635061e-13
1.0895692858270207	-1.1618658841716418	1.5326372696725172	0.5492780150812415	-0.36296386583532436	0.01575076085709071	3.7077537929564804e-13
1.468413771573284	0.7650860652659832	-1.2537695151631354	0.4895050724514167	-0.4337239414592265	-0.015063762388279568	3.04614071411879e-13
-1.3870288923537555	0.6387584684722989	0.7541976314270632	1.1964865545572199	0.49098843331053665	0.0063822058588033454	3.523791873643346e-13
1.2629841581366303	-1.9740978298768685	0.5000554915359066	1.6784001168826015	-0.6070227666717765	0.051296853903357954	4.251466126883527e-13
-2.2050764219966337	-0.7510024235730314	-0.6154846471043023	-1.8040537852878284	0.6237166199881318	0.005819914446430278	2.1302943672859625e-13
0.14273721872126768	-0.6006851441425948	-0.6609763380020321	0.47587151138766104	-0.15423754858253316	-0.025609309401994757	4.2076292452131066e-13
-1.3548823598459634	-0.36430180890230424	-0.21453134494985224	-2.094613042837821	0.44786666697577815	-0.015316712625227396	2.210828581507368e-13
-0.2973205198580051	-0.3458769137464935	1.9631909924066635	0.04421731201651113	0.17814618819384886	-0.028652461569107914	3.270825015358914e-13
-0.043197704640521056	-0.9795924552823542	-0.6974349046647892	0.771298557506651	-0.15450787612146127	-0.025128786583089625	3.324685259948655e-13
1.1108944804651153	0.9763248120787246	-0.6978904030136	-1.350840103556392	-0.19713177931211376	-0.024818834499230193	3.9086014767128604e-13
0.45999895550936687	-0.39708667514867485	-1.9369604682458623	0.024317261185417917	-0.2836987229721559	-0.023041621491391762	1.9279059347168883e-13
2.4956665547614745	0.12079386724558774	-0.46421654984992416	-0.07004705200408068	-0.73109073633963	0.04964013071388465	3.4267661462040654e-13
2.594815173254713	3.180972905278575	1.653533046070661	0.5222954199636923	-0.3332123204226722	-0.019968853935939872	2.1921231282778373e-13
-1.4497777397605944	-1.8384975809105308	0.8414715924440566	0.09204848554346405	0.2884767470894545	-0.02852775118159857	2.8794653062635844e-13
1.101365709273735	-0.6021546526420235	1.2423366507674012	0.573316056735693	-0.325566200599476	0.001554642413940828	1.9964965296152067e-13
1.3535202685106957	-0.7758676877977487	-0.8053238321233268	0.16781188076506967	-0.5236548911572394	0.015150114625575277	2.310692136835327e-13
-1.418557035008098	0.7685081533596979	-1.440116461661904	-0.818912036750226	0.466231262077661	0.011546421263582197	3.064583673826705e-13
0.2367955606757227	-1.1673676911774409	0.17227188075702102	2.1181924316964515	-0.260124078371959	-0.016627310228821517	4.571492162455544e-13
0.7437800773922235	-0.5885650293962036	-0.572302011126519	-1.747086577586845	-0.2329876380312635	-0.01246440711076808	1.5078000160971982e-13
-0.3751607791384736	0.10620017268784682	1.0810726597327942	1.0870452582149903	0.15464531055927255	-0.027367726180840657	2.166530334401352e-13
5.731471490749375	6.1386961940105085	0.3443228818553996	-0.9138802201621581	-0.9557747126563176	0.031057615019721662	3.5026626014358265e-13
-0.1773004999598409	-0.004879057228798326	-1.7971550736907944	-0.6054566754886428	-0.01901759131646376	-0.029774649037440766	2.1538292474233504e-13
-0.512852667209662	-1.2359737074132264	0.019439292949602758	0.8865061495365202	-0.005397463653451751	-0.028450659365151135	2.591675700041771e-13
-0.27243630338169633	-0.05171573442367187	0.7403905742296516	1.5795792695248032	0.06638812468456608	-0.028753161927505023	2.7420622067149693e-13
-0.0003727871964332287	-0.09863610633477024	-0.057447694891377764	2.2901783625759093	-0.09619588766527555	-0.029151452883841814	3.3975845434564537e-13
-1.1351277212760622	0.8932640069843574	-1.2424222875484099	-0.4425797039460225	0.391388146202188	0.002659333333992057	2.3031976392892087e-13
-1.8241635479269167	0.6971694711230176	-0.05843279059093756	-1.5088623381623212	0.6912813668533675	0.029037784077474264	2.4652991333513976e-13
1.725655698505762	-1.0867632322641647	1.2221678510047818	-0.8446586917510213	-0.5013376424197462	0.048254200146505534	2.271384504389727e-13
0.055759868678812406	2.257611268402058	0.36844931424000665	0.28540668698944066	0.25198752446939654	-0.010372895120893576	2.3925935861662075e-13
-1.2068271821688865	0.5269405038920962	0.4315218329505332	0.7044902255256499	0.42550429535816764	-0.003176885743757668	3.1119225782482966e-13
-2.643382339814331	1.2631218539141482	-2.0198074063177485	0.385161533328501	0.807492256297731	0.10854916585401604	3.1064972019914706e-13
-0.8200100776762826	0.27472115127878866	2.0310290763592613	0.20759792438545333	0.39836533441668076	-0.018776750798547792	1.4034969011821892e-13
-0.7560136152637293	2.1477780576057963	-0.9150522913262561	1.5308901599756242	0.35522781314117907	0.019283697037440005	2.8817194314916636e-13
1.715050474246379	-1.201714854887933	2.0163481527631264	-0.2665690878535194	-0.4863910253451724	0.05285473388092224	2.533245956761508e-13
0.6950333029408752	-1.4201617158428756	0.11238714507233948	0.10035123305448086	-0.3419285241811719	0.003658179608757559	3.442024457743073e-13
-0.844100074956641	0.30631643374074113	-0.6188194277793999	0.17421411031507947	0.2517156508313498	-0.017972073267578038	2.4039864203100034e-13
2.582528726930801	-1.1869733698496618	2.3033913932087424	0.09206802006193855	-0.7327878071233086	0.1184428010181989	5.440663201253947e-13
1.065130911564298	-0.7547919227339425	-0.9423153244083254	1.3321113028855218	-0.49330453134697944	0.0017332867744603217	1.6048634295621775e-13
-0.7861611296993511	-0.5119565582078501	1.0734440460104087	0.7038099659572947	0.22464238869081637	-0.027116787900782688	2.9574154780679795e-13
-3.534413247916064	0.8242784331596708	1.102342252036319	1.0383315548237495	1.188920228479887	0.1619040424068901	2.5230115276627625e-13
3.0222974773213545	-0.5946001679140929	-0.17313627550726912	1.0600169691764905	-0.9864246554494598	0.12237096713869473	4.2392351128627934e-13
-1.6638077720301718	0.8253907979775973	-0.1084803540310645	0.30710457893945553	0.579743458284444	0.024710202592357094	4.3832478057006155e-13
-2.0333914900271863	0.8929086575563636	-0.8702653612985735	-1.5755525333733762	0.7303741193276975	0.048146814475966075	2.590707774642832e-13
1.8677346608542005	0.503911990682242	-0.47146344457774203	-1.7243800935669262	-0.4405784313507216	0.004684575911461049	3.476206679167208e-13
2.6630644170385107	-1.5801528395683535	-1.8604539110678942	0.4264440020906302	-1.0601200958199144	0.14041060411596434	3.2361974084412207e-13
1.2333705649031126	-1.422473230623088	0.39856030451262664	-1.8699717371545879	-0.4009599880122241	0.030026170896912646	1.748511225501543e-13
2.402753860073952	2.5166598201328254	-1.3621626048639224	0.17121913865719493	-0.5142246278870113	-0.017564820900907357	1.7191486841655456e-13
0.46660904826025196	-0.8013455626003776	-1.1022298990121764	0.14790172100609372	-0.28396412247212277	-0.01708843736809993	2.3364033983080245e-13
0.7186328415192798	-1.017002502889659	-0.8858534342162592	0.20699864924666186	-0.37026372847542766	-0.00540816542914626	4.276555854555045e-13
1.6752340730962296	0.8116440881554078	-1.2899897450311666	0.8954777824856699	-0.5082270212529846	-0.009821285625274675	2.8260994756753007e-13
0.39622296729619977	-0.14742936049990665	-1.8800007704653248	-0.0884903610533796	-0.23006450973770068	-0.026399573649217443	3.0568772318473673e-13
-0.4650285720182067	-1.095990409919478	0.12297248577265256	-2.319941459855654	0.1334315901374782	-0.028569893736089813	3.5872943284481745e-13
-1.6391021222476174	-2.6447887763560125	-0.06347692921041385	0.8848132498953808	0.1703249837567328	-0.029943250304555375	2.4885165713581884e-13
-1.410475535657966	-0.47628722426481396	-0.9012828136596751	1.0360281214649605	0.28251994012945936	-0.01565179176560065	2.1914348772055577e-13
-0.6519518259862205	-0.4495644521939852	-1.1221701300025404	0.8158224936276348	0.05548934685776238	-0.028527047363899147	3.2872290557063213e-13
-1.909837477583934	1.2669245382251575	0.8112967838884114	-0.18545473707665533	0.7784586126612058	0.053740673575005345	1.0927985413734861e-13
0.8911268209394466	1.7291636245604152	1.6957492391287818	-0.0776449379518449	0.040161384819332964	-0.028251130848710723	2.157595216473701e-13
-1.457764651774104	0.07170608274783544	-0.8161952191361892	0.4226009829007687	0.3872724328861895	-0.003899530472718156	3.6849359088576125e-13
-1.6678360006418758	0.02529127342434211	-0.900466750643289	1.5263777924758262	0.39472727230247884	0.003029203090235666	4.014507087790598e-13
0.01684277092891264	-0.4783560248827427	0.41043149441881743	1.7788517999960105	-0.09324753044381466	-0.027432258633124	1.568800582488562e-13
1.4849503868198943	-1.0365712686202104	-0.22947781200137676	1.8820262296356802	-0.625219510470779	0.030449682742416957	1.7416850195360244e-13
0.42525253664792345	-1.6750859443919097	-1.131538328681496	0.7623009270447556	-0.39189956950535126	-0.00216912190228501	6.342558653135678e-13
-2.394668301021602	0.10008081062931017	0.11090652347117763	0.5458281333556227	0.7223938803209274	0.04089623384446012	3.5840538799478275e-13
-0.9809483325794037	0.8601421566887449	-1.4763666433314844	-0.134438274419987	0.31488161026743733	-0.0038951460836439914	3.194893149418789e-13
0.9975933599605411	-0.7403241112263995	0.23209948496764363	0.08263513662554572	-0.35032302240340313	-0.0001803842011821355	4.066590625222302e-13
-0.601576150186505	1.5188513907737524	0.5174429282726631	1.7859120841385538	0.31451678540850014	-0.003437154719473459	1.7222440291521918e-13
-0.13992937691316368	0.315110971949182	1.148352788458574	-1.0374116323722693	0.19882361590769615	-0.02809159765783753	2.7845760016756293e-13
0.6426894137825048	-0.32491292362210344	2.0727620238929623	0.04320768947931002	-0.09012553937851253	-0.017445898511296836	1.3494167388570238e-13
-1.2489305743682364	0.3843766234158604	-0.08675591869870032	-0.38462549104966637	0.4360626375533083	-0.0046868505863218385	2.7672290042501595e-13
1.9839767803219528	3.020415549473195	0.8796338404443077	1.5492189993307146	-0.259012866479585	-0.027380028958513932	3.4913745439532087e-13
-2.0312979620676854	0.056537068485879034	-0.16026666601274953	0.5017470706508911	0.5936940843498846	0.01996451831887803	3.3137616388595844e-13
0.35660575560309377	2.076812817707874	-1.313337314574857	-0.9265293211550154	0.09142228915003642	-0.020838329900750036	1.7333094525987045e-13
-0.26285016492498237	-1.2917125851045397	0.7895119609082483	-0.3513832025322851	0.011842452731343593	-0.024841266093592624	3.9062623391238674e-13
-0.8113793243006998	2.800141363552556	-0.6993107175466053	-0.4327109459574837	0.5381145837074689	0.043414586931708486	2.9428555952256683e-13
0.6289750795446295	-0.12054786845156108	-0.1987588813321125	-2.042270897696925	-0.11473030965566061	-0.02177053831080945	1.1137448010935017e-13
2.0668025395774348	3.50362325174238	1.9250651874216265	-0.32586083805131566	-0.09165417468557743	-0.027695517923916106	1.7500959625299802e-13
0.43405469884276404	-0.7459043498052486	-0.9178951201603429	-0.17282593693807394	-0.24426221739333298	-0.018559609628560753	2.805109929700201e-13
0.03724410682581812	-0.5446126194420509	0.8787501733860955	0.5692192645285177	-0.02867937700156256	-0.026557332470319082	2.927326342570426e-13
1.321332714122235	-1.268919080778457	-1.4585276036157189	0.4312126770789713	-0.6162399707781865	0.027750013112698063	2.995568626898348e-13
0.5744930147873413	0.5568571314004093	-1.4578265164926114	-0.043008526918409284	-0.1833504011767783	-0.02857487321166851	3.0105988432148117e-13
1.6207812579949528	3.79315203182925	0.949911143249942	1.3506920375484677	-0.05516737787826967	-0.024257378816985288	2.8516376437368386e-13
-0.2728270606435614	-0.8481302560796825	-1.057088477700076	0.3647239226947651	-0.07749832181673061	-0.028789792715398152	1.4897954360992216e-13
0.16688528048509058	-1.1240045206367746	1.2087707283862392	-0.6839812754093298	-0.05778961733219376	-0.018178789528089174	1.6099246901911548e-13
1.5266425176178817	2.3671009988204954	-0.5517991119361045	1.0739239029468457	-0.26071128706371016	-0.028546101235111507	3.047261888432879e-13
0.015023007525264982	-0.1326412607942336	0.0461701144354346	0.24437916792163847	-0.014225127988162325	-0.028947050119254296	2.378301071108652e-13
-0.8815282383962597	0.3200994154677634	1.23899749076421	0.7655221214395712	0.3513567383127133	-0.016762069376907843	3.3885772254788046e-13
-1.033218870552531	-0.044630420762670556	0.8765036113232979	-0.03493797024922741	0.3677501895229104	-0.018428394918695516	2.3455970046279947e-13
-1.3592205243847533	1.361943001635156	-0.5661075590701047	0.0575655118990648	0.5306514188535171	0.025765287814241096	1.9708638647097569e-13
1.4003421967624547	-1.9902413231155451	1.8606682078879808	-0.04151407265964449	-0.4962467965252684	0.06285044524032328	5.517173883397807e-13
-1.8341468187375527	0.13319255134243418	-0.641729205842569	-0.9379864807528484	0.5732454480804251	0.012888761063031008	1.6425231533797926e-13
-1.19981673747209	-0.2656993256922867	-0.06971512592565672	0.26079365341005606	0.32439201341758755	-0.017722263679832477	3.3746781320569005e-13
-0.985595734864432	0.1601481142684635	-0.022564020079255655	2.1665241915943905	0.23179899271427112	-0.016643083601902555	2.3225588006671673e-13
1.0214144800235199	-0.587003956089051	0.25907965105468234	0.3672900116897425	-0.35107904774646637	-0.002681835076589344	3.288892650080024e-13
-0.5978848286786282	-0.26266851970007987	1.5556203918794784	-0.004240576956755751	0.2538353415140973	-0.02729775591580649	3.480992133156434e-13
1.0665012371643519	-1.365993531327357	0.7086740454792652	0.06967226847376057	-0.40750493968556517	0.01972464794076309	3.053766441651722e-13
-0.53462172005004	0.8357752021264035	1.6308616574124681	0.02437048515485348	0.3583426134777825	-0.017561298682782576	1.8728049520718777e-13
0.4766829636666637	0.05642019695853148	1.0755553949586765	1.0910924333769048	-0.10317061990123458	-0.02531996018089942	3.4127476961856953e-13
-0.9596185770899176	0.4828015685188202	-1.5212806073760814	0.372171741866292	0.243432333334671	-0.012033486756855234	5.792219209995916e-13
1.9951944065738307	-2.012490620852828	-1.9198678542465786	0.3266444977601834	-0.9122366706244447	0.10389742073724179	3.553808295937119e-13
-1.8496768194573858	-0.044984204789496954	-0.5768388913257972	0.454052236446047	0.504889316594845	0.008802291064843936	2.571898352692196e-13
-0.24085449333686557	-1.2255693466237705	0.9917270520895807	0.004152909804022506	0.009993575950937517	-0.02497869104412289	1.416634048237698e-13
0.7423530685931985	-0.40853831256451856	0.10782765647889977	-1.4026948698789075	-0.18672975361314847	-0.015004938693180798	2.0054485336896893e-13
-0.4791112950589356	-1.9452190242131655	-1.688149396927522	-0.733608753551314	-0.12744985774208706	-0.02352541428806789	2.2080496530810858e-13
1.8110599771588625	3.4515921097217115	-0.34907164023869397	-0.407820762993879	-0.1544388610641252	-0.028242692820937863	3.21586511888663e-13
-0.05112167660152193	0.21229481613463336	0.9342577276995515	1.336485300162081	0.05105831920949059	-0.028822497712748116	3.8107780997282936e-13
0.01695125618114374	-0.1334836382127333	0.25593558978325254	0.685718810760227	-0.020437772429878705	-0.028854102920824326	1.698225533369448e-13
-0.22548702621897673	-0.07501758401118261	-0.9039139345407944	0.40206098516629524	-0.0002071129813851291	-0.029487960330554983	2.5753366721250607e-13
1.822352788431135	0.5461232710424484	-1.5836912755031027	0.09112758776349174	-0.5640739425796678	0.0007687496480647356	3.7828197335599515e-13
3.1239658532663115	-0.2530505036024377	-0.9948170585241457	0.32754800046571914	-0.9996086888912835	0.11237505481264319	2.868853905583048e-13
-0.6741467262161259	0.21884469332729506	-1.9151712620813393	0.26729562475902047	0.1100355173571098	-0.02285948643177143	2.368944622131415e-13
-1.7557183423933362	0.582112495757655	-1.7473761525571145	-0.22079867135071737	0.5039276685036466	0.022412765799777083	3.416594957517357e-13
-0.4966202936814514	-0.6683287280892507	-0.2507042464812743	2.1913365763307437	-0.018572034034912102	-0.029567970219971606	2.5680704272524773e-13
2.5509266189656965	-2.0173568841875933	1.615863697624706	0.8648110353086896	-0.882240636627479	0.16026668108714015	5.858608914914546e-13
0.2491319451825176	2.431802328973816	-1.2660266463785506	-0.3914858965725412	0.14330460299010978	-0.01293712375986509	3.0028224434974996e-13
2.1649125971877203	-0.47825319359215024	0.1949765920713609	-2.2937498597024124	-0.5670812680722511	0.052107265359784785	4.3247381767989916e-13
0.794666492465047	-2.8993537457205028	-1.1156498728955455	0.2977055029493658	-0.6083537553574973	0.054630690454449425	2.3237481127130984e-13
-0.6929277608483599	0.20818685983711743	-0.4899665442026226	0.2791356341997521	0.19932183636143072	-0.022449543061825943	1.9153912625730015e-13
2.5125978055710023	2.696686771389115	-0.9968742987378438	-0.423899056009003	-0.4809005818143561	-0.01719528462383029	1.201473264890669e-13
1.3688414132900182	-1.8302084903702653	-1.6373973939246904	0.673034652912327	-0.7095838568452343	0.05008976984278085	4.2837959350777715e-13
-0.9388353600125728	-0.6454131926561186	0.11701037711165177	-1.5633398612084959	0.29124147257172106	-0.02655715284264266	1.8069095038980834e-13
-0.36813236915010816	-0.16089754945268683	-0.5115692696403688	1.8084912523241758	-0.0014938202717769634	-0.029032578405849416	3.0174700962957245e-13
-0.17490608469579877	1.1971108950161544	1.6049791270583706	-0.5556117788825421	0.3129800726274137	-0.02058911448885195	2.1665100802248573e-13
-1.6450926280934601	-0.12595364234037484	1.2637590217419163	-0.6112623732015124	0.5884983168361184	-0.0016487040969428359	1.9879188723957064e-13
-1.1369917075215772	-0.2778401594524598	-0.20423323428893878	-0.36092014550939916	0.3217946541065593	-0.01936336188660628	3.851599642035862e-13
-1.8394883131728226	0.10527119792972364	1.042155807504274	0.9161874176027776	0.5964149981616321	0.012021672475814971	2.0361361766710418e-13
-0.30315300733761147	-0.6179427073979193	1.5162365156729354	0.7734828750682022	0.09371639217453877	-0.028564004761438524	2.5333266970407036e-13
0.17907403304847822	2.2293996667275926	-1.067084050178816	-0.5395441405286892	0.15996864357359333	-0.014389321042679856	5.20687898694247e-13
0.3799988524310618	-0.018534059179899972	-0.27395273897461364	-1.0587527663530196	-0.07533984145327823	-0.026667993467523677	4.039861108780508e-13
-1.9711459179200006	0.7423326573736919	-1.1332168970410552	1.1895023783796026	0.565523609805944	0.03917782882735398	3.0381957272195163e-13
1.140982226724919	0.9717385085002603	-2.056762459609075	0.052350494645653896	-0.345525886571953	-0.025122433283067073	2.9491513496032544e-13
0.5773110598741524	-1.1900239513691544	-0.22145715637077729	-0.07500940824095437	-0.29589766460481043	-0.006222640185072628	2.92579389313266e-13
-2.756478601378122	0.6729471686602837	0.2390308465733639	0.10951516174185363	0.9216431497409086	0.08813764166238401	2.8272597019122584e-13
0.08123104288406761	-0.8457545069681964	1.0418656561755724	-0.9050923295818021	-0.003711788418195865	-0.023325542932254112	2.857003447618572e-13
1.8880166777873557	0.01562694491013194	-1.3249984142125464	0.5073705550525909	-0.6409256228825768	0.017836253970148465	3.540364270833869e-13
-0.9202188933057825	1.6059274963068049	0.8767170318247157	-0.677086405858975	0.5422971727749571	0.011297837022546237	2.339352953720368e-13
1.6243889802955553	-1.4630949044043038	0.4475932879948299	1.799065893820236	-0.6663812273711824	0.05503719845882698	5.541647648592056e-13
0.11055660966465466	-0.9536820329258862	-0.9480644954930765	-0.4820246422136885	-0.16054543476467506	-0.022879618035033873	3.7625991699846066e-13
1.2889294135429685	3.9389836252705175	-0.06883039216236307	0.8052860520165193	0.02100882489151958	-0.016294467992281295	3.391627923295098e-13
4.454389806861955	7.531067733547925	-1.2573371106808846	-0.9432049629606147	-0.5273491520852611	-0.02800687648042422	2.7094371585525906e-13
0.1202956588554185	-1.3077486745244622	-1.8883878155606775	-0.23355532094076398	-0.26788583975363695	-0.01883834500873284	3.383675080247119e-13
0.5485788619416642	0.6740340324787185	0.1551177407361767	0.1003344900445176	-0.07229348780570717	-0.02844898482967996	1.4709483875440667e-13
0.07271038457689535	-1.2996503512444726	-0.1703277346991946	-1.723866055003767	-0.08888357503767873	-0.018874534154861858	2.563854644460736e-13
-0.9333093678571528	0.7600251003963914	-1.3162339517115313	-1.0320163478874054	0.3360164028890195	-0.007625409364565437	1.1084915338278237e-13
0.05639609324539775	-0.4091197001164526	-0.7956411315050829	-0.800370441486741	-0.06383113132763955	-0.027978815905706764	1.8665277913194836e-13
-1.5148577684411428	1.1657416290474953	0.9807841128463731	-0.6778081107491668	0.6784126066278391	0.027246505666028792	3.158174450979296e-13
1.140282930404726	2.1655631144779384	1.0306353625795128	-0.025050443609688937	-0.028310381223584685	-0.02837175039639918	1.3761210245174943e-13
-1.3453563789964185	0.03599175132666665	-0.7689085468146216	-0.7027933460555892	0.3987283359976057	-0.00846654797452553	3.432331184728375e-13
-0.7797189687004361	0.5474535398436446	-0.2202948767749271	1.0048213542564797	0.24873417791126357	-0.015923938476575698	3.4942527020506376e-13
0.7790178079327967	-1.8279971092012073	0.2496343017080629	-1.7465550521365327	-0.3254801508588079	0.018629227688538468	3.5681245311020983e-13
1.9325417071524489	0.4642077174050888	0.5307395292642295	0.053358131618795074	-0.47659226513927583	0.009339573529347271	2.660298758708338e-13
0.7937885264648614	-0.2838794968096741	-0.8707523356262734	0.43825607302684155	-0.3227460038441899	-0.016335154629480913	3.6144292520238606e-13
-1.6603539102353702	0.02223633602244697	-0.24952140509232087	0.9529697030086621	0.45464944245922123	0.002553531796047891	3.423904733119685e-13
-0.5624710867181618	-0.13966075628891797	1.9387484697810469	0.4772139929756468	0.25989359419221386	-0.026833412857097803	1.9136492986039925e-13
1.1416840484687805	-1.1737436919771047	-0.03435828581435088	2.1586992158046074	-0.5394472361068333	0.016977996505608217	2.399574232860567e-13
0.7238569052406231	0.8008371225311199	0.06738042523367438	-2.441065152914333	-0.011288226186549755	-0.02772455702772815	3.016261975340038e-13
2.051011047181066	-2.2845308583200663	0.0919422555908458	1.8050257913605376	-0.8963808563120187	0.12559272754407413	1.9624832520035561e-13
0.006172369523299569	-1.0481735222530602	-0.2805259445727295	-1.803627463361136	-0.045706081816311465	-0.023343750234715438	2.1765060346850942e-13
0.948955334901026	1.0638279372343438	0.8545216175215096	1.3490791922984349	-0.15780403583012306	-0.026723931743910283	3.1980628461349045e-13
-0.6794207279190512	-0.4080578745799682	-0.5498992228896122	-0.5219561717565844	0.1573572066975725	-0.02790775750404909	3.478138803171994e-13
-0.037924620438062946	-0.44345981159756764	0.6812319566344708	-1.2302837122909618	0.06644522602222663	-0.02790085760659517	2.5993922794291965e-13
-0.4371048067207005	-0.4210087734804049	-1.1965147874609883	-0.8009560777474349	0.05680960353553812	-0.029634445374520736	1.9232407787780584e-13
0.7554529685166047	-0.5917977112435769	-0.7975218360949764	-1.07077384986326	-0.2780214202418319	-0.012252375393914269	2.715260069129693e-13
0.982904351169194	-0.8223945650741166	-0.5352756516264957	1.6288612917376084	-0.46422932412063106	0.00040577307813997686	2.2549588143943594e-13
0.9892574646519432	3.6473762201568616	-0.16689440584061216	2.2878169739753584	0.011696924093993848	-0.013072372246206903	1.629664938307039e-13
-1.4606575618130822	0.9998551313716594	-0.41540526407910877	0.905206788129419	0.4951155779884365	0.019859376056617733	4.2381756370946065e-13
-2.2179674314669837	1.1497101585541678	0.9006702191724436	0.11407541071883626	0.851527931538583	0.06948277001058659	2.8061133717557604e-13
0.5370940480943652	-0.44950741021932167	-0.2876542909249602	1.5473753835258781	-0.27566543331505206	-0.019813311755125806	2.0117361897669662e-13
-0.5300983189661499	1.9192861509178807	-1.5557428830762405	0.35540071573544524	0.2719731644492523	0.0032253222371867707	2.2980709135868466e-13
-2.976858677530298	0.7172068244892569	-1.40140720495976	-0.87169280843155	0.9356951728352948	0.108599857237685	3.1165463287028893e-13
0.050128511530335935	-0.9741593693622915	-0.8051439046925308	-1.6023169910279385	-0.09040325880151258	-0.023649763036191422	4.384572079254613e-13
2.608607788740487	-1.7472567269771906	0.2760523250968935	-0.9365024451152432	-0.8774856670793355	0.14818230551528172	4.4635926030905983e-13
0.826771765885603	1.3165971551924454	-1.3981822056375017	0.12463671378135362	-0.179124759606019	-0.029388723718719464	3.3331534311056124e-13
0.5220489084920438	-1.3351383358247393	-2.062837657340706	-0.07667679884017387	-0.4054793513229904	-0.006683694917927514	3.8528777813329493e-13
-0.18242366981441105	-0.5606711976476024	0.3414386421187177	-1.873003560477793	0.10249499156884936	-0.028587088234830388	3.8267111700166327e-13
-0.9775100171605036	-1.4724055651894536	-1.5063555453369724	-0.3434882503665321	0.0655023001310838	-0.03016997829623113	5.180455747333007e-13
0.5728519637816256	-1.362363080964233	1.9168872706654216	0.13894833545525836	-0.19349248045805953	-0.0009187656767086066	2.787140329982408e-13
-0.46252374145385894	-0.07916173537160462	0.04252142165185882	-1.7775325037381908	0.21580198374134157	-0.027853024404544527	4.329573371336549e-13
0.4120248147819779	-0.027156779067828946	0.794687239271285	-0.5890534953966396	-0.040957220275536645	-0.025652456791067188	3.9004691229290563e-13
1.114620295845823	0.9823276479150806	-0.5674268641514003	1.0098840421899697	-0.28668680984099065	-0.024793251499811216	3.389221628618627e-13
0.4199944466487818	2.407242484134586	0.9122521834806959	-0.6901154210346316	0.23229670954660386	-0.017652378298818914	2.1624117334380543e-13
0.5753574259823192	-1.5833377786495548	-0.24765917813755753	-1.6670813229008203	-0.2732936177840444	0.0024470593189555865	1.1229011384640653e-13
-0.6076392886006747	-0.6272078518945855	-0.19606869583282097	-0.6868276298797082	0.14020634025833795	-0.029190333643247208	2.5120266566871305e-13
0.9838443228141837	3.5325226782193706	-1.470764327265762	-0.7286541139462066	0.04646269565993601	-0.014838888232909733	2.8090191912960213e-13
0.6638072852682828	-0.31873057836187724	-0.8101735079291316	0.29914798223259337	-0.278966422944912	-0.018990342538856696	3.51823849535016e-13
-1.6546338000668692	-0.518868653130838	-1.7282959375380746	0.16402078422648725	0.3370731727691396	-0.009240182674175146	3.0464519795714295e-13
-0.5044861221523432	-0.9690885433204343	0.1748594440262092	0.1212754151923933	0.06168285933544782	-0.029168016917769032	3.405054016525355e-13
-0.47185545628441283	-0.8079933418312439	0.6777884048765725	0.26047501485063695	0.09387285309209333	-0.029124439337654594	2.9637403642368554e-13
0.6317228170460117	-1.7207144370916738	-0.23077688925194556	0.397444767982493	-0.3880478088300635	0.008199965339321843	2.590782892645891e-13
0.49603636091562714	-0.4310948495296828	-0.19004565770195475	-0.12206518193406958	-0.18723607865558217	-0.020824840480546874	1.3049536773867714e-13
0.11494981202021004	0.18912244778161302	-0.598793289134511	0.04133644525078926	-0.03927640190807525	-0.029414567151220143	2.462401534005054e-13
0.9613609319719021	-0.47618731697974653	1.215608584515704	0.47191349177146036	-0.268679660924108	-0.006330362968730421	4.2729574638893605e-13
2.0095481732828597	-0.13537495375682032	0.40315608029843314	-1.7096588266196595	-0.4975227298062599	0.03079645466004014	3.4060047736692083e-13
1.2222709581208033	0.5759279715271474	-0.23474584856640604	1.3673096173197565	-0.356651063661576	-0.017832099545656937	3.2026198924715437e-13
-0.06352898385912269	-0.18137632061766068	0.3309822634582428	0.911736085103574	-0.006607577439490579	-0.029034257608122033	2.1927887156338743e-13
-1.9213853728636134	0.1589070858501391	-1.1418508955832465	0.6912582148588938	0.5054996430983341	0.017864900210312538	2.668612656463295e-13
-1.8439170683459163	-0.35635352818253996	-0.21774547597542024	-0.7903036983809703	0.541277136842975	0.0007909095690424686	2.3639213920063456e-13
-0.2885228928467204	0.2603328721030165	0.5006818534377482	-0.6375899385405508	0.181744677238175	-0.02741823088977649	1.977601531404209e-13
-1.1123284411731937	-0.3333797634542395	0.08258980462077983	-2.051338308059654	0.3949310761677875	-0.02059853497257414	2.932096014698068e-13
-0.22843180731775725	0.00812195804329141	-1.6381142696406197	-0.5892778316944346	0.006408174508415837	-0.029500273825913366	4.652192072745412e-13
-0.7920854371527077	-1.5217236394602	0.19203568638256666	-2.0574518690432524	0.17743420628878565	-0.02906943647932167	2.5966622906484786e-13
0.3251096469476436	-0.8914643210890427	-1.8139306915109714	0.27429347601033205	-0.2998967614831735	-0.019729261701832135	2.794792551733288e-13
0.6604812695548264	1.2402758483938539	0.28823076302365097	-0.25981024894389804	-0.021375951921671167	-0.02890343992243043	2.56508360755836e-13
0.3663257642866688	-0.681301303363648	-0.24230182331398945	1.9203641648411989	-0.26289507054021594	-0.020555587356327197	2.1264322513498332e-13
0.5813378408044513	0.7647964446703936	0.3723438586735678	-1.6295085824520192	0.011865031216477608	-0.028420206502568646	2.6950120562179783e-13
-2.3444913638180034	1.3292044838135335	1.0442848223908328	1.0239562245132352	0.8812728983801569	0.08627780038166918	2.9528298984343195e-13
-1.4169812316662447	0.058180056659054104	1.479969302565984	0.716757695637844	0.4989534677485415	-0.005784535516568597	1.6456440968572855e-13
0.06330885130467481	0.46380841834711367	1.9376139247841362	0.3111030900158894	0.14664523102203805	-0.02832411454487592	3.5189361943470233e-13
-1.453888510816118	0.6875480663577266	-0.10485563258380665	1.6935482566196431	0.44463678165401344	0.010694718783317597	2.550852600830661e-13
0.8065898421321965	-0.2521869657989861	-1.4422411196225284	0.7641487611497133	-0.37075119636761017	-0.016898454393022996	2.606593877090025e-13
1.2526238836656312	-1.7526022196790805	-0.014850018218802698	-2.008894276514496	-0.46031078136551934	0.042009089893150886	4.1416433478741487e-13
2.0784336142389988	0.3805263482857397	-0.226117007750017	0.5794922302194416	-0.5949476244282748	0.017689590890584004	3.9744016445885726e-13
0.5216388476477873	1.3516685219861828	-0.770896763536553	1.0312539276476689	-0.08461084393460477	-0.028688516537453492	2.4321070279526703e-13
1.5291406659154572	-1.1769124693407635	0.8272538326472603	0.9033365216056803	-0.5492340273106572	0.03897089992583402	2.2528359826810158e-13
0.8985447663886391	1.103321495789319	1.464244734861313	0.9599781061041449	-0.08616337484322918	-0.027095919086953326	1.6750762722627415e-13
-0.7145288792846316	-0.4091650226756184	-1.1609210929287925	1.1596954147872245	0.06202484091707998	-0.027735159818511736	2.665739472049195e-13
-1.1484337624554988	-0.40843094849648565	-0.9555685985265159	0.17023503232619872	0.24410086008356519	-0.020901977633733214	2.587116858984654e-13
-0.9389146349540989	-0.8914354995535589	-1.9320977102568349	0.36338322173882015	0.06263896706338815	-0.028635704516125945	3.6589955269091994e-13
-0.5366034649752078	0.019191480559543353	-1.3928643093758335	-1.0307636929890251	0.13188538953110346	-0.026799696693165724	2.6372144718987277e-13
0.3753896364349701	0.1630687443942664	1.0299170087376586	-0.9570417911403097	0.01953467946887723	-0.02715452765135172	1.3029695524296707e-13
0.12951909490679764	-0.21697756530472756	1.35546577621229	-1.0531560669895328	0.07457243168830321	-0.02725658924431046	2.9425180356364687e-13
0.23802702478278118	0.36100542294598337	1.1364997939943724	0.45207752624163816	0.030017650747462286	-0.028638545233233205	2.6464644469597055e-13
1.2434366673388078	0.9030315729439649	-0.7930791705361162	0.8072769672176351	-0.33831563785599994	-0.021896285328838777	2.3900793797723836e-13
0.6983381213941326	-1.814712551869885	2.0593553517010106	0.012407369060225552	-0.26427083259464174	0.01605409420033266	4.0201985641951614e-13
5.435749837718969	6.685164382701539	0.47183639298648583	0.19940270870246224	-0.8499110057398541	0.002120287075300857	2.7185457750147194e-13
-2.04445326813315	0.4464674630701503	-0.10607101018196083	1.7000420432471048	0.595111325753758	0.03289863925052631	2.635734707028221e-13
-2.9636129029329137	1.9197417261645093	0.11239336646766004	-1.8593616419812615	1.199176505637428	0.17090597071213096	3.049275445852382e-13
2.0847846057480823	1.1274745093368217	1.5610572741832183	0.20897696683263986	-0.39538033479765666	0.00037595943642844745	4.347835133229095e-13
-1.9735405933701748	0.26755526450825734	0.94584922782158	-0.1160972052251868	0.6913431154287792	0.023094329775567145	2.9701248743650054e-13
-1.1211124199032598	-1.3607389412139723	-0.2812062968357286	-1.3209263390436563	0.23368946496373036	-0.029002115542770657	2.990629852921821e-13
-1.4842955293034688	0.5000664922404177	-1.5325710349136163	-0.024596436854140997	0.4180685735955009	0.007365291114310367	2.2668619665165946e-13
-2.3539086295437204	0.8102836544834333	0.2308860251078499	1.7781469004310715	0.746177800862905	0.06524070464603406	3.998681501603333e-13
0.07066126226489929	-1.3199394392159443	-0.6278707121934846	-1.6270131103876944	-0.12185198533219413	-0.018955094112286172	2.900597398729752e-13
0.905250604720078	-0.467909501943111	-0.7481363766948929	0.5644451302034666	-0.3728890167653471	-0.009901054310266699	3.100550774810599e-13
-0.39510363756698696	0.7657668403895305	-0.6085973870390439	-0.31533048355113347	0.18893900039666722	-0.02167010581473054	2.1630517172204497e-13
-3.1096065044602437	1.8000352215310227	0.9987965898094407	-0.243694708599226	1.2167961908635962	0.17749695004588564	3.469747975866271e-13
-0.6649003869967529	0.27970355476459585	1.5115200014059216	0.14320295211300008	0.32423616632648844	-0.0219039224224746	3.4529318292965203e-13
0.4079005161181735	-0.37536426339280654	-0.425535288077029	-0.24890156626061932	-0.16424407725812606	-0.023303552485034285	2.4339274708732814e-13
-1.9035442562534999	0.6820125103628414	0.5004837852584546	-0.8753164336613636	0.7209371985931149	0.032672839836866405	1.5158790654539483e-13
0.2287939553292762	-0.09529232040323804	2.0200637295950523	0.34723103168127817	0.04072367265308765	-0.026678036644245503	3.125371975904621e-13
-0.20728971324033554	-0.3398890307594112	1.0743544349162855	0.31280881000504707	0.08788256510562223	-0.028892036822029333	1.8783086375119614e-13
0.36326551180348554	-0.9067216620491155	0.3027376276811548	1.621240388844697	-0.24116849365984497	-0.017193787024547283	3.657366477265813e-13
5.601737016466653	9.019385681358916	-0.6011341448494131	0.324835814669735	-0.7183566244885956	-0.02637393763617089	4.246422591390666e-13
-1.6746505021602938	-0.33998287497368984	-1.1391582117055272	-0.1932210746439051	0.41271891481487155	-0.004982214333591701	3.487890633580411e-13
1.1403373754930792	-1.1578822755562896	-1.1141164442504377	0.6856814813102888	-0.5416525943251338	0.015437033521000515	2.795632514488227e-13
-0.12550173537599707	0.14051452752262567	-0.043316620569262484	1.0748873699807724	0.0174857641610471	-0.029073345526377168	3.403310333365806e-13
0.5170796244181908	0.8467823026026768	-1.642906117603118	-0.2728913047392158	-0.1367039176675813	-0.02965085661915253	2.849703551498001e-13
-1.6635492443512623	-0.41793683935223214	-0.6998219511311373	-0.4460255727440747	0.4374778116328481	-0.007010083583639064	3.3916784615693627e-13
0.3095253336013727	1.6119092022781534	-0.05954595219834008	-2.1254847423372385	0.17891419698288752	-0.02478220399562991	3.2935740950564253e-13
-1.0863858708016914	0.40897654934109706	-1.177275286214716	0.8007678113270074	0.2761983175482856	-0.009523342538699218	3.335739817849516e-13
-0.4111496554791043	-0.27041048840439164	1.3355226960222197	0.26360000149008267	0.1734327900591817	-0.028566523759935875	1.876894539328693e-13
2.868660646287915	0.5106562954619724	-0.5772963268409133	-1.6791878024461342	-0.7390863167893894	0.05887871893366895	2.8033038121341765e-13
0.2571533175761635	3.9864630952200826	-0.6041684777834755	1.4086195284026162	0.27855738559533755	0.02377236646607609	2.511153383992624e-13
-2.4405491744273817	0.1839824519022201	2.0260081499507328	0.05979130626676131	0.8801476309272669	0.04583817064262399	2.648259125694132e-13
1.1739212135802575	-1.7505016937710507	-0.3991479100268606	-0.84701636631423	-0.5080010550430065	0.03675523691147385	3.0576195263568724e-13
-0.8077780025424458	-0.8686127760594659	0.11624623171174679	0.8067502417355563	0.13070673695617674	-0.028904046370427518	2.679688507259696e-13
-0.7260775994671216	0.5054930958102042	1.7641038186047564	0.5451323931322427	0.36581717592039964	-0.017757011185902404	3.125083939715066e-13
0.5816326907986136	-1.6762907360561452	0.5439624755249244	1.706627010328839	-0.3760248859198472	0.005576176022292133	2.433089979225928e-13
1.1890873243636444	3.5098658995728713	-0.13338653576679632	-1.1468768105523992	0.08001300535443281	-0.019930734518633253	3.03314770316525e-13
2.7357961868143574	-0.017703704887534404	-2.014031772057358	0.08542779313098865	-0.914429579462097	0.06948912966123522	1.3813848553934912e-13
0.2434717740143118	-1.3564424829205495	0.033691403737677525	-1.7115553403692398	-0.13334265274036855	-0.013421762474257767	1.879597380792462e-13
-0.9829901538919785	-0.4326190387056999	0.3384238923146385	0.6251231499673755	0.2510067332185691	-0.024082172363897387	2.9378352604066157e-13
3.479877143906671	0.5122549130705605	0.9960101913328565	0.1632135151900367	-0.8966414066127177	0.10698338407186662	1.8880423151549865e-13
-0.7625232544489656	0.23198918901084117	-0.29394384970748055	1.1074807964746185	0.20038883078973518	-0.020773738660559548	3.1426864757033614e-13
0.7818017193325484	-0.612946656218528	0.08892419676524607	-0.8596244364632295	-0.24352849084954756	-0.010398942881834822	3.82716651949537e-13
0.24722056367905074	-0.40271469540743016	-0.09017861161260746	-1.4932726476531935	-0.048686139705683876	-0.02539806709261358	2.3483498777304833e-13
1.20961482805963	-1.2688751627748935	0.18454404162376056	0.232655511880508	-0.4770485027260518	0.023551846606648805	3.4244463262524194e-13
1.2586049827559702	-1.8108371575090698	0.31868191751732466	-0.3602038895651234	-0.5158359806752985	0.044797412133892205	2.2157264225009314e-13
-0.470050757412143	-0.9157937536247165	0.4428950004256893	0.6630551379182724	0.0510807771767357	-0.029041051664871823	2.327671427528794e-13
-0.9395527185846091	0.35155076245714667	0.8226284801971351	-1.102421208503212	0.42388062660361236	-0.014817133612309246	2.1714962445625676e-13
-0.13431484454305687	-1.4548388298668227	-0.3742041215121012	-0.4054532200983059	-0.1110084085988426	-0.021580926316605662	2.741227263947343e-13
1.2776068199007151	3.8596798947295006	0.3774869933039055	-1.3643727906183372	0.131482195096953	-0.01715250979989862	5.119298719795377e-13
2.1200768005684907	-1.4457382023509582	0.14823804595742687	-1.489629211522007	-0.6907813706913024	0.08984799189832693	3.7022777217285874e-13
0.9094984717716539	1.1054189423224863	-0.7557824955804707	-0.3822922596509517	-0.16708055114011436	-0.028050242099414514	2.2080653727270238e-13
-0.5676142266433662	-0.09865169566786212	-1.6524198104475831	-0.3453141758198321	0.08456793179253119	-0.027351243366639192	1.622936091876687e-13
-0.6577370879250666	-1.6418619846268516	-0.5985134614474339	-0.15457844882110874	-0.00068685891595024	-0.027977138317824845	1.9418981258431163e-13
-2.018799191498696	0.1113127698414138	-0.34930344938233543	-1.9195752645875137	0.6841117760901413	0.020993239221105416	3.174444115082292e-13
-1.1195201681672946	0.5798593168944658	-1.4616791344282705	-0.10441435708729246	0.32508288581908623	-0.004971778551800505	2.2454883739968632e-13
1.3976936093832164	-0.6957115829324358	0.7118290985543066	0.5153784023573124	-0.4513542403710163	0.01649102658732064	3.289245549240335e-13
-1.6744879091552591	-1.1469668532962227	0.3142992735956886	-1.1661060464903166	0.45087655482365546	-0.019091133955827625	4.084304142439949e-13
-1.3866966807198775	0.36473831644284377	0.0016110869817911268	0.7798340568786831	0.43263693070542214	-0.00010020157473510869	2.2393071991132323e-13
0.009686531948712359	-1.3785610120316907	0.8973056805749055	0.17319703121527613	-0.09271037447470139	-0.01859667169625659	1.50158206617158e-13
2.0644227529354	0.4342867037878955	-0.37050435840105117	0.7790508293486131	-0.6020429506584052	0.01531983294394895	3.4249808533825623e-13
0.5592103112248641	-0.9299246380746996	0.15865903857016722	2.0601593693981095	-0.3277784788959744	-0.011536470952201507	1.2945818807035426e-13
0.6726499698296532	-1.432453797581647	-0.3691818225262218	-1.9206613143719669	-0.2825914727712266	0.0026786737091877406	1.6238109639830485e-13
-1.2688415432455227	-0.22210619029767675	-0.4570473046302193	1.5703805223480376	0.27282079055230585	-0.01531729198096566	3.1381099523052675e-13
-2.508737983771456	-0.4922098799957208	0.46521979420457077	1.7102259251173346	0.6641164520068743	0.02733458037379574	3.205279398382945e-13
3.4747660725350786	2.083335235591111	1.856675891533423	-0.029544660942447832	-0.6718630322037367	0.041021413299280815	3.6602118136071847e-13
-0.8159291708941409	-0.6157570897331367	-1.1898558179111904	-0.4461909606965924	0.13383178967475878	-0.027994949363132782	2.1756356932304744e-13
-0.48181737332306035	-0.1982134956645772	0.7640015849364246	-1.5845976180843897	0.2438714475125004	-0.028085176372321236	3.1567304539155396e-13
2.003107245609809	0.006157829623232557	0.48544844387343405	-2.0160643419539226	-0.46324202073424686	0.026002011685736955	2.721754198201191e-13
0.02048399092981618	-1.4364820024580374	-0.3134926730234597	0.7988759134465477	-0.2003361079368795	-0.018374746028521367	3.3471160096693426e-13
0.48425712689056255	-0.41438838945223666	-0.6095714363715123	1.6210579183602833	-0.2786914615133295	-0.021579372778683596	4.2170853236167474e-13
2.3246734112606213	-1.4598801545935378	0.16717006111473526	-0.9977432609475776	-0.7702685555266869	0.10714103336024977	3.184251372941795e-13
-0.9027773345141558	0.10261520828570408	-0.046162340236437144	0.21764788977158842	0.27938372230589936	-0.01942673583707936	2.1312288910744544e-13
0.9859882953184537	-0.7449989349109648	-0.49310867007587345	1.4153691640516164	-0.44562439639779555	-0.0011962280126200035	2.5871571301909656e-13
-0.3588321798326648	-0.7943023071683727	0.33575880037017036	-0.7078611066297469	0.08120442785674126	-0.028863846208487712	3.036646051377136e-13
-0.03604107387498629	-0.808003898289927	-0.3068567640994269	2.0010731621385043	-0.16525210764556494	-0.02625138012786772	1.9855117369843963e-13
1.2146695795001168	-1.7763322478418515	1.6382585612906917	-0.2650480615586523	-0.42422789143490675	0.04239309520077419	2.557531512580537e-13
1.7920950967453937	1.6219216615518968	-1.8942499781927298	-0.22723229863546662	-0.4461132603409687	-0.019910796172183762	1.2926310009027946e-13
0.33747030979002096	-0.8669528809053408	-0.6130606814520173	1.1876155693084323	-0.2664274767270648	-0.01899371206393857	2.9545178977476727e-13
0.6911980312246561	-1.613435239854971	-1.4004621332640623	0.11275399775926544	-0.45249599668430224	0.006939396028946289	4.4950562466686055e-13
-0.629727643063273	-0.13918026732030303	1.2801835999339575	-0.9827444899146326	0.30041294709764166	-0.02627374803697881	2.587679652715923e-13
-1.0439354267776102	0.4184884352928964	1.5528951520736216	0.6589779836598731	0.43382745186067323	-0.010732834969966226	1.3509861278214675e-13
-1.6301464424091818	-0.01323639217170863	1.6219725177996847	0.2112189645586533	0.5841496833380195	0.00029196571467613206	2.971068173015116e-13
-2.8836522388822816	0.36533963845633344	-0.5672819254241876	0.04404933329307718	0.8800158404012589	0.08433620529763654	2.2849012930257747e-13
1.9466212547628352	-1.860140362842767	-0.8239943782907142	-0.1580352066337901	-0.7967867657603107	0.09414984868014134	2.7922506369318485e-13
-1.119720832702023	0.9353776687192965	-1.332425947506633	-0.002122798655810953	0.3679582518464556	0.003075467782928405	1.9280932829002996e-13
-0.32097886826685257	-0.022707594432305443	0.030278885093986636	0.1196169082264202	0.10133044563713149	-0.028629212495101287	3.691894458517137e-13
-0.720386572870241	-0.565573173823946	-0.8027403802920556	-1.0798247165689412	0.1601341487056004	-0.028457949102247436	2.6702708420135054e-13
0.030196164457320852	-0.7762445502628008	0.4651043475109857	-0.21359042476236412	-0.044170622339630816	-0.025119980285500377	2.836070459693056e-13
0.4437029917013957	-1.4031957810561801	-1.76728387401025	-0.6583702332462928	-0.34818701774990524	-0.007734018363686806	1.3602367879532521e-13
0.9000071469881892	-0.693126759905871	0.74255460540269	-1.5530325192018637	-0.21901610464179633	-0.004338809419492522	4.386948082221926e-13
-0.927799617162558	-0.13037224003147524	-1.5141142289450003	0.11499404554447813	0.17763394462374305	-0.022014909490872675	3.0281880403958265e-13
-0.2880889225405654	-0.05791659165243983	2.295572747524973	0.01889141425695781	0.22758521905723994	-0.028193162635804254	2.50389914323265e-13
-0.22277875907675412	-1.163882105344219	-0.6545112119441029	1.7303940216726434	-0.15822069127193927	-0.026176903687699985	3.115484238308439e-13
-1.12291280651726	-1.3058194740124502	-0.4213939999265017	-0.32320317596110015	0.19083477587428496	-0.028819040052982574	4.0513890135603655e-13
3.829701033429889	2.3556890140256685	-1.2834373898020761	-0.659368887064356	-0.9087704587915311	0.0492815987002798	2.9144554674912576e-13
0.5127653732984514	-0.4412560960401518	-0.057034119878955916	0.1450391875850231	-0.19623613171792867	-0.02026403442680725	3.640164944200135e-13
0.2849659057707147	-1.4404937671479074	-0.4796911936353051	-0.897160476721692	-0.2186776066186219	-0.011130600831543151	2.600683898700163e-13
0.9775099521010863	-0.09137855644726932	-0.03229188010230789	0.2204524331256969	-0.2968910468547789	-0.013814180631380872	2.8945101040042135e-13
1.0151145560019526	-1.2734689933217234	0.6432655755535652	1.0049439441602104	-0.425093342305899	0.01445139738529765	3.0841108745838275e-13
0.04234497397655661	-0.4263774536225929	0.8744230998501339	-0.2950562774747929	0.017776659528196667	-0.02720413574583599	2.235798571772277e-13
0.375942142959524	4.012940989204494	0.7744544430323228	-0.13269806709975393	0.39155774018374123	0.01830467419985395	3.773680029918112e-13
-0.07136041867034958	-1.1684288541079804	0.9489062005034354	-0.7239665145829164	-0.006442757460153266	-0.02275949700446725	3.888359949002821e-13
-0.6764960483917559	0.5107571201215194	0.38494810784717765	1.660375842326686	0.22324480311238118	-0.018917274555197674	2.343962222316861e-13
-1.1084402707193475	-0.5157408234373579	1.2896362064158997	0.8002084516443458	0.3290316446250003	-0.022676157959132234	3.0212484060074716e-13
0.5733149744437205	-0.5710497589106593	0.27613946661579575	-0.19752038024172716	-0.19387492145182575	-0.016837604170378013	4.4956084975972967e-13
0.8587651677316079	-1.7226825059270914	-0.7405985736685242	-0.18889197340330346	-0.4609307934708199	0.01842429517179545	2.2622964049125125e-13
-0.588612595079903	-1.098949971364445	-0.13060547125688557	-0.07152140604541611	0.06212681776850417	-0.02934745499794128	2.985099078676976e-13
-0.1416848863540556	-1.1043262857042633	-1.2019632714441177	-0.3311042999576978	-0.12387908037664667	-0.025779409168540282	2.352061016046134e-13
1.3746027391508497	-1.9729235367021507	-0.49965986183385996	1.173150587568395	-0.6784591190657786	0.05738698248684591	1.60553689387062e-13
1.0260903767432905	1.036652224947403	-0.6812577836141556	0.6725071581520556	-0.24772653475893855	-0.02647344616080241	3.9159708216031413e-13
2.3640990852788755	-2.455851291009934	-1.8347534737112008	-0.06652239408547879	-1.0426351031829342	0.16191396162613403	1.29315439716537e-13
0.10212726629407444	-1.3193744945310464	-0.2432746743841041	-1.2070629092044585	-0.1252225876608112	-0.01795950594307335	2.037233741145191e-13
-2.650030422729641	0.20230937757476558	0.27901520105298294	-0.41536454951207025	0.8604603479707158	0.06056972890967479	3.036099475449227e-13
0.16504954330846464	-1.6321870007007675	2.084132176518445	-0.15993016353615477	-0.08054585202534442	-0.00938442050709774	2.6386852129042506e-13
1.433279179934311	1.3972416102124625	0.7765476722496333	-0.4256790209219208	-0.1964664796458865	-0.02272852956258317	2.922076050531596e-13
1.3383702287435368	-1.0427025373517689	-0.624161503766324	1.5053799872117775	-0.5914410381004515	0.02238662571398725	2.908657561079557e-13
0.7194946737413795	-0.5341567570780597	0.6111723397691583	-1.3559150895180399	-0.16518304366884337	-0.013224430652123803	1.0442510551087858e-13
-0.36744264046621267	-0.2907683768094938	1.078980899828157	-0.7148481762127173	0.18307612135794007	-0.028825349899547107	2.332711884518033e-13
-1.815847669020038	0.1171199746341952	-0.31480206868355365	0.022442327735544994	0.5461056825760283	0.011560484158536293	3.0250815196195274e-13
-0.36171017712461523	-0.11034365866994483	0.596271264251202	0.17578216961240667	0.13548336351273416	-0.02854545377910536	3.143818710143328e-13
-0.2936622339347248	1.6777120740397014	0.09964262257479575	-2.271753046979869	0.38148571114108765	-0.010401173940510888	1.0867914899419526e-13
-1.3722623044645352	-0.848282203635257	0.039469005901973775	-0.08941698869636815	0.33286928894944606	-0.021682342190034138	2.2652253064021688e-13
0.6564767099302873	-0.42974852366981897	0.5578713953895932	-1.512218627453699	-0.13232180182832295	-0.0165998302456333	2.6170153344801953e-13
1.7874880696366433	-1.2219920791266623	-1.383645185907402	0.547604059328061	-0.746885548243124	0.05418159512177672	2.965831847616423e-13
0.23432042638070305	-0.6586020369460105	0.35614711268884786	1.8715618775074543	-0.18377069906970026	-0.023031539348659043	4.884054348586681e-13
-1.4917025134846824	0.5705564112645162	-0.9495356481085659	-0.6273227906609793	0.4877419657226093	0.009404185870471305	1.7828449595782037e-13
1.514144055050601	1.3521692659464337	-0.19456133268979142	-0.7026880707642496	-0.27191652065210004	-0.02132518429399479	3.7257559198357286e-13
1.4140680307210753	-0.6542883973006458	0.8731870299761512	-0.7791959451649038	-0.3889240677243574	0.016312290842247775	3.2647070520486136e-13
-1.265267207241268	-0.5475021515481147	2.0663282851401066	-0.2897813273644297	0.4635216183623651	-0.019929039819847418	2.7285612811249737e-13
0.599119337515707	1.2842676892807356	-0.45904972884155115	0.04711998003335741	-0.0558057302601456	-0.029058082818640838	3.884253047041352e-13
-0.4010451894573458	-0.7782195349104464	-0.5419142771127727	1.695316756525028	-0.05582528190827217	-0.029484014598746718	2.144529904850848e-13
-0.9156357354902549	0.49056195201219605	1.58517312764642	0.14653457397727135	0.42639577779738774	-0.013171827527796564	1.0800045503341198e-13
0.5371711554446017	-0.7952589234143564	-0.16129151057428995	-0.7436799055663265	-0.2110145312044982	-0.01461476447511071	2.83023472808393e-13
-0.47896653517459803	-0.5695842885795025	-1.0102816792227047	0.4634938782782123	0.012338134291732727	-0.029738798842927835	2.3626227755969086e-13
0.044835043752069446	-1.0519557115659606	-0.33656468907816284	-0.3556810180862173	-0.12029188270279097	-0.022663305224079517	3.108398326301952e-13
-1.679686076641327	-0.5226928834395682	1.366245816762596	0.24090060531344984	0.5262475743583008	-0.00865462533854911	2.2789278022554013e-13
-0.6735396342901722	-0.06006452766807195	-0.4267919625631331	-1.7841518217934906	0.25273103972371647	-0.025438006837708905	1.6304988968529378e-13
0.6116720680396311	-0.8607791418624898	-0.4241009868968084	-0.4936254814118616	-0.2658669813975699	-0.011547841715536494	2.2536764490491504e-13
-1.4704947759696132	-1.5599319726675827	-0.07898846569867511	0.922323284107572	0.23573152251135668	-0.026989324212470567	3.2672973585116263e-13
2.588475204338812	0.04758849653546469	1.4303732602291686	-1.0411464981495513	-0.6121018842065483	0.06097559482108759	3.2070036564796456e-13
-1.0417030843765211	-0.7627281468759167	0.23984316359384103	-0.5536728587046899	0.274923901444819	-0.026160490080686067	3.036713459547905e-13
1.439774423079816	1.7842852214999667	-0.09306441606343707	0.2926933727865954	-0.2383754053247858	-0.026362357980535024	2.2239243939198046e-13
0.37338684057038907	-1.7986145189645213	-1.237362361235831	-0.23134166701047662	-0.3553993381251694	-0.0014258638801040598	1.696067175490355e-13
-1.6715725807308182	0.9022102522938374	0.3623966587093442	-0.7200356352721049	0.6609750888366285	0.027355426997060686	2.1748219593749158e-13
-2.9027109193655884	-0.2440371307610831	-0.7181968346630018	0.6611729001258272	0.7829600618516516	0.06008839830251851	4.096348297711378e-13
-2.1862209283122302	0.3245247091728271	0.08131034920120511	1.8080553921427789	0.6310110342500914	0.03667540108611085	3.1312261503131316e-13
0.9085691164530649	-1.691421251404105	-0.4469644229039974	-0.69016968809295	-0.43394469109029943	0.020317087293036492	2.3615496370471283e-13
-0.5193683787927813	0.5118689724256666	0.34733079004823	1.4141658264031958	0.1844059570894339	-0.02213553268150539	2.4301645132516907e-13
2.6274743091310166	-1.8567681146127182	0.7736317665754364	-0.010892082053696857	-0.9022853481623734	0.15707619638556228	3.277308891324674e-13
1.1714438217225525	3.328113334462499	-2.0853587840720365	-0.273924276358191	-0.08735247350093647	-0.021996977409171597	2.7801050383394976e-13
-0.8601391260117585	-1.9479857338129365	0.925466413332232	0.17253872452546545	0.10392429276250152	-0.027490402014238524	2.9990171993475866e-13
1.4932399407351915	-1.4120573304777175	-1.5875867181483867	-0.6525645755130713	-0.6444429112131962	0.04247944254115555	2.3695083144307835e-13
4.026087845202506	1.762041956671574	0.06368718501579548	2.3772463225557288	-1.0713204217082113	0.08970014323793124	4.2770588471858e-13
2.056447434779165	-1.671279124872289	0.048089714117990706	1.7827700233339743	-0.8362121937860179	0.09508652656258627	3.5227623142414543e-13
2.200879481847647	0.6328033802853443	0.6707550793424025	-1.5976216926934903	-0.4608215299913339	0.01737133997065065	2.7855768643883517e-13
0.9629444115081425	-0.9984438428185279	0.38444546928392265	-1.5201851049038135	-0.2926283438165017	0.004742791757529465	2.8141025805411106e-13
0.16675440339715542	-1.294874605271906	-0.9239726657238042	0.33969030234574077	-0.24588021619671746	-0.017223466971571004	2.172925378027125e-13
0.16732413797950188	-1.7267867272910606	0.3802665917063646	-1.0502165789206106	-0.156875492082702	-0.008840586127726341	4.0575710139872796e-13
-1.1378413618806165	-0.5338699143727992	-0.05528679249238844	-0.5759978961709138	0.3117612655885185	-0.022518560160277628	2.5747699232677054e-13
-0.9713070561399414	0.4683269017949012	0.717496784838296	-1.5921331377068626	0.46000893961477807	-0.011979691833373848	2.0090067036022393e-13
-0.4981144108532599	-0.8823632789072506	-0.023215188386775054	0.5995864273860274	0.03767380473953456	-0.029383405789828888	1.2517798350681604e-13
-0.3710533090716268	-0.24563771654589592	-0.35064339803452005	-1.2766695958390406	0.12647008313937394	-0.029180181903388433	1.8710897980828666e-13
0.16319217266304692	1.3844103702944055	-0.2569141629460306	1.9038139028894494	0.020357139275071233	-0.02473601832596141	2.5883074183791036e-13
0.3442015294107376	-1.2254314764981462	0.5207514891646888	1.0032011748410077	-0.23116334765555777	-0.012453157928531586	3.711368083665415e-13
0.6777759513825956	-1.2912707615122365	1.1443957398443874	-1.2117921291283626	-0.20747274869675572	0.0008768194860150543	2.836753071573256e-13
-0.14358338292343417	-0.5014773842724647	0.9532687408740939	0.7632008770786536	0.025841291771615905	-0.02832227835778945	4.3085327540815744e-13
1.3405188366964078	-1.5018495248098624	-1.0727207306760338	-0.14032196738995492	-0.5996873238820585	0.03708949094731041	2.286304081983547e-13
-1.4818056489609686	0.41440785911926975	-2.1447869440163085	-0.25413179345184556	0.38061466703110663	0.005189358627701339	1.6003784898566721e-13
-0.6482925905805057	-0.6260188481540817	0.7899138891305095	-0.20608820242035877	0.1917098171238771	-0.02870640122178393	1.2531285496823783e-13
-0.06698558341396406	1.7048549464693177	0.25548193735659636	-0.46444339445196675	0.25191098711531673	-0.016210975087799347	2.0710203137537055e-13
-2.485216704028676	0.7611912439514997	-0.22729981341309483	0.4976109793691078	0.805559180413821	0.07249151791673811	3.5163220170226075e-13
0.01683065905461355	0.23156708455959035	2.0935347410348584	-0.12619578221967404	0.16252288532070738	-0.0284665766481916	1.6419246361120026e-13
0.6125479928874812	1.2820028445090264	-0.04823722735605695	2.303308018093824	-0.1280463874201948	-0.0289780551310467	1.1121086095852696e-13
1.415314320205719	-1.442692416406694	-0.10259634904637144	0.7745828357153434	-0.5945668967568037	0.040512428395013386	2.830461727193292e-13
2.546156218722525	2.658480786711081	1.7529436558137867	-0.41812848480994225	-0.3302491712109645	-0.013820633627729246	2.0562351302026825e-13
-0.9039155324114446	1.0824428561463282	-1.471981999446975	-0.5866076643348107	0.33518232163600653	-0.0018257854451310747	2.2518404505317592e-13
1.4354633815475575	-2.250314065134319	-1.3602043009653493	-0.26917798346628663	-0.7174127319918078	0.07209073842942	2.9151145271016813e-13
0.8988786959135836	-1.582695737726622	0.6955153144042494	0.46353045490048556	-0.3985102083318974	0.017740913513475943	2.6466983696124756e-13
3.833399894471699	4.916954371894032	0.7336107734088445	-1.0150804714219583	-0.5033256505445246	-0.015550456881115747	3.9157159360500184e-13
0.6138439109803869	1.532945528572176	-1.1043514073751606	0.8154409205026837	-0.10336900226389228	-0.028651785530983666	2.9613819027644107e-13
-1.574584654848747	-0.1691863745376383	0.6110971302284283	-1.5406478915148891	0.5617012956866879	-0.005033924060898467	1.9979419117354037e-13
-0.5939535727384448	-0.06718888820096655	0.9873903710437797	-0.4579559966006267	0.25855042184344434	-0.026243105107924155	3.776811603085091e-13
1.0715402405773384	-1.0174924195285737	-1.4998822627861281	-0.028712438137507394	-0.5005594033282457	0.008082290277858182	2.4083081964698444e-13
1.9568256909109352	-1.3988810612627567	0.9158092859564746	-0.24589005905951286	-0.6437943645583731	0.07628850238835917	3.2163027315674546e-13
0.8085960963378812	-2.550390695271885	-1.013967805705419	-0.551922460181543	-0.5348761828602923	0.04252688842085675	1.1168444341448903e-13
-0.9089425969224719	-0.3404741265313825	-1.3050238722061012	-0.8367449320345584	0.20063772878780492	-0.02462548529314076	2.795808971246213e-13
-1.2239010632661875	0.8407963445774599	0.26666295492327563	-1.101034266892493	0.5295613457636971	0.004727315424804894	3.6609271895077614e-13
2.2589336031474967	3.3872731942376877	0.5645986801302001	-1.8275513486367292	-0.18085417199256637	-0.026962327233169426	3.288069480934758e-13
-2.6422331349495245	0.22681779757704335	-0.07400453763819906	1.8941335326904065	0.7449243599417319	0.0612571521307343	2.1913373198953034e-13
0.01887082828736909	-0.8717808700388597	-1.2474436525050272	-0.9174930428524523	-0.12482833954771234	-0.025413216924456104	2.938134604956851e-13
1.1371475657473147	2.214906130528533	-0.7954560144703533	-0.7746204678336831	-0.10064680821245574	-0.02890081672169046	1.6320860240654322e-13
-0.697212093944904	-0.022276433674019547	-0.20327318261312233	0.4190432345883067	0.18683254310489322	-0.024720814714643977	1.7507349690700708e-13
-2.304106723974744	0.3065248354725579	-0.45112485790495765	0.3080620517433047	0.6942708619082351	0.04308817212370803	3.19493061971456e-13
2.2790423681967282	2.41833503483211	-2.1466424335078136	-0.06860699000567691	-0.5255784186791715	-0.019630271343699223	2.7985114059474466e-13
-0.7880549934319931	-0.009572532892965347	-0.7318078433763895	-1.6671099548908455	0.2692453187197264	-0.023160228590508494	2.719842386012012e-13
-1.8458758598298983	-0.05361037930582883	0.9644246231941654	1.3722412895288187	0.5573477701074496	0.008128801583098977	1.598294076104053e-13
-3.444842760651119	2.0233539582635154	-0.49613020188085843	1.1765257811673182	1.197276048816832	0.22832720014747052	1.9639890512296412e-13
-0.6201913678601922	-1.0128701260217021	0.46649747244156603	-1.10668437790148	0.15904805141914655	-0.029289079363611158	3.182349423821218e-13
1.2408761132156512	-2.3351452812962683	0.752401349506057	-0.843702963909578	-0.5196559291103691	0.06460220814640633	3.015000257539464e-13
1.8745376578545498	-1.0353626098582984	-0.5174784331628958	-0.5826436720375291	-0.6542196729791941	0.05375018114994425	2.962132195729788e-13
-0.3944832567667511	0.44748143334555557	-0.881094028638185	0.10293622575923657	0.12047125986938088	-0.025069329693917872	1.802160921707861e-13
-0.6111923026026861	0.49901189669733	0.6898853766126071	0.02846562986564605	0.28775007059454005	-0.02044710363623718	2.957039826450058e-13
-0.06441850330548454	-1.3444361794928275	0.40783046299714637	1.4455413560372634	-0.14885346150942322	-0.021020289797982733	2.595236567176843e-13
-0.25658719201947944	2.099196404555639	-1.4318812499001348	-0.1398161448078282	0.23764556186718083	-0.0030906278617812105	3.5751819324229633e-13
0.28750015937432133	-0.310334308240927	1.4140200753849472	0.2604643415628795	-0.03248318785051641	-0.024790120805227644	4.288000481864387e-13
0.8119970039001814	-0.6687318716536714	-2.0153299678162684	0.16206474916133304	-0.42640507204160727	-0.01008422169223536	3.1649969403740936e-13
1.3238030586987717	-0.9352421367491945	-1.6374019296421911	0.2520282142806864	-0.5851741950139142	0.017451971957568087	2.801100498685026e-13
-0.6410224912916745	-0.923579668925509	-2.344238304595422	0.05592578855585555	-0.041229420252237	-0.030356533602297568	2.4418356057663086e-13
-0.11340434696586882	0.24178887364557558	-1.7236371881650958	-0.04994144186124543	-0.0295785798902371	-0.029362214864106066	1.918969381194843e-13
0.8311543259262075	3.62914944934917	-0.0699387379958865	2.0611283234213826	0.07204567313419061	-0.008728688597349276	3.432198784313548e-13
-1.3643477381537608	-0.1593509192931053	1.1111418373867097	-1.3005136841026392	0.5199929473066693	-0.011581508523982214	2.6614416766344874e-13
-0.10949054846369026	0.3118883838712958	-1.535971107418708	-0.5363884191676236	0.008088816193656815	-0.029075073065410562	3.0442114762395877e-13
0.23114709484497079	-0.5975257960494466	0.24828399420249644	1.9705556009622387	-0.18680955743217792	-0.023771274305518644	4.1491772965584733e-13
0.3574162487599589	-1.7467363244355838	0.29702898317017573	1.5442843386451657	-0.3261319932715618	-0.0019297622583408511	1.967025740017618e-13
-0.19002988835081355	1.7586457254367698	1.69072217924672	-0.440658195657694	0.3795101229944599	-0.012020425747814712	2.7515000108621e-13
1.030239279442855	-2.0112942895047077	1.1480076883495187	0.9886867499900944	-0.4762303228163133	0.03906279641332561	2.0723912908495995e-13
-0.8731239693601033	-0.8418299261330662	-1.018672795932297	-0.36177600587288367	0.13299288926157873	-0.028680070715614066	3.388042089431704e-13
-0.5004290474794016	-0.8009727669905259	1.7411284794424366	-0.08710088410275948	0.18105731608037434	-0.028765386877213268	2.165440859092956e-13
1.2647911568305967	4.016336888789433	0.20998352706894582	0.7015066499701644	0.057658414464504086	-0.01448059029353564	3.13356470481834e-13
-3.913455516457367	-0.04377213628298102	0.3628475611975636	1.3572040055875443	1.1485170064350174	0.14928804811430013	2.6041909664669734e-13
2.844326412578345	2.4912054850338126	0.058479542705832034	1.3968177964351753	-0.6115034477026168	-0.002646511622303988	1.6921618888639492e-13
0.07783601583218469	-1.7970858544963044	-0.6461506909193582	-0.09727967740567516	-0.238803123931442	-0.01119539862970119	3.0277759053135024e-13
-0.9085553274415067	-0.8498314109721922	0.18907496181735492	1.1218211853566844	0.15406830112474826	-0.028130348347296923	3.0692662218623555e-13
-0.2310740687470203	-0.6151765135488013	-0.11824372074533768	-1.027269378035639	0.04871830241788738	-0.02890800799992939	1.8949249514972572e-13
2.692931097200623	3.1342640333712324	-0.8686301999195722	0.045618657512981255	-0.4986453857924411	-0.018915325372727762	3.469118473204984e-13
-2.2240202074690223	0.3458641621522034	-0.8089256938815955	-1.1338323575388678	0.7122919469572975	0.039872199325282666	1.7390416151560999e-13
-0.8999817357250263	-0.19569589437449667	-0.057455006306185004	2.1297529305144502	0.16671991793358568	-0.02310641761126925	1.7542242294005932e-13
0.7108546707940295	-0.8912036872408237	-1.233088686253178	0.2129614492201063	-0.37566711891697574	-0.008491415831360202	2.9095883152535233e-13
-1.9689910494643907	-0.056891987486699755	-0.23226638934151755	0.2922633961881516	0.5666609638500658	0.013753683155004692	4.272552648844201e-13
0.08861059700343413	-0.63379901790947	0.8496639631943383	-1.346646157019064	0.023497184198240813	-0.025227954469763097	2.1868901668524555e-13
-1.4408137093215403	1.1271001687945574	0.7524482321564923	1.4430513364770023	0.5511036735674847	0.022357418696796603	1.8785062024280984e-13
0.015038004588573125	-1.2113020986517133	0.035174519985447544	-0.8207693776317672	-0.08723733394263268	-0.021169427344241244	2.2889383917463593e-13
-0.757240149461112	-1.2331027968183754	0.05289411916743123	1.2791755919903156	0.05302367343203708	-0.029544158788979903	1.7245876338853235e-13
-1.9858021941574808	0.9019684035283657	-0.1386413029841216	1.802356341396411	0.6221285477421002	0.0453355927863901	2.396632189723965e-13
0.8421014566922732	-1.5825524475470671	-1.2085574864110793	0.889532275551823	-0.513623673276046	0.013096998536026163	2.998030903002165e-13
-0.852580829458615	0.41097836345647915	-0.7977858317890775	0.17451960940566483	0.25500416915364005	-0.016196005600643208	1.4535557205727046e-13
-1.2529496790902328	-0.04988987777614469	-0.2894934710885222	1.4499497296459545	0.3019791489011562	-0.012875898903147758	3.3981744131953394e-13
-0.19812614173845175	-0.8962642698817829	0.18698750881309018	1.800415063745685	-0.08913356564134396	-0.027296396664797492	2.948197285290488e-13
3.0583835443559386	2.2297959556477354	1.3496052613871732	-0.05816142968077998	-0.5645551191884073	0.013840774047630542	2.723421953270977e-13
-0.6136906280481379	1.5366153232850812	-1.8854718791893743	0.5063962057671813	0.22879086851164435	-0.0023824227710075884	3.23569114596534e-13
0.018068720067052846	-0.15925238275225953	1.0878562315722218	0.8033658558423693	0.02146014176735861	-0.028423628192415902	3.833908481082601e-13
0.3095337689706726	-0.636364420612332	-0.5456614400854889	-0.0012108757710754016	-0.18066996065503296	-0.022384729213899036	2.684510509249943e-13
0.641294309351243	-0.7245156355428743	0.23520862808371465	0.14927972635862477	-0.24689485094536473	-0.012574315218633862	1.7774670111195573e-13
0.7058352692262045	0.6992054879248198	0.9783264117526708	0.6428451391741176	-0.08895629653415406	-0.026985382647364727	4.1061473233841627e-13
-0.4712696102634109	0.07678806545223638	-1.2183840187433412	-0.31862606109285724	0.09996601245860712	-0.02712037851457999	2.130474966384765e-13
-1.8089124347805545	-0.9266554403950443	0.13206296837123305	1.2120217475268722	0.40665168619174025	-0.012121564542588012	3.8105704319736803e-13
-0.09085851600082698	-0.40904793871970596	0.824793286687711	-0.34315705767553834	0.05797132503822342	-0.02835461213993666	2.555254200329872e-13
-1.4484110978629403	0.3696540690459348	1.8334081809918275	0.07429776313150173	0.5902870351630384	0.002142663735082425	2.065574009868008e-13
-3.8092335171867533	1.5319586328593715	-1.6764406924076398	-0.01356901047101876	1.2309686546619119	0.23740494655664363	2.401071985379974e-13
0.6423965687589437	-0.11191812267719224	-1.1645810996172707	0.7630777518792031	-0.29081095535450513	-0.022278396198503334	2.2975613340479713e-13
0.40071128382710247	-1.6153122832641238	1.827990798807073	-0.1695062229782637	-0.16268641810839196	-0.0018406269544719302	2.5514114026010325e-13
-2.793196144185713	1.6179117445926188	-1.618184774342514	-0.7878006611378142	0.9654191449810018	0.13938836829256362	2.284769102088706e-13
-0.33672644744648317	2.009497402643235	-0.8181514208627436	-1.0840630210815598	0.3272434345192581	-0.0022137328177244467	2.257666358828113e-13
0.012529819526276105	-1.5824386236933825	0.8488977416292944	1.5356668387698948	-0.1741796257519418	-0.01562232433828733	1.6978724298054588e-13
1.8680259062635745	-2.007515040438875	-1.377960098711342	0.32811899389085575	-0.8426203749583759	0.09404938998961236	3.9336642197287275e-13
-0.49573241451311645	-0.910292818139711	1.3660150033213203	0.9474423854248409	0.10289718753919895	-0.028766647511474258	2.0460296553517157e-13
-1.167884339062003	-0.1325790450202819	-0.7231430970814526	-0.839310932215599	0.3355128758170942	-0.01654643625212052	2.783910759960717e-13
-0.7982669409328349	-0.9466945752258681	-1.081883210147185	0.378471082036398	0.06522151601410293	-0.02955539948022418	2.4519667952043785e-13
1.3187035547110824	-1.2558305796469287	0.5471320194147562	0.7072585241771309	-0.5051432986743176	0.0293384972929969	2.963250286756647e-13
-1.2949170083797683	-0.5230730724416022	1.0949479038537264	-0.3291319718191401	0.41848464409582337	-0.019056202331596994	3.6426108058291193e-13
-0.8406137174824679	0.6285824178782966	0.39969604348818133	-0.019273067180674817	0.3549924595964	-0.012943319232495028	4.274572859897448e-13
-0.9408340943226958	-0.4039971836597457	-0.9510497935459029	1.0558969414437045	0.14668435733715357	-0.024687577755966982	3.3084413328529066e-13
1.8263020181733896	5.522773819963201	0.9654285680576884	0.7018505630918059	0.10084512087614357	-0.003954797141650605	2.8579777327777445e-13
-0.27093873170478316	-0.8240355556914037	-0.12018256744783902	-1.1568333655068042	0.04314731678353725	-0.028412945486430263	2.430136948548894e-13
1.5188539351217407	-1.5180871331498715	0.6627714311036348	-0.8910504524752356	-0.5181969669430097	0.050692442867181456	1.2897292292722216e-13
0.41591278539790244	-0.18876650156827898	-0.47871417163450497	-1.1819738486823907	-0.11144407306553046	-0.024969694785113405	3.5173228145384707e-13
-0.6925883895878965	-0.580941424054019	-0.6442449353841948	1.0789934440487956	0.07107991031842187	-0.028713955659735745	2.2528435040694993e-13
-0.5793359725708929	-0.2742924210406963	-0.07821997171604549	-1.1310674806876961	0.19546587065433604	-0.02793125468862385	3.97419706731876e-13
-2.390788101759775	0.0849141458687366	-0.019943325824154732	-0.819092556984041	0.7677328377497648	0.04016128898822651	3.8323360386823413e-13
0.7822452215678005	-0.9916948458878396	-1.21487187599767	1.0623600098411765	-0.4410263646797099	-0.003966990946007694	2.1935313355771787e-13
0.17319254710327367	0.4071237475246533	-1.3428110502129122	-0.9650800648272557	-0.03615882192840346	-0.02968836792539151	1.8879967922015172e-13
-0.30655382459115477	-0.1342966116490723	-1.3939106636671001	-0.6067747738841457	0.02944618008756121	-0.02948588696265169	2.7683605568725385e-13
3.013966434663026	-2.6571890436711723	0.9926751110912295	-0.013475069667936159	-1.081040101333071	0.2519347417219698	3.081866103935231e-13
0.3047336523257531	-0.32352798494684804	-0.8572397201386244	0.4992298139186074	-0.1848853762156901	-0.02570195226409756	5.493897526260014e-13
-1.0658916137311807	0.139281022202429	1.0780285490426649	0.6809412510460316	0.3803574259622392	-0.01486362079855889	2.9734975174144945e-13
-0.4550670832054892	0.3179949757372468	1.4931375234878963	-0.5317473678513438	0.2925988360529516	-0.02489851492863128	2.933631352637697e-13
1.2209804375309758	-0.8866701388323974	-0.38015547844146824	-1.9685815989786521	-0.3835201246535137	0.012494504476847853	2.576504404491282e-13
-0.40957993326471115	-1.0010994038151027	1.338969258684969	-0.7471387823684565	0.13558386517712676	-0.028023747905856086	1.9376319519152113e-13
-2.264402322527245	-0.04047099134752002	0.1619014938087122	-2.146406398681665	0.7810336698208459	0.028803160568312072	2.4552157292053766e-13
0.4452898347418479	-1.6312573012097953	-0.5119123502193307	1.8625919403376976	-0.40112988637325664	-0.0018939832741176603	2.688844570894596e-13
-0.892511876413869	0.2171160101419782	1.4662762874073048	0.9132551245338595	0.35088031317455926	-0.017972534176233304	4.020438781828159e-13
4.443507431917597	2.776828811672669	-0.018316864041787496	0.2194656152355206	-1.0026268984146056	0.07572546749999466	2.0182433974403066e-13
0.2752106984918456	-2.268373244563322	1.3746992004143324	-0.44631483682370676	-0.21107227187829602	0.008303564415558316	2.397199140172804e-13
0.6424894495852778	2.153137703508077	-1.2373253552388364	-0.06003730353181974	-0.016349783796132656	-0.025029732320894976	2.836874078146012e-13
0.7598123907317963	-1.9512542861551454	1.1019306679983558	-1.3518815524011325	-0.2979769596026078	0.02220186794476797	2.8151795305415385e-13
-0.052387362037048135	-0.2916339326634764	1.1491995495195335	0.588591092214228	0.040470041620784616	-0.028379241167117587	2.2058365362068843e-13
0.6773151983651408	-1.0642275120362565	-0.024046493603825065	-1.5582503622407402	-0.239053874485709	-0.005109887669120091	3.818045720251184e-13
0.14110567876930566	-1.0821541162998483	-1.5742745272527303	0.4153150552820222	-0.2576686857091968	-0.021177030361106988	2.782143196482178e-13
-1.441975874403397	-0.2846244604250418	-0.9538851351814488	0.644386736747399	0.32593037403186637	-0.011482451773578727	4.175675275637966e-13
-1.0439555714765225	-0.10798831713478207	1.133632471962668	-0.10380396668249436	0.3822297157541098	-0.01903350337551274	2.3908652835302746e-13
0.9611912828976477	-1.0579696948641801	-1.4436258305244414	0.8306530317223411	-0.504549698822752	0.004382385640848585	3.1585845050585704e-13
2.1802311318816683	4.505571799062665	1.8587844747067288	0.24767529158966506	-0.04401438311165018	-0.025508286926016283	3.9035441545820504e-13
-0.77686323565346	-0.3620548933048865	-2.1977781229653384	0.1826627539685905	0.06368946202919087	-0.026899930602374254	2.841421294071305e-13
-0.8424272865221654	1.0341225402521887	0.0586428874866763	-0.6991607050927332	0.4076861416679831	-0.005209042263688983	2.316136034539755e-13
0.2851443314105682	-0.6488980353848463	0.18839236441373455	0.8260562096196723	-0.16481190608426358	-0.0222766403125093	1.783652559997968e-13
3.1050949058950224	0.08032654498525206	-0.27336615635492145	-1.0025251250675642	-0.861736489621442	0.09552459207107152	2.943886866124447e-13
0.4745121761250173	3.5606280441121125	0.8609134697891851	-0.10400917231816734	0.31585173130109323	0.0022347875628301937	3.996820764907206e-13
-0.08468924690137532	-0.28422869036053633	-1.1887068523726119	-0.4553032652427163	-0.04639540875231011	-0.029529321855060988	2.91160294683011e-13
1.2011596339618487	-1.5976854595390642	-1.9842221771727262	-0.17142052506400512	-0.6226689766886281	0.03132778925731593	3.444295814495118e-13
-0.560314374214073	-0.833209958033273	-1.9843547183603933	0.10845963312017759	-0.03592704237953262	-0.030225608252518122	2.35250624164071e-13
1.234756667976226	0.8952102182613508	1.29460805171827	0.8149841763862041	-0.21179998086116877	-0.020668100099175066	1.0806736506986329e-13
-1.532462069495577	0.16550750693222754	0.13717351070673914	0.0873000024368551	0.49084182342880445	0.0008624236878846014	2.5339753547015533e-13
4.863414151418959	7.043773977562159	1.4194851302923812	0.07246052362968523	-0.5818405153013224	-0.019901042143890237	2.7187504682581054e-13
-0.8006579136243978	-0.9237289637473487	-0.3837890570832629	-0.4386344786309374	0.14378626317911822	-0.029252196650034448	3.205346547016841e-13
2.2894920580856764	1.3121130975503725	0.09877947423802216	0.37509866752267695	-0.5301027735542305	0.002842024984688079	2.9229755098694544e-13
1.2220512353375248	-0.97829871189515	-0.21087895429265863	0.20452036796889517	-0.4725818493751095	0.01517760285922157	2.666416105844524e-13
4.023196307028831	0.39243290213540893	0.0159154032396949	2.1838710885783317	-1.2068226086696603	0.161561447774253	3.804449473304308e-13
-0.33936817006888637	-2.0874326951423683	0.1995213152193062	0.9993289280538429	-0.141758848197483	-0.017483380560708302	1.8928873453519836e-13
-0.0016307618968675517	-0.8474893692261897	1.7596240351583292	-0.6050207669674263	0.05119166682908948	-0.02423930565249837	1.761363404366558e-13
-0.20248736271077458	-0.8914323785659212	-0.1428764805558882	-2.0387259911776083	0.050525282471248226	-0.027462454719929013	2.658563981675118e-13
-0.37387851158894075	0.22302584622005683	-0.31025626684967833	0.5315530626525773	0.10645809406841669	-0.027002270261899133	3.559814217000577e-13
-0.12362629364384223	-1.1193780572431613	0.15591846770883686	-0.30770699374434507	-0.05040386680263931	-0.024603156998886294	2.5267980815061263e-13
-0.4445786507790363	0.002680923737614208	1.890444711482312	0.20261641954601403	0.24877132097084198	-0.02710941133488018	2.826995113688095e-13
-0.38748188073556944	-1.1498215186274572	-0.7208483765282205	-0.4637902079844058	-0.022031051107503263	-0.02813924215819498	1.8893145885416762e-13
1.3008110654561336	-1.1958097578466422	-1.6964866200411983	0.5741078788269902	-0.6227143373292797	0.024071445625622308	3.562358787238362e-13
-1.7446109244534767	-0.37250237589604845	-1.3165883688090916	0.8299115747210593	0.3774523747923828	-0.0031593250643928467	2.97170034085951e-13
1.173656711633584	-0.9496812405798817	-0.5351983616077015	-0.6882489684240815	-0.4382464979935183	0.011828295017301453	2.9372702264039233e-13
2.147308384987501	0.2721429852092462	0.358276077292755	-2.0991619935444508	-0.48139695013070233	0.025169490874880997	3.4843034916586566e-13
-0.17784138714522546	-0.020622241886684805	1.344956670770324	0.40051070045787457	0.12635930564758766	-0.02874825582636368	4.34649006230484e-13
-2.498239510646856	1.4385247048531784	-1.0119845385925623	1.2153567172430109	0.8094115722302104	0.10463158642154297	2.3886545563188653e-13
-1.0260765664056466	-0.19696018697323964	0.07043057693074144	1.6491833975911023	0.23152288060380363	-0.020676640757661662	2.8337730994176297e-13
1.053923302364499	-1.489026906899655	1.5268609370964124	0.12536445499927765	-0.37003187232439505	0.023641332104001985	2.9386044040366136e-13
-0.29440186763788745	-0.48109316224739884	0.3358512499229404	-1.37761676546984	0.12352590143468188	-0.029198352641630385	4.034564985505688e-13
-1.4547803679106859	0.13188652903773815	0.37275303213684124	-0.16012365584492025	0.48811676688280864	-0.0028239945746183163	2.23768441757704e-13
0.6517666640620441	2.3335862098643982	-0.6268863289488698	-1.3957913817907988	0.09199498277067687	-0.02334042851179241	4.190864402359343e-13
0.7197552086452821	-0.9690925362918024	-0.14254439648371273	2.147901699946995	-0.40062360610381254	-0.005809673825547187	3.5196643340973523e-13
2.4667446529485217	2.712163825777646	0.6560767316616816	-1.0781494838186851	-0.3398465864147541	-0.017371509703945215	2.529838081479357e-13
-0.3447261763589588	-0.006253499544810133	0.46525430354449226	-0.9714058011117059	0.18100709527116735	-0.0282827196789448	2.492758982162874e-13
-0.4718681299953142	0.07788347338169876	-1.0799667414502512	0.09553304418022635	0.09155039265103522	-0.027078113589340102	3.395408359818875e-13
-0.058963387318743905	0.8687923652814313	0.4286805128175106	-0.6148469469186877	0.17460426997501574	-0.025866878579487704	3.325938909386297e-13
-1.697525936964933	-0.5185054631446402	-1.34586232358382	0.09385570356544558	0.37571772113566576	-0.0078552301237367	3.078328997892254e-13
1.5834771892594839	-1.433518059090253	-1.378237784825532	0.7740344398729871	-0.71887404920166	0.04908373523267901	1.6040816821595533e-13
-0.5602662196198271	-0.16455742997592213	-0.033213764678533604	1.462561441786254	0.09796564138960502	-0.027494100426128154	2.87491075735852e-13
1.1460696301780111	-1.1738168334713468	0.053523784747927065	1.5758864382207178	-0.5115335445302209	0.01730677536431929	1.745639910252689e-13
1.1560688314508212	-1.9110130179244642	-0.8137366927531136	-0.1193668150792113	-0.5744043255067319	0.040832691618493525	1.998955826120711e-13
0.8314516067210498	-1.1706608661913769	-0.23263348568667497	0.09615245886594428	-0.37584025457341985	0.002897469073986348	3.97559827869519e-13
-0.5040660829134943	0.2355138844819961	0.9105984849935751	0.8958686725599826	0.20466891741016702	-0.025038922592196748	3.939635101131135e-13
-0.2801172226586537	-1.573401062129612	-1.116219909499127	-1.0568829838145148	-0.09856169333406367	-0.023502166993607528	2.7244976173893454e-13
-0.6295994602608661	-1.0419704950550113	0.35944580028236267	1.512306403600773	0.044746015271256774	-0.029361750819774	1.85337426307477e-13
-0.8872513560390922	0.7784096951537779	-1.8734600725783772	0.45677289349783934	0.22978778223095286	-0.008729995467768729	3.785576085772586e-13
0.051728762305924755	-0.7780354415493598	0.7090853414861185	0.1696093724064793	-0.05181734475485103	-0.024655268609430542	3.1202594217195256e-13
-0.0016935289806760294	3.041538492845599	-0.07717943916325788	0.4511687496321792	0.32227952251788855	0.009101858142731204	5.280159898209205e-13
1.5449663034083174	-0.4401672949256586	-0.31465013418353016	0.58598695853383	-0.531738216981335	0.015278687108336731	4.143636714996235e-13
-0.6180717947122703	0.1501478026804851	1.768737006436846	-0.01122402401524335	0.3178849342191705	-0.023979522308414446	1.5811940436255506e-13
2.234111924050947	3.1736024109547967	-0.28501535178673576	-1.620705043699776	-0.2559615799550813	-0.026476286637352093	1.1566474826612356e-13
-0.1623536556340623	-1.0354425284777464	0.5410459960174989	-1.2601617810302677	0.03220815064034321	-0.02565019287907903	3.2297784847207137e-13
-0.3640516350335462	0.0036210582115557347	0.07831090215285108	0.09950788258102289	0.12067036299630923	-0.028226587129459885	2.143694742407306e-13
1.1271341446290413	0.3461114621791233	-0.1334631928507545	1.6385000670788008	-0.35835248813828474	-0.01678980779156794	3.8071197454325623e-13
-0.6234583838458937	0.12618123545532337	-0.19949916267169945	-1.1797146825671803	0.24696842846009215	-0.02445000995171397	3.788190573771743e-13
0.6263026698788783	-1.1971743247853113	0.031237797281330373	1.4391157646273591	-0.3580080114763718	-0.00418817893723899	6.112623938712784e-13
-2.136371783994085	-0.09272877997104641	-0.44277740218714373	-0.08591492432926542	0.6159180935211224	0.02079421108439882	3.6229592359073587e-13
-0.04305238216559337	-0.4898070987209066	-1.819943585483676	0.2803904941111798	-0.14892319323530367	-0.02894140420356985	1.8217038341219028e-13
1.5850778757788657	-2.138197763995387	1.5101039407083703	-0.19248471235933348	-0.579893297829037	0.08207855913989609	2.994886524460349e-13
-1.614657775107503	-0.18427589968311187	-1.9539620081563314	-0.08651463079770226	0.3587856417963771	-0.0036992099062110695	3.671154557751672e-13
-1.582450124598613	-0.9226194496402013	1.0116378545891491	-0.9367553770352093	0.4803705826410944	-0.018026268257935095	4.1837405476392276e-13
0.0663275949082164	-1.2465951087546812	-0.11300791861360113	-1.9773079646402962	-0.06748989767404726	-0.01968780242683344	5.224339172318489e-13
0.17385038448442536	-0.230352131320703	-0.4151334843108846	-0.2826426957121164	-0.07767552315939294	-0.02765719963835542	3.961737342338405e-13
1.5613711646736324	1.6916505071541088	0.8980060609096756	-0.37724517286478504	-0.19727238062946637	-0.023386988592675666	3.552039031421011e-13
0.1815663764308217	-0.9806191099389118	0.45700867268666534	-0.16922891916928265	-0.11294573242286364	-0.020251700236591712	2.396413824291832e-13
0.5133372987799117	-0.7854046199758694	0.5613668131490596	-0.994047698780435	-0.14937479027389966	-0.014891720159771308	3.0884240909959167e-13
1.139839920986465	-0.9277950733115121	-0.28756806892854264	-0.03876303247896828	-0.4378887141671407	0.009913797548816362	4.267484753836664e-13
0.4112941113788106	-0.40282994255308613	0.08545018552706839	-1.3881987397557827	-0.09079173907028702	-0.022615355567277246	2.5062972474530355e-13
1.0571462586286289	2.3356009579213186	-0.17545968225844713	-0.04003057062737489	-0.056844642064224175	-0.02796843019298022	3.2542226482599435e-13
0.1329738978581776	-1.4824417572611737	2.215311979315498	0.026097876477036087	-0.0549542790443487	-0.01289421538652561	2.6259879553649477e-13
1.8352417423608283	-1.6407452175759891	0.8861491499991099	0.8557992745628439	-0.6808615779396269	0.0778086094666216	2.5646984621179636e-13
-0.0612996568411503	0.16366574874795797	-0.9369033355625568	-0.7941855086472469	0.024183047704349356	-0.029487190760641255	2.904218491967513e-13
-1.5358735739520823	-0.08681304022331854	-0.4516865044926785	-1.843445542359295	0.5080110072914511	-0.004565466559699983	2.4164309271974946e-13
1.1536864520321963	-0.8508057480291662	1.8959499949709413	0.255027416768235	-0.31491766529786336	0.010563735522020773	3.99061995523099e-13
-0.5922499027685852	-0.7341248994835698	0.1983763110174294	-0.0719372480321965	0.12243148760139086	-0.029324130546822758	1.7591496473903496e-13
-2.0564901663485133	2.3283390558559254	-0.7825058656792566	0.8952380351711993	0.8026169568412774	0.11192307211288685	2.124527094274397e-13
1.6712365127940536	0.6281635142182229	0.6494346019051662	0.7356300369458031	-0.4037537510616349	-0.004778613643789377	2.3592968955239525e-13
-1.2622528005249238	-0.7665949810816121	0.7029186928215703	-1.5923353788078722	0.4104770560587597	-0.02273161299498927	2.4521903349261764e-13
0.6391667074267827	1.2634397868117575	0.6087659309568346	-0.6796122590812176	0.0238799831927896	-0.0287631735906573	4.152082430488709e-13
0.030636732532558164	-0.8064577124876291	1.9192899106418566	0.38291997129085004	0.015105258968689916	-0.02404089859562446	2.607914158738697e-13
1.4122428464153698	1.8101935057463883	-0.7152809528819281	1.5332635524239822	-0.3156796756073999	-0.02715855064254525	2.73731006066137e-13
2.9010475753969174	3.001594046912399	-0.8349063107923097	-0.8226497698950067	-0.536223692526995	-0.01138085623411617	4.227057600700562e-13
-0.13025410034596901	0.8434000652585968	-0.5135544598669379	-1.2696305001086552	0.1634761786115416	-0.025311904564904324	2.1143748906943336e-13
0.5308948093900361	-0.4603336014882455	0.14615130119801342	-1.5531690149697348	-0.12170712178488803	-0.01944307023424916	1.095877740115088e-13
-0.6938684776579389	-0.5617929167813007	-0.4933145183996261	1.7516765023270184	0.05496558816497253	-0.028583584634642063	1.9749460150199806e-13
0.9447789596231865	-0.32351272982596585	0.4322580094631505	-1.3888103308601794	-0.2181331496328627	-0.010348947742351775	2.821886427569951e-13
1.871625814277503	1.5074010779087235	-0.9706908001188708	-1.3331955193378773	-0.3809523916387506	-0.01569220749679232	1.630221644117915e-13
-1.1662108886066929	0.4410136140781963	0.27926396657228975	1.8371535668992298	0.34825499655887404	-0.006364439417196003	2.718561984330384e-13
0.46081639319152556	-2.028076173707029	-1.2077392997830707	-0.3912808140493769	-0.39690436691945175	0.007783849648241521	3.0468565662466395e-13
-0.6578509669890583	0.19454836487057783	-1.7325314879130576	-0.679862095225162	0.15234753233653117	-0.023405092843034662	4.94115360755275e-13
0.8145778547908235	-0.7348076276897779	-0.5117445982514656	-0.7480237820972452	-0.30669322538102484	-0.007496590822611903	1.8523453561452182e-13
1.1636249421780516	0.9248699672214832	-1.7168272246078509	0.4120043810198231	-0.35162090019461156	-0.024127806711739946	1.8408604016727108e-13
3.8845423811626434	1.9028598920135387	-0.9258246714487166	0.576035071488152	-1.0012131540296045	0.07156784644256566	1.6996777334312044e-13
-0.49532349928021213	-0.2711473522488321	1.7867605376312725	0.26872811991055223	0.2251245121246199	-0.02801895483134411	1.9094532316425578e-13
-1.042590682002464	-0.9032702560067077	-0.023398655920507497	1.8301993265410033	0.146235005970707	-0.027238187425038567	3.2953664776312203e-13
-0.594218740141708	-1.0185981580014491	-0.7692894846374679	0.5374572547462231	0.009210843110151455	-0.029746759040789942	3.4373993060059574e-13
-0.3620317154097066	0.1131014895242967	-0.3318850906239941	-0.11279177806803187	0.1161278705747684	-0.02779571814180496	2.8886527948958473e-13
1.3776009696503662	0.2447106171377526	0.2256167843021334	0.06263072859714423	-0.3563727525630089	-0.007409452364460304	1.6392704723967576e-13
-0.5000916646433692	3.402649025465064	0.010410242275519862	-1.2725035467037646	0.5884641170558911	0.04612639743965433	1.9830241869600486e-13
-1.3657845225630352	0.39253342432644994	-1.2406402217579633	-0.9671251926486752	0.42679994068023164	-0.00011658556587172927	2.7376402701126047e-13
-1.6388350472849242	0.03628962481671536	1.7367972067717754	0.3877253089092172	0.5918541937450615	0.001755582929002765	2.0872083139691164e-13
0.6058998010856257	-1.4336284231609722	-0.41487044593451466	-1.083722159272729	-0.30031613137713964	-2.1004903633683692e-05	1.0702079230403049e-13
1.449579528547438	-1.8907637451499815	-1.6199785703802112	0.16303907293223605	-0.7173177639754742	0.0578089467087004	4.0791205348781397e-13
-0.8862891134909147	-1.293639859782511	-0.9313525705316512	0.7671464107789415	0.04671893930068531	-0.029921061422825596	2.507955944454063e-13
-0.2594976450625208	-0.05957877771191883	-0.17458544286124345	0.12410384644933857	0.0666454482104865	-0.029098926600397985	2.8179510001648194e-13
5.174618043404214	8.415362940225263	-1.3102594182097096	-1.0053256003262543	-0.6452900977849321	-0.027240014736317514	1.7194315876727888e-13
1.0852108369952367	-1.1432809421796635	-0.1825167890072799	-1.4903461267089708	-0.37883991872533906	0.013414409864085135	3.1546446214773587e-13
-1.552953714594196	-0.23572954922725778	-0.12626552205275485	-0.4873297043546442	0.4605076016887976	-0.007069880668049745	3.285774693382991e-13
0.23361249600714365	-0.26737207808039776	0.18081667335143717	0.7092300915128378	-0.10430148029074969	-0.02649909844649372	3.53978735072955e-13
0.892505011076412	-1.037530422791207	-1.4277130528099389	0.10590796500159215	-0.4516138169330006	0.0011196002514788019	1.947717432051537e-13
0.5922316060927003	-0.3506763171222866	-0.835695708309416	0.45436700841890126	-0.2692587063998173	-0.020206131720719687	2.616388092255558e-13
-0.6782806107743801	-1.668629237101835	0.3291703949723035	-0.048271836697230425	0.05371101944045322	-0.027567738417822854	1.6264404146054462e-13
1.1351003126705475	-0.6468457534946932	0.7910670514903942	1.1146366446467149	-0.3894409124454581	0.0035468620540035534	2.52744487717712e-13
-3.2333993193262875	1.8857117191213992	-0.4861738795113564	-0.4266126072518861	1.1831613852139795	0.19670402077373222	3.912646140488475e-13
0.5745790743156052	-0.8397085288679268	-1.6667321541560591	-0.12280799373307107	-0.3424584813123341	-0.013955047564631182	3.4498671424995274e-13
-1.1686922612733839	-0.3060213130038605	0.35806147041937375	-0.4192885780952134	0.36422223621204775	-0.01899133054509472	2.872286440614546e-13
-2.695188855829595	0.3450981607028363	1.3961913756356719	-0.22340972905790143	0.9490914618584904	0.06884525556490996	2.848271227985495e-13
1.2410651756107407	0.6983224865603808	-1.4973260694321529	-0.40031657752483724	-0.3521776608460241	-0.019862742077348682	2.9629461543391005e-13
1.9931401978124754	-0.13585953556951566	-0.1289747562762792	-0.20550358745571748	-0.5864761267321514	0.029262762737900752	3.278459620009649e-13
-0.22354371712786045	-0.0732741734401571	0.036159386622128434	-2.3556324146145924	0.16893575288062443	-0.029142758910524712	3.1544006176094765e-13
0.8778485562093441	-1.0076847398485411	-1.4896061814590413	-0.7697582264662673	-0.4119244524125996	-0.00017749753997556677	2.2972028617025347e-13
1.422882955969223	-1.6585214503405181	0.2640756860951797	-0.3087842758990541	-0.552902847144693	0.04937154364555297	1.7283586502706684e-13
1.254899817875294	-1.2607803924707144	-1.4488421764964516	0.4685906413675643	-0.5970159171378037	0.023944990259393173	3.0707788202363054e-13
1.5739579395024441	-1.4527853392289867	1.1628716760112265	0.5552011331016591	-0.5567135058801687	0.052280350307328104	2.285769346799458e-13
0.23383948757199122	-1.552151119472932	-0.7504039665915432	1.2328378878547683	-0.3192730778931025	-0.010952870804423436	2.347509860263478e-13
-0.10979528398149115	-0.40774318337824916	1.0475080781795878	-1.2434187696364027	0.11401041202975616	-0.028355375575074983	2.753055655694963e-13
-2.2730799104150328	0.3949381097518105	0.2545851468475667	-0.730908334932941	0.7796650423919032	0.04409647667115027	2.749054439190041e-13
-0.4202058543051839	-0.10921844520184176	0.7118125433462438	-0.7150231346699344	0.19644506337843945	-0.02814601771451552	2.0850991984788631e-13
-1.0778297895646323	0.32719276787654505	-0.6176152934434709	-1.6257331658551457	0.3977581973792069	-0.011334514102667998	2.800224966583553e-13
1.5198485206233758	-2.801470189703516	1.2454459722741047	0.7107936056457634	-0.6828711634534529	0.107906879565819	3.0226815485866654e-13
1.1175036931394446	2.294231878269446	1.0960554041728345	1.3262563947090171	-0.059161918561008615	-0.02805956925180652	3.4406635600924155e-13
1.758049896729257	2.5838147990723663	0.17564393796152886	-1.6900125280059104	-0.14860897253215347	-0.027503793339266308	2.983547224152113e-13
0.4377896153315049	-0.70961505360262	0.2610316218386478	-2.067863724209268	-0.09301416199000251	-0.018125418159123594	2.941687463114206e-13
-0.015826224511442544	-0.21045306426657504	-0.8454202337403872	-0.8883228808149986	-0.020431091657492982	-0.02925946242009131	2.552673405169402e-13
1.7752828788634183	-1.2376738865285446	1.5393959593847082	-0.6936936706486169	-0.5186729429782199	0.05765314324860552	3.368687683793242e-13
-1.0630211862769074	-0.2075065147393791	0.5745217057011208	0.19747102640564348	0.33116030739160324	-0.019982394425337686	4.2332323838574273e-13
0.03019819538575897	-0.48071705371492407	0.9454543990178288	0.7503824265657534	-0.023159903556332514	-0.02699921738012348	1.306155617502039e-13
-1.4109161046111072	-0.4774704324454765	0.4606569888578135	0.7384874287400388	0.3762810766638258	-0.015621124105623677	3.723995187594918e-13
-0.7548121844753249	2.1431570374991025	-0.8777937203474145	0.5869395814945392	0.39533402720667027	0.01906645739466096	4.0895016436870403e-13
-0.09836719830285998	1.3464237219667663	-0.9732149931430575	1.4786828941474615	0.06862491114814948	-0.020574931797383973	3.1607836958385023e-13
0.0022050680860009313	0.03894470979214768	-0.1843181168467923	1.0814447106183835	-0.040049360431076986	-0.029338566525442446	2.4691008553500994e-13
-0.9072224834680908	-0.4646951918937971	0.04094253237742852	0.007575360943527929	0.23250739906916415	-0.025560366815887088	1.774885905207564e-13
-1.0396476979197693	-0.0051519247377604886	-0.3801467541233354	0.2350314909745645	0.2876692273319585	-0.01779499818068448	1.2578298421031457e-13
-0.9458294234549631	2.081198195299181	0.18307227368757586	0.4885189254535869	0.513430972333851	0.026517227841454848	2.0098449564238274e-13
-0.18443287321214713	-0.12030023520670509	1.3446561427313337	-1.038807162679378	0.17657945241383946	-0.028812207550671598	2.84816824660497e-13
-1.7630924992983283	0.974049553757097	-0.08147929956406373	0.7344319423902086	0.6102760409665035	0.034845632456114446	2.7400444691808547e-13
0.8675154387783712	-0.5127149869283377	0.1924272655073954	0.3691474535417082	-0.3022060207736503	-0.009518528998890557	2.702245484816022e-13
0.98156154933908	1.3711498754465667	-0.3605913702949156	1.4092489084887583	-0.20955530086817648	-0.028439664906017955	1.1701451278063716e-13
-1.6960732392750855	0.9400213015569062	-0.8373185323212136	1.4669062643897366	0.5109948612210513	0.03030211200262555	3.086642581513527e-13
0.21456968694226727	1.119573277218749	0.7435445534015673	-0.6352147293194599	0.14037758793548943	-0.02707392428565861	2.28282333237501e-13
-0.8896347288852852	0.4255757809360496	0.5919089887891593	0.2772043299446011	0.34665818081937366	-0.01495667988198979	1.2775156460376978e-13
-0.2172550256069006	-1.218683558452818	0.5439475026723375	-0.7708515113953829	0.008767336157594341	-0.0249233356931247	2.1976634130892695e-13
0.9542942458709321	-1.8263302197319038	-1.4399938766239713	0.18717594971368995	-0.5570366566255774	0.025782579492611462	2.6995329691277996e-13
-2.7513424999187306	0.3219100305053774	-1.0940297396199652	-1.3755726966064614	0.8618174313081505	0.07310931326278386	4.16552986881129e-13
0.062188608263163775	-0.25509695640953284	-0.4574457617567418	0.73425640823441	-0.09166942597521485	-0.02851696678927747	3.061120244682288e-13
-0.35185543414778986	-0.24382402807902756	-0.4606780693776215	0.8781043368877154	0.02592359215804957	-0.029305412308269548	2.325779036775136e-13
0.09569007272860841	-1.5937676474741111	-0.0625473729086719	2.336469995010548	-0.28729441005314427	-0.013845694046921382	5.649147230012453e-13
0.21509489629885753	-0.265311343285394	-1.2367152605834915	0.5432546805204158	-0.17674476090912655	-0.027455862046201988	6.947662255735768e-13
0.34177980676834474	2.4611934828626367	-0.7295895429330022	0.19138331974803752	0.12705829456379175	-0.014982367435854972	4.700161950787652e-13
0.4116198537069957	1.4223327809167023	-1.6608791432554695	0.18297489295727365	-0.06276514185526783	-0.027761456500045918	1.9678089475109014e-13
-1.085982180976537	0.20559262847661647	0.15940544306124252	-2.2379337972866455	0.45847223777880136	-0.013241252673705281	2.5615768338708106e-13
0.7163015633670092	-1.5454893122286868	0.2208356781568739	1.1131871588313311	-0.396490268673956	0.007764304170345021	3.4489756120887676e-13
0.01269605079041376	-0.12123231457123067	-1.5122535988897794	0.2709440917119114	-0.10676218928597854	-0.029637279738355674	2.7554846625651705e-13
1.8556733506948866	-1.6379759044881055	-0.4103826193052535	0.9599947264911075	-0.7685442039898486	0.07746583332067117	3.296961205255637e-13
-0.2772325147648754	-0.349437532957366	0.6741137266036064	0.2402232132647191	0.08654385008386771	-0.02913088486592389	3.1467833392955953e-13
-0.036928849232742485	1.7006872156366344	-1.1630495071494527	0.982586622901079	0.0981448766397379	-0.017086259525297236	2.2757799352666136e-13
-2.3740207829442945	0.014775590004378801	1.7445923981438034	0.06660177603240731	0.8240712758314441	0.03613579518589709	3.3639703181871304e-13
-1.3594254150754024	2.4999793244717803	0.9659457391099884	-1.2501999186904238	0.8032504496631047	0.06607385866808256	2.3775482121951064e-13
-1.9018415803636985	0.9356952911191244	-1.2051360280023364	0.10374967489059493	0.6064852346599989	0.04192659621430039	1.9141049258611325e-13
-0.05456608578357318	-0.8094626929965777	0.8401776382538685	1.0845126032550956	-0.053585828684642435	-0.025843939954912548	2.0645513860465352e-13
0.536304308378775	-0.4533259222977444	-0.2965605581491291	2.0342498407201903	-0.2963650487882456	-0.01979967629887806	3.308063158383245e-13
-1.850040200261092	1.0308122544824205	-0.5096160785081905	-1.1541956203139099	0.694740478573306	0.04193690176284065	1.601337942451032e-13
0.9634830287420472	-0.717291688598809	-1.3058845916829975	-0.9856735766545932	-0.3862520202381768	-0.0032663705290794176	1.3414437473021462e-13
-0.5563571752227929	0.22953291188191033	-1.5664774179034662	-0.4541370025708045	0.12664370513363649	-0.024740779364047116	4.470780595355103e-13
-0.39590844134928044	-1.1206758736194082	-1.2371736658603216	0.1793490666624886	-0.07374278348483135	-0.028621900778021014	3.9067259335098236e-13
1.057208669302586	-2.2438904853282358	1.578195578737088	0.7574461796828157	-0.47313337240908687	0.04970292783314234	3.562050940615209e-13
0.5524773697092218	-1.3843325920452072	-0.03045756366926948	0.3256869844814218	-0.31428466647887243	-0.002868404529419536	2.353980790927325e-13
-0.31690823948557756	0.08147395339901825	-1.1044868625292474	0.4604031261683758	0.029487359677842412	-0.028540523677859468	4.4136027532247756e-13
-1.0168371405146044	0.5986741217628049	1.378637406532935	0.5008402161759784	0.44162349604035134	-0.008207789819382773	1.700191540242787e-13
-2.7747986156503996	1.0822043459602446	-0.03488596868053545	-0.2440306306676909	0.9715103924689047	0.1090326538566971	3.240285107871566e-13
-0.07383539277457535	1.70454716500207	0.44749333331566454	-1.336696143844454	0.3012267441478054	-0.01603603873050162	3.173802616325715e-13
-0.46834955118936006	-0.29626521923730353	0.10039440414375622	2.0128944353184512	0.04177884364249996	-0.02877915164414901	3.7597567354629783e-13
-1.1231324068367106	0.6802967874389887	1.5219564180114535	0.1707587733547964	0.5045587472784105	-0.002971168964038751	3.090362574442439e-13
-0.6625900009392768	-0.8014835663902252	1.2541282960651012	0.4200077049579535	0.1790068931145124	-0.0289207644797596	3.795107896487216e-13
-0.08125884008874026	-0.4085500082015043	-0.9214053785988998	0.9561588940475403	-0.10277597045207709	-0.02910121868388383	2.81830589198682e-13
0.8286224798901584	1.9397438562693574	1.2011906301796762	0.21849495489464138	0.03975237442284349	-0.02771200409850582	2.944264757957398e-13
-0.805051750155812	0.26507663594375297	-0.931650281054142	-0.6479594649991538	0.2505708348878876	-0.01947771086125945	2.2029620037875048e-13
-0.16855049840843614	-0.738715126605175	1.2988030942060727	-0.9145380850930692	0.09720070403504097	-0.027288517907157202	2.1335420939108375e-13
0.41837106244449507	-0.47054123068348586	0.29173277028506445	2.0462258647293816	-0.22877478235232201	-0.021681754384506067	3.033485752765934e-13
-1.3632372698611461	0.5185139943414839	-0.18049369953257655	-0.8546689724639285	0.4988061705569754	0.002596006258302439	2.9742260918289377e-13
1.1721427898332935	-1.590767804267713	0.4701181106378114	0.9811630467288606	-0.5136291177374835	0.032117305983669554	4.333138142682972e-13
1.986146010625424	3.5553373167135076	1.16173952896518	-1.1697302158045635	-0.0732687706135625	-0.028012103619115755	2.621006890989169e-13
-0.27984897100294	-0.604736512194935	-1.5217014442676093	-0.7292759288079249	-0.03205612327862559	-0.029752137000282917	1.618203275603263e-13
0.7246315111062892	-0.5871029006283139	1.8232022575855449	-0.50108421963469	-0.13477970725651672	-0.01128489443362294	1.7713984930220924e-13
-0.04011831321801626	-0.709989447168542	0.2235250917100361	-1.8075410560240774	0.03464375249238319	-0.026643565450000715	2.3897415359425936e-13
1.5454083081220333	0.13762058858406984	-0.2016195766839688	0.8494528142075732	-0.4747540904791256	0.0005564517887673198	3.4961425116534717e-13
-0.03276376290727896	-0.8439457446201948	-0.2187235632383836	-1.7736462023159236	-0.00982963922710206	-0.025800797828390256	3.4161497590047717e-13
-0.7584704664391393	0.3140958114104484	2.294393839473618	-0.10662510151917613	0.4130081814499019	-0.01956115195299084	5.198542077492403e-13
1.2958742843194544	1.1755215352363575	-1.0765798194897556	0.060812973366566235	-0.31085194119455756	-0.0239739263415457	3.6292073954425006e-13
-1.1250686374762553	1.0466456264517014	-0.8470226443480456	-0.5140969884937979	0.4319483543311539	0.005955543183940322	1.9976814513568142e-13
-0.04656080583995672	-0.42739494767533853	-0.8263989207767771	-0.975384104387434	-0.030067352698504003	-0.028739509596112316	1.7095489264613123e-13
0.06522888954694228	0.15079715256944973	0.5682058596911697	1.5857274384417468	-0.022207452706414183	-0.029033030216124692	2.849494432328345e-13
-0.7736635879091095	-0.8333997393181243	-0.7099835202387258	1.7000611887888435	0.038251992268530405	-0.02922343375670073	2.203538687063589e-13
-0.1776051955121636	-0.025924636879363635	-0.1147874147359055	1.2674801814095953	0.0026765245585763514	-0.02926897171822771	1.415147207597811e-13
-1.1591814569559893	3.019358962991374	-0.5970253536186306	0.5401567433505129	0.6339833175600321	0.07467790923998992	2.2384877060045763e-13
-1.2625363499617481	-0.753723139912328	-0.2241058757907712	0.07947910450122933	0.2878211883274516	-0.02271197437235085	3.155410608006484e-13
2.284431106450359	3.501469516022012	-1.7043851210310792	-0.19795050374376308	-0.37891110183273696	-0.028326444634738615	3.653376681833679e-13
1.2952794639481215	1.7340752784279878	1.112659670773634	-0.7889215007953898	-0.08450688950109483	-0.02690939883661341	2.9890461313317597e-13
-1.3459485121199344	0.38038133325510404	-0.1292851669641796	-1.1149222663477056	0.4921071266416042	-0.001276763634707715	3.8879872616964413e-13
0.7953135610564278	-1.8784308500161817	0.15752763205436462	2.159221188811516	-0.501427901520604	0.02068888769496938	3.045056324384926e-13
-1.4175881384719682	-0.146926791924759	1.0538735184078265	0.3730974201557353	0.4651364330361468	-0.009745192980565275	4.685192018166926e-13
1.6327635038229613	0.2548211427241202	0.23403677936843925	-0.6234612229960805	-0.4012537562683815	0.0017073668802804283	2.10502809008785e-13
0.2862992753190184	-0.6502919766641275	0.32858564444276533	-1.987823210832847	-0.04137326779939298	-0.02208440934510424	3.4466759067481e-13
1.5129068232944063	4.148203120895823	-0.5343054476556787	1.8878362049084296	-0.0951558708651815	-0.018601467852866142	2.396795534211638e-13
1.8883897402119052	-1.305342523843802	-1.4573210306674202	-0.3586020454295803	-0.7520121970406489	0.06431881553691363	3.5511120688309455e-13
2.3958544670827844	7.112741572408289	0.3506161885131932	-1.8400265799107849	0.17347603407531123	0.011252701183464367	3.131542958745954e-13
0.39851641821388056	-1.685629075109763	0.42444807081472863	-1.7843514095863509	-0.1873579117585254	-0.0015151927697062669	2.239604646841382e-13
0.6544972104901509	-1.4514751615557515	0.72993059324942	-0.4211968881006146	-0.2749692318961199	0.0033314847385165136	3.8323122186123805e-13
-0.9660699085316984	0.0981841350901302	1.3321318273290481	0.06190711410643412	0.38669254891116184	-0.017947765345511124	2.731760639948217e-13
1.3511995262791652	-1.2862876889346537	-1.403829091405883	0.5037780306891887	-0.6264478325909473	0.030013306115972853	2.7075018963444e-13
-0.6509582384489834	-0.5221248201619398	-0.9667134482228447	-1.0611832720174963	0.13367386831386957	-0.028815564806112963	1.8578275913131937e-13
0.2999964884471043	-0.3033675018006544	-0.7336575281549894	0.5493624640375563	-0.17597459383181824	-0.02586512016448134	2.3385821801189994e-13
1.0428272400321146	1.0256679268146824	-0.16736324562788601	1.362793909084712	-0.25138884814060797	-0.025929238332281147	1.7094337097178214e-13
-0.3002606856788871	-0.2092332553683299	0.1108696084829655	-1.449967271037538	0.14420668079210275	-0.02917068989640462	1.900726917013742e-13
1.4110707119029877	0.23547753786919623	-1.5315933628561997	0.16699675222060265	-0.47678084099313073	-0.007525618971782574	3.503527415097406e-13
0.4453643304833376	-1.286008901107853	1.0285763879908116	1.1575606472535587	-0.2431517647515688	-0.007796563195757523	4.760510001043055e-13
-2.06984352387254	1.1809651221956894	2.1212167494107312	0.0708621885048441	0.8850241847284348	0.060135265414036534	2.8981836940387425e-13
1.23848322162527	-1.222616943927937	0.4493119665764982	1.9419044252248747	-0.534874395019876	0.0238337531298759	2.523627009482196e-13
-2.0023100357192196	1.0509422422564687	1.8716467706293176	-0.3873854206748256	0.8539403642490512	0.05092586244268157	2.6401114648694613e-13
1.8652814274689988	0.4978938265664228	0.5514119744537856	-2.0099218283108615	-0.3674457226645271	0.005676579653506042	2.6626888655587335e-13
1.3626495699796688	-0.5995008164439389	-0.4944393722971985	-0.8777713677309914	-0.4461116716059892	0.011046839857346008	2.4117820128304044e-13
-1.4319931150422227	0.3803290169294828	-1.2446202034049618	0.4187367578746966	0.3881629249694677	0.0021894696708907734	2.412262773047403e-13
0.44671682822466513	1.7371799845954758	-0.8855436508480429	-0.015474426529369006	0.015703681160576733	-0.025782642297238832	4.4018526323569143e-13
-1.6949437448680662	0.024211667916745058	0.8635686863236904	1.321049693998408	0.5167537821462768	0.0038208841690960554	2.562290799567386e-13
-0.31397795647619015	-0.024254206155862806	0.21756501037384124	1.1690227584444786	0.06722209504841833	-0.028629720657444107	3.2836576265313304e-13
0.6783204792111284	1.8764301230660934	0.005104345654385821	1.0680686046739856	-0.02906010424199854	-0.02721202357039439	3.521277626732284e-13
0.2688908317303995	-1.5571528540081345	0.4583555666390348	-1.9429267732846596	-0.12722677131458313	-0.008698111825603606	1.5124193657052703e-13
1.3509142773948188	-1.0544240053502725	0.1762010837662918	1.820245114480517	-0.5612544317235177	0.024225343530949937	3.4855880963976676e-13
1.3187000482213098	-1.2864496559913012	1.4305805022051454	0.20650953404102249	-0.4348173431720135	0.031323726700103124	9.814506291096925e-14
1.2719922773418273	3.491778324150737	-2.0336639978535618	0.3643421766180784	-0.12249596056245544	-0.0220107382371039	1.583986010673075e-13
-0.6853495687544706	-0.6414579108309274	1.1248079183732012	0.6767664800928677	0.18483385197516472	-0.028477642703187873	9.953512645828713e-14
-1.9884006043098772	1.101887316183033	0.4327349545990695	-1.5557519153968757	0.8173167550899353	0.052586690686498176	2.1681529974711348e-13
-1.4633211198705849	-0.44029106848318644	-1.5663591207868774	-0.5084631341563404	0.32584327214304637	-0.013610461263813796	2.482483802739791e-13
1.2673295048043491	-0.3611659895020136	-0.3574506557839018	1.121605277839946	-0.46692530590826614	0.0010554071535529542	2.7818688420380867e-13
2.481775050439178	0.12129493703279844	0.833581273705384	-0.03736673728531621	-0.6505035115612909	0.050290532341157025	2.0709648548189944e-13
-1.494505097515325	0.6809694231584733	-0.48163543150779076	-1.5054412290998327	0.5648791074465226	0.012382187803662577	3.699102070137433e-13
-0.8515940119774993	0.05650561379495624	0.0190800832792461	-0.9042738709420074	0.3090454462023198	-0.021096434420930767	3.703363997399241e-13
-0.23678252594696345	-0.36952032504117766	0.7362792957186837	1.6449970436338384	0.018453070676036826	-0.029074975873974056	2.2547904738915235e-13
-0.09491210110961208	-0.9322551923105967	-0.17636042415018963	1.0306410827627535	-0.11360678782131911	-0.02598663831749484	2.6273164804683217e-13
-1.594672554063757	-0.580285755636602	1.6567232806499712	-0.5339787848081157	0.5437026391174472	-0.012281151463578712	3.674070054743652e-13
1.2092295337894596	0.9067476116290993	0.40987019080349124	-1.7660619906194304	-0.15011190014894438	-0.021787613572576973	4.031291416497512e-13
-0.5950198479072705	0.15064171498325368	-1.1259361890042203	-0.937432093573091	0.1757519940294567	-0.024816211050117866	3.6207300881119115e-13
-0.24671633908197468	-0.4226792457921966	0.33640579840553	-1.4024309656727032	0.11679444334745086	-0.029158140772132166	3.2521502718152343e-13
0.40329461121155286	-0.7766912227325125	-0.6921054713839898	-0.5220156514895022	-0.21065199117543937	-0.01869872760951131	1.7572290220810721e-13
-0.17760815042156	-0.3863396172266824	-0.8174129917097476	-0.4803793668506167	-0.0066913423887624245	-0.02950606110391052	2.529718227207322e-13
-1.1093737206977345	-0.8212968461213137	-1.6117419281704397	0.08091595492870866	0.15170665301532152	-0.02610074056040803	2.383612091303688e-13
-0.15197942683103619	-0.028308738739737587	0.0012952149404702954	0.353402690907847	0.03930988451863744	-0.029267629418222186	1.4747466431180296e-13
0.40677474166119526	0.8481534939262068	-0.3025615389518421	-0.5310739871335836	-0.013017429215488523	-0.02920041863307143	4.183329271126655e-13
-0.45161196857162633	0.13258375137844128	-0.4297632876379987	1.9469279289347141	0.05442899671531498	-0.026793110594630742	2.713182128578001e-13
-0.4578594592759844	-0.17459455130408172	-0.8998462624391366	-0.6487058663694506	0.10124910580052936	-0.02862067150693759	3.918793153339033e-13
1.5133474954997284	-1.4644206311795362	0.6869509792816426	-0.8086428410134834	-0.5129159003415431	0.04834261448330303	2.0566168028283208e-13
0.6811095146259303	-0.34618331796849405	-0.6820075541210205	-1.6594841592275678	-0.198889117801305	-0.01805751241891495	1.9035170602041862e-13
-0.36618948634732695	0.10000986429778977	0.29210601837358247	-0.381088769977508	0.16432629081648462	-0.02766925031079425	3.422332180481993e-13
0.40924973408292636	-1.1263919932727922	-0.009424609110041853	-2.1121316292459054	-0.1435468652455553	-0.012559739514202726	3.7409000019380086e-13
-1.3074754436438014	-1.3894197316051147	-0.0776755695598967	2.3549176763435686	0.14715343436535985	-0.027628475995531514	3.530128041856768e-13
1.2905966196798921	-0.8047338687812746	0.8959878917838145	0.5452480824629546	-0.4218424372103507	0.014635196802897628	3.197640738794488e-13
0.20783393161268238	-0.6295882622579793	0.7163137906030088	-0.7405439621355497	-0.0440355285777332	-0.02351121583165157	1.969501135219505e-13
-0.2876650425952546	-0.2796906081897321	-0.8842163077180072	-1.1280501853419518	0.060010204778919	-0.02963828450285014	2.516594322473871e-13
-0.05749418137894965	-1.2923950590278308	-0.19931252262400018	0.6429396913563934	-0.14874822782678185	-0.021862734275306807	2.453680417238564e-13
-2.3950191782496293	0.08945073805137274	-0.3533989981319262	1.5459845789818598	0.652473528566302	0.040744697915501546	3.401675407421694e-13
-1.4706443575389274	0.44516027371886907	0.18797929406978917	-1.6963557607548454	0.5795054861026684	0.0050855953651925126	2.255937884448286e-13
-2.0290367206027944	-0.3149859202123251	0.04043639690933887	0.2555600508444368	0.5738975862217905	0.009415877983461302	2.632632303687744e-13
-0.4914312570257684	-1.2065759479896907	1.703367344253056	-0.15410854505639607	0.13506757791962162	-0.027598179559592803	3.146102428022345e-13
1.639959187898752	-1.568429072258627	0.9311111197843133	0.41378077128915147	-0.5960120456771762	0.06093599303901516	2.8843780364585184e-13
2.2906448441360467	-1.6499373964881852	1.2556335893057835	0.27503669311168455	-0.76707419942725	0.11538405184338814	2.7271665034045056e-13
-0.372384158028357	-2.2554601288928575	1.6870621735301217	0.1825786899518997	-0.027326391138103274	-0.014696333458150072	1.0791134718999673e-13
0.5058348420414847	-0.4446716098549926	1.476869001745282	0.6707481128958661	-0.12421591199061469	-0.01938351875635796	1.8332387075518535e-13
-2.555773365229398	0.45373627266331895	-0.5542694008937511	0.04092663131320339	0.7915762234424222	0.06478758757232321	2.0328254252455088e-13
-0.6445957004273868	0.2754952215508614	0.18716537804473724	0.1338187766790798	0.2388084126895635	-0.022497023086735506	2.757824504940807e-13
-0.8933661956999726	0.5323881871054823	1.4326295089940426	-0.020205350506982044	0.42205470810855217	-0.013089637725100836	2.5471778857228576e-13
-1.4835859405888585	-0.9277547160638895	0.12896532472212435	0.800755775408512	0.3261494949877836	-0.02038191060483495	3.9676021499664343e-13
-0.6940969366162971	-0.7678370981755192	0.9037950456670586	1.4898342886973113	0.12708467599122916	-0.028885794318060536	3.125073811111351e-13
-0.7555710299947955	-0.14700936926919436	-2.1883040733936405	-0.2153746772239543	0.09773669780603896	-0.02532999511135672	2.803324471314399e-13
-2.50955446620301	1.0559832215191916	0.6121161766329986	-1.34072413443282	0.9717679126241228	0.08656665380224851	3.61145462883651e-13
0.43655667457541425	-1.2424798088900755	-1.51315976764465	0.43577937484364265	-0.3586720553900172	-0.010885681120540546	2.176539071113738e-13
-1.4081359940589355	0.3946158235127451	-0.23611593412615675	-0.9379475303144371	0.49865349894159683	0.001434285313620568	3.064458733735738e-13
0.22123744955099575	-0.31198042456214653	-0.8624760254409941	-0.488245681193791	-0.11880763355271934	-0.02686334234660354	3.957143251420387e-13
2.7174248551945825	-0.5846711669395471	0.36405097670345143	0.6937415794279598	-0.8503617166206203	0.09689121127389609	3.180257826240908e-13
0.3858054539437652	2.9856612436491305	-0.5490382166616798	-1.472454758252047	0.2507231448984158	-0.006889749246270531	2.3102459611419234e-13
-3.170324942338528	1.4859532921451761	-0.6035110675457063	1.6863511207862818	1.0245309712964825	0.16653022679904247	1.796296290938513e-13
-0.3591599120730909	0.09544206613976748	0.6965085269918728	0.24155527564403087	0.16040287193493263	-0.027653332276008538	1.551180906016366e-13
1.2598643686993876	-0.694680742523335	0.1370778783506908	-1.3079258318676776	-0.3706709740228023	0.009570702111395072	1.6698248725230422e-13
2.0038291504838437	-1.5069751561990719	0.3114866079894333	-1.4516059992590755	-0.6553668722100219	0.08388375538533999	3.2716752613725005e-13
-1.430161167633089	0.7717832207644435	-0.5547270867764365	1.1298298127860278	0.4430697570925145	0.011989887363193704	2.8145457480916477e-13
0.45431491063139307	-0.5159188711134514	1.6504239814461632	-0.3414768725122123	-0.06474455976995261	-0.019457607747639324	3.56119365582168e-13
-0.41756328258684655	0.47713510645739	1.286570177254293	0.5421597931889123	0.24235847183040057	-0.024073404866919928	3.3975710831483567e-13
-0.5603297503685735	-0.6828836066520301	1.797280226504204	-0.06777364439219077	0.21414532494848923	-0.02875655578978386	3.283317200757415e-13
4.658228840394126	1.3580087537684624	1.220205567374692	1.106350986972902	-1.1730692749490075	0.16981800156552862	2.0766307824770766e-13
-1.8090707408843325	0.8999036263046076	0.2469090009703042	0.11373289023217227	0.660992352188817	0.034798069431094245	3.2351663640878044e-13
-0.8095335412141244	-2.0145111448445596	2.0288129667921795	-0.018051465484107306	0.15577449699919613	-0.025925423400301507	3.9516380187267e-13
0.07274598604787685	-1.0806245073942502	1.7605586995218505	-0.22899375021024138	-0.011091049432764498	-0.020469971700255517	3.2272269785505747e-13
1.1452815928492122	-0.8359343873355939	0.8692332225030867	1.0689090695370724	-0.40587253524043865	0.008794974031341737	3.4803326123572006e-13
-0.09409472052738578	-0.499978734206061	-1.7232289456870307	-0.6658314361729745	-0.09030633221555691	-0.029200352967800578	2.983235121709709e-13
0.15345522638329556	-0.5638743428296512	0.8699388325324503	1.3928921394736253	-0.0993469382752863	-0.02492872940049939	2.576636752873482e-13
-1.012557512891133	-0.7484609424131864	-0.3587932924823839	0.2089568445628841	0.20065624694251705	-0.02654460281814503	2.912093148418082e-13
2.4110523596007982	3.306670533020707	0.2405199702810729	1.2137515979335292	-0.37868526455579543	-0.02507815341857917	2.2231427826020936e-13
-0.9630578160433286	-0.8156636572436625	-1.4849987796842414	-0.35503738655308115	0.13433050180056255	-0.027830091944954238	3.5243236923668356e-13
0.20247913156836045	-1.2711129973929605	0.6797134889244684	-1.1532609512659793	-0.09640783810402168	-0.015481579499372294	3.3008202526292015e-13
0.35440668519587787	1.4586618345012552	-1.6134073186387146	0.4700403671538086	-0.05075815987632884	-0.0269121844855057	1.405408018207016e-13
0.8912508161769188	0.48168670977169675	-0.021671321525641888	-0.9699142249816315	-0.1607040728455601	-0.023333218844207842	2.9561815563958135e-13
0.6757111640793845	1.1164699163239071	-1.698749731824763	-0.15118057753652575	-0.16278317493877753	-0.02961590080534706	9.966986617627063e-14
1.0224655477799536	-1.150777404013661	0.39576039841887845	1.1034442430514966	-0.4331573357093278	0.0111786997360395	2.883576414664572e-13
-1.0073555944826684	-1.6616123084976724	-2.279722332650617	-0.14246509680168495	-0.0007440791789716779	-0.03051271497414585	3.5046229137915053e-13
-2.601967282357891	0.2864386105135562	-1.0974344738594661	0.12398974584684934	0.7508764003648525	0.06142286564538953	2.489083945484657e-13
1.4127618601294623	-0.8349367902497136	-0.04932772572035336	-1.4897869624339841	-0.4337484270326346	0.020623936040920308	1.3501711332264903e-13
-1.2885752722849493	0.1778277870824426	1.1446280185575088	-0.7117292129837629	0.5122966226943297	-0.0076318566193226516	2.5966747787092005e-13
-0.7536957040546609	0.35237759967782145	-1.3010051115879802	0.07192920173921377	0.19315890122203883	-0.019470675254977463	3.3489444047445857e-13
0.083299394773401	1.617181026680066	-0.669180454340417	-0.5153456413326413	0.14421437285681996	-0.020894528688212736	3.5660077722831936e-13
4.8748484836590515	4.697463854948251	0.020593963890338463	-0.02881562972979764	-0.9140990664624141	0.030492848957608513	2.168539476462013e-13
-2.4978960549344147	1.528477170108035	1.2195228371679527	-0.5067639762780917	1.0236183667328516	0.10738485152733661	4.096698120329093e-13
5.398741858410191	1.445063622860165	-0.0873372029951834	-1.6584643205173355	-1.340516540061518	0.24353355731756876	3.4101110323265365e-13
1.2914790873396749	-0.5501372457999947	-0.6907717759278428	-0.862944273318461	-0.4325080964270314	0.0064208761527234925	3.496582082986429e-13
-0.25515947104724657	-1.0545264185576233	-0.16845911351894455	-1.0494466182232498	0.0063454537553571805	-0.027052150423061305	3.4283687000424834e-13
-0.26119120528890094	-0.3082994085864562	2.008879439974066	0.3123887396216557	0.1632514213862859	-0.02862397011814513	2.4788504582318183e-13
0.5837736364353454	0.16454915417005533	-1.4451515704418254	0.9209686753062473	-0.26716329830056795	-0.026090576758011713	2.602362769721367e-13
0.39906237432673675	-0.7060772337034126	0.02313582678120579	0.46129933168960124	-0.19935563058758887	-0.019302249603060467	2.6517169673848217e-13
0.5247097815167034	-0.7947341215027813	0.43098404732412515	-1.6498906257837451	-0.13459595514048697	-0.0145085349290286	2.233236104029464e-13
0.4700870818048271	-0.6595594220965582	0.6079279288543098	-0.628893883772533	-0.1354320618832512	-0.017857806188489565	3.139639779200433e-13
-0.29310337652402524	-0.793944549323983	-0.9063427405548592	-1.1633456337473336	0.006105298758032286	-0.02904065037779942	3.3910934090490227e-13
-0.6298439037292349	-0.6246610860183255	-1.0455375926713102	-1.2231235000758798	0.118197550470879	-0.029344176162664597	2.92770132233625e-13
-0.5899975677340381	-0.6653819297584799	-0.4578213405642631	0.28867855368378564	0.07510729810188171	-0.0294379892966118	4.84384832783183e-13
-0.24677003030261266	0.029225577185363057	-0.18917235390938075	-0.3083117983281053	0.08939358425907352	-0.028906846225657035	1.2002920095386272e-13
1.0574028419900812	-1.1268199638328846	-0.43036907752381154	-1.302491987316259	-0.39156884432770783	0.011425338446287084	2.619908051102388e-13
0.4281453450090634	-0.833241685987696	0.2761985265165013	0.6413296255406365	-0.21371993923445737	-0.016638028762238716	1.677836664316048e-13
-1.4799644053398242	5.565330091818723	1.6347333617416169	0.7136652527682353	1.1473532651582967	0.24333107178508573	2.7148392090253036e-13
1.4596474235590733	0.7518073072297989	0.7018821835298973	-1.1684234284173471	-0.24727804488636268	-0.01361924796749591	2.560911182426467e-13
0.18742567700858617	-0.2503033047186571	-0.5460224871530018	1.1326866165390643	-0.14977989908673725	-0.027500890536931246	2.211146001469874e-13
0.07337936179749062	0.13696948301342637	1.0006553440128103	1.2459600541830054	0.01374169706591665	-0.02883272760200357	3.6109046221313564e-13
-0.6040000672452707	-0.05233694858203576	0.5572606948998213	1.0373594610472223	0.17600444500257173	-0.02611621365784601	3.8341783145477764e-13
-0.353284770871963	-3.451082533640587	0.40836326180665133	-0.5599819445399579	-0.20612014580131846	0.010546317612513548	2.6341668488342906e-13
1.7875761876080545	0.5617341049398824	0.005372621139599055	1.158035508141537	-0.5007862443502696	0.00040588310968946357	2.8739000284298367e-13
0.9514021526033808	3.544566501853649	-0.5302377699814951	-1.276855214328253	0.13628939996329442	-0.013752507472928463	3.0032500593099575e-13
0.36304559420503174	-0.4573181333351906	0.9977065945935868	-0.9077706140044431	-0.04749489312887441	-0.02237341821285325	3.530563473197821e-13
-1.128612906451302	0.5801763554481038	-0.7637502649241323	-0.3399566200872277	0.37928938185370653	-0.004707984554706642	2.0905002762269563e-13
-1.4903455424340448	1.097192202140762	0.16969065622468948	-1.824704010014328	0.6619517965471562	0.024074345855600632	2.320002594462975e-13
-0.7147183416619087	0.39891311597107093	1.0406566235755517	-1.3840098572753186	0.38662789674841747	-0.019511694434113453	2.380074083524747e-13
1.1480609364142083	-0.33933933561526103	-1.8206081734859187	0.02105484052269478	-0.47227371681200836	-0.005125756130232231	3.8087877129349363e-13
0.8431716657203102	-1.0388966681016492	-0.145191218644234	1.1144892532772264	-0.40185858605283226	0.0003015714303049189	1.8945878285287876e-13
0.6748291691505222	-0.1994434115968512	1.0534374930018184	-1.2268991619437264	-0.09508921856059195	-0.019052336731393973	6.131505933628035e-13
0.5552988286207544	-0.9248823721166779	1.2550551927384288	-1.0613230313219557	-0.13221499360459446	-0.010811613907741203	2.6633990641888697e-13
0.35601448436433986	-0.8058458010628967	-1.8253490810941215	0.08965578015210347	-0.29291696300871667	-0.020171066141747396	2.0091117436212982e-13
-0.5744563409907191	0.6031634126952958	-2.088120998878661	0.29076331536325606	0.1110962825162927	-0.020138399592934335	2.1694903223750448e-13
0.4568939227334046	-0.3996420200092647	-0.6191283593008964	1.0115731811075812	-0.24461364137755767	-0.02228125452344869	2.350817806439528e-13
1.7000362118372696	0.8330425855897643	2.458653205784337	-0.047581166695922335	-0.24977276786579827	-0.006423203300939922	1.2302455086615717e-13
0.49873944945012466	-1.1582069097440786	-1.7326749519555609	-0.2369650739824296	-0.35345015734258345	-0.01064150173049665	3.6647296484137087e-13
0.699923434758512	-1.8622641090804963	-0.4604889089368979	-0.5597372402423806	-0.39736890135712755	0.014997924449062797	2.0855667959224708e-13
0.5064282094300393	-0.9544420807495275	1.790357105847627	0.040710493772145744	-0.1342001702982932	-0.01138516553518908	2.012602567069495e-13
2.078731838731479	2.489748595638964	-2.16967556695461	0.07708380945853191	-0.46636773120250685	-0.024323683932972132	3.7925346236520955e-13
0.5786600894394399	-1.7400324248369479	1.204682792902904	0.6482074020635028	-0.29883325606244276	0.007716779675268788	3.964638935653341e-13
-0.11358823223748565	-0.1884205442202279	-0.49053850493888923	0.5920098119186419	-0.028655839165682453	-0.029473098476729884	3.0872253085190097e-13
-1.1890583204218366	0.2708251832948219	0.6568124350688461	-1.1032055180323215	0.47964837307898506	-0.008997970012380282	4.946628927482972e-13
-0.3526944297671603	-0.24855675421464496	-0.9959636740952157	0.050777166894044115	0.027559284752228613	-0.02947765991358074	3.4263806818448396e-13
0.9779083883460611	3.526001270931731	-0.007845632680469599	-0.9741207050727763	0.1451859255125289	-0.014747226621918371	2.2271092777072804e-13
-1.2667728767076796	-0.4233835305044448	-0.05568916470747039	-0.897788671866545	0.37546979426142096	-0.01840119805464231	3.1680092611645295e-13
0.34468113619711366	0.89847628576427	0.24050662074347381	1.61123126881068	-0.044591996020486066	-0.028867210866349892	3.521153423652516e-13
-0.946012019264726	0.4094007002448886	-0.6481864079258131	1.68667582804949	0.22960311088509805	-0.013705990916404209	1.805651928524449e-13
-0.5965825088856705	-0.25744639268749875	0.1742341736656467	0.6351124293094611	0.14503009415365498	-0.027637117961584492	2.9822019168231017e-13
-1.9967976569716854	1.662734853364079	0.1239961729577802	1.2694885296325276	0.7483235371665518	0.07601823853933039	3.408850078937148e-13
0.9804360226540558	1.0514205224948572	0.22193350613007173	-1.3751911533325587	-0.09448504643283902	-0.026584980168160407	3.574313012925204e-13
2.1669551375695844	3.5998781279108165	1.0818840971477224	-0.47681398569601063	-0.15517732904212292	-0.027906735836413118	2.8965423242975504e-13
-1.8439227896013834	-1.0202917387783803	-0.24160421205037488	0.018459433805988284	0.4334402069886507	-0.012750685041199063	1.7332512250970081e-13
2.5377906617190695	2.556606050160201	1.011511923787513	0.39324346429652185	-0.4164250667004897	-0.012970642785920918	2.3137536162242904e-13
0.9568038315848022	-0.8083919212295584	-0.1504158301087322	-0.7512008852433105	-0.3343235842434202	-0.0005075295232009347	3.3745885795672544e-13
0.0008877095881031768	4.242366586096222	1.136387789590849	-0.44777782844862746	0.5646620351178371	0.04585833980596043	2.906305553566813e-13
-0.9092087527396392	0.4224811064602331	0.7078392794900402	1.1261781653161809	0.324249645883115	-0.014481303481884778	2.3210595839087307e-13
-0.7530571016000499	0.6688969918587031	-0.814201357332083	0.30567860866688173	0.2472574223141958	-0.014702901184721685	4.873017343016373e-13
-1.5521736197538838	-0.23441583468009336	-1.6622142040644257	-0.4861156512995772	0.36841999413191123	-0.006967606599486328	2.2834785234765404e-13
0.6986379965151742	-0.9680378085926901	0.168696961533889	-0.07246988240425523	-0.284511584679686	-0.006233300724006501	3.3557348079821983e-13
-0.6157597063481737	-0.5991319454920762	-0.5001793981938237	-0.26026062130876704	0.10993246750343197	-0.02917545664286964	3.039981469536241e-13
-0.3264166354793997	0.08485805515819113	0.2629634497504734	0.5628952157201284	0.11037527052736036	-0.028082075456663053	2.7814568803669195e-13
1.340121150810928	7.564653955162079	0.04941113345489627	2.090972149206892	0.3631241390906834	0.09091493247635213	1.5048783678706986e-13
0.618398598017815	-0.6116852172320882	0.5462245321349691	-0.5899812601947362	-0.17914512009472433	-0.014834668650889105	2.8200404594847777e-13
0.7249007530167257	4.406888849669661	-0.7996803606357411	0.6000030476689047	0.2061505158156174	0.013456423634018475	2.5672618562321623e-13
-0.3453217225501146	-0.7964530211929924	-0.38043019676056616	1.110263657021192	-0.04057229611180263	-0.0291314922905496	1.3225078185922e-13
0.058949336851894976	-0.6867610822531987	-1.1509705421470329	-0.7789150751289632	-0.11665251395392875	-0.02632265737529475	3.185169017498902e-13
1.2402555160953015	-1.3906637585206232	-1.2116059400306256	0.02333779180322592	-0.5739201706963994	0.027545213471797943	2.2843974161925144e-13
0.5971972482363775	4.425053482410568	1.2068529998958621	0.8162079387887793	0.3577506389278982	0.019480232326298724	2.7363783663279644e-13
-3.7905419255414734	1.8878673668970796	-0.03778259698605245	0.7783818501570638	1.3315455958479663	0.257890408247459	3.2731313870211077e-13
0.7366167545041238	0.68464505816567	-1.2667258684129545	-1.0959195954301186	-0.16274269714419848	-0.027687095019199612	2.8075600921916387e-13
2.2970504542480157	-0.6594096846835074	-0.5291401054727252	-0.864159864333271	-0.7263928249855348	0.06733002333767725	3.054386241111713e-13
0.9922254939515347	-1.4910523319276365	-0.24950809468191865	1.1436772452531168	-0.5006240663442375	0.018689365305856135	4.3119453400743095e-13
2.1122178667000218	2.947126189092316	-0.17446526519631675	1.4534054828738827	-0.36398841819586497	-0.026392068063157574	2.672349868672899e-13
-0.07311478401582873	1.1346291440829914	1.764522944950232	-0.09798670449973375	0.2666102867652271	-0.023089058971122338	1.471050090581104e-13
0.7281350870009631	-0.8802417434040458	-0.6239876760928992	-0.3748421726004188	-0.31891217096737856	-0.007623058922773485	1.6600252594810546e-13
-1.1464056412988726	0.5876302152514224	0.7838856125204521	1.2816486763167063	0.4115122582149961	-0.004049964061556736	1.3617711616441512e-13
0.136672239370474	-1.0570416203040538	-1.0103574724853737	1.245435590884654	-0.25395961238404174	-0.021239059382944136	1.16021026089292e-13
0.1430480401690452	-1.0859517260260518	0.4898357149512892	0.47301166313665177	-0.1373051196006698	-0.01974164051050956	1.8417768553926671e-13
1.5994037776930647	-0.02047716987060148	0.42719001170801785	0.07162222438189642	-0.437639714618783	0.007205163709027716	2.767652525056553e-13
2.1984660905741964	-3.0709880860004146	-0.655540949786603	-1.121469421144983	-0.9441548335369807	0.1845106698651938	3.18921963216635e-13
1.1640643850985357	0.9358819563376113	1.6666626637216346	0.6100705419707587	-0.1559333320591833	-0.022222263247245876	1.9041029070500512e-13
-1.0535201374567904	-0.540114462864903	-1.7280941092463828	-0.14199836244741937	0.16798522418945008	-0.024317520096105383	3.3278622606570396e-13
0.055088397607253335	0.07718339692653417	-1.1954553255584404	-0.013361791234270656	-0.06718345704906584	-0.02966185729969003	1.4633864529746617e-13
-0.6404653652733732	3.6210706122394476	1.489144916447263	0.02027722061242681	0.6907201510189246	0.06271405954370739	3.857470260501923e-13
-1.053081110605737	0.017741202989991323	1.3794806346224737	-0.7939709473717182	0.4417922824121855	-0.017037818543613536	4.968459371532717e-13
-0.5015310762057476	0.15852648739568412	-0.10537325965444724	1.715299584907358	0.10102877457603499	-0.025912910947238108	5.759434496021631e-13
-0.66651337611836	0.18643653922772963	0.02010454108504572	0.04220085043754022	0.2293514165957098	-0.023098237501544196	2.3876628628200934e-13
-0.14515576389457557	-0.7093314163552829	-0.9975399814423115	0.38157437176579834	-0.097339447341349	-0.0283692670712522	3.207157353402971e-13
-1.4273748679586298	-0.30696351204115147	-0.11920907272254794	2.1186583642016394	0.3085577250671195	-0.0123235598332974	1.925729118340595e-13
2.316778195260248	0.9927929487053109	-1.4742863315466619	-0.7608935675261028	-0.6195556425583801	0.010674056188749125	2.7438992262075614e-13
-0.4166082600572103	-0.756153988824001	-0.03279343317469814	1.7377524936854887	-0.02007763299847155	-0.02935841961951338	2.346086909280935e-13
-0.0416424063353311	-0.10197728747047824	-0.11087507940846143	-1.1864245638655633	0.055176856784022336	-0.02923440051730656	1.9052856631088672e-13
-0.7937982659076418	-0.5204218777300225	0.9105840517365158	0.7753841477864332	0.21329540568406283	-0.027133174132595823	3.402629833436006e-13
-0.38077587435959637	-1.1276147261307359	-1.7474220907910187	-0.030543467941680853	-0.10091302388320719	-0.028700337075502964	2.59805448229158e-13
0.8014854886336864	-0.8114412421651535	-0.9923784343098546	1.3679319057080233	-0.4267009874349222	-0.0068676279018455594	3.9298152009536754e-13
-0.256761621165968	1.8161222441659268	1.6883133288726697	0.20089048864862669	0.37929319763939046	-0.00900828407335402	2.8857948215336445e-13
-1.3471679936158685	-0.6231456773609011	-0.8989058434331975	0.72931093686674	0.26025121028354686	-0.01940085341993032	3.0126899514879676e-13
-0.678798835203627	-0.39130583491241516	0.8492618416751486	0.34565859968654944	0.2071798940977044	-0.02747381761584306	1.3398825426347446e-13
-1.6204766755874622	0.7865572964655237	0.2765918062738134	1.1605872851392658	0.55039560641407	0.021237648886343868	4.73698597568308e-13
-1.5367663886045329	-0.4782496456662987	0.7473606036835893	0.38343698030055695	0.44551834593522655	-0.012165013311760392	4.025373396683349e-13
0.4285613593501015	1.907894019112919	0.5673510162747195	1.4825179066666014	0.06524935846360581	-0.023758889794520236	2.994988266520736e-13
0.9000205904656567	-0.7702943851101703	-1.115351910433554	0.8486799982773582	-0.43721152962739895	-0.004341746776009062	1.8058182748291364e-13
2.5610969558316525	3.5400867896744628	-1.4152702013767386	-0.1725787141544731	-0.4400992001088645	-0.025746596512462055	3.0622927471678286e-13
0.20670992882956865	-0.24197632908856886	-1.8450591285694906	-0.37012337773849874	-0.17071066236461374	-0.02797696995352641	2.7900795374221393e-13
0.5102443744124182	-1.3566196360718963	-0.7507510287922662	-0.4714076958025018	-0.3094428178532592	-0.005558249159155636	4.3105605797659905e-13
-0.7264526981855575	-0.9287121392667046	-0.46452096899414425	-1.2683797929628016	0.15048639504136443	-0.02954032607890029	2.5608731429560594e-13
2.1727300070238678	2.5871123909165656	-0.3947043367333791	0.6799431499178649	-0.40196379460617243	-0.022656688459407933	1.4038460912309201e-13
-0.16327573320888172	-0.10671828505850489	-1.9685612998916506	0.40196817014501524	-0.08584314285615627	-0.03002823390256006	2.709260125987591e-13
-0.19126504558987434	-1.0731916963532093	-1.045044410678837	-1.1938050672011382	-0.061100159576843206	-0.026606022835877853	2.457866619284931e-13
-0.17307731730137332	1.1501958804660692	-0.8526738630718822	-1.4085155188750043	0.19514587488014157	-0.021464092494471128	3.581147027058777e-13
-2.9293164727517733	1.6824219526470618	1.856713099640177	-0.2768262271557544	1.2010294120433422	0.1525809521510897	3.156034878098121e-13
0.7193962180268582	1.5068057098111902	0.4633122173380231	-0.012088499014958622	-0.009611361402608569	-0.028663774872601508	4.024581696555537e-13
1.1378237524301928	-1.6936227196576563	-0.35333389604769644	-0.3108614136797738	-0.5108077607885405	0.032767182143759455	2.667038104226177e-13
1.0494760354088786	-0.597498389417875	1.1763156738961849	0.7645712578950011	-0.32171770210152467	-0.0006268158806179089	3.147975375336088e-13
0.7914104663243007	-1.1478680749888677	0.08276252640569225	-2.12685715937343	-0.2515465655952812	0.0011120953533191623	2.615605977577433e-13
1.2436649103563384	-1.0121144097228154	2.0291978385405	0.35223303256569205	-0.35417939108683966	0.01945020568510758	2.1438525856729011e-13
-0.4329605317483977	-1.0115525611581124	-0.158279452385057	0.7097902121029699	-0.008161248806995997	-0.02884808334260606	2.0813765405553388e-13
2.34844437975351	3.350273529927696	-1.3597627108664998	-0.179280731599066	-0.3942305356737734	-0.026913080122509175	2.344679744662386e-13
-0.8703258608126965	0.08518870652325722	-0.1810529117707626	1.0198216866834877	0.22679268897349192	-0.02037232330399796	3.1114189419020615e-13
-0.3916280874007634	0.11745779958666644	0.6399430997226403	0.6319123970523891	0.1530225285928705	-0.027261501655096394	2.0486487022603802e-13
0.4899617924088533	-0.7794442377085027	0.472290113800294	-0.7891060071805382	-0.15563282567436476	-0.01567774561396226	2.386655066140865e-13
1.123934228240491	-1.1587880837662665	0.9295230678236669	0.8531202048023282	-0.42129305277896395	0.01670431727537689	2.1791369896083923e-13
-0.48457671293598714	-0.5508594758307399	-1.9176719741380779	0.18565632094511045	-0.026918960983595284	-0.030001998322694515	1.679345336815953e-13
-0.5397067743899469	0.20671433108552875	0.02042675194927471	-1.0936340587813078	0.24048893924165532	-0.024934527765840597	2.9477947838172163e-13
-0.47151605769170474	-0.8495574138301534	-0.20739273871028327	-1.754049172979239	0.11895110468304139	-0.029396159049084363	2.2632872707646484e-13
0.5781308925127028	-0.6319423916603372	-1.1859555152813608	-0.22133554020641683	-0.2884540347128826	-0.016829055948315724	3.6008314638420055e-13
-1.6835044214918147	0.9384502924578013	-0.26602024301522104	-1.0297695869162733	0.6437139551374605	0.02934240682865682	1.906770179267493e-13
-3.057035549498034	1.0341139177595566	0.7243781250701729	1.2419090355805238	1.0363038616985976	0.12998818827632377	1.4268966519126474e-13
-0.6551039908268768	0.275313256748083	-0.05135621641039371	-1.989684703457796	0.3148115041631898	-0.02233017954360785	2.8540792559976426e-13
-0.3870363739562792	2.5256704941896904	0.666328056620657	-1.0213732877724222	0.4857286871363153	0.012233540507186736	4.3219216438730595e-13
-0.8125887639376902	-0.09794292662322535	0.12728160761006968	0.017129349569976995	0.24918887424063943	-0.023553095077376802	2.878496489287189e-13
-0.27843949960478565	-0.11082231880546388	1.437297681825192	0.5076420304466329	0.14750673552837829	-0.02862813242975337	3.2150939475840457e-13
-0.6090502361043336	0.14340899205659963	2.1417900687647635	0.2895671074101372	0.32445871763034256	-0.02411292657418359	2.3085821690604793e-13
2.0929740121244826	-0.14225383281269585	0.6728198847565662	0.5928716975934325	-0.6008476645074244	0.035940344196383464	1.232320881730427e-13
0.11533635955788536	-0.6793539398039734	0.6816961015068331	1.5999132967573426	-0.12031005231468277	-0.024607111579635733	3.5304798472479783e-13
2.190467030782403	2.883328682689386	1.3770927007110705	0.05184178490356704	-0.24340448709662932	-0.024092366676942745	3.479460833382703e-13
0.4468961933828681	-0.8708253482748337	0.4423885306886896	1.803124293111122	-0.26097586973146436	-0.015491735015365661	2.2534442624071658e-13
0.5707485143469005	3.8989869974525666	0.2146161544136471	0.7695595284783027	0.24988142791279436	0.006661242614895884	2.4517678416983743e-13
0.565694982969161	-1.710620405107114	-0.05210821672718877	-1.9496972955737	-0.26063038998678406	0.005347951576748415	3.309996363770284e-13
-0.35233759646587076	-0.4431158068476058	0.328774492567812	-0.7963001932999838	0.12049102403835803	-0.029269197136801157	3.109869551030535e-13
1.9214208355847586	1.4765300898668823	0.16892530058106722	0.5588957313403494	-0.40822840926308984	-0.013063796953399444	4.248677376175609e-13
-1.4720650324811415	0.26480461818686213	-1.1082917864241606	0.33630808673944407	0.39894418924415004	0.0010092134570163069	3.2080645265467663e-13
-1.796229353534235	1.0349042622525708	-0.9573461871652249	-0.19199403848426902	0.6126793171264111	0.03912575087630104	2.2912730726664406e-13
0.8717571793170577	-0.660262992391013	-0.3113081136273154	0.6908161705064596	-0.36255836658817986	-0.00693441307203489	2.8154840103398756e-13
-0.13286868173217714	-1.230650550686057	0.24630671731676304	1.8445771225442698	-0.1425785973123437	-0.023685051214287094	2.324095113641638e-13
-1.4466110312958358	-0.13278739342770432	-0.5403598230475705	-1.7303433260840713	0.46628210281272225	-0.008502539861342641	2.5397125578283965e-13
-1.103897744548468	0.36450488076787535	-0.0008199394411680916	1.2716350093014017	0.3276377647334405	-0.009857957822989864	2.797861872470838e-13
1.0751837356336875	-1.0587729150927478	0.4715782102982119	0.6311529058912263	-0.4148661820812039	0.011193472747634138	2.644901846716719e-13
-1.7188132208230795	0.2080844127310578	0.7825597200467594	1.4341574945804594	0.5347823248572872	0.009477581346109544	2.1515907056154458e-13
1.8671827802178758	-0.9418306376343346	2.312840577879495	-0.15298000533496564	-0.49016161972802036	0.05308373759059278	2.3370379946647636e-13
-0.9478357989788272	0.7162842276692553	0.33177600248517447	0.9142428253884238	0.3543011874459003	-0.008093026811438855	1.5813115920691817e-13
0.6863204543467202	-0.5397258909295272	-0.9647314096275323	1.050371615972101	-0.3493022213694592	-0.01527919592310021	1.818762653667627e-13
-0.7494829221071708	-0.5016441569291983	-1.7428595438311612	0.26779948593466024	0.06409424267672689	-0.028092370177169146	3.044973270440064e-13
0.4829837460769827	-0.7626450048101001	0.36675008303216716	-0.1300175211121881	-0.185175817553563	-0.01621004814613493	1.5254453605108985e-13
-0.8003465289354154	0.032742397456661264	0.869939530894285	0.4112030137276639	0.288128848251453	-0.0222630272331813	2.122810938169812e-13
-0.242745903739107	-0.0278830927776187	0.7488811788803891	1.164141719437125	0.07774089244199922	-0.028797806730530923	4.1439839805126175e-13
-0.15001292943388034	-0.40017490959881413	0.5334031744393966	0.8691336697227342	0.009179884665719071	-0.028834823806729113	2.6376883007456764e-13
-1.7137390362131737	-0.3443591954863293	-1.885415014968752	0.3471647795940281	0.3570820294746309	-0.0036093530718869283	2.4679915554887475e-13
0.6276080646624419	-0.8643508202577744	0.3171360252891534	0.1826726586661982	-0.2542502825139186	-0.01044505776744131	1.902689595773311e-13
-1.0456748373119833	-0.4867688763717232	-0.40859690002917676	-0.4233070916766561	0.26204852332111356	-0.023700286742923488	3.97248631015711e-13
-0.41236155750502335	-0.20193590798947572	-2.05333923730431	-0.3625809502579324	0.003942607876219647	-0.02936764608412605	2.800867945416798e-13
-1.5582428845563492	-0.10146802795893493	-1.7459780374936529	0.236068799848532	0.3502415484603437	-0.003951749984333483	2.6975354204539655e-13
-3.197325394981488	1.5049486497069386	-1.9701894883810196	0.000710411978588931	1.0224274639086723	0.17143599284160838	3.6911180011622106e-13
-0.40917842344195654	-0.2548317165023512	-0.1754045022356675	1.809458140078392	0.020568980117284457	-0.02902387756345842	3.46346682484803e-13
2.0962687680691916	-2.430187957857003	-0.2109382451087748	-0.9083050352714866	-0.8311674184724787	0.1373237174469821	3.172073156579746e-13
0.517263759137672	-1.1919737225031584	-1.2387725379255234	0.18695315082428893	-0.35026830298755157	-0.009032007716851486	3.7672202556383293e-13
0.7251171759523719	1.2199645386406548	0.5046389560907143	1.7186660321498395	-0.11096067254809351	-0.02877434284128259	2.98680813482218e-13
-0.682633047994728	-0.5465948692910142	-1.11194289917301	0.49358909419093794	0.06788068458246521	-0.028754080563871857	2.5771989152480305e-13
-0.03923674743340144	-0.17627489027665036	-0.021174593021878872	-2.3355675750196494	0.09898184333431714	-0.029056984084247287	3.0179958030141457e-13
0.24294305489245926	-1.0231222850854749	0.39407116652715296	-1.4139086765866544	-0.08819856457565067	-0.018312304317244045	1.8518961434524688e-13
-0.6698205209746908	1.8931956235807772	-1.6123016661148066	-0.2806138980091871	0.3337230816282571	0.008402263472340151	3.66840515900871e-13
2.5751283449236717	1.4459528393914385	-1.3052235415105788	-0.6047184869826425	-0.6432577042657496	0.010396402237439888	4.141691337494707e-13
0.27963952958965016	-1.4282703857588714	-1.7075370147138365	-0.35341505583410787	-0.3117408915756305	-0.012468872234405315	4.0273167436938535e-13
0.5054211019053537	-1.0147601719610282	0.23752148872447784	0.2283705095544452	-0.24112347046401184	-0.011536556264549512	2.515621947403448e-13
1.2811898956872714	0.9386611747859226	-1.903007144280456	0.37591616455477056	-0.39440833451784185	-0.022247793648942787	3.55707106759539e-13
0.7583446206852678	1.1700306607369442	0.11990858040354065	-0.7800489296386458	-0.046652415275627426	-0.028730551601458616	1.7741621338617638e-13
1.478794232253603	0.745769990473322	0.9759674521947168	0.8039749559279067	-0.3180877422674565	-0.012836744476238128	3.3821229512163216e-13
0.4634711889301663	-0.7555102781669403	0.8456014703867031	-1.1775372753034912	-0.10697731522463476	-0.016450969694189025	1.936050862512464e-13
1.477830370200492	3.3399275218418105	0.18708324476941599	1.8149667635297755	-0.12685231261111726	-0.02610147443250385	3.413225273775397e-13
-0.41088776606551586	0.7616325806857549	0.746497562709679	-0.7506049717639138	0.2922035838137959	-0.02125289186174273	2.9724374686069135e-13
0.05395109994810817	-0.2127988485078085	0.5008550826440624	-0.9737359340006758	0.0428671534788672	-0.028268380660208148	6.341578112371212e-13
1.1693308310651336	-1.9450814779341479	-0.26932686630105734	1.492821466654575	-0.6153622520245629	0.043421634471155615	3.948674623900525e-13
-1.7476595246367992	0.25033136847922405	-1.3229351728221486	-0.7913940282805884	0.513475909328656	0.012311232362580127	2.714585529495942e-13
0.15506761592804	4.051358307271059	-1.826767539440938	-0.2146606797948532	0.3099913407569726	0.03156188291379317	6.234013240353993e-13
-0.19591692656014306	-0.8099900068094135	-0.23760524818003304	0.9609842145137633	-0.0714658377050045	-0.027952652382675417	1.612201290626765e-13
1.9390988381048337	3.0535074781999265	-0.577355528307374	0.5105174807791901	-0.2868309341272064	-0.02837510998352957	2.9403116348207006e-13
-0.0075372217179363625	-0.4918130884247439	0.8510926657163392	0.5656984114426021	-0.011294288240282105	-0.027350804138988903	2.313641708338313e-13
-0.054470153375348634	-0.7517626420864377	0.7916116427866783	1.2287539196451909	-0.05623720666087528	-0.026290513251175974	2.1589712953071724e-13
0.9212728565047729	2.085183666895984	0.8731864538896131	-1.3868896449714325	0.07434279178269312	-0.027793167500508673	3.6466094238555455e-13
1.5484528428991573	-1.1745511006776537	-0.635073635295882	1.1114052586883183	-0.6508465214785736	0.03835439479274732	1.561472507544169e-13
-2.043142597311252	0.7969620099161424	1.1256806442464093	-1.1332799441775605	0.8238529487378223	0.0444124406827286	2.4372326286357194e-13
-1.1191491887889975	0.23882103220304	0.455444404294082	1.8471640307248582	0.32205249528705415	-0.011699290368877157	3.100862856192095e-13
-0.6344633039374076	-0.8213971397838254	1.4732805365947896	0.14656462540689832	0.19287243238349266	-0.02891653665153492	5.569575129032414e-13
-1.9349060963827858	1.0795819745908843	0.5261541707266393	1.4245828850866338	0.6819101300948551	0.048441983448541136	2.392767371099746e-13
-0.2511478351025818	-0.055981413116590405	-1.4778965225413767	0.2552340487645818	-0.01889265145798689	-0.029539817816951957	2.52390334432936e-13
2.5194220944889225	0.09213393645501765	1.6349543672192512	-0.2476210300420622	-0.6077586099538693	0.05482177527689388	2.4687473077536856e-13
-0.37686749635286676	-0.7625918188792465	-1.0350627553727971	-0.12066369399685542	-0.016273507627693286	-0.02960581993740153	3.2415784180768306e-13
-0.6125557357086587	-1.6754844004486655	-0.2963454593313762	-1.111289112159214	0.03974953663378633	-0.0271124301119798	1.3281021722050005e-13
-1.5564148082185139	0.6812190882372051	1.1877799547742074	0.9444249217738754	0.5828439792497331	0.014879838780199365	2.5890449227106166e-13
-0.3925609045310801	0.862011076188569	-1.232014715124125	-1.120677336234587	0.19445082599780933	-0.020595805120082373	2.083789459137596e-13
-0.30108239224957	0.43269524567926587	1.1030690432510086	1.1499821600142883	0.16694036505925927	-0.02605234997043893	1.569655773737445e-13
-0.09896287186326408	0.5948347973960396	-0.2581445420772126	-1.4395723489389756	0.14935884633433172	-0.027431493541760176	2.755600111786424e-13
1.5226811404981941	-0.7049518588551335	-0.20124325283379438	1.7562140836323865	-0.5944254389167944	0.022012275716926193	2.1478875099328957e-13
0.4114719694069533	-0.7779111455083392	-0.08761595695147757	-0.9812787483109702	-0.15809755497823275	-0.01806276281861648	3.007626023939125e-13
-1.3106282166932928	0.6807753727693366	0.5952604794782698	-1.324030963398764	0.566684931893492	0.0042819553795688265	2.278881287538485e-13
0.27785828626772785	-0.25589802656767463	-1.763184148633197	0.3624583641824539	-0.21836186904437885	-0.027062474387952437	2.1156352514120979e-13
-0.15151821495480366	-1.5876717616269749	-0.6743763602158418	1.0729433885597237	-0.19886753412623817	-0.020534291099866042	2.1998611068137275e-13
2.163397551935703	0.726613404537827	0.2483160966091902	-0.943376816649921	-0.4921837353270064	0.012526569919460925	1.538505828632719e-13
1.5254086293782914	-1.410637499565919	0.28928086401019404	0.5043376064954807	-0.588543048706163	0.04656149416727318	3.1977675298332807e-13
-1.4809457519691656	0.09155278605303546	-1.43877119684416	-0.9494694595092338	0.4154641263525604	-0.002573802676995519	2.353752821701444e-13
-0.2129752141635914	1.6606436110814573	-1.9615669801463191	-0.19519861039052558	0.14684481089489262	-0.013049962726139527	1.486188386157904e-13
-1.6338881296459866	0.49866498096982814	-0.9875121089752578	-0.9908225198393301	0.5351166974959041	0.013865424456745606	1.578202836890408e-13
-0.41082513289384087	-0.16615968903206385	-1.1284507027619906	0.7033258633979717	0.019014777711817803	-0.02898000957429288	1.7833860153219939e-13
0.47766599707152707	-0.4218700293449232	0.7249977734470342	0.8129450664624368	-0.16439395068788107	-0.020756298923584098	4.483080733926443e-13
1.3034291411746741	-0.31151484853038575	1.642664964099327	0.28332361215545393	-0.31786932940842844	0.0031344752758834054	3.7089682240184786e-13
-0.06655225769246166	0.0023503272378592403	-1.2076632996388785	-0.051305716709092015	-0.03846674662806857	-0.029744705094593024	2.6882023406774344e-13
-0.39045449733764853	0.11844181074678517	0.12768183013428575	0.22368582055337186	0.13885890606307383	-0.027389550070469303	4.0921913601590763e-13
0.1384587489436127	-0.1683786913045899	1.8891260290255432	-0.5514842357796034	0.08855361889839726	-0.027171873853545848	3.3984266152408103e-13
-1.5478910262781302	-0.4713224418879423	-0.07367689414089006	-0.9659548775457361	0.4558456652353653	-0.011709792379310307	2.156200063173407e-13
2.9712317268615402	-0.1856410690199228	0.7379210623341852	-1.109951989181996	-0.7856403215036941	0.09890378528890159	2.747985787069547e-13
-2.2054135309545755	0.512829918853209	-0.2177754790335557	0.2869719920749805	0.7023758879526771	0.04449682797352347	5.876215610734556e-13
-0.3779631197617081	-1.1628159533435434	-0.19796802434812813	-1.5611758969494651	0.05014348103734399	-0.027698572595962128	1.3958398442450348e-13
3.265974970049086	0.39954541018290785	-2.177436874178174	-0.10639838758223459	-1.0260478261609487	0.09052663409301633	2.2018504338885065e-13
-0.172376348682474	-0.39974499887771553	-1.7665354066270682	0.052373074814574073	-0.0884225694812191	-0.02986567537246152	3.103344507362648e-13
-0.385452667507734	-0.22258401602647251	-0.4375457140777229	1.0286953685912883	0.03338938441070096	-0.029109881643076724	2.711884698828699e-13
-0.749071791135322	-0.4147882006690373	-1.2768306119541821	-0.8142081816932673	0.1457662291887745	-0.027415997674945135	2.152508754559523e-13
-0.2760387970395635	-0.04932481591287908	0.12223265725947383	-1.6151037259477388	0.161842900277178	-0.028892446161670544	3.1229691016211423e-13
2.239885201911204	0.26735346646704033	-0.6957987902840982	-0.06845213954224237	-0.6554169909109487	0.029080218119242655	2.710081962168345e-13
-2.7789893421551093	1.2316562050239894	-0.7123419804120225	-1.3865174692158442	0.9960693650812721	0.11725460476222632	3.3721790192984195e-13
2.3970188471462794	0.15664920523508213	-0.13332233042278768	-1.315252286113985	-0.6277521208401926	0.042630207486257295	3.04703047830765e-13
-1.6818430437571001	0.916040890774939	1.1521107144430593	0.8173237381607806	0.6497524474863078	0.02811032312938563	3.8166757407434763e-13
-0.5456909895826638	-0.31471297522949027	-1.5133227693872104	-0.841879316945453	0.08325444636860582	-0.028787634731306265	2.7021458617468595e-13
-0.680112191123369	-0.0730771032404089	0.5504155846160569	0.18781431898156306	0.2308321996969772	-0.025285210150232718	2.7143770063195583e-13
0.008947608668377089	-1.5432988893665376	-0.6481857159659907	0.08413145810442929	-0.1990853891366935	-0.017325387148545524	2.613236267787748e-13
-2.0374573919183705	0.7568810267004868	-0.6851592740302205	1.4575379817051743	0.6029555110490787	0.04342540233383214	1.544736815460463e-13
-0.21019067923843207	-1.547010777972572	1.4606351066615302	-0.9938127843886836	0.03554471154357899	-0.020848268587004583	4.3142667225198873e-13
1.9807221734022777	-1.7429597915170665	-1.5095782294552886	0.1834380091392722	-0.8496183639361714	0.09035339825527358	2.610239983788703e-13
-1.9013879340925568	0.3496176823152226	-0.2877292919840644	1.9129762946303268	0.5216454668037521	0.022325598214918727	2.42109461619327e-13
-0.27373652077363625	-0.9764926210845364	0.9365045244172475	-0.9519415258707614	0.08243648473982328	-0.027169285453524348	2.8838710293717233e-13
0.43877094314043663	2.407026700413595	0.2825536255411628	1.2636937222855842	0.10875846068995788	-0.01813292277089921	3.636477304742018e-13
1.2600909932169502	0.9815986837506846	0.19161778802324222	-0.6258783219495168	-0.21693695276815925	-0.02181426665687168	2.7328207781404826e-13
0.7645627081167831	1.193368224538894	0.7592815928696273	1.5900998931779278	-0.10496813572773527	-0.028523100027101244	2.603948885103812e-13
-1.1024509373448228	-0.2294706232671622	0.355454234648405	0.9340577451104877	0.29714900912682757	-0.01943516556977435	3.7418492741272403e-13
0.584424350163535	-0.3014598268669223	0.553710636053651	1.7065973955704334	-0.22983300082597316	-0.02012669003558611	3.4270626901316276e-13
1.5169736740469375	-1.972449463647571	-0.2851064156485285	0.3804375190774128	-0.6741874142662119	0.06748567095026553	3.098671178116463e-13
-0.4008883087819523	-0.2420978105643578	-0.286260487237256	0.14574040378734943	0.08115714865382646	-0.02904041067521261	1.2244909016279484e-13
0.7459211910367493	-0.5942082432071939	1.2015896264965775	0.06881127717162579	-0.20243693519457	-0.01101033913475431	5.028722078660995e-13
-1.8522610757224334	0.26852537907271146	0.8913453747606546	0.9239382931970799	0.6090258065935594	0.017194340987321793	2.6804492823164345e-13
-1.3742498548573507	0.19158414799676618	2.1876224748357638	0.07129104804199275	0.569739064754512	-0.004554316166301314	3.566892851803886e-13
0.3641018531439163	-0.6767310663068243	-1.5384077541447176	0.6648286469606429	-0.28788419610119675	-0.021462577580454813	2.5567360069017177e-13
1.6938211878810072	-0.8853727819409685	0.7935253502153149	0.6909117560651395	-0.5597471476333684	0.03846761150466838	3.397008094129134e-13
-0.20739228795598483	-1.3161271805095949	-0.46868469965329174	-0.9298997856052036	-0.05875858170253613	-0.024457005569979484	2.680464978029464e-13
-0.7758728906518558	-0.5220960982777128	1.1500053522254678	-0.9132393941556272	0.2914562694285177	-0.027243484568008566	2.0525876726491883e-13
-0.05001004924529555	-0.17811593862313607	-1.8840143932549922	0.2973261153912678	-0.11772898221633278	-0.029894214388751283	2.7697361945554386e-13
-1.5099553189230628	0.7032678740922567	-0.22453924019989566	-0.5442332181653893	0.5479208693410641	0.013654261738637501	3.596359051512847e-13
0.611973583013461	-0.5153852619490552	1.9515338596644427	0.17987214219493722	-0.11434719243814047	-0.015519839658944785	1.5983744921481685e-13
0.5904681970173574	-1.3153218676945582	-1.4543316054918936	-0.26655761913975534	-0.37911349059979405	-0.004153978682965102	3.3624173187121656e-13
-1.12374895545271	-0.741533604833052	1.2394880753458208	-0.5877975777167509	0.3628972159431004	-0.024665720867646537	1.4468315734101818e-13
-0.7381205477932092	-0.09850118739712388	-0.9906673872647094	1.3986485573587413	0.10330485992508877	-0.02494696405259397	1.414035482921146e-13
0.26530621565987533	-0.29251290116505335	-0.3075231897617209	-1.5172651650043003	-0.05420244369170667	-0.026138600613244953	2.9285244873524494e-13
-0.7506760299097817	-0.16804782572173443	0.6536089212965398	-1.4855152317083957	0.31632517328391263	-0.025083586803444222	2.116880940029696e-13
0.02775578205298907	0.17386020459655416	0.5537310296493374	-0.23989985037872932	0.06546146707882619	-0.02905079176796586	3.825342848604116e-13
2.0288613328218976	-1.824118886917969	-0.8152673623979917	-0.6664045617240126	-0.7953575606388479	0.09910947334149067	2.585715116089685e-13
-0.2982157326452278	0.07081330732940752	-0.4158727988303867	1.8415198511464104	0.007328210367511101	-0.028545982981334067	3.201942288668248e-13
-0.5326364049246947	0.024894432590882455	2.1757632199817016	0.13576581367902857	0.2971700082545782	-0.026034842275844166	4.068252026487414e-13
-1.5940146482185553	-1.061264484567427	-0.7885403358841858	-0.6220337231048118	0.34790638209992386	-0.019817830665873077	2.805006944069718e-13
2.6013122133027844	2.389275734923845	-1.8564056532643574	0.33107829410441897	-0.6222498505902924	-0.010345064632431272	3.699971741892013e-13
-0.41033575280340795	-0.26802181849610135	0.3662082454011942	-0.580220429080513	0.15003010286224247	-0.028861204463918377	3.25104296179706e-13
-1.0872448520844846	-0.17918266070528482	0.5268925292681562	0.6578035253009323	0.31973425032656566	-0.019080512315865637	1.4682652195245998e-13
1.382868400310121	-1.0605426879446809	-1.400969515424474	0.3430799989748784	-0.6051328059631592	0.024498173561566847	3.2675107371213023e-13
0.8445668684149464	-2.2093747425984365	-1.8111850434015009	-0.5153989341638412	-0.558843164972284	0.031855221923817234	2.320012071331149e-13
-1.1595364674685162	-0.4633587346121269	-1.0112437709934559	1.165787509946248	0.19718878108484533	-0.021371391454374354	2.2693118972156481e-13
-2.214065684784534	1.2468245082680904	1.2116495593663879	0.9663741905636993	0.8448700601920969	0.0731299319169319	2.0892953691101894e-13
1.0677045704026078	-0.789345788059014	0.0939174420653554	-0.5938855387293798	-0.35651370229791557	0.0036674480394463544	4.407710153907464e-13
-0.25255378886409624	1.2987678052584273	-0.1851771884568305	-0.21684545808221098	0.22616202375338934	-0.017709622131251206	4.925143721142847e-13
0.8138570538323654	-0.6399935146978684	1.9574827317962868	0.35827658762039283	-0.19378695230842327	-0.007432639141247725	2.495666585767575e-13
-2.7337351775480503	0.6681137829235534	1.2884694200334974	-0.3712307048564159	0.9967085326871141	0.0855647533324763	3.649109063654743e-13
0.7911068937582627	-0.9542735334600608	0.8569851155157949	0.23333550643037437	-0.2813930279673531	-0.0026697161458893765	3.1205564419678405e-13
-1.5512288267706649	0.5067307472948733	-1.109228480320997	1.352281951627556	0.40771187824613087	0.010391892279622516	1.9277807276704607e-13
2.8961049044237126	2.994275846339479	1.7015212449849568	0.6464659220853668	-0.4438271222559127	-0.009508417480797421	1.7235589432201393e-13
-0.059243901210859685	-0.1855784307610277	0.2580565730206763	0.6534591484790004	-0.0020944416114624695	-0.0290393994719411	2.8925867916822254e-13
-1.4064725683753536	0.10593567924399223	1.076954099129368	0.8219461492430241	0.47263065917832714	-0.0051318563946031424	1.354454653810974e-13
-0.4982621306559642	0.18036952304668455	0.8441573902094822	0.12350480425926684	0.22465698269567877	-0.025580699231413373	5.303649905591816e-13
1.2738817325660596	0.3524179365930879	0.23639333976724697	0.9145881145636279	-0.3488408501751528	-0.01262878785525077	2.7095781262832203e-13
0.034912926356926874	-0.25333887061791754	0.5533237382558461	-1.5455177367267412	0.07073196000362006	-0.028209177663547712	2.3777540996033237e-13
1.0238741643431408	0.15341631211981638	-1.3451495951113412	0.38080297936357244	-0.3696259992747852	-0.017351030286089916	1.8630828275743093e-13
1.7530497639471483	-1.952802529831268	1.1869746634111529	0.2392192142971718	-0.6462182184129714	0.08604167389713724	2.0984683498158256e-13
-2.250340599457598	0.2832734235093303	-1.7880445318382003	0.7268880626060561	0.5782703336249624	0.03963282619953353	3.441185690129963e-13
1.3914266464412022	-1.7003993603229843	1.2785147092611338	-0.9145084167279218	-0.4624463858545568	0.050195281015508596	9.850738196010162e-14
-0.04191512327368181	-0.42603570071142327	-1.5567903182974965	0.3137333825428122	-0.1279789991287018	-0.02907051013703543	2.757919169248133e-13
-0.6841676311372852	1.1395223994554609	-0.27244487795560524	1.767662332570269	0.2508672495059726	-0.008324386313770542	3.066019750102756e-13
-1.7940338915273895	0.4182217997196914	-1.4000903393209754	-0.538745856593231	0.5310650537308295	0.01930705901973883	1.4801415988392065e-13
-0.24549793257311392	0.029588558038400083	0.4765976348087133	1.1111717283616798	0.07065992026311363	-0.02872110788666561	6.148915047554887e-13
0.9473007620029049	-0.7925853736314097	-0.4216316894097201	0.9219457562541951	-0.4148225996575375	-0.0015197363679230924	3.3899693426249245e-13
-0.0820547230420726	0.12479798251883492	-0.5311598816486146	-0.989627912196701	0.05844447473499738	-0.029361107305892774	3.867597707157095e-13
1.7337090690288692	-0.8998625775639978	0.029076833744718266	0.20433257884263478	-0.5987201546848264	0.040496489718422596	3.3705460658957556e-13
-2.201538896380637	0.05601599712081163	-1.744177325963008	0.6180870444636059	0.5453058116639052	0.029211885402325638	3.4043733423654836e-13
-0.03306660142406472	-0.09798896586129677	-0.8637953382736312	-0.007657681407773247	-0.04042917719187407	-0.02953784752972984	2.445877906173995e-13
-1.0384973015334094	1.5130506384546243	0.3854698642070418	-1.1162914100470627	0.5561457377955684	0.014222195624770492	3.616881340006066e-13
1.4276653557700043	1.4046079475013813	-0.5298866648231398	-1.5679272673146518	-0.22541942285825495	-0.02364356297184958	2.649183901176474e-13
1.0492993518897384	-0.48759560663554974	1.7739190132600458	0.6219144888989131	-0.26830997847444676	-0.0025362495202070475	1.5679271259502344e-13
-0.499388030378138	0.18369309748307255	-0.6347693261037356	-1.641658318620244	0.20924820643184625	-0.02582031227370997	1.3870531904320462e-13
-2.3356648434653797	3.109318432078253	-0.17120288991936994	0.8886758897515836	1.0131968581257496	0.17961675892191628	2.289927109026589e-13
2.350596079690958	3.3513027306471765	-1.2533115354104167	0.6185067427109927	-0.42112926343172674	-0.02685858286577359	1.8225786276895338e-13
0.3066457215427268	-0.654297303872878	-0.193306973061479	0.8962315805280783	-0.1974716273520201	-0.022040866273594893	1.9833347027308284e-13
0.2366624096701398	-0.6727316239173219	0.507610797299236	-1.1791386332296647	-0.051650006386714194	-0.022676545636306947	3.8152020592712516e-13
1.2909977598944844	-0.9385600531475169	1.675026370435005	-0.774213908839037	-0.3351944665568905	0.019326220031628615	3.1933941499867003e-13
-1.29502784852177	0.5943487041539367	0.4996229162937419	0.587407452414877	0.46825519631566964	0.0016264975635375647	2.1919927375230407e-13
1.5092447499885577	0.7407876155753201	-0.7173378439452615	1.6315716621739984	-0.4630270733943288	-0.01316301867700017	2.81067374342692e-13
0.902315455344717	-1.560754640954926	-1.7744565447872291	-0.10241827937685216	-0.5220767490026363	0.014826072778128684	1.2765377019046427e-13
2.774328277092616	9.339225658811548	-0.04863916487568022	0.786514126695532	0.17597584847544775	0.06450589672859777	2.8018473046417047e-13
0.6115334712009551	0.15134541322096512	-0.3030854913230715	-0.7541433070800643	-0.13955029626847362	-0.02490990355321696	2.6980492954519473e-13
-0.7182215203072623	-0.0007970044307515642	-2.2035479647143386	-0.128190013493773	0.09810592158195502	-0.024495027214458034	2.3757804773773087e-13
0.25719512928448907	0.607085638100846	0.9171778533230006	-1.3043924188296712	0.10995863940778915	-0.028799899278137312	2.610285123672206e-13
1.1899641473604723	1.0462562644267595	-0.45779989277026906	0.13774284056449443	-0.2596300510857378	-0.024116154399333442	1.777617729882736e-13
-1.2170201026615879	-0.8122770036944833	0.9316723299115536	-1.0821587231377523	0.384776505797116	-0.023944518473919964	2.554151317087092e-13
-1.2784770708539976	-0.41563359930825095	1.166338190811158	-0.17321624069340158	0.4232357598004846	-0.01793760874605387	5.639466793846968e-13
-0.2855975199248615	-0.6159197813464272	0.18656361117078143	-1.1024851007461542	0.0861007357567252	-0.02902967892415122	3.778725160285879e-13
-1.838944734982232	-0.28866390080919335	-0.22057962340376416	-0.701545345990008	0.5434575842353669	0.002192438113450652	2.794912290188359e-13
0.6399804350332405	3.8536051444616612	-0.7382034104303172	-1.4055079576364276	0.2563597215297684	0.00287632728746472	2.330673785441268e-13
1.3775636852672835	0.557538512265908	0.8412629708587404	0.09360819879165753	-0.2873957775950937	-0.012644012327658615	1.7751124526513745e-13
-1.1613918944132746	1.0273551690649945	0.4502189303428444	-0.13990470543688469	0.502993242600967	0.00676725534427181	4.492838522047611e-13
0.7038617809233746	-0.5615265887144321	-0.19012168504125393	-0.5251200180796741	-0.2456596549151597	-0.01382752370771777	1.6238515129764827e-13
0.4580153167918985	-0.42188054327129554	1.735544257678655	-0.6985297812638406	-0.035998450825895645	-0.020478066064475407	1.7303718618921343e-13
-2.6141639434876036	0.17246159057218075	0.597648116146793	-0.44799378689859626	0.8666756230534828	0.05689330890259406	3.404029297237367e-13
-1.11764070584877	-0.15295410494198125	0.5953558390934937	-0.7468279980266285	0.3934378833185329	-0.01801185932524148	2.2239593063226727e-13
1.8568207250948492	0.09771711119939529	1.0247418838436737	-0.9174992447377822	-0.4237652458893188	0.01636719178164453	2.81613774149844e-13
-0.8634051375359632	1.0567790300094029	-0.4087187818273409	1.0308259990529078	0.31746625536332357	-0.003950933188701874	2.7768716394339147e-13
-0.7138106899366276	-0.06543985774214695	-0.6675720648430936	1.4058598132179196	0.11873774476139633	-0.024954605722356697	1.492230906408612e-13
-0.12091038241343008	-1.4409381628155375	-0.530455502018544	-0.4915747405708377	-0.1192886461875481	-0.02157047976804514	2.783856610700762e-13
0.13960730521268022	-1.8115252424997919	-0.7969277933638549	-0.937139867803611	-0.2329923117951559	-0.009055032357516923	3.687050664780145e-13
0.463506203675451	1.3724428049952744	0.012887140796067231	-1.6640454280363524	0.09248917067809789	-0.027991895755226454	2.0894397323445446e-13
-0.9321344445629597	-0.06316476897970441	0.1757963216561269	0.4814290507045732	0.2724339723316444	-0.02092417094320731	2.581268532253489e-13
1.451809159858658	-1.1346970773895828	1.1353374836262322	0.7115361988934182	-0.49598890125199935	0.03340218464991878	5.403661800461251e-13
3.769927952800966	1.9674673640633449	-0.038856646644794955	-0.3506768204841887	-0.8700605576124035	0.06202372850172704	2.6751465676941964e-13
0.646670011944162	-1.4693256208188954	-1.9043047776529909	0.28629803680886734	-0.4615640804070861	0.0010557457438936115	3.08368592051639e-13
-1.417958375946746	-2.6314628421694923	0.8911545197236571	0.354711453568996	0.18533654190105464	-0.02885996436030371	1.295825046528097e-13
-1.5318439175627279	-0.48060738118022805	1.5838722819101179	0.029147579079972338	0.5084156797900758	-0.012353364516758808	2.4118395835258765e-13
-1.3522788076873273	-0.1562156841782354	0.02641522941152641	1.7789014508711056	0.3253695035763609	-0.011857337967521187	2.977145568921543e-13
0.1474933684941546	-1.1202307117230892	0.5159338043182998	0.017137722721008997	-0.12200006730421942	-0.019162294279843478	1.726018908599864e-13
1.3323115463756403	1.1410789182272145	1.1412488435231938	0.6320095187458624	-0.2158099261374293	-0.021655878914658606	2.5931167230137913e-13
2.2903651601796686	0.2559914197992363	-1.9223484073192982	-0.42028644349287125	-0.7304023199879761	0.030923421916466923	3.3434338057396953e-13
1.5539896685867538	0.8672946482637522	-1.8313976279214847	-0.08336470884261453	-0.45901925778133235	-0.014768813777341815	2.404404621340435e-13
-1.8059103766418565	0.9059609118148587	0.16946802129303665	-2.1576979987363374	0.7493278812775618	0.03481148989737515	3.988030808846191e-13
0.5878995082557191	-1.7000506935723643	0.28640876102190316	0.7591280977073356	-0.3569114565405418	0.006237639632312202	3.3808505504297567e-13
-1.668523203566447	-0.27600108012742747	-1.752396213539823	-0.3856219448168724	0.38913449866651834	-0.0037727348721086156	2.3787116384351195e-13
2.2014126933499463	4.610886269710658	-0.7890294381531014	0.7568756992254857	-0.21832032494179968	-0.025620261830833758	2.055164090120883e-13
0.19905945063772895	-0.3499902072548225	0.3728036153713787	-0.4911292315685994	-0.042221831935751644	-0.026213944886603332	4.3757951161666396e-13
2.1062970177320905	-1.4329243168151737	-0.09390779745509627	-0.7774706269501553	-0.7292456948435829	0.08780118462271169	2.0129143374123583e-13
2.0791859806286643	-4.028737846834912	1.3527087987978772	0.5147420286914333	-0.9543507332848034	0.23831294236006112	4.376264003425153e-13
1.209293233126358	0.3994046238604904	-1.7753192827973945	0.16273737142717662	-0.4145942165278812	-0.016601852163044988	1.5964915123075188e-13
-0.6916322383726992	-0.728269943490051	0.624610556150993	-1.3257797070243722	0.22951962875925364	-0.02884881238956258	1.9066310549228178e-13
2.3289840396651003	2.5052606411278453	0.4427686890056844	0.9048422080988819	-0.4157169203382719	-0.01795290742540903	1.97105604260015e-13
1.4813082145377534	0.1639428002046892	-1.5376150341518577	-0.7354532497330476	-0.4682472490474063	-0.003551177596751234	2.7688396966348e-13
-0.538868873959256	-0.12446973406214182	0.315403878144988	0.5131397900820218	0.15583553177184806	-0.02736785328516081	3.4251763054964766e-13
3.966726563301836	2.175829390328801	0.5988253897846174	0.9833488251292487	-0.9217701637995422	0.0678458313032508	1.29853791931808e-13
0.7883481824159619	0.7235177934754089	1.9740277818174374	0.15770122377312681	-0.03109546976880833	-0.025747135789950155	2.154645866045708e-13
2.3982730156999854	2.7494036165610676	2.0372697050565214	-0.1592267517463768	-0.2706899556154272	-0.0185293681101357	2.6405653450304493e-13
1.2460515589262713	0.33308688464321984	-0.878088734421489	0.0044108600746518645	-0.3721787676546419	-0.013898944077877366	2.8711455177590445e-13
1.1995941853159118	0.9121054768633405	1.1566564532472845	-0.7010519360524828	-0.14567269395880394	-0.02159487573016781	3.6091402584633363e-13
0.8018950755001645	-0.8262618432829888	-0.26826369911417886	-1.752414005996296	-0.25687578911228565	-0.0058568262180638325	2.1877537921283125e-13
-1.1363508937615012	-0.3451308439102789	0.4740029761997519	-1.6425679417712122	0.4074589567058194	-0.020206709727202784	1.729967489439486e-13
-0.7441640810375941	0.11057626451008744	-1.6219223329504149	-0.3820371691367335	0.1632585754515298	-0.022743351143251114	3.431079040290172e-13
-1.6012714295947623	0.14299169909853363	-0.2913338370020745	-0.6318458858900912	0.5128511170020579	0.003089483254966973	4.2352936151100314e-13
0.2933482395106633	-0.6719753384701721	0.36115312534495814	1.456083371182505	-0.18521187098736805	-0.021766445352444003	1.383477730229711e-13
1.2278947971171728	0.05273520432597946	0.4913012211212268	-1.1954540362043806	-0.26539092262514347	-0.008359250965146192	3.3624367604475147e-13
0.10262567059695618	-1.0687386790594875	-1.0655382485057634	1.3417231431277916	-0.25246369578959593	-0.021838075258540528	3.3077880661929727e-13
1.7724593164864713	-1.2254483333274668	0.07692957275379465	-0.3614494110574897	-0.6179513229609188	0.055164710374367404	2.2954988276180555e-13
-0.02981851803450508	-0.10130157647826542	-0.49001918812715645	0.2784550674263705	-0.031101688917606594	-0.029380257386136095	3.096549969604752e-13
2.1579652055600413	1.8891289701065408	0.7446064354098342	1.5498096323775776	-0.4397457332936501	-0.012842183552893602	1.710361528059104e-13
-1.6955702579842258	-0.034999770961333596	-0.1686394491398136	-0.8432398641311777	0.537456941061439	0.0025554232468038406	2.7306332502350245e-13
-0.8756224679806449	-0.4966132645525696	1.1710166591285058	-0.5429547802909852	0.3099157161499432	-0.025997401579324567	4.1286257445868606e-13
0.3330732251033765	-1.2494924333638349	0.11198089170302065	-0.48217648791456	-0.19398591743168211	-0.012626889484261798	3.8496665185131994e-13
0.6468674066980042	-1.1081413901290218	-0.13043890120152937	-1.9650453192076478	-0.22449017887045825	-0.005344439596448173	2.859388855312596e-13
-0.3514567845536082	0.10012211077479105	-0.6151305175861611	0.5400840910733046	0.06780799105597965	-0.028037423456808052	3.81934229475178e-13
-0.2645421506605973	-0.29764849502406987	0.8047512822304288	0.7156926720624404	0.0767034118042823	-0.029080474737207027	3.00296940232535e-13
-1.9166641606782149	0.7310059700287693	-1.1409973551962835	-0.8515427687997214	0.6311572045623277	0.03563047062281845	1.4500233666367239e-13
-0.5642268606810898	-0.12822317282572923	-2.2584747217335304	0.1244163575057012	0.024756749278373857	-0.027732754116621548	3.422418604810669e-13
0.7122374545602257	-1.1126957406111073	-0.6472328968290696	-1.0162508655439901	-0.3140337042636652	-0.0033655555402007068	3.38231545495524e-13
0.03345998392202279	-1.4316897262419537	1.060668997596086	0.24281226043173196	-0.09844080375807238	-0.017167323897685632	2.653657275835111e-13
0.08184194416697665	-1.1698489109006587	0.7892134909361822	0.31258678355966113	-0.10377222332795566	-0.019806274662554378	1.7336023566102817e-13
-0.17053399182344173	-0.4511674312100883	0.7551824454859952	-0.4258643067519411	0.07618743863910549	-0.02868637044085736	3.5186417352852997e-13
-0.4898438149249087	-0.891638212403555	0.10460276190482964	-0.2589541762311493	0.07712982061983023	-0.029281656519263486	3.2732256267481014e-13
-1.0657356430791827	-0.13079726984461662	-0.17309687426991405	2.014956097385892	0.22099533066101054	-0.018957027800878583	2.0745745400205715e-13
0.36264319691818	-1.2187543448019194	-0.2875535009078124	1.571807225638339	-0.30765489817755937	-0.012651792773109799	2.3705279537534763e-13
0.2522847851822478	-0.6791092903889061	1.0127958743079968	0.5167073780904734	-0.09627867275655166	-0.022049120313294146	4.0644090704421213e-13
0.2838860507162227	-0.8228311814779321	0.2146741718198646	1.3022774902679297	-0.20105814048154977	-0.020233485485988047	4.032133954533725e-13
-1.2191829127448979	-0.752806231344045	-0.7294756676631181	1.3792802330515137	0.19138946732047513	-0.023556814120224614	3.008989716873103e-13
-2.5473453057527427	1.4605610265236404	-0.35776601455836343	0.0954259847699399	0.9119173555853167	0.10920689973672794	1.9117504068746588e-13
1.1115696184919381	-0.9157725897842406	1.0622212618651448	0.7367687913158258	-0.37927554996309215	0.009586847971607502	2.662840719554564e-13
-1.0146187470403867	-0.5050011365537722	0.5766470043240266	1.468233640223659	0.23216286400376931	-0.024247936330222004	5.513918835127411e-13
-1.5713771626096074	-0.4485374674584915	-0.6256649965115337	-1.7009455243301734	0.4624994484629007	-0.01057441851948511	3.934190598486583e-13
2.4261754209218647	2.249751184027854	-0.6489212510736357	-1.4976028951522196	-0.43833357466069783	-0.012176564903234516	3.377823443618279e-13
-0.6237799254569691	-0.07432126053965571	0.6739265095163063	1.5342370559995064	0.1660736018678958	-0.02601786677436826	1.2548526319330697e-13
0.9283952568169699	-1.1497991925225084	0.1508551786885644	-1.1973446673744803	-0.3258326444143188	0.0068421934757166404	2.3613677934750913e-13
0.4166244426803851	-0.8887541104683322	1.2973367123546002	0.5381793159413238	-0.1508289392425628	-0.015367291351442023	2.431719479685381e-13
0.7186065431784824	-0.5730443538077262	0.11403750764478825	-0.632231582014566	-0.2285826152204608	-0.012984807271691465	5.209065948694577e-13
-0.3777261812019848	2.9036393333563693	-0.8050335803108886	-1.0698112813700102	0.4388382051684345	0.0229920549043925	2.955813551971325e-13
1.1605329239800375	-1.184030755358373	-2.1714208184552377	0.12538368073905926	-0.5906952325789416	0.016130729840737452	3.210230122945416e-13
-0.05916987413774325	-0.8252591571801421	-0.3172953330744109	-1.3379649679464205	-0.023831507953331235	-0.026357560343520776	4.2050895834104776e-13
-0.4775453775007136	0.07875231312234415	-0.9145060574751875	-0.31963240489435474	0.12028573279872139	-0.026967442153600484	3.0509524920219335e-13
0.08491042226649989	-0.2536769482933229	1.0936599083149294	-1.1201716043029244	0.07084583526340142	-0.02758519877251972	3.4302392795349385e-13
-2.418683489214604	0.6533166781748995	1.2074908199214522	-0.25406539995388727	0.890006994840733	0.06271940308356276	1.924916972654491e-13
-0.4532582060574975	-1.8232213867058429	1.3966471613092082	0.9758569927119941	-0.007281727328292191	-0.022522270013928414	1.4853596440386595e-13
-1.193879632230762	0.6239867676414085	-0.7913310074776209	0.4655689940183004	0.36894963660467145	-0.0013856443700681741	2.5359634950798976e-13
-1.2215238621566584	1.4523081524120107	-0.7363150704551681	0.7746321128050258	0.4596525244096823	0.021572543497154373	2.83969547682378e-13
-2.3210683804751207	0.07992975131971887	-0.40904171137299206	0.46380086093632017	0.6702095689796068	0.0361491051873913	2.888577849418384e-13
0.6403439790434182	-1.7648062185443203	0.08033229437142624	0.12974720121693736	-0.36558078180897174	0.010050624713417342	3.3843640848528937e-13
-1.0470363007826684	-0.18678219142374505	-0.48761151907710637	0.5428342749181881	0.25088798944819446	-0.020151830541078497	2.872157614581156e-13
1.261746790314643	-1.7683351069361535	-1.0772052887044097	-1.280103689472979	-0.5582527804154847	0.04186197279465362	3.232972221506424e-13
-0.8156672236415711	-0.07758127591197536	-2.045268636955635	-0.41354814486610275	0.1399093449932579	-0.023591721911119794	3.658603408395749e-13
-2.559496637815488	0.20501417539572245	0.15807596948777367	-2.1299891266014694	0.8965538168270477	0.05479669932363324	2.832769944214034e-13
-1.8657047348549098	-0.2937783480821828	-1.9803533161347355	-0.012978363982404522	0.41731384423609147	0.0034170976774629052	2.8619637841563056e-13
1.1205078309393703	-1.2257795974651813	1.6255014395495249	-0.5773913663831098	-0.32689445219295105	0.019241085943106976	3.381375907945905e-13
-0.5035313768805348	-0.48947214491345353	0.3247817775063763	-1.7404156087879703	0.19876044054699588	-0.029058037709270363	2.6473322413261623e-13
-1.0371962647433057	-0.35129303460827377	0.9909905971090731	0.9128670907455315	0.30329672272042696	-0.022193525469351816	2.302422684212676e-13
-0.41082065596118184	-1.11782399210787	1.5965844309811585	0.49996198030569455	0.08759469949792947	-0.0274037394856723	2.775620382991911e-13
0.28385285295848034	-0.830101249963438	1.0072114974785455	1.3107340560513188	-0.154674258455312	-0.019624017750874762	1.982038829077699e-13
1.1713743844860036	-0.8569850258166913	1.4312005443841753	0.7349822469545475	-0.36830315977029476	0.011061816585540613	3.8450172806329226e-13
1.150665107658707	-1.7460053214306774	-0.8855756241645112	-0.2054685457456005	-0.5562912608076968	0.03467513002493392	3.066314979172955e-13
-0.5939656806763424	-0.13252454652799306	-0.4803550781151002	0.5044302839370912	0.12401706810430091	-0.027033977294980513	3.972827272976159e-13
-1.5701210613848031	0.7993480600053172	-0.6276946614502498	-0.9784048335717688	0.5703677730284024	0.01934722564972073	2.883495310307868e-13
-1.014152199154035	-0.6713562175101803	0.7140545222232731	0.7601379216759376	0.2511645688003976	-0.02570289889284379	2.9105476329124347e-13
-0.0655970483870005	-0.8036459480351535	1.145079076624926	0.7507252709379276	-0.017734438482705058	-0.025858490117887045	2.334523716086873e-13
-1.772907701732821	-0.5004339607180394	0.2686823384061208	1.3974890634810306	0.44340248587923026	-0.005038100740676483	2.741582092684117e-13
-1.6744878838928667	-0.36935520712763137	-0.5307950378922627	0.1708895978654495	0.43090076605241767	-0.005651418283130187	2.0254328619788195e-13
0.35872502449565863	-0.33781584353515026	-0.3953348974629297	1.6329981659087827	-0.22119041195620923	-0.0245263537284822	2.7449003176210017e-13
-0.5756023019444941	-0.9406207195381553	-2.0835591407963108	0.09302297984397487	-0.04834563954254552	-0.030273464081682192	2.9340546694764107e-13
-0.20552576147500629	-0.5200985459731245	-1.71025555144241	-0.5427234374620798	-0.06383222922851425	-0.029725093508086498	3.720665519080138e-13
-0.49065711405120077	1.086901653668583	-0.47041671213333613	1.657955251079714	0.17990888346963846	-0.014949765919747747	2.1256575013819093e-13
-0.58407641250626	-0.4670801950835757	-1.1730153902751252	0.7763536965816978	0.03202388004735434	-0.029101593795685235	3.286699785045138e-13
0.6015130880268955	3.4134862743321355	1.9714242729760936	0.4448809360495942	0.3055252038241891	-0.005629352143369168	4.1950888842558296e-13
0.6508802402559641	-1.247392238449256	-2.0775541657545795	0.10692492738661122	-0.44226313575713816	-0.003950821738789273	2.632121734145286e-13
1.0847538286715293	-0.8035431499407123	1.3002501420205286	0.46023495315076407	-0.3339448651736113	0.005786460347336958	2.395813472876133e-13
-2.707269147441972	0.32189685981165217	-0.6929870342047415	0.5320068342410127	0.7941564647343995	0.06984806454248374	1.6609212827142676e-13
-1.5498018680250578	-0.18572078221910018	1.6767909720480392	-0.08912139700443703	0.5566697292100312	-0.0062822697006092165	3.8520319286673084e-13
-1.7623549916673171	0.9691388412644797	0.6705297529192817	0.8330616656611087	0.6504550646031195	0.034372947803173556	2.576195480803981e-13
-0.8112090167523629	0.2838973893719711	0.4945794533025545	1.4986167134116706	0.2517455900186007	-0.01897397497549433	2.1885398165061138e-13
-0.09424247441025764	-0.007458153957006105	-0.43308013955165203	-0.5519586092494742	0.035623545127569815	-0.02945007329205575	2.0839908305565084e-13
-1.8993836148688814	0.6117178459881846	0.7298690083537878	1.412203469847188	0.6316694439226105	0.030110037732245378	3.5062079618008577e-13
-0.929885267843929	0.7823718583883666	-0.6994210341108293	-1.0123523018851428	0.3735735837512263	-0.00732996988825234	2.5825030726075343e-13
-1.3814852191256364	0.21542215146252283	-1.9999181035463822	-0.08329085650101617	0.33020512192264095	-0.0034142064638786325	2.444365324615974e-13
-0.2687784230972989	-1.0090718400169798	1.0883014589854207	-1.3892506884302698	0.10451356829074616	-0.026838669087216892	1.757269399392717e-13
0.8704362588952294	1.2402554657216331	0.6285165909850297	0.968205601487893	-0.11349416865371575	-0.028211193394765754	2.54516738501898e-13
-0.043557402282791986	1.7410697429733355	-0.44816259499695316	0.2959781165096158	0.17554668531340428	-0.016278253089654634	2.1587742849677027e-13
0.7013125213261941	0.6989211542270578	1.3413385550823407	0.27865612225027675	-0.05094942627781153	-0.026840777255493047	2.82873956924305e-13
0.09900134519008806	1.532711674270365	0.21163002434484876	0.8868739173479653	0.12547265772205202	-0.022093051808974123	2.0486456084081307e-13
-0.9088448159600899	-0.874283744386741	0.12550130684603125	-1.5286702020201715	0.25650052524141237	-0.028242266277356536	2.880791395762022e-13
1.4397587651571497	-1.761484429629634	1.0308354920150824	1.181850632388689	-0.5837712438129731	0.05527514469271349	2.57535968895431e-13
1.2543180817489337	-1.2998269849061759	-0.44506700980548747	-1.6494009962037262	-0.4537987998048507	0.026297671964080695	1.426535683472145e-13
-1.7479182758672491	0.4386016192844194	-0.07348360572826698	1.9512915619477402	0.4966362596787956	0.017351229428696307	2.850008919624487e-13
0.24723411744575055	-1.71874268271769	0.42793226385572036	-1.3437948640549109	-0.1645036875918029	-0.006280457971768073	2.996121070356725e-13
1.6296964856188507	0.6488343235573589	0.6448554502322685	-0.6077905520046079	-0.3345157481960838	-0.006585450214088854	3.619376747566088e-13
-0.3559183715747862	2.345910903315382	-0.9264991793521257	0.5083147810608823	0.29833766330295775	0.006517745331413272	3.730862220414264e-13
0.263653596317693	-1.7105357639354029	-1.6409891289855842	0.03614664226840876	-0.3491227550380179	-0.007615290858567568	3.0906952070047703e-13
1.4965107964410114	-1.3785243664043476	-0.7317573551992163	0.062050743202187085	-0.6198820626717453	0.04242858342963058	3.0450248127921106e-13
-0.7543536090203161	1.6402952630756202	0.4269297428611443	-1.914374492189457	0.5202051794458059	0.005174357005827581	3.0626894079382634e-13
-1.447038028547398	-0.11148784692200397	-1.351310045383285	-0.1291444290603044	0.354474598498246	-0.00801799673313014	3.3949619441462053e-13
0.9588629732828826	-1.0164523106071512	-0.8118931059954938	-0.6919516021811873	-0.3990801073787874	0.0038950340564147404	3.6521604151014674e-13
-0.3041125188826277	-1.283276301560712	-1.1893939399393207	1.1073366506998907	-0.1535665925122224	-0.026617952694615428	1.842349227141245e-13
0.26098972395863906	-1.0040530615719938	0.4841635515386329	0.9667378093197886	-0.1837990786572707	-0.018152040473784912	2.633863434569405e-13
0.24423384131874554	-0.503554593601444	0.3656554728207697	-0.02033560783644369	-0.09179960252372762	-0.024337309971539486	3.528729953589124e-13
0.3759280589886221	-0.37116767295647596	2.100256828721049	-0.15286527436911282	-0.006960292313681833	-0.022399149073868106	4.682975025874809e-13
-1.993989597284463	0.10913631449267182	0.31675919797938	0.3123369862151055	0.6246450496322534	0.01955361511717026	2.974725628201221e-13
0.6303640339178456	-1.5944691158432989	1.2941290975485145	-0.3346801219148059	-0.2527951699062902	0.006360468601840441	1.0192988197395764e-13
1.3748151541694336	-0.6615654886167561	0.5777398007177419	0.26541381918014806	-0.43886002806718855	0.014311216897566814	2.73091338075201e-13
-1.1092270506369357	-1.3528560368252844	-1.2816798556191176	0.9949529189699802	0.07601690217086356	-0.029358688242697658	1.2206141427610712e-13
-0.3615576496023599	-0.5504057452033875	-0.004574399739030306	0.9090730990381338	0.021616237443044337	-0.029417630674867502	2.5906793465041565e-13
-1.0154421927763555	2.284519633815461	-0.8829828211641582	-1.2374550544792693	0.5641236894153476	0.03732059408261382	2.0534648137909916e-13
0.04074345766876007	-1.2456860623600332	2.010663580391884	-0.2257828595719815	-0.004504435490311727	-0.01891401614473618	3.229103003239476e-13
0.03390054843165477	-1.4111830518710853	1.5864959396133749	-0.20539290701248947	-0.04645943133672741	-0.017077969704716058	2.5548207439009644e-13
-0.26551979902135825	-0.3683957878147388	-1.2845437548462624	0.02469688791725258	-0.027464802996195074	-0.029857767716570928	3.0583800352157135e-13
1.2893068288462253	-0.7080324436820962	-0.0009219171399518923	1.310489318234425	-0.4964494365628816	0.011018728065212332	3.4672522676934574e-13
-0.33467765621603995	0.20500858605168285	-1.9170024837491266	-0.48016875522878183	0.03815517435497998	-0.027898624834024707	2.0476287875113357e-13
1.3814612674781557	0.8431816567260622	0.42406763935975894	-1.755998603927601	-0.20709918061540514	-0.017239039939761877	3.1300520320451294e-13
-0.4156804490320442	1.9184672889684307	-0.17963953336148744	-1.933053869181439	0.4139130101037453	-0.0014041994621592276	1.2480330472163745e-13
-0.4632552428345342	-0.7414241088553871	1.3610003211536585	0.014059094446338483	0.14957961240122616	-0.028899927428985457	6.226060978751763e-13
0.5513983770318377	1.325435356173973	0.36221081870806887	0.8743129732943585	-0.021964173651470447	-0.02855793853476667	2.326041643431479e-13
-0.4119447476375045	-1.3038791948756494	0.7712664444437404	0.7534287074897422	0.008021017162386524	-0.026750796505053662	2.4411735739515377e-13
0.4138340358989082	1.5671847227030373	-1.2668489550581465	-1.1492780324187124	0.030650473368684716	-0.026738625114254885	3.198692515100119e-13
-0.7087548877989291	-0.9193392138609919	-0.6173388583325788	0.5998226495083895	0.060408130235314425	-0.029641871489024984	2.810785756307547e-13
0.8695615726539675	-0.6652160812987555	0.546329449743514	0.4667981199904806	-0.3018304645460808	-0.006204622274935143	3.1981074617005224e-13
-0.8826515610854095	-0.44908847397974694	-2.0128603113789745	0.2938851645162729	0.0921504532797384	-0.026157759204051518	1.6346212209587285e-13
-2.100666706241899	0.6757335051913201	-0.6214776623086109	1.285203208021656	0.6238434253635516	0.04426458965110386	2.798639661001842e-13
1.2715756317460976	-2.2441305951012867	0.03626346103606519	-2.000640484666107	-0.5145005807906554	0.06214410437012441	2.5462494170983294e-13
1.1720218720643096	-1.529300530351052	-0.07644690107824222	-1.4298342650797393	-0.4409219227940131	0.02959551833954047	1.6181403668089745e-13
0.3305923814001044	3.901634894507104	-0.2621441316408909	0.11897923216919258	0.32045711476675415	0.01753900405595048	3.6506608578634515e-13
0.5005025430876049	-0.9477305033303299	0.44459873536712546	0.3156153692890375	-0.22370328745223955	-0.012697681326517081	3.7586525471705836e-13
-0.45551148990535156	0.4592726376718126	-1.1814739344650822	-0.5608334378758169	0.1491762543653687	-0.024036455889837063	1.52787770690429e-13
-0.17608838880417596	-1.0230721549331765	-0.13981208040621368	-1.373746026118737	0.0014505669568880973	-0.026293741146746992	2.718952731155451e-13
-0.14809682125355353	-1.0505121552980896	0.0158427263091653	-1.4325462473175448	0.001991992979940612	-0.025617291735012294	3.791766808329247e-13
-0.45671784003648397	-0.21496293405970732	0.02942407059104132	-1.2912474000764387	0.17856261442508722	-0.02853234271302621	2.638047687425477e-13
-0.1412862333402801	1.7503645271245496	-0.10765428604943456	-1.222793613969814	0.2884791246273227	-0.013538409140620598	3.3735329877344626e-13
-1.3633081943384648	-0.5669555907610966	-1.0170935202912574	0.46752513567589565	0.2748971025815047	-0.018234619209183456	3.1597836913966886e-13
0.8336358054171658	3.737281347507278	-0.030442280568149908	0.7568101084257579	0.13912654750916637	-0.006721696202413035	2.338570099874734e-13
-0.7608567761213837	0.8350129889795754	-0.24396843819378294	-0.07893723742774478	0.3177815037438077	-0.011639108140729205	2.830756466417951e-13
0.44937689930741603	0.875795473827644	0.2561135064766829	1.0753022404016004	-0.055114019141276685	-0.02901690358518667	2.515141094879043e-13
-0.2903962660003461	1.3466559392805444	1.1532871371651172	-0.08600684438626845	0.3174762624318511	-0.016008562644136505	4.1059981604197126e-13
1.786203732304168	1.1907068194349293	-1.2660709745558318	-0.5399732776990822	-0.43997470591220206	-0.013154468134775384	2.1667929127594635e-13
3.455301640437524	2.0032519215914757	-1.8852508572169644	-0.2879193170580119	-0.8884511938960089	0.038421926325615814	2.1363466668291482e-13
0.12197896698230576	1.6682929910252722	0.6545462673461898	1.1665613934843768	0.14850571686880548	-0.02090550185526714	1.3970156141817071e-13
-0.3363371042600092	-1.2224850671450576	0.20173462501460415	-2.213998894218118	0.0821923516480956	-0.026653723562294004	2.1978861560121573e-13
0.5391672551820678	-0.449924514414519	-1.4975552347114705	-0.21961600876874748	-0.2762882370060473	-0.020510955948227196	1.8347516155818712e-13
0.41533100801349937	-0.5725095740840714	-0.8377012652172172	-1.4699129430741735	-0.16213973405893728	-0.021163182357006215	2.5026091711111606e-13
-0.18036471137953183	-0.5486172908094819	0.14953292362474216	0.4688580144564201	-0.0044545698924719785	-0.028738613588345643	2.5376171332417895e-13
0.7980969189787191	-0.6091962103794437	-0.8345462259731875	1.223174551870401	-0.3887733822992347	-0.010740692982526832	3.296426602257061e-13
0.5508830718713156	-0.32972850875405835	1.1673323036795151	1.2087861368818804	-0.16578758160117055	-0.020079031115778592	3.1288162719208007e-13
-1.5909551132918875	0.5671651352970662	1.3893367830152348	0.47284496480689614	0.6119868028728572	0.01326438662305112	2.595766466317638e-13
1.7019678614326195	0.610086701729272	-0.12277812033615358	-0.28703835009623213	-0.4189738485467344	-0.003918145136488694	2.704563704659532e-13
0.5468607738471044	-1.353628085257533	0.6601573571242496	-1.245186511613657	-0.2034815280119528	-0.0031012193673570915	2.0350955848991655e-13
-1.3868011051259455	-0.41404085532282636	-1.0437882770717175	0.020288061857143554	0.31545749566655923	-0.015283564807134309	2.2177104874339403e-13
-0.34345466873434094	-0.7684787752529407	-1.8614084503144592	0.14241538134648832	-0.08709512165248505	-0.02981528680447568	3.136544352779521e-13
0.36005186419789775	-1.1693542752358461	0.2541186480441888	-1.9746260048220317	-0.12355327966419236	-0.013062821134523058	5.231209371628038e-13
-0.3977129471561171	-0.20810622285021127	-1.1863186799599235	-0.6163953626696195	0.061282880087098986	-0.029214337086491696	1.9877378671368297e-13
0.6659602669087306	-1.6402085992025879	-0.6902383911562935	-1.1616594534859312	-0.35305581100115857	0.00724305098156392	2.498228000686229e-13
4.13413220871423	1.110730858714335	0.2357905261373277	-1.4189125287642808	-1.003621417728976	0.13207677955284833	1.2097631543567563e-13
-0.9107550874445975	0.4470671630244958	-0.9241172659967645	-0.046811608844833284	0.2778587814178604	-0.014059735075560124	3.0124257679199007e-13
-1.9702587164498866	0.3250989412150128	1.593473894073283	0.6276774203708493	0.7049792616729361	0.02450832723546966	1.2249470406291377e-13
0.0016285936467098033	-0.8418252606801852	-0.705629668474975	1.0675661998392694	-0.16555930164418614	-0.02566377471151858	3.653051703618719e-13
0.8747184212932209	-0.39545092417289146	0.6882261709002873	1.6845891946150764	-0.31610840568546505	-0.01109515419050173	2.7435344226082964e-13
0.5489546964232963	1.4341395496344105	-1.1779277105054933	0.5338228461500387	-0.0877087617282579	-0.02865696127021313	2.1587863892439513e-13
1.1986500180815547	-1.640994669391643	0.7365991960991716	-0.8945633607104263	-0.4336105233567784	0.03570402671454646	3.1676770805403604e-13
-1.9480968348339889	0.1868121136100969	-1.1654375364672096	0.25934225577300246	0.5329515984614752	0.019992998722895082	1.221106493326684e-13
0.4307221031726815	-1.0849039329909012	-0.18463686285352798	-1.3312691243269525	-0.18797921040242924	-0.012800948618145987	1.99331048647631e-13
-0.8825573323416882	0.0455308176490657	0.23484939734428836	-1.958523833442147	0.3732701947697841	-0.02057512222147315	2.780135740752238e-13
2.3588477871995943	-0.32579079702206365	1.2221418086347657	0.9831377869327308	-0.6802361074875312	0.06005287497500579	2.770140174063687e-13
2.0891444391632388	-1.4243945150804245	1.3532415374548217	1.057974161325637	-0.711937977588201	0.08796829543534786	3.4942232398578576e-13
-1.0159929194292328	0.21399960498681833	-1.2114749311013133	-1.0238040462119824	0.30657431775099464	-0.015043161870971326	3.574830288164522e-13
-0.8071438301643257	-0.010649487591214776	-1.288037237897924	-0.43825770547054127	0.19105249452819464	-0.0229029527275189	2.8489957248473993e-13
0.7649280316755632	-0.9393853892594324	-0.2026448730158175	-0.15391990199556135	-0.31978086080984597	-0.004810508792198928	3.4454534364502043e-13
-1.085416313671888	-0.8845696662131841	-0.5112074569228697	-1.02175743429836	0.24886415755969332	-0.026702147303626685	3.071836898916733e-13
0.7232502570217271	1.2958658285988083	0.910372339768288	-1.539106107708992	0.05586137194078873	-0.028623212457834106	4.0907710691526865e-13
-0.5552322450655534	-1.044355129438287	0.206328306555562	-1.9864891478794748	0.1569664355398263	-0.029161479741465185	3.194924356011968e-13
-2.341304944781665	1.173219939322036	0.7284832737735526	-0.9653974373255664	0.925527313639886	0.0792876130874948	3.2940538441172524e-13
-0.06425459533885804	-0.11604857335429368	0.43437283058881526	-1.5218504874273338	0.10677846150308072	-0.02904745408322616	1.5180031793990907e-13
-0.8061189580932124	0.37822079722726704	-0.4531268159186325	-0.286567758448042	0.27711244261392975	-0.017828466827803497	1.537636823849991e-13
-0.33909053062187444	0.64249340897442	-0.584656522885002	-1.3892922544152366	0.20430737262924384	-0.02401636850064963	2.8475451792542165e-13
2.0522811546012947	-0.1827434239355036	0.8899402107475952	-1.1808153784257822	-0.5074347884535757	0.03530285486248672	4.293504618284899e-13
-1.8731335951128316	0.13219186337546004	0.8423799724098059	1.4665278195117566	0.5749576209877072	0.014344547388044263	1.6644948938136166e-13
2.0634480777138693	1.376129081861223	0.8064608977555544	-1.5852960571372208	-0.3342887324724162	-0.006254544237590476	2.8791691246259005e-13
0.10335242027233683	0.8519490583493946	0.6988686223149404	1.120728590730857	0.0694993914028193	-0.027578507358916073	3.711848680258766e-13
-0.39894185092056544	0.020429437347316993	1.0734598305094047	0.5930938766760521	0.1721934361530222	-0.027614834692045353	3.7815356038562947e-13
0.5172068303589383	-1.1438475421716492	1.6438733378931127	0.5813632719791524	-0.1885140342129341	-0.007680270717237277	2.315880016615138e-13
2.465587620454909	3.256083001512028	1.881903589974884	-0.423577283001948	-0.23460818619175997	-0.022916170995440785	3.7493153868224474e-13
0.6034183966353928	-0.49319000227067683	-0.22248206251040656	0.9936468961436498	-0.2731803778646258	-0.01760441780386047	3.7955817136050033e-13
0.862278764081397	-1.0068893148656135	1.515222460319416	0.25299991127641713	-0.26912506015719906	0.0018042631933113751	3.1264337313680056e-13
-0.435513354591089	0.04999760355049732	-0.9690024412649231	-1.1022955681127644	0.13353676776013917	-0.027618695615203196	3.204195826430462e-13
-1.17844382299847	-0.45631387583811744	-0.68989418634918	0.4758733703094856	0.2511601533483877	-0.02085727925789787	1.7671070857247299e-13
-1.5722164034705692	0.19639770808191176	1.824389582379171	0.5426708623187969	0.5884713424449077	0.0029112375330130314	3.1932537827585613e-13
0.24866799870527997	2.532411638101971	0.7743951989570506	0.5263742166950816	0.2389883135348813	-0.011177767518287597	3.1045681393047003e-13
4.296941331107441	0.06250940092283831	1.6515947149858858	0.6743587621538951	-1.158619476868445	0.21423395479049898	2.644809076863653e-13
1.4242208094181934	-0.7688384719204404	0.2883893781512835	1.0867180409145563	-0.5156468393514103	0.019470872061433973	2.580104619681409e-13
-1.686442146531388	0.7017934650264782	0.8043290037779887	0.9828004960603306	0.599691929139232	0.021836868908963213	2.9128153959174264e-13
-0.7784636142427023	2.146129778508303	0.7570794843173309	0.22632241532500424	0.5154195839934497	0.01986936893984221	2.2048100146532757e-13
1.100702852015964	0.5773675445708442	0.4267590444654036	0.8468471986214876	-0.25976478763103633	-0.020150908673115395	2.043918052261775e-13
0.500953187038457	-0.6160714446894291	-0.6673269455350476	0.7713245449939837	-0.2737670871079608	-0.01863526114232942	3.0691789484892693e-13
-0.010634451579504382	-1.4147563514370207	2.192435564218765	-0.0936091308046742	-0.0020350229505635806	-0.01769276966650254	3.6619169769861183e-13
-0.4145226272194056	-0.07599055020686173	0.8062685440722841	0.7666447154208109	0.1432006103331809	-0.028028385968200075	3.355136762139344e-13
0.09046657230278071	0.4500450561840185	1.4187273195038237	0.26509421436265207	0.10791369580898676	-0.028588522389520348	1.3552835864250223e-13
0.05451225922938649	-0.7935624166617401	0.21109317089414567	0.6285509056640451	-0.10299017138286941	-0.024768283398645133	2.97447987537897e-13
-0.4894429710910009	-1.1129816807697948	-0.8262972079374648	-0.13605614875830405	-0.0077265109603100405	-0.029132906083496828	1.725787151142762e-13
-2.821737458243961	1.1649015492618715	-1.4328124076563415	-0.8874188752509959	0.9379410594146842	0.11802810177288547	2.658863917542192e-13
-0.591837434469494	-0.43879610851946216	0.8134000496745534	1.290154309211436	0.13528984714001696	-0.028372900212778104	2.829162479011656e-13
-1.3866347912963406	-0.1508483641065507	0.2855345846521823	0.11197276288092459	0.4201731561077762	-0.010743947319519725	1.827859382414615e-13
2.0651695439511775	2.954470571986438	-0.32508965409760454	-0.6392231198832885	-0.2724295975427554	-0.026947506179593354	2.755160081889199e-13
3.218513890510976	-1.8786694430142472	-0.7247488154727783	-0.9182883915174709	-1.1261533967667992	0.2184832416647043	3.9742932592735153e-13
-0.18662493803767682	-1.30584090123767	-0.10728955042761953	1.6895639820683723	-0.14965388472022567	-0.024059537694287574	3.361501069728754e-13
-0.24876108456273058	0.353651999949835	0.7969667070032126	0.8308909443760681	0.13755781579206983	-0.027188636846139484	2.972070399348896e-13
2.8857834305630363	2.466302815062495	0.006736836332703957	1.5325383982157366	-0.6349448684887473	-0.0006089920385865998	4.577143049797939e-13
0.02932234416370093	-1.243233309439931	-0.5650181887899456	1.2531779051100254	-0.21597614812606958	-0.020917293091760044	2.632432313679527e-13
-0.16166085860117604	-1.3743607747106532	0.7764561552416738	-1.3963937673681663	0.015305691338588716	-0.022296093181700748	1.8670105585916194e-13
0.40471981472712143	-0.9143049400423562	-0.17724722551598807	-0.758067796885911	-0.18523153572637246	-0.016296573515277163	5.526371379836347e-13
2.1743949576010997	-1.474690375674788	-0.6909564725630538	-1.6449604163053906	-0.7534287006621445	0.09434590698156227	3.7443158070499173e-13
-1.7127476395227534	0.054737998156994004	0.5112866810593618	1.0737444789492285	0.5145375018172812	0.005350576471243241	3.7059061354768457e-13
0.3355248942793471	-0.6903267914710892	0.05912703217761418	-2.0310251226459815	-0.07451470899246254	-0.0208001651041781	3.9668280130630477e-13
-0.028156621943484915	2.334956439618811	0.6486539202989368	-0.020946263839893342	0.31495059907985684	-0.006247733396400009	2.757049140624167e-13
1.748600331824117	1.487326923463811	0.7348025143225133	-0.6797227742996568	-0.2715876073979786	-0.01731802005517665	4.1760525452848327e-13
-1.3713530429607896	0.041091533496515134	-0.296952203790413	0.3934146668354677	0.39031762927626795	-0.00753780682216707	3.072112154014006e-13
-0.47828850330714895	0.2698425602965165	2.16618418222581	-0.07369674986413187	0.31575219723370973	-0.0248565370801923	3.129085382091272e-13
-0.5077156861297378	-0.1503386989034059	-0.3263656892489369	-1.939970072442762	0.2060434585689756	-0.027940020512136583	4.876869760413349e-13
1.1595060735441538	-0.5251846222612009	1.590454217569316	-0.21791760123164133	-0.28103236392410785	0.0023948466614481943	3.4847473767282666e-13
0.9966040925736726	-0.7319294455068466	-1.8462746422117051	-0.3331103821005429	-0.45668110368519427	-0.0021934310999556714	3.1301536693383506e-13
-0.670230134847441	2.0663129289391993	-1.7071985275733448	-0.5787896568643679	0.35960169820283594	0.013073028490942376	2.806121760804655e-13
0.7882113013511372	1.111299613446825	-0.6782279473660363	0.3279126979259011	-0.15513346273220485	-0.028828644738753732	2.2522235679520686e-13
-0.831904109240887	0.3617997845508962	-1.6385277256172266	-0.5183198986493502	0.22153970878757465	-0.017505159102466278	2.7851847971805246e-13
-1.7054082735264415	0.4354903955587672	1.5353285873422153	-0.1399893500280614	0.6656521994163519	0.01484194556412832	3.4590257861468567e-13
0.5217961805002688	1.3542034376068421	-1.083373670978978	1.1959830364752995	-0.10986222580203418	-0.0287751420898267	2.954709835493295e-13
-0.7906897133399081	-0.6325998271952327	-2.197545290631066	-0.13024734419109435	0.051178825214888285	-0.02858331505679927	2.9126193582841684e-13
2.12399909800936	-2.4464584337298976	-1.571859064477739	-0.6280928812315161	-0.9339945343701247	0.13863709087299636	2.543429776507446e-13
2.2129851028848937	2.546749379012181	-0.42169637054778536	0.9698576896065882	-0.43165657882047137	-0.02149762765914377	3.3285829611269e-13
-1.8391439119206867	0.5003787844616487	0.013036484516055762	1.4226019392980358	0.5578186246462368	0.023668875537927115	3.1944662784356395e-13
-0.6768139597121283	0.28907476615749567	0.5824977782772616	-0.8809035338941806	0.3152195034498109	-0.021687568328138958	1.7593924147883883e-13
1.8539605752714643	0.5001241579138868	0.3521444889830444	-0.05672100697035463	-0.4560446527179824	0.0048935007250682765	1.673311902526038e-13
2.0397450257220267	-1.773299201442009	-0.4289932167983497	1.8985177122960124	-0.8753593408874218	0.09794019568588011	3.6169208389497073e-13
-2.065355637484204	0.6931786595427228	0.028772544709064325	0.46329763216021824	0.6877856657437178	0.042501817527438514	2.3252860941080245e-13
-0.0639511973099782	4.844346538895639	-0.9217829445526624	-0.4555062618638801	0.5289173233272303	0.0747648691107115	2.1975582833740574e-13
1.9625989098841028	-1.391529477387093	-0.6118703811842726	1.176510303128578	-0.7947571755302212	0.07428902901948803	1.7197344514936697e-13
0.06911329344137593	-0.9120121604781923	0.7677152911194702	-0.12776699064622926	-0.05559999719716642	-0.023045993851730458	2.6419612223195066e-13
-1.0297454924124783	0.5090375628631819	1.0406984096366472	0.08821451341735255	0.43231972939271396	-0.009490847529694807	1.5681220284754129e-13
0.14988133700689238	-1.1386845978483	0.8661058305940543	-0.256577351492389	-0.09245103400488688	-0.018617342932709904	2.5041222794981887e-13
-1.3798468211310897	4.842818278488758	1.623115408803504	0.6174529336465173	1.03723571261902	0.18616361687516136	1.985551120169518e-13
0.09037220643501592	0.0449539635546584	-1.9623797656319375	0.4583331512609372	-0.14641720095913943	-0.029856387660708045	3.277825228953219e-13
-0.22216512682893616	-1.2127206570363578	2.2293876009701132	-0.005262311608312793	0.08042349172414474	-0.024111263795216234	3.322330581261117e-13
0.5273986453207554	-1.4724436071516978	0.9156760057886584	-0.6931866429322997	-0.21775246386200034	-0.0010141702116969065	3.595022369853922e-13
-1.3762024364366825	0.325250918882756	1.3869015369830549	-0.5520398848094475	0.5627319323215109	-0.0015503131273470099	2.9549171477640874e-13
0.09202870969959825	-0.16674459434468603	-2.1562265718044777	0.1788629502233232	-0.16992545712690033	-0.029412609477720824	4.652009762464035e-13
-1.4832273650249637	-0.10374859205457618	0.7630791490037739	-1.342166080708644	0.5425303597570289	-0.006801009745791	2.737182560542934e-13
-0.398841869452638	-1.3430287774306144	1.4290806604665063	-0.09974199175049817	0.07438839136185321	-0.025960072907030812	2.933599308527566e-13
-1.3004986387687323	0.13331416221183318	1.3078234809237161	-0.3047648615234143	0.5040211911761433	-0.008119565954250455	3.0191552221308133e-13
-0.46363965748697783	0.17669023654607446	-2.124444744255165	-0.14785629807805845	0.04731478259079618	-0.026654443513293734	3.294444019738259e-13
-1.1373144037045546	0.6618279747989071	0.6781179901266738	-0.4613585299970086	0.4822028807121906	-0.002785385353816973	3.2742356849329984e-13
1.447478319375652	0.7335165776142911	0.21123803236759567	-2.1660832502678375	-0.23411069348425814	-0.01398788495578965	1.8050935539296088e-13
2.368207047603732	1.7925930383703623	1.7041718246112398	0.7446995600558223	-0.42103220416200043	-0.003546286686187128	2.805871592800075e-13
-0.8807013810089599	-0.9035555030482462	1.1195113750249592	0.8058328442432238	0.20866668411242495	-0.028314221399393456	3.801772102682015e-13
-0.8464085379725259	-1.5705455595217115	-0.03775844195930628	-2.2686863266583646	0.18311741136518983	-0.029291409797206052	1.9333589781905947e-13
-1.704762175136655	0.934165810394906	0.6670929200743052	1.0369098977638667	0.6206341129188199	0.03007374547960381	2.5937243850573664e-13
-0.3802659399279693	0.10713192291283477	1.2516512517599634	0.7852053025118664	0.17887075309172268	-0.02727163825813194	4.398627228905632e-13
0.6972187237296454	1.2350395891159138	-0.3883411995976813	-0.32300332526762093	-0.07075204984822761	-0.029140721548492916	1.8410672499635356e-13
3.4997457887981116	-0.5174815264193221	1.729698250684527	-0.5755314913239266	-0.9340960103413112	0.16632388708546672	2.874672606144668e-13
-1.683275936394048	0.015133651405648518	-1.2401964883289964	0.9017656824839475	0.4035401122899064	0.003452543818629647	2.9131763791521914e-13
1.3887392386977393	-1.3562584701449785	0.4390255376953652	0.3455391267933915	-0.5276789234855126	0.03655365927412112	2.3472037820252647e-13
0.8945257904874953	-1.052481002138596	0.1307500723762509	-0.8756300643430536	-0.320049539347347	0.002985573471028435	1.506895967377954e-13
0.27455022489488673	-0.300915420551792	0.32534071477281257	-1.1648697308062874	-0.034375086915796715	-0.025616083817002023	2.3711012681441775e-13
2.713988662875844	0.153306153014065	0.11883313372035453	-0.4385599455989516	-0.740811421864285	0.06359280499685172	2.0181628138188994e-13
-0.1926065703011848	-1.3177367194325686	0.18714496233737116	-1.8813026632038763	0.015078793255178326	-0.023787520146063633	3.508175150462755e-13
-0.06458432015348514	-1.1098622520207846	1.9159776671176207	-0.27384219867254106	0.03732314569643774	-0.022677034380917806	3.83847851906859e-13
-0.07811741920022429	-0.08152609924998767	-1.4429016214646824	0.6770776365892649	-0.08812485064236988	-0.029851524123204198	2.3645307781196255e-13
2.187742272477168	0.5486893408666451	-0.4100442000554935	-0.05035088466798889	-0.5942111873866732	0.018011785228484078	3.366302181097671e-13
0.7824105821704361	-1.4948606951008774	-0.19944723271018783	2.1057099928577983	-0.4763715740462051	0.008923720959156823	3.1608949686282936e-13
-0.7082942962143356	0.3727550187435684	-0.4489671772179427	0.40581322728774244	0.21917046051664396	-0.02012798048444266	2.7302496825448087e-13
-1.9364347577968	0.18255611026747756	0.1469565793430684	0.035192204684323325	0.6167144538710141	0.01893923440455032	3.964351619629179e-13
-0.6476732569511804	-0.5722609854793735	2.11623514108883	0.12036501943444491	0.26340967697168677	-0.028137455408228543	2.1696606942978087e-13
-1.3543696921905357	-0.20102274305790963	1.76340646397877	0.1157233890892887	0.4933396109023748	-0.012594266764726136	1.5117196848815614e-13
-0.0799225418495379	-0.06320079405556032	-1.714991340075738	0.08158060990366353	-0.07745823293590556	-0.029948001666711403	3.669635926800183e-13
1.4210650099149937	-0.7848817562639425	-1.0207774142819281	0.8915000914719254	-0.5869141814302147	0.018461525081420363	1.7586078669894481e-13
-0.7313415330639134	-0.06913393549966837	1.3415150164301404	0.942111272973537	0.26290697672519914	-0.024372943005390668	4.724600013801807e-13
-0.24766821160950728	-0.36457385570322703	-0.2200615051040197	-0.4020931295537768	0.04895897586395928	-0.02943569526001182	3.4831802434468256e-13
0.04574419325538908	-0.14587272138457177	-0.8787514455595934	0.23943148079093005	-0.07994510883116894	-0.029168565435773747	3.661853492149252e-13
0.5074184289445517	-1.331046457429646	0.3037490764835475	-1.7462784569964251	-0.19033737241177293	-0.0052729809321074425	3.554947319094792e-13
-2.883302433571232	1.1735067415818143	0.0538722147842021	-1.959590582582113	1.0905566030241183	0.1225700507579102	3.21293198522627e-13
-0.7407888750848155	0.28464131924044794	0.31797769437458845	0.8283296534267708	0.2477813535286238	-0.020499428345445634	2.297166903385841e-13
-0.25702882430573987	-0.9887109232306437	1.633360997259216	-0.29558142633944223	0.09100028617015103	-0.02658145780017832	2.685182773689516e-13
1.1219613076680064	-1.1542304585088232	0.8888536973207871	1.4082653737608375	-0.4454688124994517	0.016415126471281405	2.771321172017874e-13
-0.8048174988231288	-0.10337317368491547	1.2337551994930764	0.0960976176088405	0.3093032213039103	-0.023566946421631006	2.532334308019651e-13
-2.5276249958257737	0.7076283465377584	-0.7497367955729124	-0.5482853539262768	0.8240632521095262	0.07347718492560512	1.5176685962164086e-13
1.0406025429395218	0.07950075663898401	-2.004016518963559	-0.24082291265124783	-0.3964039391007411	-0.0162482085052819	3.3509669707548923e-13
0.003662955657311978	1.6508011273697474	2.230486019424771	0.14494712066683962	0.31815404863136476	-0.018508614963418515	2.211959317816972e-13
-1.4011206497365098	0.7143250237683322	-0.5362790273073341	-0.27207976535967027	0.4866363482526408	0.009147458903890116	2.235121667816097e-13
0.4752557680690403	2.3680958479445673	0.14094061427790908	-1.0488447751006478	0.1800738166411054	-0.01947458126561901	3.9124677348965663e-13
-0.36456848179796075	-0.17852498429746777	0.6420877531379413	1.3165767909722297	0.08483562958253466	-0.02874219958748094	2.1701948966089078e-13
-0.8796929283322614	0.016966726206406164	-1.0152514810621325	1.3819400857157529	0.15729343338765855	-0.021125368428821303	3.3448494896457847e-13
-1.5421592132238033	3.2635850942581675	-1.7467444400257077	0.28690584919502243	0.71935539327542	0.11642262666036961	3.9003612000902685e-13
0.7918606324335122	-0.9623289085182747	0.9661354142719754	0.9428733395234232	-0.3050565266404362	-0.002398359698222187	1.9709435041311945e-13
1.3350071776077141	-0.9603664789821353	1.716953845787073	0.7202942156686754	-0.4091529801727643	0.022174096285564802	2.365678250583124e-13
1.2511421672903547	0.3676592798280275	-1.3580323467394406	-0.6452397159342855	-0.37207828625755757	-0.014657424183855319	2.7332316303437387e-13
-0.567426167823601	2.0121198983733053	1.3334457763687158	0.4164476284123119	0.4638692796878042	0.006567718781418432	3.0184750629011836e-13
0.9582050151819735	2.076946634332835	0.25705432218776014	-0.7754362107475427	0.0004885488724526283	-0.028213291814523693	2.632168483560933e-13
-0.4348847206105074	-0.75433384016383	0.5704587624620883	-0.4448055030856313	0.11126948890490435	-0.029132516934695013	2.9032332093947844e-13
1.440346447379469	0.8669174357779378	1.0238552855153669	1.0094692020712872	-0.2994384921717906	-0.01577467127969734	1.8840484727888906e-13
1.4572227925937096	0.7486705337280799	2.2212392709470676	0.1246210645769017	-0.20891646982058037	-0.012556839422764476	1.566524687746096e-13
-1.0010798168141624	0.16545206519915887	-0.6192823534974823	-0.557332759944715	0.31309700461792095	-0.016193745461761805	3.6013975394849417e-13
1.7681214246943362	2.6841997931949697	-0.7695169662718194	-0.6186900616029706	-0.2413600876988133	-0.028264577890246705	1.374085556304549e-13
0.34969602986970194	-0.6661460734599834	-1.730507470987394	-0.3199263709448279	-0.253597687598363	-0.021983712316065055	1.7240983685691511e-13
5.034745532763053	4.76336171427261	-0.20540013560937675	0.5462814601767239	-0.9908005127303156	0.037027341027291744	2.07229818595001e-13
1.5448944503564535	0.70815751969664	-2.2576586559749736	-0.11666632002557503	-0.49751414563956975	-0.012664154576551548	2.709569338022635e-13
1.7603398830488994	0.9130788945026781	0.1797904230553916	-0.5777458890192284	-0.3737575694775709	-0.007795445473916762	3.218129115473983e-13
-0.24483989841305712	-0.7150670518261157	-1.6427247350546073	-0.44888398466330404	-0.0730862648105763	-0.0293577835064728	1.868715705012184e-13
1.225449554096578	-1.5240867037551296	-0.6563345200976253	0.21116526125069965	-0.5580568456507252	0.03168806212165671	2.2001155814386672e-13
0.035070863995735765	-1.0438849136834691	-0.40646349812001353	-1.807968090918729	-0.06111801912157005	-0.02294114935139966	5.715462618620987e-13
-1.018219943369791	0.4929454717077341	0.3468198377508093	1.2502288874894723	0.3378572622597261	-0.010119486060450279	1.940125299708605e-13
1.2131041557805327	-1.5409422212121462	-1.2801650887226974	-0.1195192742752874	-0.5800792404102537	0.030884969247911124	1.195094855619863e-13
-0.19491454964985197	-2.1705160436868733	-1.2167934185936011	0.36947046099488134	-0.25204293466930905	-0.013239359331980729	2.2073580812684164e-13
-0.6630211106875495	0.013685475059761143	1.5639712078676042	0.23976691641807168	0.2937873072576518	-0.024587712745742462	4.2215029100338913e-13
-1.1543967860682824	-0.7580149173440492	-0.3540204902449963	1.511587808196441	0.1885939895280231	-0.024635019821368304	4.1472977707922546e-13
-0.16097509197616786	-1.0961042486306491	-0.774951286076415	-0.5916885838164305	-0.081025416648964	-0.025881673843583843	3.390471675990392e-13
-0.026660513144016577	-1.2951674706469698	-0.9891370014118795	-1.0860711993343493	-0.1344612364581707	-0.02166402410758104	2.0186719080049948e-13
-0.26011548364559	-0.9725994863548281	0.9957153960320794	0.0647557620945168	0.04064484508027607	-0.027043086606353083	2.060350675151876e-13
0.13092931956213635	-0.6249990241465926	0.09052522290484188	-0.6091760951533789	-0.06379202398410827	-0.025132271729462075	2.7192510654764723e-13
3.1595721475319487	1.0707285568103917	1.5134539440901051	-0.1558516145580635	-0.7019162996156315	0.058636471630531886	2.5776117305383877e-13
0.7678452067369349	-1.4794632676626345	-1.2228716744386636	0.9482116411124406	-0.48433542790173584	0.006963427800932247	1.4628522609015525e-13
-0.19796748029607836	-0.8921381065831578	-0.8664243262857063	0.10524590891089612	-0.0822600094374249	-0.027816791250678843	2.575249355344096e-13
1.191587041993525	-0.4351451995806164	-0.6158011120927895	0.38541227560171537	-0.43790362386780485	-0.0003970870840888396	2.766098576063992e-13
-1.4364345920286756	0.23494077879618672	-0.32471105590677535	1.4835165543469238	0.3847758711293818	-0.0011281975947356358	2.3746441007845693e-13
0.364579840556382	-0.4456893599094346	0.4629171012217818	1.4864724244179373	-0.17704567608276833	-0.02284996420989093	2.67013849268476e-13
1.532641229822835	-1.9830844363524927	-1.4816558425269528	-0.6835536461751036	-0.7079281587909896	0.06755374351094351	2.628069595007269e-13
-0.2759125469088601	0.046504363541620235	0.1140111094076839	-0.002035934081161799	0.10549727515695063	-0.02860893589190083	2.1114170073131833e-13
-1.3857506960290724	-0.1802625784157245	-0.7422120967490403	-1.5426577887529165	0.42306935118625066	-0.01128954903868615	1.944513347789025e-13
0.2928344848533799	2.1229763013223755	-0.3707153462404718	0.19950121411930383	0.12570280987705246	-0.018779141401758133	2.279063559084337e-13
-1.675706882089412	0.02643396103744889	1.4304669990232715	0.42676275427674504	0.581877616880161	0.0030123241508805284	3.3585816403686043e-13
-0.911097667924926	0.4466640956840618	-0.7628117574101047	0.05966857000766178	0.2832031141261335	-0.014055278896879854	2.6625673774997354e-13
-0.5700901068515276	-0.044018575670856146	0.5060027905665042	1.572333465161493	0.14180313495128197	-0.026473764867792918	2.8787792199347453e-13
-1.6451073697243364	0.9108557975694119	0.36786874018078947	0.23474508866755764	0.6151033545813666	0.026255227985256105	1.6870709900793008e-13
0.051645123379317176	-0.013179634576703533	-0.1370576770436095	2.216984049099238	-0.10409883577221185	-0.02915999138080077	2.261789335494481e-13
0.7104567894499684	-1.1419701689752868	-0.39193810745873964	1.632835107839966	-0.4100795493461173	-0.0026674627276910556	4.001467289722805e-13
-1.6146876129348442	-0.41453826579309155	-1.192215858333092	-0.7673460649295182	0.4069495127744032	-0.008527663481009107	2.708981431890448e-13
1.3339051210917923	-1.57712092353242	0.5262453287452127	-1.7751671359964774	-0.4426345564539048	0.04125191715300327	2.5088089293833463e-13
-0.2379847088361146	-1.7407805500107643	0.3169417402611486	-0.812377356240603	-0.05303368179666665	-0.01976269198038459	3.4573841949816204e-13
1.0931520487531485	-0.8446916550351448	-1.7694188074015134	0.16099983458570402	-0.5125241264923113	0.004358177781211765	3.3582821520668887e-13
-1.0823277127805426	-0.14055596947971788	0.8312580266168402	-0.8530213507063727	0.40275208881852564	-0.018638266300942466	4.2293306350074475e-13
0.6659475241810868	-1.0759114709938866	0.5514871060096558	-0.6599572557366042	-0.239347172960187	-0.004820643062297586	4.1590580284749887e-13
-1.1848549508529214	0.8532663897896213	1.337925471031198	0.8605814245185213	0.5028257303806725	0.003309593997761491	3.9167289792224483e-13
0.9261902239123145	-0.7245487506028574	0.6863086990371664	-0.970052520211403	-0.25732102274566704	-0.0027906532535584617	1.8398579428959997e-13
-0.6824980897906936	-1.6289265861801197	0.44780150975613586	0.9318524829717196	0.026103154147757632	-0.02778872114441789	1.7831683098917482e-13
1.08433323050971	0.36963782282714164	0.40457768214937273	1.7404461184559505	-0.3152066763311819	-0.01781159731745782	2.4631398643877217e-13
-1.9128771974729475	-0.15190148395739478	0.8862413235485611	0.9146389021365814	0.5806716570794505	0.00847581459673846	3.4140941939169886e-13
-1.3648027052379255	-0.016559711231464862	-0.6083292586755076	-0.8295751976381853	0.41357256248955115	-0.008869938932411957	2.6787794010802296e-13
1.4050253801247437	0.7932607351417922	0.1336316699678166	-0.13373567642763295	-0.30336539345992203	-0.016165341373210462	2.991791264847227e-13
-1.4208073986646117	0.0395700748050435	-0.23649544259976155	-0.5254818106438115	0.44628892521404545	-0.00591978714350313	2.7486677614449457e-13
1.000404567167718	0.4688732922621292	0.9187097442729417	-1.3651231688404168	-0.12160477242712457	-0.02054678969408253	3.1990550786536815e-13
-1.612358831809667	0.8680179726243884	0.6245866605533054	-1.310072558516969	0.6792631853855079	0.023151456106654197	3.848607061180452e-13
0.7770483010640008	-0.8479809573283955	1.7626960287568778	-0.13561205683531294	-0.1965382969679805	-0.004656821563008701	1.4454788591704254e-13
-1.490535784068428	0.7055829578063333	0.5967753835765794	-0.8415122337710484	0.6037043025385121	0.01264423589654151	3.593423551501456e-13
0.5618316299731003	-0.4842137553357604	1.1966213246483126	-1.0426718823976273	-0.09134866403685975	-0.017712118290639768	2.6584716912492194e-13
0.7866739143820639	-0.31543510083156945	0.1907257388361738	2.1428730586349225	-0.33038948925906647	-0.015325667736108828	2.1195124994529292e-13
-1.3596528418068499	-0.5576746671442908	-1.669264692077749	-0.5061031536176882	0.2757460078560965	-0.018223657297004116	3.522420181298152e-13
1.8259570392861255	1.5343779848744132	0.013147725807706128	-0.0528167813516057	-0.3582626983281483	-0.016613205806238207	2.685356629402899e-13
-0.03138864302803798	-0.7372280898866348	1.5385833680817451	-0.1817739808736144	0.04119289961643568	-0.025681927152010918	1.8746302921051415e-13
-1.183060094930398	-0.6590283323025717	-0.8444299644752382	-0.8687785724156396	0.2762979675288414	-0.023189761119347656	3.1637743083367005e-13
-1.4192911332355806	0.2267889342576096	0.8517675905310148	-0.3206948927054066	0.523233177432513	-0.002086316651931576	3.8755225745105685e-13
-2.5318726972513677	0.9219432950565013	-1.6031209486145344	0.26339850897735645	0.7650895205575526	0.08361495748168055	3.938996198636886e-13
0.21009842082266422	-0.5868842928180599	0.28393297022036146	1.4921433899969174	-0.1576924339239233	-0.024189030737233302	2.6232608185860476e-13
0.06315960409201242	4.207890879042498	0.1423445029011012	-0.9953408756791406	0.5050273173852012	0.041329559185291735	1.6023000210823174e-13
-0.06882651255808377	-0.4412318646024175	-1.2358405517172484	0.3833050178386953	-0.10529795118052367	-0.02904662826304575	3.112705414938918e-13
-0.3227478986356188	0.07950414587499215	-0.13622147220335276	0.5965938412906125	0.08341095173520179	-0.028243680993065595	2.8111871211899723e-13
0.5759801073020963	-0.8326640018265878	-1.3114631163402724	-0.22899489915093046	-0.3164624103778882	-0.01376661070813004	2.438031645199253e-13
-0.8257724676881563	-0.6798126803678494	-0.9006188402870995	-0.16612640777929785	0.13560688946934993	-0.028204047321778197	1.7521528605014655e-13
1.4983771970726667	3.3163998101948193	0.3505203852995687	-0.7399910636012004	-0.02083649542949603	-0.026410527572514258	1.3254216568007016e-13
1.330509559373601	0.31605753989820934	-0.6322982016473195	-0.06923950329011702	-0.3809962121631096	-0.010929835659525907	4.005858405313256e-13
0.8709445462885483	0.5584237656146293	0.2305630762984078	-0.09677749490090845	-0.16721677455790313	-0.024272033856204488	4.506278215735447e-13
0.21121251947773806	-0.522459660807939	-0.7396684341362226	1.2037871442312853	-0.20060056267015264	-0.025332044366507118	3.608596074772132e-13
0.41798851318068253	-0.5230124678245446	0.9496586912122165	-0.5976997027191977	-0.08630635820908972	-0.02058746567905332	3.1240612380258343e-13
-2.199154641915838	0.3289698559730476	-0.016206494476690744	0.7168404797065127	0.674367212257944	0.03758160291231014	3.18607086145509e-13
0.6386809805655184	-0.8925040502586884	-0.05248630257635758	-0.8584179558219235	-0.2399073569815905	-0.009833528956615987	2.448428008352699e-13
0.17543292529508947	-1.3149311696099606	-0.30607585463043996	-1.4866751547019221	-0.13855087782143163	-0.01620882002439117	2.0946128410706167e-13
-1.0935203091116106	0.7718328679002913	-0.13004018857313415	1.354830007742536	0.35829666099545815	-0.0018703902639386973	2.907637436704608e-13
1.577905375828283	3.2600565494353693	1.8351814769781298	-0.10089221561964345	0.01211917645224912	-0.026981715460901962	1.5900760115910046e-13
-0.5464001767007703	-0.875621566553268	-0.29158835897510405	-0.8879454023585092	0.09767821684518727	-0.029567238383538127	3.229312590634879e-13
0.622181075305753	1.325969639457646	-0.3819976584256862	-0.0738478993759784	-0.048531581801405814	-0.029016542767161025	2.320308239757399e-13
1.1297891608667188	0.9730846200243819	-0.7598306160530676	0.7438023537969701	-0.29275307178160487	-0.024582124975273123	2.6314491524335277e-13
1.5062069947252508	-1.0610637164166403	1.2504795990275364	-1.030528693225731	-0.42562436279801946	0.0342213739200817	2.260409391225794e-13
1.040241347274139	-0.9965822118583111	1.070328356403097	-0.25694877613869144	-0.32573080269248267	0.008592035538545859	1.7086842007762973e-13
-1.6863316376632478	0.5391259307098369	-1.8752734726416207	-0.4054294333959938	0.4782077398175187	0.017726182904331655	1.8173970787525655e-13
0.42478654001217736	-0.9129630461175475	0.15641439149601166	0.9211448914959236	-0.23991943792371634	-0.015600775318082412	1.7907648484082024e-13
1.2605123579964759	-1.2563067348124122	-0.2171701201189397	-1.8659632941994388	-0.4284596722256602	0.025505538337944354	1.453079785554663e-13
-0.0010256029497563268	-1.029465926673396	0.43168259548950927	-0.5688368432887196	-0.04959374469012188	-0.023265809797445143	2.294904499381179e-13
1.2765527791782119	-0.6137864869118466	1.5045817686528506	0.12876570769464551	-0.34396987497782683	0.009428701081506456	2.682997057026795e-13
2.083223201481485	-1.5133906632686278	-0.1774936721018277	-0.0212535618258693	-0.7670113242758513	0.0895687308611687	2.2121723579743545e-13
0.7916893056075093	-1.2987939596607245	-0.255199771146106	-1.4177766579824598	-0.31700249993318486	0.004413935874600794	3.426974916939483e-13
-0.1521846017608091	-0.9272057323213889	0.8926299090781283	1.4599494891254943	-0.04975187373797262	-0.026197792938323444	2.0872597885386e-13
1.388140335447032	-0.34259108985301845	0.2678395776151601	1.6301091676769024	-0.4836248648981395	0.006104524831679856	1.1726871837450338e-13
-0.041293636691687195	-0.47263991572347336	0.9951171519641049	0.33296379449618774	0.018919868458957618	-0.027672877119248804	1.8189864237979315e-13
-0.13880152447562474	-0.3258235965819427	0.9861555083253117	-1.3882544349775752	0.1337052243962224	-0.028723653003785238	3.3779642675317764e-13
-0.4211327280482631	0.11986224305047431	-1.2350029810136085	-0.3237300077017203	0.08898090383799113	-0.027386131696001917	1.3791965141459487e-13
1.03816981506185	-2.1711537586825713	1.0206303389224305	1.1520196489008057	-0.5096410273395341	0.04512207903802665	3.0741368731135507e-13
-1.3523292784327927	-0.1762862917204992	0.4823054886286373	-0.3372648692123068	0.4373463041879959	-0.012221798142484015	2.1711507543747512e-13
1.4431948309115328	-1.4170651257422062	1.0147694848183864	0.7320712415339038	-0.5312024370325279	0.04257123297027395	2.529021479703798e-13
0.4698964954348005	-0.5217865929657786	0.5087398375085899	-1.2453928913297974	-0.10126644879388297	-0.019765736369576462	1.3482926984414879e-13
-1.9370030482230423	0.4019701679449316	0.20600348664998736	-1.027007393234578	0.6884244859921996	0.025565125502962374	4.2992177218346447e-13
-0.6677317357480775	-2.1097293429685	0.06732088284872816	2.2656418965978773	-0.10753096396251148	-0.02418398559444908	2.694791733352788e-13
-2.5036648186343573	1.418661631707772	1.2184830407250737	-1.133450725429901	1.0386322233930294	0.10253680989978048	2.30551229930946e-13
0.657560586110673	-0.536597906872626	-0.19576520757750995	-1.52267814494453	-0.1887986064602134	-0.015475163864416304	2.660760423998654e-13
1.0155880036507172	-0.5704480447106379	0.2835346349158877	-1.6047355768761702	-0.2651853195246413	-0.0031657065869982438	1.963670282115381e-13
-0.7469212480019963	0.2378377676364182	0.3198747386667024	-0.4138023554967713	0.29559114221156213	-0.02095336023978636	1.1086852458967892e-13
-0.12183346375560566	-0.5770868182894245	-0.19539802372404852	-2.00678058217827	0.056156470518311644	-0.028362342689757496	1.5545241921412973e-13
1.6099712742742698	-2.1878276608154983	-0.9811937491274709	0.8129300630467389	-0.7830027989644631	0.08276634581341628	1.4570400049888946e-13
-1.1205775672914318	-0.636540547968042	-0.5939872296078305	0.17368381121638288	0.2323591532453654	-0.02400935308456932	2.4192792803011165e-13
-1.3929212267141424	0.4217709522602826	1.5741914509486037	-0.2198653614517182	0.575978284035792	0.0012421773747196756	2.8246867531447797e-13
1.2741887744827698	-1.6225755467467546	-1.0307862151531857	0.3360420671804233	-0.6101444787487873	0.03741987043611095	2.741356588287597e-13
2.166664691915218	-1.2500380194407905	0.1900153358637727	2.171415454601712	-0.8317041481331972	0.08430713330306806	3.4322730436961844e-13
1.3266799200002966	2.1616300178683248	-0.011553276925758442	-1.5153383023688747	-0.08514445836839864	-0.028618289512373205	2.6026754409004066e-13
0.9095498186263754	-1.0421974199898425	1.1033854898860231	-0.619870209457642	-0.27553095982992193	0.004221055026145852	2.312088271254047e-13
1.607299744957117	-0.7404568284486217	-1.7610618447597168	-0.22569538342348164	-0.6349569167743523	0.025999423126195412	3.822424972211427e-13
-1.1267390087399736	0.021010518826268042	1.421588642665597	-0.2827753005028558	0.4456645275228527	-0.015136317856694914	2.711316228723769e-13
-0.767251689156887	-0.049413646702532205	1.6401414426095493	0.7629967435003177	0.3009798380659052	-0.023579455495924398	2.5002591263920894e-13
1.5764176957135412	-0.4667926608448034	0.878134908075175	0.7022193658077839	-0.4769541625061798	0.018767249016780417	4.459066324226045e-13
1.3033381765056289	-2.0162415000614975	1.0254622654108334	-0.7013243503930873	-0.49389505430270325	0.056330921787531255	1.496398000834849e-13
0.5502553050515143	-0.5618329789655662	-0.20643944189102154	0.13804340499106985	-0.22882071638655535	-0.01788462067214502	2.7526368877749144e-13
-1.0006759708637307	0.5646523609696692	0.01338899187429142	1.5741460593583663	0.30724805957667967	-0.009307208328353423	2.557972925970228e-13
1.874908263040558	-1.7878573841172916	0.5899825559846905	1.5565585112024554	-0.7541529988649669	0.08699878336946179	1.9992803206008436e-13
0.41076326202130187	2.0353917650776125	1.1925108600795662	1.1788598672409771	0.13438379910857595	-0.022063076191369314	3.5153704866448787e-13
1.1296806020921137	2.7017475738536585	-0.14638040236236605	-0.35434639662225476	-0.023886492141865986	-0.02665244672955166	1.6367637640929253e-13
0.4999679098415706	-0.044652096904453126	1.9670343091575075	0.4461320267620404	-0.040992533624714	-0.023603610267686804	3.1449132753551084e-13
1.6454896281871343	-1.1507978429499564	-0.02672729735120809	-1.5950124808960227	-0.5289041324925184	0.04418896442192322	3.736500420464463e-13
0.7712360139627553	-0.9174241758825605	-0.34602912001189184	-0.8303035164622526	-0.30011791568430024	-0.005142363155614214	2.374338157041596e-13
1.2072328494750555	0.9122520195378236	-0.2434773983282	-1.724244313059908	-0.18980626953530327	-0.022288411352377083	3.721316515602556e-13
0.10011694774020595	-1.090712855729169	-1.2952658993259345	0.1725684101744782	-0.21984825552522233	-0.02174384799361977	3.039119739724213e-13
-0.18908376055951295	-0.4951207782258304	-0.4733154900627819	1.745710227323075	-0.08583640325738724	-0.029223597566187802	2.1753346489376539e-13
0.33184229026074585	-0.8720785931672463	1.8076907531260358	-0.0588332087672081	-0.06905778224014834	-0.017379726611649573	2.5581664751198057e-13
-2.230752458999425	3.0620612850112803	-0.47670096100105647	1.7472580731722451	0.9222603476712155	0.16681875357447581	3.8953185867774114e-13
-0.7753112157832183	-0.5978527914132008	-0.32746521354494523	0.9376767845177476	0.11856230601771424	-0.02806211077892948	3.599699797788215e-13
0.03173955465033126	-0.6044761398115869	0.5378963404186627	-0.45506718598138013	-0.011873044634880054	-0.026375706440504628	2.967434380440778e-13
-1.4517067102576338	0.541006594722404	0.23502933761036354	0.744523958861936	0.48704771456549917	0.00671357739546205	2.0732699415514237e-13
-0.22417991268877838	-1.3961285828282666	0.6934417048722245	-1.1971887858866908	0.018211665816995026	-0.02325795287921478	2.022550497159481e-13
-0.10445866869382377	0.3021040002337672	0.3182979424142795	1.323013966284852	0.04026720944307189	-0.028605193352506792	2.734795726689123e-13
1.2466591636501039	-2.3200305305099977	-0.727691529080705	1.591546333804874	-0.708534807430955	0.062372770810038614	3.5453720303563377e-13
3.573599398801799	2.036932768346553	0.08011621348205591	0.9141178544899174	-0.8507103098286984	0.04660247780437504	1.9267260894346311e-13
0.36960755763770964	1.7772254829067577	0.288667015036178	-0.11562076970566439	0.11743533453907956	-0.02412185142801161	2.720077821909073e-13
-0.32373262668556835	-0.19750626738199645	0.6157108308984964	1.2435363324764304	0.07209307116743703	-0.02894783654499543	2.291495545741244e-13
-0.41967850117684546	-0.578991155159285	-0.5053448359319214	-0.7033436155317864	0.07191767714125898	-0.029610707663273863	3.6756198215714656e-13
-0.9900741851359803	-0.5309986286415934	0.6402043676166893	-1.209200787456809	0.33574893452576504	-0.02484032058970105	3.6389543335656834e-13
-0.22845154183080996	-0.8978467353763708	1.707195480740513	-0.33108491189949135	0.09824096223009574	-0.026792670503637935	2.882298593887386e-13
-1.0274966429606938	0.183817241093913	-0.6251767356704316	0.5549877222605686	0.27698175071259834	-0.015209552019220276	2.8875431258553244e-13
-1.7343421773073358	0.023991173277802286	0.7950127435839875	1.0640423528049634	0.5349918939224382	0.00543044656336417	3.200501177592519e-13
0.2695766389166901	-1.1816168122723472	-0.2172204025737201	-0.5164209351771262	-0.18644546635307574	-0.01575627952561067	2.4359332396071807e-13
0.1837396940255548	-1.3187267245271523	0.8357453689981168	-1.4331137653408268	-0.075152332002294	-0.015115295329011003	2.8358053964199384e-13
-1.1301029216862781	0.1952126755852473	2.1519492652550136	-0.25212356205385156	0.508281774101664	-0.01216198120651598	2.653677465449228e-13
0.7763138542001187	-1.0202274886995022	-0.7040846058078654	0.5315742572052643	-0.38990744571467206	-0.0031169118631852156	3.2891011569845577e-13
-1.4934852099472888	-0.9050747029853157	0.5773940620969441	-0.5056987253532294	0.4120710976995954	-0.019830740655148813	1.6918111228923513e-13
0.21607239195632905	-0.35241663226301706	-0.6858555724787048	-0.130957441054699	-0.12572221763501443	-0.02655530935712544	3.352009626003212e-13
0.5860309063610484	-1.1762723291642272	-1.7267828034457835	0.6250321280548531	-0.4159719333721725	-0.00745300763044455	1.1855620359601224e-13
-0.3553443547589954	-0.584338380448215	-0.8482574840066927	1.5713350546793587	-0.061627932756636805	-0.02972729651312771	2.615304976948599e-13
-0.6531011700484923	-2.3248631096980805	-1.001058155765643	-0.8480575173999935	-0.07110453911166222	-0.02216652567666131	2.9914725445235737e-13
0.4306066193820506	2.024105329491674	0.8875557664752342	0.9486354975798078	0.11843277552850492	-0.02257356871677586	2.2671929026927554e-13
1.6639995632325064	3.2287447336607356	-0.4879374958372957	1.8211752277967272	-0.23487522225834906	-0.028296146956696522	2.413316266595715e-13
-0.3027273559729434	-0.03726311365632022	-0.27305613154605435	-1.2252925816979692	0.13138232902877311	-0.028856876925745904	2.4543876404118415e-13
-1.0198951252521529	0.17722274267211435	-0.07221700214860688	0.9825846847514252	0.2895416888342997	-0.015500978645133973	1.7792152678103607e-13
-0.4525507779253574	-0.35031445228447367	0.39504062380693655	0.10064384839906221	0.12738200820842208	-0.028907137584688238	2.774341475060991e-13
-2.1248407974896	0.4620581592973748	-1.3134725332701562	-0.273283146892323	0.6298416562033015	0.038375242312329236	5.844290752000478e-13
-0.7671471566567166	-0.09951766537222907	-1.388201975265799	0.25041736020417443	0.13516137250304489	-0.024557000896745382	3.474342871547142e-13
-0.8119740688927249	-0.6917641725461315	-0.4592991854034209	-0.00012394613728055067	0.14982914486338084	-0.028273713945097954	1.2821146204287778e-13
-0.7839816828451087	-0.7146298588791326	-0.19932482104376065	1.1406913674778636	0.10777268334335466	-0.028539331913957144	3.0224905414777875e-13
-0.21924296786694505	0.20869587311806456	0.42154804397052326	0.24844426159207283	0.11445553201181467	-0.028239905115713074	1.994518060373107e-13
-0.3207253331142126	-0.449416839629549	-0.6711808711650504	0.8045038556192132	-0.015172340424931808	-0.0296598507576797	2.7387126251734145e-13
0.7032007343427114	-0.07696599146311628	0.6973762712480001	0.6186714289632924	-0.18742386336414568	-0.02027554012796405	3.0998756268336094e-13
0.5080473619241545	-1.4084816041110986	-0.20028027551182398	1.4481250206731024	-0.36012057743752673	-0.00415182344428255	2.2512495154681894e-13
-0.773952162325487	0.35156213721558777	0.6934308161851452	-0.12642937978897667	0.3266758906298762	-0.01887203528735154	2.326482389735435e-13
-1.643550776571347	0.38365116122347714	1.2789500515975782	0.1008484604238416	0.6160944262607445	0.010694442671146824	4.68729802263914e-13
-0.9897637273249309	0.9869154384654144	-1.3994540469846501	0.5444201746731915	0.3082565824168966	-0.0007667753537277805	1.9678093001956248e-13
1.3166813553024186	3.4326336410445624	0.856960802204212	0.9935910550212198	0.005006657964859114	-0.02302111880692107	3.784195441185881e-13
0.4416688609660508	1.5762061343878468	-0.7855891520256416	1.3129170389776428	-0.04889415533568505	-0.02689732482191434	3.2323429531760236e-13
-1.0608442904476003	0.19427313315072733	0.9942679916772108	0.5586208449219531	0.3848986037465695	-0.014110316723704355	2.3428092989804576e-13
-1.8818355805535667	0.1959099239390141	-0.5274838575234557	0.7030361808964903	0.5340058132366315	0.016875555406058295	1.5373940207736542e-13
0.9210878190294417	2.658123566070825	-0.5888215759258847	-0.7813142600106178	0.02437646527520038	-0.02446179591487728	3.0704929488026873e-13
-0.11827501346480124	-0.7126981691934042	0.15787599358712742	0.05014077598935848	-0.02279737992483567	-0.0275339461245017	2.0714832083402336e-13
0.466990778290637	-0.7588400182323293	0.7823693917321815	-1.3713904809840731	-0.10419745016182239	-0.01635059630757864	3.8013163470807404e-13
0.38608385830680014	2.051318327093223	0.6018899131094092	0.35342677964487	0.14199216649496266	-0.021508718367593018	1.4272783553079548e-13
-0.5091546144250025	0.16272011233841596	0.142694854769152	-0.26639978633444045	0.19996581294855809	-0.0257175373857089	4.374098746785785e-13
-0.3100776855975323	1.8598018310304691	0.5457549042035977	1.06369414052644	0.29622785013388364	-0.00639327437694481	4.0953495769105844e-13
-0.08882367205490949	-0.08840232427437145	1.5576435599060374	-0.6660317177201845	0.14919621899880023	-0.028687772038919177	2.2436774681444064e-13
-1.4207453979246953	-0.19782325460332045	1.1031533182269684	-0.21259581243351647	0.48747255364133124	-0.010590883683950631	2.0998179796749188e-13
0.05080760325035812	-1.4461193481570815	-1.190823633038662	-0.18995161791724494	-0.22225807479223392	-0.018074205571255643	2.1917291750247313e-13
-1.2839635258009472	2.5988651559681664	1.9703226880126783	0.36640974580420016	0.785241219051373	0.06451172162103756	3.1935899908708315e-13
0.9940397731383966	2.554578174241064	0.6707571431833006	0.9852080782151776	-0.005686777354807043	-0.02599693246404919	1.9620826767792714e-13
0.41044024184143424	-0.09939680882938376	1.5382471543611846	-0.10649958707131238	-0.02351397626703949	-0.024705331177349184	3.8518827391311715e-13
-0.32753432381598596	-1.063043987059046	0.40869610716341925	-1.2143540776226596	0.06812902788183257	-0.02746932219218614	2.7086092638031206e-13
3.4462820201098645	-0.8252319010091856	-0.5696181279651777	0.7836003266861915	-1.1441816803482803	0.17550029622153954	1.2851541495825645e-13
1.2160793561119243	1.0889735672007639	-0.3283543329310321	-1.4115578885924693	-0.19136632941767337	-0.023985988737803922	2.2240674597154737e-13
-1.076311821333424	0.7603440017660492	-0.4601574861496916	0.6094337582780724	0.36271385953306917	-0.0027225906768240417	1.8651522940607133e-13
-0.28184236508432414	-0.31127527946756206	-1.3509455991144648	-0.3881546709106196	-0.0034730474729868744	-0.02984913126693978	2.865562524341373e-13
-2.3759327909324024	0.6879936296856567	-0.4510302407446745	0.6500420258646307	0.7446360969791881	0.06210297142480017	2.809925286603838e-13
0.03236694730770966	0.22694488151713174	0.9298952661637646	-0.19509908796123604	0.09054278117230559	-0.02889839187549744	3.6128833246438764e-13
-1.483662630997224	-0.39003259240212895	-0.9708928813738178	0.39572103661708197	0.3359796739616293	-0.012139281293618555	2.2868581577674666e-13
1.7618579144519557	0.5717016232128685	-1.190608174213215	1.1759576565423029	-0.5646508473825468	-0.0018401897598205085	4.2462923023246015e-13
-0.6670867599277477	0.2825817849696845	1.4260883403190197	0.3993767496408702	0.30956913475880415	-0.02184310606115012	1.879127758471273e-13
-0.18233375144972827	-0.09859590188684286	-1.7547429640444512	-0.17351135048664665	-0.042884302734778945	-0.029908632359434667	2.0401615040996432e-13
-0.8898252170858761	0.09628350248907475	-0.3068180674404896	1.6829503574812892	0.199065243293588	-0.019819915429911652	2.8024422691808123e-13
2.909364913249794	0.4958541231320799	-1.3495967747312072	-0.22432589483656826	-0.8584803599595334	0.06119286581495395	2.5078916303085664e-13
-0.8187194790962633	-0.6288277459197034	-1.4208550539228675	-0.8508769104415042	0.13601556905200227	-0.028099517917657198	3.3000301919226535e-13
1.7339946394438133	-1.6844678763948389	-0.737030972569937	-0.7558252763559954	-0.6873744327015157	0.07025393428100969	2.7690558276496675e-13
0.6486931774035152	-1.029364745981413	-0.46386077410978804	1.7391007597522876	-0.38871453313866067	-0.0072771309122985255	2.3761793551606033e-13
0.2896149870708127	-0.7691258627946151	0.974053219985228	-1.3976506255561805	-0.04062993184367109	-0.020222601391546254	1.9451366969625534e-13
0.9787556841041317	0.6807653254951206	1.468343477347262	0.3669713151401352	-0.13068208490534966	-0.02296867564317666	3.110199789344107e-13
-0.20370144719212682	-1.4053485712554017	-0.3670888282218845	0.47958260210478315	-0.12120137272829021	-0.02347610871634546	2.587840069359019e-13
-2.2565893011447256	1.2851082684331092	-1.6692140033028022	-0.7128877075687411	0.7586625478618512	0.0793934141459211	2.982987397793948e-13
-0.14440940079770243	0.43007250798690766	0.39351171506212573	0.6500839642915682	0.09815935288775232	-0.027783464330322125	2.3848080145778963e-13
1.5024364504924679	0.32614165492958047	-0.5650116737780835	-1.3008157725506952	-0.3756690707233216	-0.005387015588180739	1.80970465113019e-13
-0.12196791156027051	-0.13923007210661575	-0.18203792304585367	1.5637038962343615	-0.04226270747813917	-0.02940529215643212	2.3255574910289545e-13
-1.7773913024563937	0.6448297176233821	-1.623388234935432	-0.04566450769611327	0.5176578975715288	0.025429059258484342	2.854485419061719e-13
-0.6255127877212068	-0.9564520397846141	0.5264731932784662	-1.2613948910929778	0.17667475938272326	-0.02929806627866714	2.5055610660976593e-13
1.4225630921642505	-1.884258882242306	0.0865744040419844	1.201835261719151	-0.6490904027223141	0.05780454656929037	2.680976536232971e-13
1.4091528375626343	-0.7875121849861106	0.84991309432165	1.3776081518116707	-0.4914979623835319	0.019830965034237025	3.338742385334369e-13
-0.5772875015326624	-0.8489426291240362	0.6189879803513562	-1.2266662061327722	0.1781631298101478	-0.0292475946402186	2.9347631811467594e-13
0.8473460294289609	-0.9968163312547764	1.2421249206537373	0.3883518941388496	-0.28562405135592744	0.0007382168956340762	3.9850110360750393e-13
1.4749673453363026	3.3414126877119172	-1.1081122598014128	-0.4032197539900493	-0.11234702860230474	-0.026334269182670955	3.811255872210723e-13
-2.0176569372313153	1.1228983004917352	1.1339660729466063	0.3285863672833912	0.7931049967809222	0.054967907097421366	2.4224478704959e-13
-0.2964953041894513	1.8459955006383517	-0.8365622955986364	1.553632316748679	0.18777661359600825	-0.007032411053402527	2.7206845347588143e-13
2.4349173677720697	0.1509348733031833	-0.0638210658991827	-1.3773444250800422	-0.6326268560292512	0.045244413455860895	2.9727395291037537e-13
0.8825708434360532	2.121339305285764	-0.4855313825479982	-0.4757373974847455	-0.02903756061772717	-0.027763020793840052	2.0668635856504318e-13
-0.305310544807281	0.05970542442106396	-0.0998352197263765	-1.677911409936281	0.1716432915145581	-0.02842196212129468	1.4345787722675063e-13
1.0173001456957909	2.444941032118385	0.8775352166359233	-1.4176899112832262	0.0865009927251659	-0.026838616436871174	3.798743316388146e-13
1.605754009506423	-2.043098659597471	0.42946608042644513	-1.8058478350903544	-0.5745667525616474	0.07803022539481634	2.328576815506382e-13
0.16317953014580647	-3.778214641069514	1.4137147387160207	-0.6633490287783059	-0.3261340803130425	0.05056299735146469	1.4031586334337858e-13
3.135998237476873	-0.20239593805410258	1.324366086573496	1.132325157996777	-0.89169310077801	0.11422420610601175	2.388578466374161e-13
-0.6321312743626053	-0.738127616615187	-1.5227830328239438	-0.8664896037881619	0.06332807989062879	-0.029794542884688215	2.4727950981017263e-13
-0.10009841432446484	-0.9748669786621407	0.02597052474325439	0.17340448172104903	-0.06934225594350166	-0.02558799640965011	2.9329264507753554e-13
-1.9484347350240558	0.7116763647367854	0.5951205849796598	-0.26379175741460226	0.7183306737235726	0.03614637136267293	3.030747962423348e-13
1.7064135457840224	-0.8195239281214295	2.0222934962505965	0.047699928918596896	-0.45638097522685794	0.03833901848889282	3.772056280551783e-13
-1.5059061080363654	0.47370520346606954	-0.7581074849879876	0.7387797150689868	0.43664899832556797	0.007474695691212149	2.7284699764843445e-13
0.21092091540133548	-0.22752919752494907	1.168644684206837	-0.9264558647759168	0.03302479752284854	-0.026477951403502013	2.8530298333046866e-13
-1.6148854819805543	0.13383945257570673	0.6788209569581383	-0.8263062407382671	0.5819737566994398	0.0032657443266091153	4.3743819715142754e-13
-1.5980834264372605	-1.190946543687294	0.6131276374516245	-1.727449775572272	0.4642269177632792	-0.021267007937971837	2.1665734353569056e-13
-1.155286352573168	0.19215710896507024	-0.14133553833012802	-2.0154949256577486	0.4505620971098742	-0.01146771324594585	2.289750408819822e-13
-0.5897631559286473	0.5174898980239443	-0.7810525966769832	0.30813881641373747	0.1838260260426733	-0.02080691530341373	1.5774906628650503e-13
-1.311915907489365	-0.9020169542730946	-2.080429980682336	-0.13799961342854686	0.18406810051278216	-0.02370491993549342	2.8220813886730714e-13
-1.0769704694385314	-0.4587258898541785	-0.8671548512982035	1.0711624095347816	0.1856169618973391	-0.022908309779027365	2.5894299722906275e-13
1.526391123309667	0.386379782058858	-0.9294508232290672	0.0005456366008363417	-0.4515512290746619	-0.00613167857442267	3.182166412289279e-13
-0.5723513926530039	1.894409813718082	0.3430241041741408	-0.19557328484766626	0.4181623626902317	0.004025954358811819	2.8174144504278777e-13
0.30416965606980934	-0.10762062349232367	-0.09571339450500112	-1.6590920344591347	-0.02724433768595936	-0.026844529258790165	2.772487153484579e-13
1.2103406417090112	-1.0221135406301922	2.0910067398378516	0.06254052868295167	-0.3299283713354364	0.018172802322812952	3.930850833930743e-13
-0.9450553852830299	-0.2831867222903352	1.2387167467246505	0.6715610333522811	0.3080565335002326	-0.02305917706292753	2.436362623163185e-13
-1.3673391871341207	-0.5229195918292645	-2.0064978951637906	0.4464922855205008	0.22255377472341947	-0.017530730931822093	3.8448543436542946e-13
-0.8974208950712872	-0.9917087396095171	-1.168586376504989	0.3769210742590492	0.08459872490316123	-0.029214474533156606	2.068903549933617e-13
1.2216966968318501	-0.9712323676641879	-0.6723048640752136	1.2233408976802616	-0.5412323681229706	0.014463169829250673	1.994421345256652e-13
0.3093806064779646	-0.0587411334102502	-1.2905821762029162	-0.6801341368226071	-0.1353043024931158	-0.027717404805132156	3.5214588927942995e-13
-0.7782095195275993	0.009936399131287533	-0.35912975478930775	-0.36272451204017064	0.23721534443028774	-0.023076915283149337	4.2333153970080763e-13
1.299209496356354	0.8592608352194778	-1.6942665289330125	0.46978381752460563	-0.3995583282484921	-0.020801400596267585	3.8350587457932124e-13
-1.3099960148816057	0.6542980359898949	0.5820599288535224	1.400852006401023	0.45091246216802167	0.0036407893003945263	3.235091048671693e-13
0.5621188503648981	-0.8328658200911941	0.07802876758731453	1.6283735912298818	-0.30538660629731235	-0.013183113415328684	4.3335113973552656e-13
0.5058531522905177	-0.2314210051693587	0.5868756232679563	-0.18126093685883532	-0.11972569790451686	-0.022440114017964623	2.7763655267964977e-13
-0.811841875432325	-0.6232188666642471	-0.05013771557829783	0.13535873881699634	0.176194208982047	-0.027799958418611576	1.915256294150918e-13
-1.7454038652177848	-0.772229144467267	0.983699355056168	1.0841030185373455	0.4609031067614673	-0.011253398989997674	2.507302949972593e-13
-0.44958524713455644	1.5253862066853483	0.8401912440579129	1.2389600480964773	0.31153717920750684	-0.008430874691242636	3.88571727106504e-13
0.31389763652633884	-0.8332923228395154	2.291834569385366	0.0276904748432937	-0.034172889340428246	-0.018016792346691825	1.2890223948849313e-13
1.3244301318118852	-0.9368386487757203	-1.5524542965124837	-0.2610057510633591	-0.5593672436123543	0.017636706199053657	2.546437855055913e-13
-1.132523451619909	-0.3142904825958253	-0.7944232351187389	-0.8736787986932947	0.30217843859463206	-0.020000353726824596	2.659252262030859e-13
0.10872274078197709	-1.0128022841058926	1.0355714403686136	-0.1549363110731194	-0.06089168297331227	-0.02100913643889043	3.578194007681785e-13
-0.7265137739363542	4.338536011746092	0.1932526670963706	-0.02936978118099577	0.7220278579709223	0.10107832755686713	3.038052041128104e-13
-0.7326616410298372	0.23403088086244347	-0.09673128709227895	-2.232818375794393	0.340656696340376	-0.021326949330946025	3.370425375219026e-13
-0.11004871941864391	-0.18821536036344627	-1.346736100444453	-0.7931591700346328	-0.024106476413329695	-0.029782515046726975	3.0111367504530734e-13
-1.1157303964185683	0.4692711837200608	0.8117391158141029	1.0495024232264525	0.4004804401440506	-0.007507118798665749	2.72039341349887e-13
-1.683218666359102	-0.4332107379760097	-0.18206872413096709	1.9222466213452043	0.3754495696074654	-0.0066808131029449805	3.0716752891388007e-13
-0.8288544221046491	0.29044200728026676	-0.08751025877305406	-0.6169763806389856	0.30972232830496993	-0.018523008533819184	1.9158335247117218e-13
6.0118248975242015	9.292254412224	0.5293363897347727	1.3995090529133254	-0.7863037565386785	-0.02312151765515445	6.005150103616845e-13
-0.23012615166587047	0.02684387006558537	-0.6211857802672912	1.049349547657501	0.0025853191365995333	-0.02913941018084051	2.910219697903536e-13
-3.056015569006648	0.872037151676019	0.752604959771474	0.6789705902231782	1.0424310474494696	0.1214696001217912	2.1179288418546154e-13
-2.9470156553482156	0.7022438767205464	-0.1806097630118907	-0.22587187303615247	0.9714382326562506	0.104631830459698	3.3151664673555324e-13
-0.040763139383326895	1.4092707299051157	-1.9892680668403548	0.0714481992898508	0.05527349550180772	-0.021077763638577024	2.224414537131639e-13
0.18005578575954329	-0.9056955962437128	0.35973506896142965	-0.662520271041264	-0.09005235571515882	-0.021248863593991207	3.1512904207243657e-13
-3.6187747714285345	1.3810297765798143	0.09262559701350258	-0.3637754113797358	1.2754203161712097	0.2048616124458469	2.4343045849824834e-13
-1.129393532701493	-0.6695034484038096	-0.6741077268849458	0.8856179123935928	0.19735460335807142	-0.02421312348738226	1.5292005511033952e-13
-1.1532924022529012	-0.6464356606684398	-1.042193739122036	-0.8944736507570117	0.25802536573073037	-0.02361144113227327	3.286145524988604e-13
1.0129728351148666	-1.7740123221631707	1.7847146449056348	0.6445895822960797	-0.39397257137014596	0.030748169723823948	3.9033971721900977e-13
0.14421304645382182	1.171004466508349	-0.5346162258268558	-0.7141860449359295	0.09356494635461743	-0.026280434476424346	2.4909572440295036e-13
0.133437009327705	-0.8248530427124364	-0.9627852680176647	-0.5039269535526312	-0.15343864638113552	-0.02383578585075247	3.974801836178036e-13
0.13237903415664373	-0.20196124291716158	-0.36355220503140573	0.484325787389554	-0.0907729543393116	-0.02816051670800288	2.8882317759962676e-13
-2.8392896788631976	0.9207256217159427	0.2793022355176817	-0.14664139893571493	0.9876493627025278	0.10619401165673603	5.051903132819316e-13
1.8500153195324027	1.1339370995124365	1.0113612555275833	-1.2540492751831145	-0.29888840550880547	-0.008428759723681577	3.0368137553861147e-13
-0.23601655482599201	-0.976233943998896	1.0921961232513946	0.2410497066124679	0.03168869093071354	-0.026717818746185465	2.723722709839975e-13
0.0033123281836909594	-1.3603708924645854	-1.001254602255964	1.062009625287684	-0.23917226224175805	-0.020271733965918814	3.548789046496347e-13
3.550255922494793	-3.4116598161446023	0.3101516835815216	0.2984809028767851	-1.3626473448541152	0.38218866320292966	3.073027060019386e-13
-1.7060069382724299	2.715587242218131	1.447914943765833	-0.3827019454172476	0.925755815050912	0.1007846929772944	2.2868061407166093e-13
1.6934965565105773	-1.5250298504896678	-2.077719463919399	-0.22158166736241458	-0.7613934004346401	0.05908484543074085	2.2315800900236583e-13
-0.8681334313891242	-0.7381555791914087	1.380651718231645	-1.0178349282897468	0.31343578693827284	-0.027557110693398307	3.2169817062397554e-13
0.28056373897754117	-0.2707698581478539	2.064761526085586	-0.16365710537550462	0.030222198887529746	-0.024841298028619997	2.3207057256369876e-13
-0.6206611433859631	-1.0267857626631893	-2.2115700751267293	-0.16743264898886653	-0.0413186650988937	-0.030332669999033453	3.75580160090903e-13
1.6218995283015716	3.7826497875192966	0.8855863690126584	-1.317293623643697	0.04903333229640538	-0.024358290384047052	1.3596977445706018e-13
-0.6745555449258931	0.3058575908210297	0.6670231809102898	1.381742447822361	0.2285549972646616	-0.021530663153607483	2.615303512107415e-13
-0.10070463774431457	-1.049358034374313	0.5251226257737495	-1.214164772944822	0.009708917442172841	-0.024648625917740963	2.450265113063179e-13
-0.011668785938912195	3.940329052786081	-0.32530814440913	0.09286446763076604	0.42506848770440436	0.036595340730217765	2.828137061133761e-13
0.5510425964350034	-1.0022030746068338	1.042370648431222	1.3088517698779447	-0.24926724885132337	-0.009772810799480872	2.754575581374371e-13
-0.9636203705540256	-0.6020823700506999	-0.4000313986097352	-1.067501562669733	0.25201016962294226	-0.02601797968450439	2.992892434625664e-13
0.8214958787662366	4.285764252566339	-0.3557532458752328	-1.7553874023431184	0.287000943777741	0.005990101846382106	1.0347591084046368e-13
-0.7606572547572933	-0.1744995191941039	-0.31493731251488744	2.0195596446996587	0.11668678876732119	-0.02519252553912442	3.865346063938593e-13
1.6004167474694477	-0.48386310077598754	1.1798939129745103	0.6454302679388486	-0.4653147379772914	0.02078100967114549	4.383145943269411e-13
-0.7937587260644496	-0.017337820161631844	-0.8638486316647838	0.6933050711078192	0.16528302516920948	-0.023168841144204727	2.1062535890736606e-13
-0.15423023172035055	-1.232495571965698	-0.3352695802906838	0.3979061251304891	-0.11194721093926337	-0.024335960954316137	1.29788448029838e-13
-0.8610193872342184	0.4124959111181474	0.4056365145539375	1.1987336326644311	0.2876961686180493	-0.015911559939704636	2.3666972560427965e-13
0.6505369428045082	-0.8640963670862741	0.5321702539201452	0.6402291960110725	-0.2668357807741844	-0.009577798795151665	1.177472228341649e-13
0.8596156079496622	-0.3647791056858277	-0.9377512280338671	-0.1998006856392896	-0.32851154855790077	-0.013248449956240953	2.3626656571046915e-13
1.7734220081173966	-1.6858732660842348	-2.0612832539079475	-0.2744327378291715	-0.7981336106973641	0.07139828447737197	3.325018292735288e-13
-0.23207613463413243	-0.013335965817422302	-0.9309024781824874	0.8041896367331776	-0.00968658240302117	-0.029336838903975173	2.1381127468817225e-13
1.1029174188030477	0.097843731932891	-0.2616569343858117	1.993195071420911	-0.4000074487181175	-0.013637417581429704	3.9845600545211576e-13
-0.16186245310487152	-0.5585368461590643	0.8847646506437408	1.036977330330111	0.009735641987096207	-0.0282712802900713	2.659129252632486e-13
1.200411814193855	-1.2239523312440288	2.2868228098068704	-0.013972117510550846	-0.3334350449266261	0.023901058151801362	2.125790196781305e-13
-0.7411109331758284	0.5705287656226271	-0.06751392925083989	1.8709289938084477	0.2133372309696669	-0.01654418200301783	3.373394982404373e-13
0.9775299603406634	-0.264408030880283	1.3498541222593474	-0.9161862656648635	-0.1858299961057517	-0.009717140794249398	4.90329426417485e-13
-0.18029251776335595	0.154565862463697	0.453930532635327	-0.7141889064747016	0.13848477930340528	-0.028636117339002835	3.033660112078145e-13
0.041036105409345165	0.2006083984144807	1.0127301917741414	0.3300432041010134	0.06852666951421213	-0.02888178849213956	2.3517701209376976e-13
-0.48038079036246806	-1.0744997996221777	0.9424009580458764	0.22976654932007093	0.08470321448127595	-0.028419693348110862	4.129548732001556e-13
0.06526710700553903	-0.567248334492953	0.9249944041506266	-0.7159524577110787	0.016156102691874112	-0.026018567653339014	3.2252356477839343e-13
-0.2824366471584833	-0.2725844056743504	-1.9679454749187175	-0.06822636575823392	-0.04919879790830143	-0.030030498501257687	1.7964817554442326e-13
0.2892188630724427	-0.09534973622130385	1.0537050174451947	1.0219427089304636	-0.06271082120323528	-0.026550678039362036	3.119569650073545e-13
1.279526367833389	-1.8125403180959596	0.45033816596255627	-0.6229900951655499	-0.5033951429650627	0.04632681343574129	1.537315220294711e-13
1.6482539215116843	0.2351878439471852	-0.051428249046721025	-0.58330172487859	-0.42662533099593264	0.0025342874739261844	3.728865041134368e-13
0.9002668666742015	-0.7054446279449449	1.1861594760899616	-0.5174595687469551	-0.23632377017869285	-0.0037345455995339955	2.876668746203035e-13
-0.38998799471180395	0.4545437344649663	-0.6574208617251288	1.4644254995766186	0.07740625480383903	-0.025039449553056294	3.974474461133446e-13
-1.4392150363352973	-0.14873990632616907	-0.25020386139158585	-1.1693031101945843	0.45665124647733957	-0.009058996608560866	3.456137304454832e-13
0.4834082612142274	-1.6236575735044847	0.9313611928085247	0.7253974248407862	-0.2782442028021207	0.0006949440972293567	1.5857423119873012e-13
0.821907726303391	-0.8966396022429264	-0.7626988511505511	-0.24882053528231188	-0.36158632049906336	-0.004137495691620151	3.1813809930381327e-13
1.9497970269331242	-0.46828836469785773	-1.0763064856120006	-0.4236290983308115	-0.6566790687702722	0.036921122966548314	3.566220810179596e-13
-0.918401115080225	-0.024697426291131155	0.05967141317264077	-0.5240668933882451	0.3068800135142708	-0.020736456672434084	1.9187268624276388e-13
-0.5330920580750074	-0.32379495193604924	1.5265099619426274	-0.3893408086042425	0.24203142496801258	-0.028062321583111734	1.2981475507207976e-13
-2.5612246264196488	0.030504770467743966	1.0369761198136007	1.1809842754776285	0.7942081033782374	0.04801733296630747	2.3140852804219983e-13
-1.0390362548238645	-0.7491221667974756	1.5374441185134216	-0.027538820953958227	0.331729665105336	-0.02582430295369902	2.2559432629868063e-13
0.7283226024585778	-1.3167216609761194	0.8548450486404776	1.2985223787877271	-0.34536472280547603	0.0031459485247642416	3.3756331063727885e-13
-0.7042700867801703	-0.06887366569888595	-1.8662391012154829	0.08050100078666889	0.09815091946945895	-0.025331199109036362	2.779998453661392e-13
0.5538891867895492	-0.7905496652228909	-2.0901656456992512	-0.010252746468980778	-0.36114602909823246	-0.015654645422466307	3.0664359940146824e-13
-0.18533007308764762	0.10218593481521418	-0.9789928084960097	1.2256334083884521	-0.031181811775294836	-0.029234585966928316	3.1571987483263736e-13
0.42414598773250667	-0.18483359012485676	-0.7773213889008352	-0.24340314154466847	-0.1698740455652147	-0.02506954112705687	2.783440292224621e-13
-1.4905247583483618	0.46880211895393087	0.3401503741191397	1.2149258413339252	0.47767887321826197	0.006504967666377998	3.3086665658913115e-13
-0.30251460052053303	-0.7587436626114497	0.9642581993979679	-0.11629220793713756	0.08177498527065845	-0.028395388027946444	3.43388772213992e-13
-3.9372432415781065	1.5941075504121966	1.609375005192326	0.6166263587195726	1.4479025035749606	0.252627262276493	1.2666257260416542e-13
-0.7770354381821575	-0.9147119709267351	-1.7165830987219004	0.48682284188307345	0.019933594555459552	-0.02975728534125721	3.7539244217074886e-13
-2.058006956932224	0.8100434865554157	-0.7913379740720661	0.6631739419646824	0.641356480501761	0.04662036172675507	3.231299432475448e-13
1.4563333327165722	-0.6374472927428623	-0.5007697727444798	0.518926594667135	-0.5351492194489763	0.016448842076387752	3.422393784780535e-13
0.4077195426078411	-1.3401853072743457	-0.4726346736575339	-0.7791583106208199	-0.24837429401175712	-0.009116253962269389	3.446815110761571e-13
0.10814514600443392	-1.0725181425472021	-0.6498903646743532	1.0721062678519424	-0.2185114432999564	-0.021408859758064003	5.495474102883002e-13
1.1012780941773148	-2.006789578054901	-0.9904156872173777	0.7204108503267281	-0.6136264815729697	0.040707105780954496	1.4626565365402651e-13
-0.848183251640177	1.027963877631773	0.9569476667289665	-1.2102230108416614	0.4834860409118612	-0.005210096764804315	3.5660349623982365e-13
1.2175895702192656	-2.3201332166324415	0.4974379646306202	-1.1127440330372198	-0.5156009653723526	0.062068086978381405	2.2726149959681684e-13
0.8802986039570918	-0.9621320662277263	-1.9110848890614647	-0.43905124398518947	-0.44665422224866025	-0.0015016843225837632	3.695459341497283e-13
-0.2925747485485477	0.05979529910908407	-0.17962564744585058	0.27412345585313347	0.08295669387542669	-0.02854635601375645	2.4984918491113423e-13
1.1298573617114795	-1.0169363750700104	-0.7024663794413678	-0.08438282801975638	-0.4674079525288691	0.011457344962445156	4.036129648081764e-13
0.8503048310060846	4.267798141069914	-0.46671415901316166	-1.9536446804511045	0.2778706099028116	0.004390365354957253	3.7359051539115206e-13
-1.477254497229681	-0.39016628363859973	-0.46723250610800043	-0.48997379307238853	0.4005648770545312	-0.012339405344114351	4.4162546637052986e-13
1.2048222631506067	3.5141290801996568	-1.441738614537045	0.33831440950740044	-0.06352614364262647	-0.020336811260970644	3.4725821795088805e-13
1.262133714974552	3.4416026383965566	0.36321230163796725	-0.8681977824867689	0.0690853803837663	-0.022073082148133014	1.9834381702906356e-13
-1.610054219297993	-0.008322192374129985	-1.1799717750921954	-0.6452292874626978	0.4461102760497572	-1.4642399185299734e-05	1.488492256726899e-13
1.1607795764226112	-1.1751086766584142	-0.5184356531215868	0.5656032894694287	-0.5087739710511335	0.01753086098896398	1.3259826134064333e-13
-0.49267441512977916	-0.21131968538061516	0.14720814370548188	0.7719045149930394	0.11197792307693276	-0.02826033095728523	2.9235876812042354e-13
-0.18451166325687743	-1.253851540171103	0.32143616348297016	0.3143580808793675	-0.06254108972303059	-0.02424352854838637	2.324296256260401e-13
-0.33714763739888615	0.8658654034266818	0.3292160358850915	1.1249567639221763	0.17966143393019338	-0.021507225762473835	3.2669036131019485e-13
-2.277056653570177	0.9690436531649341	-0.8285948020038005	0.5328258735830601	0.7284882935516253	0.06701043020496136	2.852826841165335e-13
2.126173071903761	2.8189050971013914	-0.15457916191127988	0.257218240428735	-0.33160324889694187	-0.02530556903179592	2.3605367217731744e-13
-2.6461847262529403	0.6109189483932348	-0.5344046812865344	1.9631077539100266	0.7588814515334291	0.07775560957173688	1.9215176940146128e-13
-0.12985533696504556	-0.08427036703495756	0.5147029540599432	-0.8523425896602869	0.10695354043508441	-0.029117154547501706	3.936303398168372e-13
-2.1637439085852765	-0.0780790272198738	-0.3951352959203331	1.31693017873101	0.5710419767256524	0.022617359251534797	3.068207498539595e-13
2.11484418167831	-1.4246894025752397	-1.2099009739159687	0.9051700024364921	-0.8669073364975376	0.08644907677437556	2.009586030893529e-13
0.5682518476463413	-1.3872472438337196	0.22594518716869433	-0.5998704942793828	-0.26583418996628283	-0.001966813775812111	2.1388602186912697e-13
-0.3032802187366167	-0.8048551099042163	1.31608510274913	-0.03536678327650602	0.09478015407628375	-0.028076118720132583	2.7334165970621715e-13
0.3148350495749941	-2.6781316806247673	0.04617556666368353	-1.5872243848519842	-0.29872280562547743	0.020366376278617506	2.6612247737872264e-13
0.8666953470794796	3.5996713036084107	-0.3954026892142959	-0.3995175899555264	0.13970859267742797	-0.010367327439423249	1.976609962654055e-13
0.5858307858270815	-0.4787834954831455	-1.365310842542035	0.01650626213434642	-0.29485458248594804	-0.018985092503636444	1.71824345630004e-13
0.13787800749213966	-0.3264664437489941	0.27232951265819666	-0.9397320482245602	-0.009250578243938257	-0.02710841723944325	2.910388301447518e-13
0.11428179532807899	-0.5374864559820467	-0.12913232056206353	-1.1656635976995615	-0.03979178965189241	-0.026170163250401442	3.7484394768581346e-13
1.1866903438321723	-1.248893026879847	-0.38669468846018984	0.7824113704650933	-0.5251007006822097	0.0211418591116836	2.910605803016069e-13
0.2712348815180995	-1.4094691268449586	1.7532508745202964	-0.2664144452995644	-0.10339026762917625	-0.010414717131855556	2.926625612568752e-13
0.14640244897818236	-0.5521834864380069	-0.28199685770417915	1.6545908081591865	-0.17578537198518526	-0.025769737200027253	2.638017068173444e-13
-2.04643982991832	0.9340388033160677	0.8203310166710924	-1.4904844953087608	0.8365698162519862	0.04974628884313807	1.6032622377457436e-13
-1.723808514227765	-0.3885526121923405	2.03233151044959	0.33874413859130326	0.5900912111293558	-0.00455071328348861	2.8059403195199793e-13
0.10125286287286597	0.44595388441315004	0.7045443566847707	-0.23912175441715086	0.08219337442928686	-0.028855404115546185	1.511207869971598e-13
-0.09381802165821795	-0.43062678433861523	0.8662315754017783	-1.3281783962555358	0.09943847671548345	-0.02826272187569086	3.1493937459757473e-13
-1.7287445003257544	0.04436913445758223	1.3164837917122032	0.29806115517716836	0.598226720489868	0.005611067655065437	2.544936972057731e-13
4.579705595888377	1.736983939522608	-0.08539160832847068	1.2470133017156086	-1.19576282160831	0.1381816960658447	2.5023150326848195e-13
1.6040352569513778	-1.1196529751689352	0.5218884665359816	0.7183032632124846	-0.5756840420090512	0.04107264745179826	2.8926018497667673e-13
0.2644782657407162	-1.1734025161383732	-1.7713722728995678	0.2767226038133924	-0.309789984598651	-0.01714229060997659	4.130647386159872e-13
-0.1768507076430164	-0.5431748950629761	-0.34233689564752817	0.18000344854293804	-0.02251569408612006	-0.028948826512297826	4.0167679450189716e-13
-0.6844698862167053	-0.6244646813570633	1.4657019524071688	0.2995794277136281	0.22232382163829387	-0.028317784529840864	2.7678754258847077e-13
-1.2137412698622192	0.3940679192465402	-0.3045860859565546	0.29248273119318524	0.38576241005682	-0.005679703057514459	3.2846100211727103e-13
-0.10317728079595301	-0.4261312758040943	0.02649258676303474	0.8538997505393142	-0.03720905282473261	-0.02874779597607669	1.1498986654688572e-13
0.10465829959158517	-0.5258063642659785	0.46706651500934343	-0.030207753374218237	-0.04658939465492952	-0.026083142798492668	3.8494273424737825e-13
-0.8659563762759753	1.8016725596978203	1.7197805586538772	-0.05911138068598435	0.5727996070421592	0.013980301079318259	3.487937829658535e-13
-0.20836608260436737	-1.2904351411656296	-1.6327522711671918	0.5593513130797385	-0.18661293083021704	-0.025417489853134547	2.8894678817671206e-13
-0.10995641428759854	0.1575042993820406	-0.09948875917747621	0.4546361310874039	0.03682276448387451	-0.02909842726296843	4.4943600669381836e-13
-2.793716822335799	0.32459815864297153	-1.8368471147427878	-0.06742574018985233	0.776817766456842	0.07670006349812142	2.565152450678481e-13
-1.0192926529625186	0.5029432300533045	0.9189657708179653	-0.0036968413061605	0.42500943696064253	-0.00992287107565804	2.5005080039920803e-13
-0.5230920161673241	0.12661715176282878	-0.43588140022686334	1.5274605262319934	0.09187418276329828	-0.02595154786082513	2.659316880801769e-13
1.8520137299610444	-1.6139070782971976	-0.6041887704243554	-1.5691799677251577	-0.6727652817255496	0.07601832415225689	2.8020750281641316e-13
0.5351031735471299	-0.5694257435118579	-0.0812714352269349	0.933143940560257	-0.25032472163263825	-0.01807896451271007	1.940619866989104e-13
-1.69854922505143	0.6000117552098403	-1.004303916867193	0.5364408679612069	0.5021050566298246	0.019893769147314385	2.2993427895082484e-13
0.5787813553838405	-0.3100858364529699	0.2198793796488537	-2.0100753813562955	-0.09651454626853283	-0.020260891329862224	2.7721415997523724e-13
-1.7966850699909978	1.0045530049014562	-1.4490392181613776	0.9909040186665735	0.5314483294936287	0.03830886965315357	3.108620119609369e-13
3.9054162924308145	3.7653776902572273	-0.7882555300568701	-0.6623658234063555	-0.7525945988918153	0.009068261297209192	3.2634561887148045e-13
-1.082035070275874	-0.6812067649037383	-1.4154871194393681	0.9589883314165678	0.13457544921099282	-0.025206573014639556	2.0037102731447647e-13
-0.6443755727403375	-0.9015320320398286	-0.3205280970010171	-0.24978074627095348	0.09593479519925238	-0.029608561308402857	3.7765685084813077e-13
0.874108790376054	-1.8805065533890708	0.626657291142369	0.5569226429961438	-0.43065466343219555	0.025400141020452776	3.266236738777196e-13
-1.5497574136245824	0.7432142262013592	0.167999189329896	1.121593072129768	0.5194207441811362	0.016563255037138076	3.01791666901131e-13
0.9800827574101044	5.266381830353418	-0.664994133363095	1.14381085914234	0.21066753276766942	0.026151799428265867	2.2326143611748493e-13
-0.7159714269621954	0.22816110306500859	-1.4670803474253502	-0.8766738106777195	0.1973087364985035	-0.021885180344148908	3.7588064483994614e-13
1.6418683463889292	0.12770149510244175	1.5239931315073383	0.6074353339399464	-0.3905791120087804	0.006275410933109535	3.608328836838743e-13
-2.264634625836038	0.1996418179745383	1.0905743321909833	-0.20816464199527884	0.7838721084538782	0.03646097861431012	2.6364067139510045e-13
-3.5407936435917766	1.7327284112054278	-1.1549340191697062	-1.1802343212385134	1.2507419899269965	0.2203394531122428	2.051200595041512e-13
-0.8614041997391653	-0.3109169259513134	0.9752859249623036	0.5664070022212366	0.26868196757336554	-0.024700977577004377	3.612613274462078e-13
0.5955570931504472	-0.4846158764765025	-1.4341629762542238	-0.030980011015692775	-0.3005122269127601	-0.01871888638196269	2.927849230664931e-13
3.1343348774355517	2.1955286276210124	-0.2522226528796213	0.6607883990702496	-0.7158817300319772	0.016789019103519057	1.7817469515733863e-13
-0.8587780324968467	-0.3170577969863988	-0.9385338844742438	0.7407301433449415	0.14545897827395726	-0.02513337021665319	2.443581974807416e-13
0.800354461151817	2.333189548952514	-0.8025238776537114	0.3939839979053209	-0.036235980650629995	-0.025607386265091514	2.693881886507691e-13
0.760233605047742	-1.6612508171836196	0.2941549478877943	1.6044289053616916	-0.43731632678152715	0.01288646066930435	1.9910282458623596e-13
-2.0925388991674825	1.4305177312623514	-0.1682122033667576	-0.18097353556337348	0.793277306532812	0.07305289008581109	2.8737914565677333e-13
-0.6965881450792242	-0.23662706138449902	-0.8708374196537516	-1.2018497207978143	0.189822249077933	-0.026656782350434553	3.32611441308016e-13
-0.1333706871410413	-0.7163946235528995	2.1950181961414432	0.005296342476724179	0.10516250936934958	-0.02664569815554109	2.1404828793554212e-13
0.5030685314642308	-0.34688100576063247	0.27638092007515996	1.7578191052169145	-0.2295058494644547	-0.021438716518078518	2.8592663777086667e-13
-0.9408421189494861	-0.2944825989950286	0.7799620398435061	0.11011093724531185	0.3011449377005101	-0.02331416814598838	3.067708350845227e-13
1.9015130753488751	3.0630495594605494	0.7602121235160254	-0.8852221448845382	-0.13725248751595695	-0.02796958492956144	2.5397480687772424e-13
-3.1815635396729465	1.341835691942128	-0.9258810384336841	-1.113599552947982	1.1072194326294695	0.1594859404356119	1.4474597507410316e-13
-0.9047211541795608	0.13961016013820104	0.06615600107143745	1.3142125227853498	0.24572598737750556	-0.018871008486056235	2.628209600230812e-13
0.048445719374187624	-1.158591440006687	-1.5900474001604903	-0.4828512970743991	-0.2026877846281137	-0.02215736545271523	4.005217336582734e-13
-1.7032995400343618	-0.3872777289422502	-2.2251487715364204	0.07054293563282533	0.34023803466888497	-0.00487935906696435	2.3092684785246864e-13
0.04139267055340833	-0.14512165813875882	-0.3836716231351309	0.5529482041581381	-0.061787883709089456	-0.028982154063779735	3.731110851437628e-13
0.17453864217482493	-0.8988092646129684	-0.18062005003645903	-1.4496364543698272	-0.08776068745413723	-0.021761971615137828	2.0308539657230447e-13
-1.0181191076556353	-0.9282157976150403	-2.3247059091680273	-0.11046799405826749	0.07808908383261225	-0.0281804315987111	1.6869099136662172e-13
1.3894599621504418	1.8210648698400822	-0.8472378409571272	0.4657501730588009	-0.2718657001583643	-0.027484746009291013	3.344034565196195e-13
-0.34589662009230987	1.8783692472420905	-0.37023326942747103	-1.3998583077460167	0.35529466827106587	-0.0047445446354785845	1.8225594227051834e-13
0.5382347498487265	1.3790787486786777	-0.09182421389180336	-1.542204913516303	0.05977468328669945	-0.02845267542056653	1.4673939007104273e-13
0.37381543696962527	-0.9943961353617092	-1.0961836571471666	-0.9531227011696142	-0.2317905808313998	-0.016521928478641604	2.1634251601615546e-13
-0.24174861820105667	-0.8641905933192396	-0.20219888158120541	-1.2195349693459787	0.027859420466587275	-0.028028277842684367	1.1409598291019737e-13
-1.2214239438025827	-0.5766004769827107	0.21395875910733878	0.8080624858596007	0.2912805653813283	-0.0213803019593665	3.477475618742785e-13
0.06891346497995934	-0.5144144968822761	-0.09238784358609974	1.575472298494235	-0.1342700258317878	-0.026917946085138218	2.191866669038455e-13
0.8175608491309553	-0.49470479667773465	-0.3287111463446465	0.10641256696783334	-0.3061025618893748	-0.011783976924780061	4.2414789317947293e-13
-1.6477682366249518	2.688467428158794	0.15233444169573954	-0.1617029536172985	0.8184616320892827	0.09579369748421963	3.862085799566019e-13
1.1579108515609524	-1.0086446185337747	0.0532353196056431	-2.2733565100154918	-0.3395215358875966	0.013351972658828676	3.0787610859473727e-13
-0.4207024773407734	0.061696500513122005	-2.113527238749467	-0.01703161603943642	0.01730802086214668	-0.02797621963806732	3.220459535374891e-13
0.44536808612092826	-0.39940199308713614	-0.5354355804862734	-0.6346750712859519	-0.1685939935035394	-0.02241315625332414	2.1201551749093723e-13
2.328452549270123	0.8518409800093346	-0.2470045979774802	0.4813515881193119	-0.6152590773517029	0.0162716747543167	3.2511961874809695e-13
-1.7603412768476083	0.6287277658616429	0.5456867131957996	0.5843737194495771	0.6146739758319172	0.02341512727492247	9.430503462383564e-14
-0.7273264550667629	0.5498874377850388	-0.9544358251053003	1.41744290429048	0.17247115111157793	-0.01724020707299051	3.069918011440156e-13
-0.18999280756801312	0.3547666421307446	-0.7242611663668816	0.1807851014395771	0.0558099591354063	-0.028085382247294326	3.3214930861386066e-13
-1.1146263893388202	0.117951643510475	-0.14098223692728215	-1.7156429561726012	0.41796659693544524	-0.013921358475637332	1.972689967622733e-13
1.6557958431288078	-1.5488357285378975	0.8817305659206505	0.5221807509522377	-0.6059628130135724	0.0611557866594029	3.5145657689541934e-13
0.35329620537134904	2.7652293885959875	-0.4513580256055726	-0.22714967205003217	0.19088914181260502	-0.010080042461387719	2.1651307352323914e-13
-1.041362863872845	-0.36078339382199776	0.011140388691252199	1.1060688447140508	0.23689079843881905	-0.02234924459557623	2.5476611234920217e-13
-0.34795814276102305	-1.170206712804	-0.4644158976055481	0.5144255749101027	-0.06068391908476593	-0.027522314150389762	2.6599488696842605e-13
-1.6307927062771692	0.37872294402678564	0.23677848406734245	0.8847709595382193	0.5171605871122552	0.010222479555722152	2.981957335516408e-13
-0.8823535433665333	-0.47245230863860654	1.8021628769032345	0.1858591521591322	0.32242964987111	-0.025603154197347534	3.6243787288065326e-13
0.007449686882032205	-0.8021560811717845	2.194292341290256	-0.1142013195485384	0.05928572854260161	-0.02426442119355583	2.4622300212900194e-13
-1.2570972735877817	-1.3056424021144295	-0.08699501376282807	0.23916097291853716	0.2276201940526421	-0.027599135161497056	3.6479584786392153e-13
-0.5142137832127956	-0.6826356359631564	-0.23885460536395683	0.2819540206662435	0.06418502442616701	-0.02953532201360891	5.810978182716298e-13
-0.7838523550544569	0.010706275388050319	0.2902011378586595	-1.4224584465538181	0.32137019554379836	-0.022874582697434507	2.9432215942024365e-13
-2.2524111195757732	0.19904172104820397	0.8010157857444109	1.2724912463719138	0.7020115274718369	0.035882816262150084	1.3763236304601207e-13
0.13158030046067043	-0.6511601257977395	0.048850793179631695	-0.2456644850005062	-0.08421693588037248	-0.024927733608567752	3.5384655660037317e-13
2.4924344809009695	-0.24433022813177832	-1.4764220899498837	-0.3101526649076865	-0.8191844559927878	0.06254724339029856	1.2047042001994954e-13
1.4524568541046017	2.344983487228683	0.4834593026165514	-0.7872726587186705	-0.10273835127245592	-0.028331285864654863	2.6918842755429136e-13
-0.21322018716222227	-1.0032112409673213	-0.8023740730044625	-1.0079975342078067	-0.040182769668544005	-0.027240518968411627	3.458590358143345e-13
-0.30414039990635194	-2.2957547558959703	0.797917086912839	-0.7586063947973463	-0.0662957110626955	-0.012733153650006985	3.231102639921206e-13
-1.8945631407726475	0.1319579226784089	0.7989232927377287	-0.5175254421304822	0.6602188717382073	0.015318943097695584	4.537175462035018e-13
3.720416365999906	1.9500180943266543	-0.9921045622287018	0.23325947342154774	-0.9387125550101744	0.05815145724940281	2.434545904687234e-13
0.15420240829242923	-0.321077251020305	-0.4704590103948835	-1.595743985993924	-0.031060124289807523	-0.02733312421324459	4.519018306661157e-13
3.1886483840885695	1.29076210487793	1.911390212402744	0.3073292884738418	-0.6824760373502734	0.052445846371325634	2.583937601856777e-13
0.3567156594098111	2.4571623790789237	0.27229249372450803	1.0359378730533808	0.14747263036877445	-0.015402804694356812	2.4982236283357754e-13
1.8259651113646753	-1.480310133200555	0.07276860611814286	1.591888312994592	-0.7404932730748357	0.06909780408917303	3.6738090598329435e-13
0.5830793653340794	-1.0650659755229546	-1.5251641042544961	0.8608893572646401	-0.40086920854338337	-0.00957201232034124	2.323431886693172e-13
1.0820587058753945	0.37033433812533656	0.5435749027616801	0.7355173072561356	-0.26487479459056806	-0.017754019879984085	2.274610285629014e-13
-0.1099168413801297	-0.8444666482433563	-0.3899746378094767	0.31116010780095227	-0.08299917824265084	-0.026915740984971348	4.1901651867884437e-13
-0.7777549481153645	-0.7305711737192664	-0.5872533791532787	-0.8728432803983291	0.16362057858332227	-0.028741946708775383	2.2460545792988345e-13
1.1080978856236192	-1.2319278245582725	-1.625736886140656	-0.19583684706245802	-0.5345639034784807	0.015520474781945097	2.1943675135972303e-13
0.11661425507330335	-0.20467360589984684	0.5429481539142534	-1.2720546787667155	0.040011276845490315	-0.02781329492949103	3.256585309870034e-13
-3.060979622859344	0.04863396184803751	-1.5599024329269668	-0.2712147658511301	0.851679646178095	0.08398892026562828	3.225454803126998e-13
-1.8502969042209148	-0.21460398879658735	0.4658263158745157	1.9080719143912312	0.4890085458780397	0.0043576254800606114	3.399581621746363e-13
-0.5382833242899251	-0.5028411782591753	-1.1313298125580011	-1.069418492594611	0.09283654143575527	-0.029431957948129972	2.6697394285083425e-13
0.28922852222324313	-0.3613032048280238	-0.12171591313803386	-0.15920172185302858	-0.11327032237206078	-0.025184957635589818	1.623190503246567e-13
0.9697658740316644	1.6986339115883298	-0.8002496747594207	0.5531528717742016	-0.16184657518412202	-0.029204716174045665	2.2989815845097883e-13
1.0197490458677536	-1.4114709303492916	-0.9950283983356024	0.035158954796670513	-0.49943879908522826	0.01701382791102034	1.8345872705485806e-13
-2.733862628528706	0.5692026049616339	-0.7338402292965764	1.0085722815217446	0.8080081335772621	0.08241952772237546	2.470985938169215e-13
1.3330398582839234	1.8095370682360599	-0.2564172962993071	-1.4223185369608145	-0.14354168008103366	-0.027601863057797653	3.171703104400015e-13
-2.3823020183794563	0.8318161857188046	1.2850631117167506	0.0655232589308356	0.8905513456729687	0.0674683319432432	3.8181093778868265e-13
0.4388135130159948	-1.2443238830992753	-0.46191854940172594	-0.34185942212685805	-0.2645848239215789	-0.009935984026009257	3.622400992593841e-13
-0.29325909726665667	-0.2870787824217554	0.7577169366975284	-0.30488081844117815	0.12543111278756378	-0.029066076753159472	2.247197993460891e-13
0.42320246894080715	-0.38590406472854827	1.1332931681166927	-0.062153244280879164	-0.08412418997204511	-0.02196765979702373	2.7506690416531294e-13
-1.0082822839188434	0.5090078034621357	0.0038844913114912533	1.8429534786552701	0.29179077874558124	-0.010114222027966914	3.2831730671603355e-13
1.4130990968448567	-0.8327272618192566	2.0307497428338666	-0.34162199145782324	-0.3560116320764978	0.022674575168200563	3.0514160514593443e-13
0.25235792587485023	-2.2186862215113092	1.0980152019245817	-0.5348640471583695	-0.21209765197714867	0.005798914405520838	2.7303622616524814e-13
0.7730516786261906	-0.2568449082143332	-0.9697608002615828	0.42111179916562486	-0.31900080590094076	-0.017339885531803614	1.4829676243602172e-13
0.34184000507163853	0.8339712448061358	-0.7623670353301938	0.7568296268311228	-0.0757458671205525	-0.02929984094889991	1.3561506649201133e-13
0.4435501635836098	-0.7857409763926927	-0.260624265136407	1.5540379863776532	-0.2828134147395708	-0.01735232562292012	2.995024869204578e-13
-1.7035469571572008	-1.0740551056463723	-0.03202819216068397	1.8212166606855733	0.3241634955686347	-0.017378475223737522	4.1719576427646347e-13
0.9757314766821522	-0.5763559095774916	-0.2847754894398189	-1.6078780404758168	-0.28809610272194797	-0.004948212936497148	3.4314416363751326e-13
1.0618298433694005	-2.365279259921709	-0.28995445572608697	-0.24131556233402413	-0.5582324179762095	0.052425056254295714	1.883473408661804e-13
1.0772594917062484	-0.8997522242854573	1.4199839304718835	-0.037763839158571386	-0.3143181993209148	0.008028817783549308	1.9590150972042055e-13
-0.09057982398867302	1.7035326801468922	0.44519324771650487	-0.7757808709783938	0.28294685809748055	-0.01562700152846328	3.321175130554714e-13
0.7728902951603462	0.32060426338409365	-0.10916653915896195	-0.6907706230230732	-0.1598618657870115	-0.02380541039948339	2.4095830722007636e-13
-0.9737699030425967	1.7280778748888093	0.21904244376247067	-0.6672635387889793	0.5321730374554345	0.017293787180602583	2.6151022915590367e-13
0.22674941796104542	-1.145079150540073	-0.930350741658401	1.408989958764137	-0.2917644171273702	-0.01795704983392119	1.7796066146360644e-13
0.23921320087971917	-0.7823385709870248	0.752236429540797	1.673052924444039	-0.16659205333199573	-0.02132056610756309	3.2280800095433724e-13
-2.3234285415305327	1.0529809298424673	0.25692391166677375	-0.3296274154995556	0.8522897779871705	0.07313378414601437	9.731157067243411e-14
-1.6426694397313888	0.2020449273273198	-1.9674290222646462	0.4884309441729856	0.3854915716185002	0.006556805782283	2.075340896838079e-13
-0.4706309638302411	-0.15732518764120623	-1.978412843743114	0.3008733585839493	0.0033297067957202067	-0.028738405522171013	3.5494894028036917e-13
-0.41208806879617027	0.027345487128819186	-0.22057521316068376	-1.9910808787023488	0.20543143275714176	-0.02778102895953811	2.3627835067747403e-13
-1.5689045863656925	0.5104434718945593	0.5583844959183217	-0.2919719960086128	0.5807395062605376	0.010910336525208024	2.960104499633186e-13
0.13624829293521473	-0.8253322991598274	-0.45815356930362977	0.6656397090756548	-0.1720929387718666	-0.02350700391161315	3.309718812682762e-13
-0.06328661669798073	-0.8054388067035951	-0.22209622581241237	-1.1969841724230241	-0.02056871308914833	-0.02650576031381036	3.2579667989548345e-13
1.641003721943572	3.224046273793569	1.2342238051032957	-0.2603287932199886	-0.03995504243743524	-0.027648357905682975	3.558652241984226e-13
-0.2836473983552803	1.4395440030218691	0.08517656295856096	1.0593999597225925	0.2146861441235495	-0.014768514124527935	2.423080367322022e-13
1.1358305865512728	-0.8160946094405531	-1.6851192308824523	0.5066190208985729	-0.5310895714496898	0.005513369709978076	3.9481305198446905e-13
1.5809333728512356	-1.4845506787607539	0.7785703430391988	-1.4754406730477307	-0.5017362143517176	0.05359166718651048	2.3069454659458885e-13
-0.4896516513565811	0.3919948957200189	0.7812456640913448	1.5813067669833274	0.1815802959884304	-0.023849839715317987	3.3391875641377787e-13
-1.240322456862232	-0.5739156475503998	-1.3082510472763818	0.6530280195558019	0.21241831768745514	-0.021117831957474745	1.9511821443594207e-13
0.34779964586187956	-0.7038996059867462	0.6318704347630012	0.644090697951318	-0.1550794872695633	-0.02006904045314872	4.0666648271631154e-13
0.06670435599050384	0.9947305599307503	0.5619328846389016	-0.781586802098661	0.16582138536010232	-0.02640096203292175	1.2387687940788343e-13
-0.35487458087859114	-0.2925901886109952	0.009619403073876725	1.3931604305194558	0.02855369362870335	-0.029245960180843064	4.299289645427491e-13
0.24299965372239588	-1.5120845370444853	0.09915206396309416	1.2059328398217377	-0.2656562658567264	-0.010742758359470368	2.3666536487333763e-13
-2.0565714750209603	1.5972899224134485	-0.30758777628191075	1.060620411512183	0.7418268113465869	0.07773038466665351	1.948833645324178e-13
1.0676794792486022	-1.5039756970092215	2.1347480348649452	-0.35327267549947616	-0.3195009226387155	0.02548375996618206	1.4300177364283846e-13
0.614539287831165	0.7951215355400406	0.31997530871533303	1.799961871186	-0.1386035349622869	-0.028411381904250157	1.932677339163144e-13
-0.6435265559200711	-0.061792384903273774	0.3715067627226696	0.010049889974802259	0.21777064607627616	-0.02571929778151875	1.331570545150725e-13
-0.4610284031529333	-0.587589961319743	0.4341585209113289	-1.6894535188615698	0.17999259308680304	-0.02924275179083578	2.4033859257930064e-13
-0.05716565551723487	-0.07911444660116114	-1.116183315072313	0.5987030136665686	-0.07127225952903488	-0.029705079358245647	3.1151548999074977e-13
-2.3107867127992163	0.720837406954307	1.7285522499412684	-0.48782979872437826	0.9057270440585385	0.058017617296746544	2.2728899361059322e-13
1.5658909603610554	-1.1081604297329717	1.5474965047467686	-0.7543623349728579	-0.4414253637374348	0.03963410930258542	2.790874645657755e-13
-0.12264740315599391	-0.3601784218980061	0.19800535995367505	-1.7417684138677696	0.09251068380920964	-0.02891179297252509	2.7243445451777896e-13
-0.040980112231568604	-1.2861054535770138	-1.7698333421786125	-0.42465998697828433	-0.20322268241744243	-0.022567889364953783	3.807178614547583e-13
0.7498894562505484	-1.169490725888213	0.8166684714863727	0.09940203287818158	-0.289108957994416	0.0005506381098965307	2.1244780059644732e-13
-1.0501408969239352	0.8624386209075925	0.025829280129842154	-1.2443014235126795	0.47134211692026995	-0.0014927151604245468	2.5366026910073544e-13
-0.2106641546784302	-1.5810184028037955	1.230499107379376	-1.1967395914215717	0.026578924684612457	-0.02058868245181544	3.56117897253482e-13
-0.32951480424247365	0.07673427128366288	-0.2073584001367115	1.3790823918093293	0.04873195877324476	-0.02823259255638577	2.994521597095052e-13
0.2901523357297949	-1.6805491596998534	0.8479771611356606	-0.5129203331974703	-0.18193311923144936	-0.005254805387817486	4.0725112631149703e-13
-2.8252218901249555	0.8967675522276713	-1.487184491957072	-0.6039485937675367	0.8937969935872984	0.10508600506012804	3.931809910162357e-13
-0.28250594018206665	-0.3079890895768207	-1.5603634838424234	0.006487633842013811	-0.03166759077350268	-0.02992561235102754	1.8150919056688659e-13
-0.744359673977291	0.24347390539953168	-0.8841375775411713	-0.5012351122644166	0.22693686076023672	-0.021061513238487362	3.7380179304648027e-13
0.9755336628984703	0.4890472160416341	0.19027877406141344	-1.337449595211853	-0.1569208392002539	-0.021735257647132057	2.7977369976477177e-13
2.3921586598163502	2.7667480089613496	0.13089603081065102	0.20588080691109642	-0.39627993068915957	-0.020117812640269087	4.1113043955208807e-13
-0.9788788128166371	0.1473101269933861	0.08213740882525546	-0.07952465915841563	0.3268628953179677	-0.01700025260027947	3.9042456398620726e-13
-1.0732301341887143	0.012050493311952296	0.5026586958220916	-1.9343257725874774	0.4414937389938917	-0.01667330858031832	2.8903642619142024e-13
-0.2509014842570316	-0.2184049527022839	-1.2846384041071974	-0.8289524196555295	0.01950138344327282	-0.0297688185959307	2.6119742346626246e-13
-1.0458774694430393	0.5244571183524086	-0.5258125379632008	-1.0869503298503846	0.39330274989346486	-0.008630977905462963	3.271271942217351e-13
1.664092686152883	0.6339839620489492	0.8813433420164686	1.487307617042109	-0.4180028204564503	-0.0049820142979132235	2.5582701442239983e-13
-0.34884709654907314	0.3063037880936899	-0.3462263047021131	0.17701274785837331	0.12049815286316022	-0.02671266379665552	2.0510675252102933e-13
-4.069347459535077	1.1167923490672755	1.2434719672021493	0.4776777191494988	1.4174644764067212	0.23555020686683548	3.4179179080077676e-13
-0.6550630393380206	-0.14269382313430992	1.9218431737954134	-0.21020063762353322	0.31427103684852686	-0.02587077569750306	3.1416442857063167e-13
-1.2166349471412012	0.6304116877361735	0.1009451743978236	-0.06831563277834425	0.45180518121971946	-0.0004970951782414306	1.3342854773957723e-13
-2.4988233366578365	0.11504858732863794	1.0980164937632946	-0.12045601283071872	0.8419048745550868	0.047249997375660754	2.9337358274639026e-13
-0.6467935565216378	2.0805662488862446	-1.7900891474525384	0.2445608790225076	0.31538225031728256	0.012423345830121063	3.4038618571803036e-13
0.09710716579067519	-0.17820312086877363	-0.25519388851934066	1.153874521389786	-0.09879166121926825	-0.028490436801003494	3.0544077033359805e-13
1.2659389326358237	-1.2534521176023643	-0.48103161146190393	-0.5984678524633982	-0.4976024850259998	0.02536904072271418	1.4916901007695483e-13
1.0988586851896966	0.9808973764884366	-0.36682241654105047	1.9614293828443523	-0.3092430071272831	-0.02492380059580795	2.855698906108837e-13
-1.0838550199045933	-0.33259451671885437	-1.636260369358802	-0.4212172177422744	0.21668454933231904	-0.021354317400699412	2.9566304335462005e-13
0.29426743091469343	-0.7029690253282688	0.7236316489110362	0.6130360411288258	-0.1324684349962378	-0.0211387451975546	2.5643678745863105e-13
0.8352009445967733	2.486785607309351	-2.1553873588868138	0.1762018891913268	-0.10191528915727033	-0.025024527039866237	3.4809741701866986e-13
-1.114106534558355	-0.11056727451309112	0.3024147559501381	1.5163504870850664	0.28658157091992303	-0.01750125451537228	2.7413528278135985e-13
-1.401204216471131	0.6204673102136093	-0.4726405988900919	-0.5075638535305623	0.48973977307378863	0.0067140032912787525	2.781815097344619e-13
-2.110579176620678	1.0860470031600016	0.4887286565652872	0.2226068502543746	0.7828064815703007	0.05986632014420054	2.205364394720606e-13
-0.587874756610334	-0.009409978716731333	1.0262791624826915	-1.0715655361755057	0.29056317067141235	-0.02587756623920216	2.6461223501315676e-13
0.14334598656545028	-0.21599388156928015	0.05923912966076783	-0.6980875293436741	-0.021646510934737434	-0.02777456491519653	2.0859969447669477e-13
-0.45029107425241655	-0.5591885140184929	0.13671156205203638	0.5592490152553522	0.06975319772479936	-0.02936714340159594	1.0820434772834422e-13
-0.7368288354541759	-0.16808139379445933	2.1375211465730604	0.052670157621598886	0.3379269102644078	-0.02499899647969851	3.8832828496159075e-13
-1.2557188263357015	0.3066774015383135	-0.4191282188127213	-1.8179159517927332	0.4684677985143527	-0.0060494903465457385	2.278206765056452e-13
0.24904556989886395	-1.1711682798375869	0.2822422895158514	1.744926022119092	-0.24220914992206807	-0.016165607512728802	3.032298034999419e-13
-1.619392999962668	0.6887246825633213	-0.7065586658590565	1.1803144297861912	0.4795496927755596	0.01855803706385114	3.5378572289720203e-13
0.6355244640958981	-0.9190093019954882	1.2136847337293806	0.30620956087263185	-0.2137183221205687	-0.008475996834202417	3.2275298317790867e-13
1.8153509072938796	5.612920071388002	-0.10799775416008633	-0.4591977901476555	0.09747691302715988	-0.001564489399287333	2.0216201179313996e-13
-1.4338569184380061	-0.4845129759618828	0.6262816376726875	-0.767544603403376	0.45409950618999106	-0.015128281374127358	2.623193055668404e-13
-1.7855920413908997	0.8656958688033121	1.428974995166345	0.342459655433985	0.711447289910594	0.03195756813168897	4.760231925284607e-13
-0.9351365804161761	-0.3213355294369769	0.09278448818716138	-0.5142540946404723	0.2809928068254445	-0.023786854825321103	3.2823304985955307e-13
0.8644926260106773	-1.0231516970564916	1.3438752214025886	-1.1255284545778497	-0.22517176013525012	0.0021714312716481377	2.562997501233769e-13
1.6005990650001904	1.3014219668454818	-1.0172563322278927	-1.296613420824102	-0.3276880342808904	-0.01938566659823142	3.3616548715628893e-13
0.685396313904325	-1.3995916446602144	-1.7426799072569101	0.07653125652122508	-0.44718017076459105	0.0011088647543674127	2.4975695786078737e-13
-0.02017253331265521	-1.3854776792515735	1.1811018180780066	-0.46487775833670725	-0.041472717926616824	-0.018983600101777166	2.885810840579555e-13
-1.5765231797105972	0.1955708036199958	-0.139998404219453	1.1498510903270682	0.4471626058787883	0.003360064059329102	1.4507525263572083e-13
-0.6312679595842129	-0.23976449708088127	0.8838733510679848	-0.4754793143724302	0.24535123983824778	-0.027016712544694454	2.611731552250301e-13
-0.29661374426931175	1.4895514486662051	0.27605767407481036	-1.9973535394493283	0.36097044932119066	-0.013601865279446788	3.544429485284034e-13
1.3944234231846142	-1.0229401752474963	0.4224180276770173	-0.6476069739453483	-0.45450575908989	0.025905802051737446	2.673751349357646e-13
-2.1978501323202986	-0.5939165431879705	-0.1604956746998194	-0.5728419279550535	0.6156385567582816	0.00949059666137958	1.87968714390569e-13
0.9698782531163279	-0.6771423368755407	-0.06362703476447353	0.05862593176635858	-0.3522565475240541	-0.0028843513027413266	1.795460732277127e-13
0.9425449542350028	-0.7078775379127287	0.5943369789123842	1.2160010939824424	-0.35559921630522107	-0.002703944456098694	1.4985506073962145e-13
1.7875648870994152	-1.5651146311801145	0.371959028701425	0.9976086089094821	-0.6958803397799406	0.07036917755744432	3.710259808586861e-13
-0.7584673750162926	-0.2806163138903899	-0.6675301717782368	-1.3592110151174037	0.22205166447272623	-0.026172555564526172	3.2933911067830174e-13
0.3352512826098224	-1.2560105478841086	1.5947408777788359	0.3305571594330177	-0.1398052266597969	-0.011352970218469267	3.94854538509298e-13
2.231887789311364	-1.8826485687913297	0.4722405402209932	-0.5513112644425261	-0.7873082255999015	0.12118892062115447	2.7579042696270115e-13
-1.0455395636509042	-0.20911902536268764	-0.18921225117665857	1.3378441518603486	0.23322498707941688	-0.02044788630122828	3.8535385455610664e-13
-2.0285330440647145	0.5950324813455607	-0.935781581900254	-0.8542911875607971	0.6620981663234979	0.03727415143576682	2.432092768524339e-13
-2.698876372463817	0.46935091197811785	1.0606007375096078	-0.2620626860147786	0.9456771544329219	0.07449599381754468	2.541943855798004e-13
1.265449002115905	0.2548166439075891	-0.6455718288720225	-0.6202187003048164	-0.3466315001099964	-0.011802854584040045	2.4319717596367723e-13
-2.740167565265849	0.38276446837831185	-0.13438276410034067	-0.21306782740084693	0.874955415018093	0.07440466326852448	2.8145507956700626e-13
-0.5969317504727887	-0.10276378054541468	-0.4881589525414083	-1.854821328413447	0.22453111681047225	-0.026776269810074894	2.4720856191454024e-13
0.6067215452634968	-0.155072580595771	-0.4019769625123711	-1.2723796685129132	-0.15567447636237924	-0.02195682233019724	2.4299492611413784e-13
0.038502015124943195	-0.48792887504596927	-1.189115698615505	-0.7980715174133914	-0.0907161851389446	-0.027913224967288913	3.137552200531581e-13
1.211084428889133	0.9061332116973982	0.40457047175978345	-1.632059512585614	-0.15654259182685082	-0.021752009034432983	2.376982114076169e-13
-0.7857255625002539	-1.9782155578443799	-1.800178033495867	-0.16857212134652913	-0.07059696992636103	-0.02789699841328519	3.825111172160108e-13
1.3356361251560704	-0.9667171458057987	1.757759334306984	-0.766786021070611	-0.3465024362480253	0.022503877011262607	1.724619498543273e-13
-0.9362847839823832	0.8215417994248939	-2.1071710030550657	-0.22943421162829813	0.2633915538575335	-0.006219064630198744	3.9865447753624116e-13
-1.2065931176175035	-0.33951919266800085	-0.95404137977563	1.4759319347656072	0.2154795314726014	-0.01867904722808097	2.413967826887757e-13
-0.9123014275873732	0.43298222442085427	0.09170179200120364	-1.8336221508495665	0.4109464236002421	-0.014242441697480126	2.3690440503554124e-13
0.8538424624962769	-0.7046009451246726	0.47250292134499405	1.692612402331575	-0.35617246726758856	-0.006047509862613793	2.7771055231766354e-13
0.7817807487313798	-0.9719937241305465	1.6548706329858922	0.48275850218831345	-0.24295296486490203	-0.0019581812729912045	2.0566371476645256e-13
-0.03525291058482172	-1.2545747307619564	0.13850275336982304	-1.4479796032092354	-0.04514451699683503	-0.021595852399220117	2.904603772441566e-13
0.49774291355800165	-2.151466380790337	1.2145071643212118	-0.6155711525550042	-0.26625742422178555	0.015174645202835887	6.166087168838691e-13
-1.7801588073157215	0.06211567903853773	0.05130462694183396	-2.34701334851644	0.6484784705166198	0.008430056676424972	1.2634479824963644e-13
2.57227870747046	0.14293775069077452	0.6089999040168095	1.517501808353152	-0.7517758564603976	0.054969044042891935	3.004359158917497e-13
2.6590430014454154	0.6372627546748865	0.6675932240394835	-0.5039443024923745	-0.6386543295307281	0.042140413017755285	1.6408337298369121e-13
0.44650343298991335	-1.2057826180829956	-2.0224874078193724	-0.20965119740267704	-0.3617091589532781	-0.01162238893300917	1.824791840795207e-13
1.052645522341729	-2.702480505992828	-0.5461946814734296	-0.19309137397714918	-0.6081509721930376	0.06497496192380285	2.625614853549208e-13
-1.9599327164086915	1.0618934223420953	-0.20444157539810742	-1.8722090487872112	0.7791139042261487	0.049579232606369844	3.9974722233877e-13
-0.8845235930180637	-0.1917918688866499	-0.6028561402434622	0.05859542481648384	0.2149131080230342	-0.023406314439823866	2.723348181501512e-13
-1.4757084034655146	-0.6014421402920496	0.6046717102715455	0.2046139064853361	0.41254585882115663	-0.015882359720938297	4.2804222970998245e-13
0.7196957996191644	-0.669052581001569	-0.024751289926467104	-0.1070129229317619	-0.26902265316308793	-0.011401624046718815	2.538167529938351e-13
-1.6239608091217888	-0.02213721410571824	0.04607685280479977	-0.630999458109984	0.5215562790528859	4.2663462271024656e-05	1.4177055675784467e-13
0.8770780969117394	-0.48541268723464936	0.3099396335812474	-2.1157885364475786	-0.19303211369303608	-0.00955548185981145	3.3137636607562756e-13
1.3310385626752952	-1.2725253740696323	-1.6602410795675213	0.42018938955910057	-0.6310863490617433	0.02817876792039635	2.7341303980441197e-13
0.4182490436212915	-1.123792471412863	-0.7415804801818162	-1.1857036595797605	-0.22783141837900267	-0.012918697916171921	3.1883668287220567e-13
1.0428811136181084	1.008131205905495	1.6790339316199903	-0.1515047069010645	-0.08047908795482307	-0.02476304039838184	6.652377899645658e-13
-1.1539801327251384	0.5774295822554822	-0.9513169122398799	-0.8480649142406553	0.39621147170800375	-0.0038565588311167314	1.0536361022866587e-13
0.9246544393153432	3.6875612781942224	-0.8156233480026509	1.2433497113051448	0.03945594015554627	-0.010499056910723153	2.530659455127245e-13
1.1824110327844668	-1.1947572121192194	-0.16938980946751991	-0.5660713840699075	-0.4497503117705756	0.01958448669285847	2.869348165881188e-13
0.24224895505700314	-1.6354339848154487	-1.0456352447434956	-0.2849273143529429	-0.2859906014390949	-0.00930980866314254	2.1200455090721224e-13
-0.9451763120578384	-1.552283759526202	-0.5340810893788798	1.1824295029291292	0.042879748170434835	-0.029840441085319153	1.7213839131264944e-13
-0.11937728106841805	0.8434477908488853	0.7689890956743143	-0.9649110616888484	0.22454866866145157	-0.025217661523805345	2.814249615430153e-13
-1.3408252865079786	3.126739889007676	-0.2427258706733598	-0.2853053681094801	0.7561982679266429	0.09262221660569397	4.638735071559173e-13
-1.5782200344105286	0.1369839692851856	1.2656842264872696	-0.8157949222493055	0.6060272118340122	0.0018106612998462248	2.919790545306412e-13
2.0080827119773548	-1.3780087578079212	0.826867527704817	-0.8098115511825026	-0.6386102283628331	0.0790853403276847	3.3138299024665727e-13
0.7784681888279937	4.62750446372835	0.007627851005406563	-0.968501988886021	0.32724861436706176	0.016914914186226964	3.2738583497991434e-13
-0.09492851897957838	-0.7222908108369501	-1.081977023732367	1.3389098714391816	-0.15792043785028007	-0.0278915581216035	3.3478201788557765e-13
0.9220850975294358	-1.0305373787134935	0.2731896361173801	0.5663497074501728	-0.37643546207306033	0.0036582690333389466	3.0676158869174735e-13
-1.8069245030788201	0.1800316931745737	-1.9381457661885622	-0.4154919103816681	0.4712262509294708	0.013234134574991795	1.6316867092065816e-13
-1.4103784985752517	-2.8696543555462015	0.9348463600345288	-1.0822093127638301	0.21901548534252183	-0.02768035571836503	2.837183212374058e-13
0.45263979736012894	-1.6918170296688946	-1.8358383199543031	-0.3191411703996543	-0.3995064744172934	-0.0013211383321342527	1.782642219158294e-13
-0.2946065862589533	-0.6083981664078748	-1.2803442386737065	-0.2608516269219796	-0.03286015699969966	-0.02970256485751682	3.6362652312196023e-13
2.6648717174764096	-2.518635283450977	0.2990441255229701	0.054098850217642824	-1.011907225969457	0.20095579987106135	2.9013520435478677e-13
-1.9616410804036717	1.098353423651455	0.22699662172625962	1.4969112015635238	0.6712148049238837	0.05093129202989098	3.481812379529955e-13
1.2714973631610307	-0.5720776946560521	0.24705800153098173	1.6187720246867154	-0.4746586274614424	0.006897150324752073	3.8547502418437174e-13
-0.6824078076494149	-0.7704833713149012	-0.7880001959703534	-1.3050712389539856	0.13673531939791544	-0.02944715238159336	3.186003513866812e-13
0.9247513015600314	-0.476472556258218	-1.1784596754227539	0.7756898666221478	-0.4139822018706066	-0.009461223905094115	4.022592857287573e-13
0.7485114406407659	0.059992460052255	-0.8720511461928686	1.2579950491854341	-0.3063766246090844	-0.021997865031160354	3.2580358690499333e-13
-1.0818561755460758	0.014883691989923849	-1.1888005169890343	-0.5552484043013707	0.2864867426436642	-0.016480460983169014	2.8641210831568526e-13
-0.2582266680338074	-1.0455412104380875	1.198831075882279	0.10616684404600324	0.042702513905673464	-0.026460252543745604	2.903451594056093e-13
-0.9791754967019461	3.282177286437926	0.6754033271376786	0.4768153628429102	0.6877337853198964	0.0723984109038721	1.0924837968363269e-13
0.18056440100916205	-1.2616560473407563	0.8006120842873303	1.1646862436904366	-0.1768858182110072	-0.016179858714594885	1.9971690591614088e-13
0.3095258449608528	-0.31513931336851936	-0.9917340729767892	-1.3885348096824424	-0.11595166116979659	-0.02573707104484127	1.7029524588645482e-13
0.6837940663090366	-0.5435935279369747	-0.9796817183316866	-0.39334879431188596	-0.2905964530106349	-0.015255332658146551	3.568457137980074e-13
0.7166219941703735	-1.4627421241058856	1.9187431427692478	-0.2810210932479663	-0.22877534489730958	0.007297175052286906	1.4972297858205384e-13
0.1702780391323987	-0.7200698860715277	-0.6817547384124973	1.4884803540513534	-0.21799204809058165	-0.02413063586691969	3.493016019516861e-13
2.2743680486365934	3.411527030689984	1.4320701422783195	0.5115523068767241	-0.22685032396692217	-0.026576509837718858	3.1921583884889343e-13
0.24618753495237805	2.659985175642646	-0.08771483024007477	-2.054752618470294	0.30812106736417916	-0.00874950971891941	2.6080089002814023e-13
1.0540450021928518	3.5888789353713673	1.005708350151197	-0.5214626399997353	0.17147132353709812	-0.015678963783387907	2.437974827460687e-13
0.884872726738603	-1.55068693894288	-0.5738939672670083	0.9121456030578974	-0.4855931598960014	0.014856367771656715	2.357677561314815e-13
1.5425291492590985	-1.0737394675757623	-1.5568977014221062	-0.6831145338538598	-0.6201522799621322	0.03358361138851603	2.2407409238544437e-13
-0.8298309951662195	-0.8200605043022633	0.5662353267482086	-0.4972408523121098	0.22301081084330227	-0.0284477493417831	2.4111773817461824e-13
0.025358150152122422	-0.1477926169380465	-0.7638860569536254	1.2696251435314516	-0.10954082399502411	-0.029227525960857086	2.3642175560617083e-13
-1.6226464593020788	-0.40949642479002524	0.002509538217928841	-1.5100796320801633	0.5119004484094395	-0.008236743726186439	2.056773534144072e-13
1.182325479068422	-1.0020863671044777	0.058399955971000214	-1.122490741972024	-0.3928863694702681	0.014276975855032091	2.9173727996082334e-13
0.6895400168535165	-0.5587837711444772	0.9465288538305133	-0.2363666528728066	-0.1848890339132881	-0.01344785604481203	2.783218659258886e-13
1.4920515053224048	-2.3553647111670144	-0.9999855559533747	0.8580664730470484	-0.7693624454812573	0.08133069892486067	2.7279276107917686e-13
0.8499530209604194	3.69548134812039	1.4092173472824163	0.33473840799191373	0.2331566456125117	-0.008126026522404387	2.305996606704831e-13
-0.9706151826275651	-0.70361422099011	0.05750919902446644	-0.8260669040709876	0.260507722462775	-0.026623185999381627	1.729727472365994e-13
2.8749517569920906	4.184582347315115	0.3328178023153461	-1.426098642875072	-0.30704646357880305	-0.025509966451956134	3.921307722976053e-13
0.5822720384321193	-0.7133959855815781	0.051239093855496076	2.289567942451698	-0.3272995624743277	-0.0146313331791601	3.3181790648484366e-13
-0.7055393067868814	-0.6892148086817469	-0.21170807555947013	2.171221042258506	0.044220722263158624	-0.028949076602442243	3.5319927301760025e-13
-1.5319641887693793	-0.3747969289087227	-1.480832519779895	-0.8423911371844557	0.37239238405398706	-0.010384734175651961	4.100471599083512e-13
2.596683631170877	2.0777374294285655	-0.15478295885224466	1.4774986923145932	-0.5990987924915164	-0.002963284853040151	3.1190921793161705e-13
0.9194743972220301	-0.3479943876267346	-0.7468725988788548	-1.128297657436773	-0.29470567592183744	-0.011596328150184193	2.653051892692375e-13
-0.29678973930137115	1.8431527519163469	-0.10395325082769791	-2.185239209672229	0.3849010537242764	-0.007142084366564412	5.01172379410335e-13
2.6667151751740024	1.0247550699949863	-0.7295923649775861	-0.3413126218819435	-0.6906547521065911	0.027877251455797017	3.256839819579063e-13
0.8513830271958388	-1.5439417247164708	0.3579954668777087	-1.4356237470175037	-0.322846668695975	0.01409102971832736	3.526622964626057e-13
-0.2582724282867289	-0.8431183420874696	-0.47393742773969205	1.9940014549880534	-0.113204709312657	-0.028454755011097843	4.0216691663778606e-13
-0.4026480318248298	-0.9416442537898333	-0.3176157323909068	1.3182715542826866	-0.04409432142759489	-0.0289816899370746	2.782389631816248e-13
0.5852288838771558	-0.4783557035618693	0.013714220006105195	2.3091474993140904	-0.3061051343405145	-0.018130725148032788	2.7640295918540606e-13
-1.0159781466524773	0.49221265671333664	0.0525817972139818	0.943098393121901	0.332099592641174	-0.010194379738402206	3.1434665776631143e-13
-0.02077598192482217	-0.14706851273137841	0.8350322527255326	-1.207781151420801	0.10167741251245084	-0.02870527054670285	4.713322564293455e-13
-0.6861304561673376	4.5726382370470295	-0.5790833559340309	1.4787569628569732	0.6281022651699284	0.10969210678052886	2.912511265950133e-13
0.913034003597927	-0.6964393633392786	1.5077333321884532	0.9452376699781044	-0.279876072148884	-0.0032457812527914394	3.8868557574722445e-13
-1.8438727284654512	1.0035148600223631	0.32744369615202595	0.6522536195456857	0.6657580985651821	0.04031959480532587	2.6806561267322707e-13
1.5296804423357424	-1.1843007830527248	1.7901557203165048	-0.4590103839083976	-0.4364751228627638	0.040427086628395274	4.4987997360834075e-13
-0.2748623523419163	0.336844158990444	0.10698489423841584	1.9920378904601552	0.05448120139593259	-0.027214637855543358	3.528025681625266e-13
-0.8045714185207299	-0.8947817381262831	-1.6532620484149367	-0.2531118205214544	0.06443180299772572	-0.02953095151590147	3.0959608211529254e-13
-1.1148888157154913	-0.3104071377159032	-0.7062435322110638	1.6536351103620324	0.19887260790371758	-0.020328082675804132	3.199070813914902e-13
-0.7472777230239076	-0.5514468237939754	0.6678658456153223	1.0228091324201314	0.17141308957548632	-0.027797526964041766	1.873476684578064e-13
1.1185321066320144	-1.696970878959753	0.5927764856552611	1.6297353831781758	-0.5284860166720556	0.032746531639811394	3.152187994136619e-13
-3.4421207544170564	0.9268298861366152	0.12649584817600132	-1.573846146137399	1.221313128909959	0.15970082891671097	2.7143748086011123e-13
3.4947788234410644	2.627654376310749	0.3685530195239546	-0.30260678049386847	-0.6984809108121701	0.02267215766569169	1.1962917117361344e-13
-0.05405531975085357	-0.9893626831698	0.7348245656236239	0.15378581708359307	-0.04117818341728941	-0.024376136812004567	2.630270433688965e-13
-1.9475350380185903	-0.1554425541117879	-0.5746293010816148	-0.6846182548802904	0.5688994423632309	0.010167324867093095	1.430852745330363e-13
0.07834132606582708	2.87994943570873	-0.7898068940275131	1.2340206332647023	0.2055976913624482	0.0019345702141258497	1.904560210725946e-13
1.7829885124202791	-1.2279289084896516	-0.6436587435424166	-0.503042858623408	-0.6586741709733188	0.05507851739053002	4.5118484334889225e-13
0.7837418704930428	3.75344116549047	0.852936865204343	-1.6430642043230512	0.307240720853962	-0.004798822459562857	1.4242313998325396e-13
-1.6713387505403785	0.18977561919323402	0.6544404711307178	-0.9484713090211615	0.6086517752225613	0.006968764441755387	2.625533036638618e-13
0.9012816164637708	-1.3641977385928876	1.1023897020635687	-0.9138185942930154	-0.2951869338143016	0.01216944428324746	1.4076564196317777e-13
0.16256986012970387	-0.6270462932049502	0.706852740075092	-0.9276894384554729	-0.023320049686798953	-0.02427575824419573	2.961220009480884e-13
-0.30416696097065693	1.8655893722712211	-1.0226170568495159	0.9458768854232213	0.20604389725942213	-0.006371944647255255	4.0716391409981384e-13
0.03134371589848408	-0.5798298754732375	-1.1479740610006133	0.15377744901135454	-0.13511823375778648	-0.027433245371224088	2.282799933335472e-13
-1.3238500314489605	0.3680230006326471	-2.093173337975726	0.37727849022300836	0.3053049547704051	-0.002140482531984099	1.5336178672708745e-13
0.9618938749992884	-1.230888582377149	-1.5264803864898613	-0.6649466552961313	-0.4666212313806097	0.008813946867349723	1.5691141813027766e-13
1.13691841394758	-0.8443524085159975	-1.6548604310036075	0.17425741828934657	-0.5189386616995713	0.006316660012285794	2.394786377263296e-13
2.6977607072043868	3.125175624321305	0.19693879302466907	0.22363598500791554	-0.44448058290302184	-0.017978069963766385	2.797107554881349e-13
-0.015721854983806655	-0.9758750605121947	1.1465475970947079	0.2598667621094792	-0.030697820371005637	-0.02364684172943261	4.3045132126891244e-13
1.8579599855183364	-1.2847519554592663	0.2205537704579248	-1.7679150555365495	-0.5825342607764178	0.06356891404152397	2.6259936626963295e-13
0.1275728118528958	0.15492578734824317	-0.3027255687959494	-1.5853111474464683	0.037809323458142925	-0.029205426417100694	2.294934290420712e-13
-1.5842280292751794	0.43412301694357175	1.6514225911234635	-0.4425359550786964	0.6484816942181031	0.009348928070881361	3.1296109333122925e-13
1.3213033789029853	0.9860253280531045	-1.5387685229759975	0.5773153329260926	-0.3875669163594485	-0.0217789843289412	5.06463540967431e-13
1.581062291675801	-2.5290194668602655	-0.05734086299479543	2.2617488350165407	-0.8141396115343197	0.09762527912746777	2.660312837866451e-13
-0.14612938587533772	2.3789893180249497	0.9034826280715113	0.12974766161908213	0.36419022209144936	-0.0012136971548743919	4.156960745995215e-13
-0.8826591440793207	-0.6221335049699984	-0.9536744933883677	0.08534642220341399	0.14527857134466565	-0.027287005391828947	2.187299717903203e-13
0.21639860404187083	-0.7734992591656796	-1.0972872391165978	0.06504495939808932	-0.20375958552904147	-0.02297305608015476	2.438227700859893e-13
1.818964935870599	3.1261861721726705	-0.32448578983180554	0.43819992603521607	-0.22532507114752354	-0.028695159291331058	3.1850503540556797e-13
-1.332604556658535	0.24810645573111828	-1.617431168597021	-0.4690470375231819	0.3579098228902343	-0.0045001216595643555	2.606718592487158e-13
0.8878598321644207	-1.3911946218858953	-0.8392339221547549	-0.9973140319211555	-0.4071259880945466	0.010416707703559229	2.1491728222609024e-13
2.4422229766618804	-1.6479101151479179	-0.8284268363139874	-0.7024709202296817	-0.8953897803369888	0.12552174437401736	2.0004797641364216e-13
0.18030778863169275	-0.23795659044209916	0.7077372292937357	0.6315404681755868	-0.05065066267286668	-0.027005835185845775	3.447714413383338e-13
-1.1524080147022069	0.3859524456347097	0.43633123223030035	-0.38145720093028057	0.43854085160680323	-0.007936028063510788	2.507493615715468e-13
-1.8018922453857655	1.0008546921563632	-1.5095684573570936	-0.9155323157267656	0.6072461029198064	0.03846811327018523	3.822674352027876e-13
0.11045184817182982	-0.5319247256392013	-0.18726641606111938	1.0185601480736302	-0.13122229709048336	-0.026336448368602234	1.0477286869560993e-13
1.0144969851038868	-1.139132672507464	-0.9663216191405588	0.5963183379992513	-0.49045537366736935	0.009224526012045367	2.269738136015683e-13
0.34263153420618836	-0.6928887934176077	-0.3235377376510614	0.3750256382171338	-0.19859497089434516	-0.020926610579097588	3.015422820988584e-13
-0.03468678678869433	-0.1070078475321106	-0.07101541665820965	-1.3053210796759889	0.05984490334614358	-0.02919256653670258	3.7726882873327264e-13
-1.0280564643743628	-0.2323099108406967	0.7461228640455675	-0.4955719734613859	0.3567533200860914	-0.021000441259983064	2.611176291831405e-13
0.1074599774724673	3.025692705261177	1.5549965319046049	0.7664604445916824	0.3725343319371703	0.003907160367082669	2.2437114854871946e-13
0.5816963384257048	-1.2165164039148153	-1.649327044445946	-0.4260336540165176	-0.37118713125904523	-0.006689853701010159	2.14693083411475e-13
0.9711165324347414	-0.7279143985785728	-0.25179462010390363	-0.7743061860264886	-0.33509425850414787	-0.0018560781848421548	4.3844373273902697e-13
-2.104031805300444	0.507270911202814	-0.4988499846270316	-0.7864784344445064	0.6984246372529103	0.038420692357152196	2.63482093934827e-13
1.302135727497955	-1.8252035698055742	-0.577204268277446	-0.6152129927902706	-0.5732337191573759	0.04699477943807451	2.9901634113283677e-13
0.4424032076794718	-0.768584433486016	-0.13566284247137664	-0.44051939192276596	-0.19126392602147355	-0.01748942410374359	3.141007832272106e-13
1.477948519946244	-1.0430260462981362	0.8065197501999481	0.7689435612992549	-0.5160274121668451	0.03145570555077713	2.1691483185540517e-13
-0.3691633932676955	2.893477775388607	1.1287180037044455	0.8567847548698144	0.47176568907301314	0.02174133496329156	2.0642141188485927e-13
-2.349580302452437	-0.39057248539150424	-0.23494227546286317	-1.2379751456835628	0.7066614378371994	0.02243414993363929	2.3306019804301157e-13
-0.3555455776238341	-0.287917884962127	-0.8707911537612372	1.0489698277713286	-0.009349386715491499	-0.02952462778411774	1.6997390415600676e-13
0.4692711856695011	-0.5207550118813111	0.9812017458901247	-0.2904387408644284	-0.11186221671832829	-0.01950774151114698	2.1194189667295986e-13
2.7583797479970436	0.11727588719210608	-0.7633743894534043	0.8897934192272428	-0.8648791086688369	0.06698316202386664	1.6749434386096338e-13
0.7622626116811541	-0.5859968630589136	-1.2024106055350452	0.8689926487410188	-0.38330925904576396	-0.012516522563269841	1.9847646314372575e-13
0.6392553568539403	1.6543862295661362	0.4678774934656532	-1.9367020559238854	0.10945572470191682	-0.02784764689204252	3.4195206205184305e-13
-1.7094768146476615	-0.2064528728768566	1.0728006753744126	-1.1301984409633954	0.6087651664013153	-0.0010450279900198146	3.9084037354429e-13
1.236577334979182	-1.08165030123214	-1.278170218340663	0.7955140000698626	-0.5759886784486878	0.01776371861499093	1.9857622806225983e-13
-1.5746686632712472	-0.1593028448939188	0.5297478079417979	0.8765990430869675	0.4587119235447478	-0.004803365889731597	3.101014604287958e-13
1.5176035844531857	-1.5476750354424516	-0.08253615015070366	1.3773624799503912	-0.6587766481636715	0.050727232155162304	4.441217212193727e-13
-0.33989684566893325	0.08943339757045042	-0.9150758894588146	-0.8733911847823236	0.10327783552727254	-0.028256507203443477	2.6878590291381057e-13
2.5299497763067325	0.24397013515038907	-0.07532675443588387	-1.8655957989192216	-0.6310826516414298	0.0477416613636431	2.3664177452407257e-13
0.7583899973423385	-0.4510237102216877	2.142239244902224	-0.11546798184073584	-0.12687128882318793	-0.012411560012731545	3.2501089155106793e-13
-0.7151353188555212	-0.892458273355801	0.41619198316984324	-0.24317836980720617	0.16173502881656937	-0.029221463783393055	1.8345632959823195e-13
-1.01927548291385	-0.4085887887471699	0.47503623468065176	1.2391297547251947	0.24740452787229517	-0.02321131844956583	3.241632811436387e-13
-0.7189209684960266	-0.39656798826291034	-0.8098979513626077	-1.3431839620556603	0.1884789599819053	-0.02750739991155715	3.6911282668393454e-13
0.14450789385041532	-0.908779120605638	-0.38399116249928067	0.5072951088360362	-0.17252908082720195	-0.022409024473915688	2.2051544136484752e-13
-0.5838558324799866	-1.2057765693499864	1.1208470123450343	-0.9071682220664627	0.15846231916247258	-0.028502024607360576	3.112541253251393e-13
-0.7578240240892347	0.2547621435846603	1.7754014403453238	-0.014139684098698284	0.3714435489107982	-0.020370298351437284	2.639083725369644e-13
-0.7725417074935795	-0.9411008989183363	-0.8251911466661385	-1.1364007431593237	0.13577354210967194	-0.029544181658022094	2.592889782074729e-13
-0.5541718903296053	-1.2077974905872901	-1.057117198662083	-0.21948253404596027	-0.009248387539488055	-0.0293049441527596	2.780178875044376e-13
-2.4192073676940433	1.5955726187186756	-0.8187074594464339	0.29875466883601914	0.8523318337805712	0.1056876874641111	2.708975521201969e-13
0.311777384936487	-0.7021533314634407	-0.26302184820614394	2.020022193122079	-0.25442653606764043	-0.021453744109885365	3.261209044659884e-13
-0.3890045053961928	1.8978028380211547	1.824423584876601	0.3094113753390402	0.4315506674980716	-0.0030026085746435493	2.830136346114205e-13
0.03135619295828066	3.0511899680404677	1.0438602132043246	1.3284128079580395	0.34451632045214453	0.007741266644159716	3.278870138930289e-13
-2.16977834235222	0.8092495514719081	0.6002682094635127	1.5780733450993547	0.7207165765845416	0.052946173995132934	3.685263795076714e-13
-0.19532577139055185	4.376959634894307	-1.2886833490425356	-1.1477897025063912	0.5226619694677073	0.06463328308206041	2.427285892253529e-13
-1.7328786744973153	0.613647332580592	-0.33652538855046854	-1.8770176226897368	0.6529858599327151	0.02178845012931785	2.4243671774700347e-13
-0.03192584721341113	1.6979682261310243	-1.7875292397128417	0.037470556150140166	0.09776288871183546	-0.017281206388622877	2.2708821938385393e-13
1.4882699839971691	-2.3531595324135335	0.6062566658379598	-1.2809574088514726	-0.583838583489521	0.08324688189386575	1.929702889096645e-13
-0.6882141856441529	0.19315535358012617	1.7719972200264182	-0.1571416956266536	0.34964082367694593	-0.022396786915243484	3.09586890204538e-13
0.055119866437046854	-0.37063958206008235	2.0729981202443413	-0.1340427336572255	0.08522115523323227	-0.026797935193863826	2.7337329491949057e-13
0.25207529955442876	-0.6704180131477376	-0.9834752515909782	-0.5390637917523087	-0.17157526480916385	-0.02334028283413028	1.2929872912022408e-13
0.35871397645091213	0.2022738108363676	-0.4000545459281394	0.9669317490402117	-0.135984812618133	-0.028210886714624767	3.1112545425167206e-13
-0.40587065261566263	-0.5227537069551726	0.6871232455300779	1.3288639122912604	0.06192800132691749	-0.029183146748851453	2.983841475030737e-13
-1.8572515399142455	-0.03622013783441859	-0.5515246578538513	0.3319360380841463	0.5146625538347862	0.009356822735111152	4.1787522067082147e-13
1.8382129080952672	-0.6164590832879778	-1.6880430626931342	-0.22747924160079447	-0.6845782315432595	0.03484075368565698	2.969135816886703e-13
1.760647072575527	-1.5583524692052924	0.2438501137391929	-0.4050419566145406	-0.6374876839868147	0.06807389220147216	1.505993702871036e-13
-2.0129304169600153	1.0388058701267104	-0.417078458900284	-0.23035058210896683	0.7124122871928349	0.052158788154029016	3.43154507810819e-13
-1.3666605911969807	0.3615295050779021	1.0651194089589138	-0.6912445185902695	0.5503332086388014	-0.0010616643356552364	2.2457339072207085e-13
-0.48664853647279593	-0.17908689199662045	-1.3195367010539072	0.98284990599127	0.017181803490914454	-0.028550669138294793	4.4540199166353504e-13
-1.4442542990432732	0.03148438585635262	-0.8324961603317395	-1.5312530407489795	0.4580253047526466	-0.005240075479920609	1.7464620959777374e-13
1.4285495563112547	1.098784104964475	1.88729364525289	0.5465417960188778	-0.20041616548605865	-0.018705136930049118	2.2279718079774888e-13
-1.1532786076958699	-0.07601300601446696	0.7281333638763992	-0.5205565626726085	0.411173317768582	-0.015990025506577906	1.645746470224084e-13
1.9171780424585234	-2.125353699034637	0.9877198904228928	-1.048283162996147	-0.6705168430523276	0.10729797471435344	2.8195807856434296e-13
1.7630422589036265	-0.03687957827781216	1.7274648249999187	0.5253096960315465	-0.4277498527650882	0.016327894333663603	4.502398270877864e-13
-0.19845671133523907	-0.9223137410283008	0.2556637763290062	-1.901127324932681	0.06424110829167097	-0.027032829265123667	1.1158068451824383e-13
0.7815062091060462	-1.343716532492535	-1.118049716040642	-0.38395138463143785	-0.4129695139404008	0.004270848712613198	5.312606244070698e-13
1.2659599480102306	-0.6839719271223731	0.801508208176653	0.7198739125230748	-0.4147311311785789	0.010113957391942006	2.1251848834323642e-13
-0.5518467525264128	0.44312200524386947	-1.7981154333931362	0.5906877047185046	0.0918870678887694	-0.022577148523197366	3.279482817733663e-13
-0.9264416913491538	0.5075844210965451	-0.537086192920745	1.94028516641546	0.23079344527798026	-0.012573226911218417	2.623314886706974e-13
0.2601919976649063	0.15591395181356826	-1.1800531456898384	0.054367547348716	-0.12116112981669393	-0.02904319984553596	3.6417252216995733e-13
1.4417177930396732	0.14986717031773833	-2.063280469123922	-0.2103917406010931	-0.5112341459976634	-0.005139255396740406	3.86441422548173e-13
0.34364699220032696	0.15395506180945634	-0.5386342233838409	0.6091940508935231	-0.13036532955178992	-0.028171982387592935	2.5982127998205483e-13
-2.2693689898250002	0.2912564732008629	-1.5970031609824953	0.06011444063089825	0.6237037287378777	0.040941598612666746	2.9240255455307634e-13
0.9733814468888214	3.65758511222147	-0.5492375749239995	1.7647664449240272	0.01614234912556757	-0.012456400380150183	2.613912474516657e-13
-0.13092864412030725	-0.053907880660709805	1.368244906660966	-0.6593546766542594	0.15377003991459295	-0.028797081191992747	3.4378350433954573e-13
-0.335379211689375	-0.42954319428763327	-0.20967011053276888	2.2334274385076096	-0.0396990576477648	-0.029506076661102262	2.0472712434829185e-13
2.1805593938083545	-1.2228882366346852	1.355644349949328	0.07726847087963316	-0.6769684808954105	0.08585112483115172	4.071428116854579e-13
-1.802757372881148	0.5484447844770332	-1.6849084041053999	0.075322730406206	0.505916853898762	0.02376656297963875	2.9787263961181753e-13
0.18309695785293634	-0.9903659375138394	1.7739857243050972	-0.28098321133796605	-0.030919539886265245	-0.019230482355865743	3.1813502212787523e-13
1.467810298962345	-1.2621886885787292	1.3871356317127488	-0.642620226030419	-0.44332313657224764	0.03904205759397959	1.9956078357033742e-13
2.23079826228064	-1.8521578648114945	0.8832749031979393	-0.005370578456967341	-0.781592841485582	0.12008767143131958	2.5547176179909376e-13
-1.2562139845220384	-1.0898002119185246	1.2075270082973737	0.40293752012025547	0.32168947577280144	-0.025796251091312134	2.5552728276545397e-13
0.6932872518049729	-0.16198612586859273	-1.0260030440406749	1.3644043189237962	-0.32752065920528417	-0.02055976785168575	3.4446035501020513e-13
0.35041752578132657	-0.8830126632000942	1.158548906615161	-1.283527685087305	-0.06430794280196989	-0.017184101527300925	1.8891985193339512e-13
0.9431878541211471	1.0570636192445355	1.302861348293556	-0.6070953982866619	-0.049655898629148376	-0.02648026169960021	4.343680087030358e-13
-0.3106294039782649	-0.3093063995949662	0.5062282054717103	-1.468548385243116	0.16087330071894304	-0.029142022092265303	1.9634707892789755e-13
1.0554477312270352	0.6023342470982024	-0.32499556854259465	-1.1960390998107762	-0.20496494768415063	-0.021793669104898467	2.752340379124357e-13
-3.490855995311776	0.9635310029403903	-0.21501268222415182	0.7054818325479126	1.126382154880218	0.16689335856254225	3.7706412756929833e-13
0.478235142048277	-0.9656526755356653	0.378502175539508	-1.6354000383685163	-0.14294684417648093	-0.0130282882065929	3.138610127256696e-13
-0.40856938860155034	-1.0949208935467403	-1.5216355552614254	-0.5358677835566316	-0.05490765720505397	-0.028962044270891545	2.6035530182302643e-13
0.519864031734426	1.3687979505307932	-1.025508301487045	-1.400466293175539	0.0023583300244283682	-0.0286671933067851	4.4677873419851737e-13
2.043364260460158	-1.673447929825081	-0.6540716964420442	1.197854912852345	-0.8507834559863494	0.0931880212237889	2.6956299173917525e-13
-2.3468911372204007	-2.2187236581736616	0.6796847177320324	-1.350375951330952	0.5633081099140125	-0.018546419648750513	2.998838256779872e-13
-0.47689759501003015	0.17964218998307166	-0.29852135043669586	1.4916768832240084	0.09362319625891428	-0.026101451851302096	1.034726949916006e-13
1.6734911763341689	-2.1677311562726174	-0.9077170859284865	0.3227686453185931	-0.7747111531719028	0.08686499729838487	1.710838845694358e-13
-1.0707575601424542	0.32329300430921654	0.0862650983221422	-0.17232372589305878	0.37768961342333596	-0.011622594667307494	3.15284296725251e-13
1.2458613388256266	3.471865740264071	0.45788565720062646	-0.895436778919484	0.08402732431102235	-0.021431092054505715	1.1240742107288174e-13
-0.7507718072228127	-0.9214696945217087	0.6540007022031613	0.07712293685802622	0.17024028772673916	-0.029102554069796463	2.3321431480452553e-13
3.0126249362515516	2.8598854444532593	-0.934106666620355	0.24840378237475497	-0.6339106534444098	-0.005187347264903418	1.496364484078062e-13
0.80911686975987	0.7674347492043349	-0.10588006101255248	2.3361406869031534	-0.2465567696542569	-0.02691190806937631	2.4334735704279325e-13
-1.7044687019111466	0.5313919412814898	1.6415094876899479	0.4617630074250174	0.6576679528754622	0.017488732210472036	1.7096051000564494e-13
-0.6562330961352931	0.2691711125478396	2.034952187628344	-0.3264213956152332	0.3711289813861611	-0.022105408681748484	4.043471207807319e-13
-1.2032554903430992	-0.4571555433169319	1.7591520718668572	0.28503185904838074	0.41294633880007237	-0.020108904654532626	1.680655368394146e-13
-0.5570177064942149	-0.7953141262651743	-0.2217472315190404	-0.03417462799065711	0.07864996764438364	-0.02956395085712699	2.66307219848997e-13
0.424836653195783	-0.3982709511111424	1.1231362754397765	-0.9125905911272331	-0.051624493603469136	-0.021785531483775853	4.358674618741633e-13
0.5282355913969271	-0.2234113066207332	0.3837590909018385	0.7960685189147982	-0.17774899409353356	-0.022258607081754363	2.3653653177392853e-13
-2.3736434585699837	0.7113208060266786	0.46324413443800855	0.4459687029264763	0.809632260205651	0.06242332524070635	3.5290172553147054e-13
0.9495063830126781	-1.1093240827860067	0.9282344070475672	0.9907814148773316	-0.3709350049476711	0.007362179370773588	3.448416089957066e-13
-0.37347030612731547	-1.316568576580107	0.39739634808310775	0.6513088966049304	-0.02289865539476808	-0.026398896736933734	1.4114995386656303e-13
1.009800568240492	-1.7666824904274328	1.9372190494771713	0.5269871176091874	-0.37830462271137	0.03050424125728695	3.273287190677432e-13
0.46295728920113605	-0.4113085602371862	-0.26832232031575226	-0.4580385764882575	-0.16628737731520102	-0.021774731302673572	2.937147191750195e-13
0.7746507562415671	-1.5061461091142898	0.38684987442594315	1.2410805857823741	-0.40464685763150104	0.009465139414893346	2.5641034555966657e-13
-0.13534798651847463	-1.468760625164915	-0.11233933181881794	1.0630388524615044	-0.15679248108993618	-0.021305226366248636	1.130951047201258e-13
1.068188868923156	-1.6331971554254128	-0.6398598989578009	1.5672169209417084	-0.5785060050157026	0.026552644319147684	1.5952411399421023e-13
-0.3565577099064546	-1.9796471480628408	-0.19430089156613908	-0.6426569680822701	-0.08137231455608833	-0.019623412718418918	3.6128816607655486e-13
0.0047922439437970525	0.20391252571295085	0.0189245409483172	1.3496580128883748	-0.021781866125647323	-0.029243281455554906	1.2945427046789455e-13
1.9926162804188183	-2.271111457996215	0.17031911257521926	1.7993588857287401	-0.8732727312369479	0.11982371047589542	1.4077061404151998e-13
3.086472865244393	2.8814771675712145	-0.20811675180892492	-1.1187393559651029	-0.5535654138973222	-0.0023526119436542486	1.7080567018879871e-13
1.8069701167920373	1.5406895081826455	0.8075107381745479	-0.1669952090509508	-0.2997136176196326	-0.016623335303388283	3.621340403465523e-13
-1.6718304821409795	0.5143667502993778	0.32571003411332317	-0.8671688510890138	0.6217773693476099	0.01576565832526492	2.842605092710806e-13
-1.2423757679911756	1.2829607270268555	1.144068758026114	1.2058183211405824	0.541936113527529	0.0171356265885203	9.236172867237747e-14
0.5581164348045118	0.15772905058076223	0.9603788984142442	-1.031718874938874	-0.03601950939275911	-0.02502637293846626	2.36078339114342e-13
1.1191856454025892	1.4622302705830703	0.47213482984404154	-1.757552608987636	-0.06045841497293468	-0.027383615990131824	2.9677391462252636e-13
-1.0438388637004816	-0.19902488562477907	0.464516029224647	-1.0374240167472903	0.37048258500113634	-0.02028833870758805	3.335383173908768e-13
-0.4471711698870118	-1.1491442433729475	0.7136540075417993	0.04085367064809745	0.06089222248554285	-0.02797808639391576	3.2985718287088793e-13
2.0933698918774266	-0.5141038142931865	-1.4280965933717216	-0.6092252995779609	-0.7166223937318427	0.04687352595687754	2.6930923250266326e-13
0.5585680469242083	-0.8405463397883794	1.4897412779336727	-0.9426163782628888	-0.1149872539754246	-0.012022564393009577	4.0140712153693365e-13
-1.6487219847139003	0.18702447154207202	0.4272448860094813	1.6245666348211742	0.48233393293743826	0.006017338120133369	2.1225001292215684e-13
-0.4453902613998133	-0.51446958954634	0.09788714569536258	1.5807856465287837	0.02888493309814978	-0.029356239139346926	2.0353287857754306e-13
-0.1519074555450245	1.7649299709558706	-1.1899477220002919	-0.9310545049413612	0.21647716292285782	-0.012997394566260648	3.512723421245068e-13
-0.4623102141569208	0.1713116960579335	0.0703347358940178	2.289956946029598	0.07769827068275836	-0.02627716597056895	4.72907569654711e-13
-0.9650253063684867	-0.5666481764415541	1.657428857044374	-0.6752035280904259	0.3634091829755273	-0.025307346237012668	4.1436147665883146e-13
-0.7348292541094308	-0.06226963648429712	-0.6006510508075631	-1.0494322071074567	0.23014320265919153	-0.02457660644935579	3.0691250975151873e-13
-1.8467771735797995	0.13347573226941578	-1.0749276246441646	-1.325709892683663	0.567061174413485	0.013570828906630602	2.5991860321189563e-13
0.0738529100471094	0.38979418012873623	-0.3893442118394406	-1.2019847994384867	0.05821989521744914	-0.02924428189991847	5.856094465364908e-13
1.5392549089983794	3.9978638312944925	0.828980034008032	0.8141942435531685	0.006241973770207377	-0.020887504090687736	2.354148485344859e-13
-2.4447636588783492	3.8276578328623114	-2.414498278664248	-0.008099533456445625	1.0315203698920425	0.23926609100023194	3.283131545953502e-13
2.1669631352053993	-1.4701876160306566	-0.27057634938407993	-0.9764806994385455	-0.7530405581529213	0.09409178567434155	3.544014519294738e-13
3.0462094407882057	2.3533790363464275	1.242522364886038	0.05667433557371332	-0.5590735530319071	0.009874837919932062	1.8469575633076604e-13
0.599565490713452	1.9226996224179345	0.011770156746960083	0.3979453144333389	0.02727908719501265	-0.026081838914748273	3.6309103987583646e-13
0.7200861441241517	1.1338524710467939	1.344438523384689	0.04981741061003788	3.918438202051207e-05	-0.028301384289034587	1.7641490862118753e-13
-1.6785227906875457	0.20778968617788765	-0.13543434290641096	1.2837658928691358	0.47388706757701937	0.007903354669916268	2.405479130879158e-13
1.1922712211132163	-2.28797444816793	-1.7087723732095934	-0.4617566132590157	-0.663994594639243	0.056270077092665	3.101446431168689e-13
3.1833673230342536	0.6101382766021168	0.19835855332778465	1.7360119617424974	-0.9134083099643926	0.07778944849708624	3.511728679803895e-13
0.15497967278302557	-0.21551215186640277	-0.9574652539463938	-0.37568308045010546	-0.09918292455300964	-0.028173036043679992	2.9002287370335683e-13
1.4138199633444304	-0.2272874775442109	1.0510186481302788	-0.7462035600486097	-0.33438590592616335	0.005124414679263596	2.431605623139984e-13
0.6821222839780028	0.6680768275839548	1.191531432709969	-0.46369264810027755	-0.027110490454887486	-0.026915448864238273	2.829339664988303e-13
0.24467167349388602	3.8607378221849102	-1.1011149157328837	-0.5392792977824686	0.31855763881796784	0.020724602451448915	2.948201708854191e-13
-0.6618844515361598	-0.07114446260838082	1.3551493682873539	0.9536379733642122	0.2423796476551464	-0.025363560841460405	2.8550233069047e-13
0.21951492365693048	-0.011347458138329108	0.5407241395740324	-0.5823190202117957	0.0020376832347897417	-0.027881087315851403	4.341999020580589e-13
-0.3924245652574086	0.4266661042431911	-1.712657080446642	-0.46552734792854883	0.09112338612016742	-0.025433160575654055	3.8106293213965266e-13
-0.1947016772943058	0.18483448806470168	0.22207462617168763	1.8767662819012876	0.025786236073380004	-0.028557038954082046	2.913776134283422e-13
-0.6189886431657547	-0.8268600943732771	1.3846224479217957	-0.9421868393260119	0.22708599586373449	-0.028954052034339497	3.2798279189477594e-13
-0.12965690692487328	-0.04770066348090679	0.7782175028056726	0.19412897180542185	0.08368016915687947	-0.02902297142452965	4.830921182101021e-13
-0.25717654687910985	-0.5909014927910027	1.270697193077044	-1.1201315830336585	0.14608196039879226	-0.028500710589972778	3.277636280763396e-13
-1.2429381268139017	0.6500488158047731	0.363695052792358	1.2269319604036675	0.4244110276549053	0.0009322388393851848	2.571183623477516e-13
-0.9881072975168261	0.14252715629435395	-0.6335002229049352	-1.6427749250047947	0.3504189143720251	-0.016876831841365937	1.956235057953889e-13
-1.8079779580528916	0.27221432524354383	-1.2966434420488109	0.11911193975903149	0.4982214523085454	0.015728451448282478	3.3771360604203243e-13
1.8260935986760551	0.5390501020233217	-0.6071906382548035	0.4698138811304625	-0.5229173763547139	0.0019354006222988402	3.1039722234150556e-13
-2.472239499218183	1.437339731656588	-1.0641192613219237	-1.0460641963936856	0.8910963099367641	0.10245101665016272	1.6392418278514414e-13
0.7741586806504748	-1.64094196181678	0.09040941192971523	0.9205903684377464	-0.4233707235632676	0.012803933813833643	3.4637650664798357e-13
1.4972723421894947	-1.0182036723570718	-1.020946211021565	0.5123029173716755	-0.6181007367577029	0.029727849880880997	2.7693053992098183e-13
0.8594810359530024	2.1415114212208115	-1.1180709081900746	-0.0029895637692621646	-0.07728518341028849	-0.027633708085803572	2.501873334873252e-13
-3.215755798892921	1.5815252202165395	-2.4542868952576242	-0.055629939053411216	1.010159340879211	0.17824666040149809	4.0426312814035214e-13
-0.5951590567109666	-0.09710422574875321	1.0307624363180816	0.03995530390341651	0.23780468869326027	-0.02643383717096062	3.5255378744058664e-13
-0.10976382063709242	-0.05763814740200067	0.7882290170240686	0.8310811711408516	0.05116555899018482	-0.02903117779849126	5.977221360896317e-13
1.0961839386269931	4.403283321864556	-1.2572875721720436	0.7103567190721533	0.06247720516777672	-0.0017972534041495014	1.5314392211013127e-13
-0.9125573794922928	-0.2655737891590157	-0.6821458256482498	0.9582075270490461	0.17351047199026065	-0.023715317135336957	4.027423738715917e-13
1.248563659483644	-1.7944351044589115	-1.5830543897682823	0.2639203853524848	-0.650900997647748	0.04134039202868752	3.5518402213438747e-13
0.30832985995274387	-1.2044889264811132	0.60404182255362	0.00809861299031761	-0.17256320531630326	-0.013747344248104566	2.281124686928319e-13
0.47816072403935983	3.1174989758701095	-2.184164537142728	-0.22682155467598772	0.08860195588537317	-0.007208278111365612	3.384027727047802e-13
-2.26715460031552	0.399075585268027	0.5447772391203652	-0.6261601908068796	0.7914023337028069	0.0437743195069666	3.8248378160507375e-13
-0.5445336705124391	-0.14401230232281997	-0.8577274936368408	1.5185176606225326	0.04385051343383203	-0.027723866762152098	1.9374025895658173e-13
-0.5927792764638538	-0.4926018562201781	0.3725408393714168	1.6362888964930236	0.08910510690867599	-0.028699218240363724	3.8309317702172827e-13
1.2851790396406992	0.8594526871333157	0.7348871632864145	-1.2727142758846783	-0.1782865503894499	-0.0194825851128974	3.3070469485909115e-13
-0.6482767075267454	0.2714807740394419	1.1701195667509003	0.11885017035093205	0.29894302704626974	-0.02234260466325021	2.6848816895108355e-13
0.4439260073718213	-0.625520442263397	-0.8037298529289236	1.2611584190965568	-0.28631152778690305	-0.01992417086766334	2.648245436504563e-13
3.2400103372348448	0.6545759061318344	1.9310704466399053	0.21354043132797942	-0.7586689884532615	0.0824699090310061	2.875683431046509e-13
0.603455029404675	-1.1014260418551292	-0.223174947395966	-0.2562385416174864	-0.28678804791007967	-0.007110441378553811	2.875257719774386e-13
2.123397234941604	3.6409335264268097	0.47936652278216674	-1.3258633057716462	-0.13908855803160639	-0.028248223487955006	4.176310016225412e-13
0.5309076127215613	1.3321563790439055	1.1960904058164883	0.6914827545473563	0.042295004235686995	-0.028189399914129946	2.096562628135836e-13
0.3526090012859064	1.4456363378555974	-0.6168815821102732	-1.5680772846335196	0.09171405814423847	-0.02674561105547212	1.9679633075991804e-13
1.0243475344512374	-1.2775295253289125	0.41358596240790313	-2.1270363700877093	-0.31339510532698717	0.014902677885127839	4.3406122700152053e-13
-1.2858898656989943	-0.6179038181699957	-1.6946404097088381	-0.3721587083370781	0.24013005681185337	-0.020751597855475652	1.7916090841064593e-13
0.0073078242094300905	-0.13373699661381266	1.1442110418749385	0.5311081136086778	0.04195101845624636	-0.02851389518433949	1.3003760439790936e-13
0.5729456504457101	0.7487770519973431	-1.2505916137706798	-1.1282525398017513	-0.10519963435936201	-0.02913171724638362	5.563194784634262e-13
-0.6758132883922013	0.10365695150815404	-0.29507136193622924	2.010602696842912	0.1233861361870785	-0.023856319305699966	4.033265513710572e-13
-1.685478577653384	0.713981266100366	-1.378069048124719	1.0758584670352171	0.46633448063397265	0.02278195334680501	3.243488381731898e-13
-0.0008116273213056139	-0.9239732651203945	-2.122952639793052	-0.3087209239789923	-0.2020988675575748	-0.025761722221635523	1.828365215422226e-13
0.2883072503552606	0.5891608057150743	0.15129744530574527	-0.620650073864733	0.024856320430134252	-0.029096280344374763	1.7008832593983606e-13
-0.014499088434709831	-1.3586211956432517	-0.5622108900126029	-0.9499150770962292	-0.1248357235074028	-0.02034665766622545	3.1590134729907054e-13
1.2169608913139778	3.378960060741229	0.45239492854380786	0.15341225454823149	0.03908259177756765	-0.02193955470730653	3.703511033176412e-13
1.080989243000048	-1.3079727189005472	-0.6856084492538924	1.5523266414925223	-0.5500906970158784	0.017263621616886174	3.534772216253016e-13
-1.6389489213847883	-0.5156913224660606	-0.14284709122424394	0.054282687981885076	0.4321542006805786	-0.009745318495352977	2.8208820644853257e-13
1.762282800135246	-1.3314891829765534	0.03457427847585768	-2.2059491539885476	-0.5528956417060197	0.05871885782708307	4.2080246161104715e-13
-2.099296625800771	1.0834515611661786	0.05454404267753926	0.6543030425081287	0.735408459396927	0.059243106579809496	3.483427344492306e-13
0.11494261931523028	-0.9410516763323642	1.1539315464172493	0.5230421354964889	-0.07577126878970195	-0.02166109435623944	3.9272385183947875e-13
1.016518407386021	0.4716200989931918	1.265571202431018	-0.16429072000429382	-0.15456065146488346	-0.020054540505059323	2.963448629984806e-13
-0.7147672467766292	0.8534372091286032	1.4819953427419186	0.12127848290010138	0.4011538845690965	-0.01265517435124608	3.653164393543561e-13
0.2952039145321012	-0.650677779757523	-0.6451548738561884	-0.802574488092901	-0.1510519066741385	-0.022540774236155615	2.592316614933307e-13
1.5076018333617476	-0.6778515884328541	1.889285698169201	0.05177819159446132	-0.3918300889096746	0.022656684895878697	2.2612564289817972e-13
-3.163490135694803	0.5980911334651626	-0.7910852649482154	-0.1390171077604962	0.9853747605915251	0.11776978821711566	2.0025899985282143e-13
0.12459150281707819	-1.1220169620904434	-0.17210585803989173	-2.161856340436716	-0.06723876840585143	-0.020049198078392817	2.5243216048564714e-13
-3.3718437454139996	1.0562511717385072	0.07050904775277765	1.5175123534153356	1.0843496085456774	0.16056245946129158	2.375877946523205e-13
-0.17401191141454744	2.1905068405019277	0.4972678958614648	1.618663445881452	0.2662939908329377	-0.004229890058953176	3.645773085755475e-13
1.7381148403112805	-1.1924670611585897	-0.6703595880167239	1.4328838182550852	-0.7230517082119394	0.05065514934799233	2.0641713138841934e-13
-0.8105358801749417	0.09902923006982335	0.07916823902650992	-1.3821453484071597	0.3246861494423304	-0.021392654868455933	3.0662346455220187e-13
-1.9321899418873392	-0.22556722651914715	-0.8503389663371987	-0.3946992910937116	0.5281182287482826	0.0077153536375712765	1.5118063220799057e-13
-0.3454817920085987	-0.14166775113908853	-0.7561625050414651	0.569916574002722	0.030077717250536727	-0.02914533026649205	1.7516872635723382e-13
1.9673595277972866	-1.828576389167946	0.36905117400486753	1.5904438980136595	-0.7996908773672622	0.09589459391994466	2.5095122895725594e-13
-3.018280442891107	-0.22093947256516483	0.08107101666735243	-1.8103772410456562	0.9697811000136772	0.06836983009942263	2.6618833936361677e-13
-1.5717873721074758	0.10128966834252334	1.5768762899691857	0.0005175539004129185	0.5852698171795048	0.0007002508710058225	2.675925631592731e-13
1.7646708150426729	-0.821125354554423	-0.29539001257196995	-0.6832550446958215	-0.5824656500330635	0.039230411581834226	2.7232134737482743e-13
1.9089369914627536	-1.4117244965341382	1.1104232098180944	0.4360079845253388	-0.6476159151807811	0.07356034735787095	2.493453302538883e-13
0.6909514007988294	1.3895531643933072	0.9641082510985485	1.0788464041516397	-0.028689366763273473	-0.028606860123986895	1.1370021630722247e-13
-1.9119835627708481	-0.008105084763677935	-0.4935332223001308	0.10037907974509036	0.5471909043212874	0.012542370001178674	2.6128581690009386e-13
1.6569782101088948	-2.402755318877984	0.7950914198341756	-1.3843262851899225	-0.622068636624884	0.09913726334689776	2.7944413576565457e-13
1.8459259530082557	-0.9169071335127101	-0.13640518812205601	1.6167203850540193	-0.700974038187142	0.047752053475334365	2.312937546462175e-13
0.8586641554619319	-0.3320415561942257	-0.09351385392799555	0.24632041782700187	-0.2924504958600824	-0.01321530604652456	2.6809786632483304e-13
-1.7057802306371936	-0.7962184205269046	0.01784850867429819	0.8437740943636036	0.3984658917833428	-0.012828435847378607	2.361457755332777e-13
-0.13068660955760128	-0.1418522186642468	0.29744191601794057	0.2966080290437436	0.040778065744144415	-0.0292116436668909	4.4484333183938694e-13
0.6082309522278536	1.3581933948521512	-0.9200004844359763	-0.7704195760576391	-0.044533171153210295	-0.02908219185623135	2.1362455886769931e-13
2.4695506641450753	3.264171736072889	0.9342519384978346	0.7625828350067254	-0.3403938215241421	-0.023497256029631427	3.091547029050181e-13
1.024640233533965	-1.9786195510153104	-1.5715389892918814	0.09703707182136909	-0.5976825244801265	0.034571250754900223	4.0806441724426053e-13
0.35333472411509953	-1.6511427903254157	1.1040127583535708	1.0130026801751963	-0.2445915015098062	-0.003458393764197079	4.010311180994562e-13
0.897702281540564	4.250804085166274	-1.2383428629892848	-0.004001931666903896	0.1355564788078558	0.0022311620669555766	2.6858340910107493e-13
1.243998906106065	-1.401196624868647	-0.16810952437156096	1.3128657336365022	-0.566478072867107	0.02916058622255397	3.0645338463354035e-13
0.10199665988653095	-0.7157307125759915	-1.58447920826909	0.5142459878549207	-0.21151915798302526	-0.02574742642934015	3.684451560924772e-13
0.4386150749848884	-1.0477876653071236	0.25185249187659475	-1.1090942928764722	-0.1692916405563544	-0.012886791995849807	2.122022875061976e-13
1.520182111002944	-1.1629430261973452	-0.5704198089257152	-0.3272567274431133	-0.5784734956881764	0.03643191566055023	1.471563060882844e-13
-1.9346173624510405	-0.36089813933855924	0.8641749843836841	0.31723329285318896	0.5872578026607983	0.004126871518014482	2.481687525712124e-13
-0.6054168815036098	-0.962227962018555	0.7045048527194097	-0.41970847421591684	0.1462138086420628	-0.029218116830510142	2.2919782647298656e-13
1.4973092913239936	3.8636108097290123	1.3916986808307295	0.4808810529650723	0.051427768511625505	-0.021544605773652317	2.211895152676355e-13
-2.233769744580846	0.3480320398407085	-0.5975935573532658	-0.38226945380143734	0.6972662720819897	0.040450016634128415	3.5774893979457646e-13
0.0657736159465725	-0.8225955582989904	0.19934592658929848	0.7314981220644152	-0.11435581820702327	-0.02433575209960495	4.1559932856038824e-13
2.67786986725111	-1.6731220312841335	0.40229297568325795	0.8726739047241161	-0.9564302205346299	0.15069197135885778	3.0748859927113153e-13
-1.5625655688017774	2.229237736426385	-0.5424035792707693	-1.1852240073891362	0.7414226396185746	0.06966144058941888	2.1905376123399448e-13
-0.10647455489463112	-0.1555257265197897	-0.2429882996173226	-0.24324875509324537	0.021921938295167163	-0.029376973724385826	2.7962575557819006e-13
0.274503754906494	-1.193974347146014	0.8598140348465599	-0.9109898756212091	-0.10845348652354934	-0.014641865641722162	3.6587663643279275e-13
2.3432362670227094	3.5752525655546834	0.644209122254916	-1.3069402558245604	-0.2020671328359932	-0.027108268877926382	2.757531551866023e-13
0.7874747081757268	1.529248816644727	-1.2274597709873327	0.3435597526014527	-0.14322550696624164	-0.029354246292943476	2.4304957955495326e-13
-1.6603850264078126	0.5754690090941708	-0.5079774521942905	1.358127906468891	0.4838754101318664	0.01720176842933274	5.472718675698849e-13
0.08441415562404969	-0.5130704237475476	-0.3382522311863015	-1.0321304206272695	-0.04637234273493484	-0.026823966837203693	2.799974090536249e-13
-1.501786142871416	-0.6028574405025621	-0.02588520600760224	1.0082427111062269	0.34942877365038794	-0.015239410662292945	4.0182974419365973e-13
-2.0428080997171953	2.4108634441302454	-0.23322641138945735	2.266721686081733	0.7843388348782403	0.11454603967682778	1.5260452571752399e-13
1.2830978132932243	-0.8621028277425097	1.1844035961300752	-0.8178157550294264	-0.352456272960743	0.016237175572263972	2.1009252798310133e-13
0.8777214957933903	-0.9986252533259566	-0.3697621046379177	0.9133107036723815	-0.41288692459244003	0.0005328910012926216	6.073615719770364e-13
2.164989960147616	3.4473459190069664	0.08852856649271569	-2.144224847728172	-0.16214462048794556	-0.027996573002651536	4.2130019395361153e-13
0.20722608151514418	-0.2603106743441176	1.4362766212743858	0.3529821577580429	-0.005906594436769434	-0.026193162890343506	3.0015396040452735e-13
0.8249848362283202	-1.3576294158052027	0.18865484500107818	-1.1947955099713592	-0.31549208507446	0.007719145652394516	1.1818216748624657e-13
0.35464527710193194	-0.042823916828403384	-0.44843994888139127	0.9933465037563818	-0.16518425530138572	-0.02693085206529478	2.8065477950025204e-13
0.11686771342740097	-2.1219729819732724	0.5157154347255498	1.8102791783834118	-0.2934539054225898	-0.0024651076966144495	3.182485833640371e-13
-0.6893794752450184	-0.43763461671117937	0.2747913235463189	0.18035769205403057	0.17765642120297181	-0.027780358283208042	3.00500154890799e-13
3.541889011773454	2.6080654248118535	-0.18211616588857024	1.294986083375382	-0.8128714052986256	0.02507233241001509	2.9338026475234456e-13
0.3156919553885787	-0.3549645301909784	-0.5942928182898497	0.3218169830787667	-0.16845160060984232	-0.02512326475041618	3.0402247938089127e-13
-0.11765857373029022	-0.7789781028765131	-1.4872497556117998	-0.6605116979569391	-0.09951971935654533	-0.027957494480980005	2.86347306038361e-13
-1.6273562447599919	0.5586259592431558	-0.18174243971668996	1.5746098859642252	0.482716729782914	0.015081721018575819	3.5153561456277234e-13
0.1352351345160261	-0.5982771744460988	-1.8323140396859103	-0.4430607490633876	-0.18423258519785427	-0.02636238907042552	2.898215068102825e-13
-1.1506634468902932	0.2128102141958419	1.1752197112008833	-0.20363384208819688	0.4558920719864752	-0.011249851691437733	2.0072048743834663e-13
-0.4506736036031445	0.8051510592011885	-1.9857809339702266	-0.36925569861751667	0.12955748565778688	-0.02015584020983486	4.3940149654380356e-13
-1.269819321968257	-0.06619359934042575	-0.3380664662441808	2.047153842463795	0.2778005375022192	-0.01267201261372214	2.7960505144233427e-13
-1.458695530447633	0.28602690143996456	-0.5349209264071846	-1.149475773895085	0.4925996895384601	0.0008962258508152571	4.3618049446537325e-13
4.124795201003303	1.6791101849291947	1.3472760176582446	-1.191290131121872	-0.884831300150518	0.10360980527375037	1.6919825690310224e-13
1.2563790681795919	-1.2695087261024178	-0.12957547431274236	0.618239306016882	-0.5253894886348627	0.025686474882161844	3.7081239789247747e-13
1.5150362233300598	-2.2669032241291305	-0.9797518832492798	0.7865449824844561	-0.7626474646763548	0.0791376515324068	3.4925462628380773e-13
-1.3177234167079575	0.9506726435977396	-0.24427329863172903	-0.5552724172197516	0.5169027555226156	0.01168496621937965	2.936157414988195e-13
-0.0688562411272459	-0.3307154611605976	0.9492841642487125	-1.080849693926873	0.09767574357267465	-0.028411612606642312	4.732418339536799e-13
-1.562545953278336	0.7421272051852823	0.2134135398378702	-1.1449106455612512	0.6189063302882645	0.017098865559051598	3.8789646706493926e-13
-1.2033096644688865	-0.25909516107465214	0.13301215245057268	-0.4463728864698536	0.3673286874916002	-0.017530026471983155	3.7297529402241455e-13
-1.2901287608173952	0.16440361111750376	-0.8314589493247011	0.10936528195292196	0.3592735323277067	-0.007732559472231243	3.508988747212526e-13
1.305544761129024	-0.9537084464321847	0.3216756145985737	0.028758195525888992	-0.4551551553576759	0.019085758317520234	3.1882472271786554e-13
-0.018451806561457226	0.9021822950792355	-1.6474055997975743	0.3395632552216199	0.0026847970883783732	-0.026553260960757743	3.672076232753697e-13
1.1554041548258474	-0.7585049521721987	1.6710299554693357	0.7384253066836559	-0.3389867174665036	0.008002211148851588	3.6908956466242803e-13
0.7881240880806244	-0.2477764353573548	0.60134635353708	-0.569910491465818	-0.18759864920395586	-0.015962602864921058	3.8151857201865625e-13
2.2181082473128066	-1.954750472202132	0.5227231366958855	-1.933172106092938	-0.7310234192881373	0.12392621799354567	2.671377798373166e-13
-1.9455076784528889	0.5853841031737331	-0.70869470090723	0.5439483728199812	0.5921891002511653	0.03223202489073895	2.0596930634032342e-13
3.8058630519785277	3.1773142948849316	-0.22271318420391184	2.015716058752475	-0.861735625128296	0.021241298850380952	2.1938006966593093e-13
0.6286356249232177	-1.888902907605781	-0.9877077917449555	-1.3140474713376846	-0.38005068384930035	0.011894273860659998	3.0320190802513025e-13
-1.345465118624327	0.25749202148769657	0.9138552388613952	-0.053614378878020896	0.4972700991723659	-0.00406945918827728	2.103317520152359e-13
0.5376361078276931	-1.660050737573483	0.8810946492289959	-0.6119746459268809	-0.24604978567822922	0.0037350262005665814	2.3424832307961754e-13
-0.10524847711319199	-1.119901084157179	-1.5414656232280786	-0.0811659566687334	-0.16689036404244156	-0.02528945844968443	2.1408962267615132e-13
0.7675758917375232	1.8209321991591154	0.18525905137005963	1.3430091868115714	-0.06207521962108147	-0.028106215203238125	2.042200428825114e-13
-1.9866065223363842	-1.2428138175127936	-0.3239924756519586	-0.33996899063624686	0.46137580749251117	-0.012512032718123728	2.4943188852393894e-13
-0.8336017177382796	0.3990697427263521	-0.9364624014360352	-0.09503252581360531	0.25079590232426713	-0.016867707091393836	2.1526491122022123e-13
2.0977039066983276	-1.5350592834201786	1.7747450436649517	-0.11394474788606854	-0.6524858264205319	0.09446689315685229	4.549619472213502e-13
-0.573681761632515	-1.0129413839181531	0.26749738441936216	0.3993345756484565	0.07153325119898338	-0.029286558602142108	3.1640996059256396e-13
0.3378152218598134	-1.4218837722737905	1.7359263618625653	0.23215446362659276	-0.1457244222103993	-0.008104765702437155	2.1558869198530667e-13
-1.309084812760437	-0.17726679264758605	0.48416902179400373	0.1299000748684597	0.40525394497209827	-0.013468845826246545	3.834239012733577e-13
-1.2080822559855824	-0.020683422447200596	1.2330152415579492	-0.06664852767577593	0.4452054929130217	-0.01363749732788014	2.2244956568929939e-13
1.146747717099563	-0.8336363188085123	0.44104815659242025	1.2066990044375177	-0.4373890225566524	0.008391134336486175	1.596395030596044e-13
-1.128927265644809	1.611688115386731	-0.27740126210351634	-1.8972627101903101	0.5866732138928585	0.021564075078639784	2.6521025711778177e-13
-0.6567115912755218	-0.0814998154369192	0.08932781496638961	1.226348184129314	0.15270638728482924	-0.025768050108927902	1.767123428109142e-13
-0.2845852363155322	-0.6105586764124158	0.3944347670135481	0.1586411979816525	0.04705944681782877	-0.028969316475121965	4.156848230486399e-13
0.74589493180199	0.8741731608564443	-1.7205679690906563	-0.3854036260707743	-0.2014050223846618	-0.028747967150399834	2.7101966064224054e-13
-0.530232107217146	-0.48410901529192396	-0.04264036277881928	0.0751993355644922	0.11070623277465866	-0.029084898634111976	3.0026212430374767e-13
-0.21021336088431508	-1.4437539950115161	-1.4399783795245231	-0.5979996250951618	-0.14346247318907346	-0.023812964160709063	3.0685233712059424e-13
0.5859816508041947	-0.8223089008534264	0.017896485116173408	1.1276387498543587	-0.2943030780934989	-0.012701283686455449	2.316683283807459e-13
0.715544276371782	-0.6785641744842097	1.3164681103360005	-1.0463734043560902	-0.1498539308408949	-0.010299320851927404	3.307509166184183e-13
-0.9971288878799204	0.8576074577337617	0.21056739060721777	1.9494171917437453	0.3348815717384829	-0.0035174837516741874	3.6551804628560077e-13
-0.975452945569015	-0.9575113936791055	-0.05375722790281604	-1.4807618153096935	0.25450824237915853	-0.028174259289425678	2.3286657092748696e-13
1.2490044707451198	-0.9122327433848694	1.5203862091295879	-0.9494488538497013	-0.3222630108966024	0.01636359955396679	3.4942738323072453e-13
1.5807254329754323	0.3058106528601263	-1.8346744978547969	0.4246017825988197	-0.547689492420925	-0.003266071562106156	6.63542461403618e-13
-2.2520892939742243	-0.18824265158658277	0.7128096845438304	-0.18392626896420589	0.7132828357344853	0.02339665189956967	4.362124737754064e-13
1.1412005706939488	0.962945661740367	-0.045709923851087846	1.1239226535773215	-0.2700135774323642	-0.02390372076991148	3.0105357118927455e-13
-2.5513220875120584	0.9516059245430043	-0.6922713650704055	1.69342895970803	0.7701024476873869	0.08588455934400062	2.9904231271508557e-13
-0.546792393008768	-1.0814180196655192	0.5151201708319454	1.0064998073557898	0.046088905617460395	-0.028959887542838583	2.6730610799594116e-13
3.8845859288696323	1.82711013115058	2.050475418069232	-0.25232223811636767	-0.7965313495862426	0.07883239449533422	3.385498014123506e-13
-1.4656492686717486	-0.08180880677503094	-2.268166577252977	0.15605279030212552	0.29671921897636305	-0.006733230535787619	2.983256794235591e-13
-1.1966613397970574	0.11269409644900755	-0.18383396135588032	-0.595138120438882	0.39332847553527533	-0.01165929976455795	4.4924581442206415e-13
0.16731909582625407	-1.6904442458704485	0.4814009679515631	0.440017176517791	-0.20812517554201115	-0.009497165897652163	3.3801232953866073e-13
-1.8473289706475824	0.9597419886633525	0.8747224305662729	-0.8966692254286805	0.7582451873355075	0.03875828511593795	2.514827325249485e-13
-0.9528268011252182	-0.04797069227848452	-1.800033616431114	0.2522823797293412	0.17135850058232707	-0.020482344729704862	1.8649213155644044e-13
3.097466306383123	3.6447761834556336	0.6565940976914232	-0.36148124193017994	-0.45471396861640667	-0.015340747315957196	1.818701897433807e-13
-1.3019520481715772	-0.5847945765441098	0.20296605609872972	-0.6614957690677384	0.37405136898316266	-0.019800605194995716	3.433490177023241e-13
-0.29982418174149356	0.05443566543424971	0.15955781035756966	-0.6905825398350531	0.144446299469644	-0.028414882303576805	2.3127498340763836e-13
1.5363817352005715	0.6861968671933646	1.9004157645327786	-0.34668367858407384	-0.23866227949857602	-0.009339622001486594	2.4317881673463316e-13
0.5831688455249144	-0.1329232327134948	0.6153377690205079	-1.0353126621357243	-0.09513652697624154	-0.02203292759516357	3.587572875635553e-13
-0.007352108532939527	-0.7961407174199833	-2.2634669618684806	-0.06495232724453459	-0.20485536708603572	-0.026979463350450584	5.753832955629663e-13
-0.519814891341006	-0.07478535721841016	-1.1370379581057133	-1.0235299064112982	0.13168228840327353	-0.027587198801677527	1.918505739303877e-13
0.22365623614835828	-0.6079313729725604	0.6214635244005097	1.109935775460172	-0.1280246222908234	-0.02355556406107393	3.3068004599316815e-13
-0.4869955052372214	-0.5411577713871052	0.6297721012644639	1.5911811697780134	0.06974786500489788	-0.0291323892588887	1.6095450918889927e-13
1.7485959061042646	1.7234810045587934	0.3806466337435519	0.5490802609193361	-0.3179795853463079	-0.020647069441723665	3.371876993758176e-13
-1.105352261317616	-0.6347439828855477	-0.633282518296365	-0.04980529583959119	0.23484669697531332	-0.024249621821166814	1.7403425742543688e-13
-0.2372483180098933	0.035299251913008284	0.8854040521684504	1.2369158379497414	0.0881604097939225	-0.028614810114222032	2.5214110075956804e-13
-1.5791774260184235	-0.07548264813633304	1.5500645331790421	-0.7558295370948729	0.5974054073971621	-0.0029644217599225117	3.3652729874637005e-13
-0.2172119131007222	-0.335156668794867	-0.195913283712728	1.8407387218842213	-0.04749946754867502	-0.029435177089863897	3.649105893480622e-13
-1.118366472230878	0.2221646455217036	1.666542234882878	-0.3690104309209703	0.4834764163705261	-0.012031045463682237	2.8029443457755146e-13
-1.316507865893962	0.6556940302742666	-0.3750563151854495	-0.24174385360087663	0.4631629280680017	0.0040712729008908245	4.5177671737024405e-13
-0.882937461331792	-2.188361769658844	0.2590338560224778	-0.3576410017549138	0.0665967701801243	-0.026521978941419132	3.0483663164854724e-13
1.161637534197662	1.3543970852128906	0.1078631681411865	-1.6037596728411214	-0.11274631027947261	-0.02656334434950017	3.5985268830627e-13
0.8381944614058637	-0.6397331475285497	-0.8059982788613649	-0.19792150009185377	-0.34371435183149834	-0.008822855226548649	4.1439570705514045e-13
-0.4390614397506961	0.3340280261346564	0.48713220588220363	0.8495760776174621	0.1726319493013032	-0.02518293032171533	2.8182125554086663e-13
0.5689913291667782	-0.12192432142761149	0.7475772649196708	1.1707717874112187	-0.17243332716966184	-0.022388937160606612	1.959912672168717e-13
0.41493644148750164	-0.749103285878242	0.25446241184273133	0.8387730096876885	-0.21025494396446429	-0.018200597149742346	3.6873607567249714e-13
0.32416550657798543	-0.6170526022258394	1.005314867907005	-1.1401733217154266	-0.04319024489190604	-0.021324840738237795	1.3818809682939546e-13
-1.505462512377548	-0.4274089595625823	-0.20229849671307068	-1.8115852350795567	0.4750141656049877	-0.012179328502045611	1.7721992558749883e-13
2.06432227811177	2.9820731055120833	-1.9894361905305227	-0.17533793477660087	-0.3879726661054154	-0.02791558994204538	3.7821255233788057e-13
1.6044441187945464	1.6823230993497904	-1.2342883403517846	0.6129829113530046	-0.3793913425975129	-0.0238566328799917	3.238754717672802e-13
-0.4094826892481537	-0.7655221191417253	-0.26303004649015266	0.0787235776614184	0.031119821035029055	-0.029392553839112733	1.4707642412838226e-13
-2.4862735352879097	1.3628497261012515	-0.8197253623980612	1.2727505700101753	0.8063768213174161	0.09992617164513132	2.6187375993373665e-13
-0.10462913404199913	-0.6575739033998541	-0.873237731147497	-1.518141491101889	-0.018278326633440267	-0.02817753997849935	3.783267594316895e-13
2.157948316996273	-1.849316372610321	0.3751946221542943	2.028777777249958	-0.8743576899553184	0.11273108087978818	2.4803000803449673e-13
-0.9449166966850495	-0.7151601296788755	-0.2833642605629935	-0.38986115304146723	0.2132911591851735	-0.02707883948887379	2.532353024512405e-13
-1.3860599048101812	-0.49447001494864656	-0.4253057789708014	2.064682337643601	0.2595049156206441	-0.016555926996100468	2.964059071287068e-13
0.22956676050319985	-0.6269875503464087	-0.3518922205457139	0.5162509832543494	-0.1657671088963392	-0.02382793739241675	3.766819517150769e-13
-0.0775707935438174	-0.9879148081175402	-0.427330216915074	-1.3552024246647276	-0.041787490159763394	-0.025373796630778298	2.9023512152199476e-13
1.1101506319510812	-1.1590170005743865	0.7275471967005572	0.7421492358637499	-0.4248571534469956	0.015848798345891806	1.669396983217294e-13
0.6644281758201716	4.411496444839711	1.6931849483055779	-0.6608264217924018	0.425782778708753	0.015777285683478946	4.144784249896496e-13
0.18216994045787574	-1.571283570230082	1.0293922930111161	-0.8612490028832994	-0.11350612145470326	-0.010762372545657635	3.4643947161907513e-13
0.15674548451621784	-1.2926214106074905	-0.29158479386600294	0.36228756778111854	-0.20572487789040914	-0.017068920678660317	1.87008262044699e-13
-0.5333568530628341	-0.6301427759413515	-2.125961734441707	0.08466457260008652	-0.029400447968295915	-0.03008488064737275	2.9946783248985457e-13
0.24067227705269897	-0.4847991178204334	1.259211021629698	-0.4742549107232325	-0.016552635457431023	-0.02404153627881849	3.0179044264642754e-13
0.52569645113099	-1.709873077647102	2.0541612348448917	-0.010963506175590903	-0.20218267249487798	0.0055062051276933395	1.2866615958509088e-13
0.6227526051792848	-1.2061978132903064	-0.13475891115542585	-1.8065164547678483	-0.23462529033477006	-0.004153964569809567	2.5721690516281126e-13
-1.6220107283809828	0.19556897821250602	-1.5384104892506776	0.33482266553710194	0.41056091868487116	0.00544447166600721	3.3611987379494034e-13
0.4604420307203569	-1.2989483585771788	2.244062792388172	-0.24243891868520445	-0.11859694949893569	-0.0060101641581665945	2.6253905915719076e-13
-0.08867856776379987	-0.06170728253684311	-1.1122324845997136	0.04552851758539939	-0.037115562681665	-0.02972471945337728	1.5106681704575054e-13
-0.4869386174311239	-1.0371122121068783	0.9332103675317422	-0.1739312312898578	0.10670104991591725	-0.028579162244870976	1.9314604635105886e-13
-0.49975198533265386	-1.0549373431555529	1.1067033882914858	-0.9150769022765671	0.14938373918730277	-0.02850638043780871	3.509894235894933e-13
-0.5079061121181797	-0.5303448209566888	-0.4305204970170958	0.8751842161473193	0.04299461396953778	-0.029409474993541976	3.0624507797034754e-13
0.44380353758328883	-2.2690952554517216	0.8606268368205596	-1.2245184024140905	-0.25917979954531806	0.01559655519641656	2.797836563063312e-13
0.757865233673168	1.4107071720582345	-0.9332907190365026	-0.049114072153463036	-0.11356378809366521	-0.02931438857279104	1.5668791822032506e-13
-0.263723681352587	2.4479111694428615	0.09015015892063505	-2.276494936953961	0.45714995456155605	0.005044074994137479	3.2510708763202447e-13
-0.3791243142299694	0.32632414110886887	0.03514262845774395	1.1286004707422894	0.11545101744565935	-0.026126917620180025	1.6723867985362797e-13
0.13241629838106692	-0.25034160599174415	1.7397865411390443	-0.512470940012184	0.07095084611435219	-0.02687457722972031	3.4451191944575145e-13
3.459884361438337	2.6622965726622723	-0.6107716719692519	1.4519545106056633	-0.8154359909431469	0.018809376051329176	2.513658168261355e-13
0.701817732893338	-0.3837313119299132	0.9025660640402309	-0.17859116503469918	-0.17480592752962798	-0.01592731699765664	3.7474784944534623e-13
-1.518891618811638	-0.3927870889334207	-0.567790920450444	-0.7009885886063199	0.41536146038030664	-0.0111463379428796	3.310108506076272e-13
2.445502583227138	-2.0324091094925096	-1.0991571594406073	-1.1733584677604998	-0.9328597145256136	0.14657606776555834	2.063536103212879e-13
1.4841245070726878	1.7599651099603417	0.091295688478409	1.404295466588608	-0.28865790277597897	-0.02557832215161572	3.211023704613255e-13
1.4832007552505622	-0.7372804426071006	0.5545242537859987	-0.5570762282525875	-0.4460398415225937	0.02185102898783379	2.918557318320915e-13
-0.2091512756926285	-0.042493507909195004	-1.2315492456038728	0.2677848556618806	-0.01563162385315314	-0.029578062438425708	2.203477527048698e-13
1.0832363818841781	0.39444564252005604	-0.7817919448810758	-1.1364469965596071	-0.2652231129311053	-0.018905209067001365	3.2294221002472427e-13
1.4144068809540338	0.1690022461401875	-1.6125110016204567	-0.5084689530589886	-0.46194677958591684	-0.006114060851694587	2.8176256848563226e-13
1.0669908124340992	-1.289088555938412	0.8298227705668787	-1.5117811157825407	-0.3273392659297927	0.017682658099950854	3.1608071274167246e-13
1.1321154114514844	-0.8167141849958264	-0.39536849086543135	1.8693172337299826	-0.5086856330703919	0.0065141720972496766	2.2176802481153274e-13
0.535129992438268	-1.3468857998301813	0.29143459639430114	1.7409312020418295	-0.34403980525674743	-0.0040828561467655625	1.6000286046938755e-13
-0.9310164991456178	-0.7979973960553916	0.2954815116964718	1.6048976349370456	0.15291710017779905	-0.0276277067443574	2.6343335735061514e-13
-0.8331212452785741	0.04751748110286882	0.7765727463997305	1.2441044332368036	0.25972032995226313	-0.021489915203363318	1.694288754978543e-13
0.33752057948411873	-0.3292412278218463	0.3332802300002266	1.638124187575512	-0.1705725434282971	-0.024519694830407307	2.3033942410288464e-13
1.522410676880279	0.1556734767378888	0.09974926352286818	0.05472841220139756	-0.4154196680924214	-0.0004538832873335779	1.2905977719427927e-13
-0.43203236813837304	-0.19856078378614725	0.2566544309435386	-1.6050111595208247	0.1995167168167676	-0.028549672835750012	3.2921091128454684e-13
0.9620366416976187	-1.0826075680289482	1.293385661250766	0.19017974416627206	-0.3169985835375158	0.007592007222105305	1.9323221172885246e-13
1.0030286401573008	-1.9928686307569274	-0.4294094587755929	-0.930245361273011	-0.48222074967907164	0.03513846701809172	3.4533402238620206e-13
0.16264910097721336	2.578773541860012	-1.590934289214851	0.41788422659703445	0.13265572310192622	-0.007554970652575533	3.8756263089737874e-13
-1.2780943296752716	-0.01645079245096685	-0.18394099018691656	-1.1237598536689792	0.425148509242588	-0.011559747206709582	2.5369331496181996e-13
-0.7159646097179042	-0.912744253212308	-0.8020190281535575	0.845678554667141	0.04210258735194503	-0.029677960371889276	2.7231402242091545e-13
-0.9869302256580644	-2.4852857181678907	0.2884587625427	-1.1393961557821843	0.09916530446677423	-0.0255627428746494	3.172106718226982e-13
-0.9901917251677326	-0.38732373787082114	-1.4710072354508779	-0.24228568782290472	0.1853517874594022	-0.02376525158818888	2.7601898042289945e-13
1.2248566642024115	-1.3752726941871654	-0.26043874952274043	0.05463302665701198	-0.5120623428602147	0.02723844066032553	2.7168798284842937e-13
0.4344704777389639	-0.39221028161468974	0.5499184608650435	1.2665289011970695	-0.1776269493042773	-0.022076275489020865	2.973189306463486e-13
0.16063349853927114	0.13791397143057602	1.0801284632877213	-0.7142566035640083	0.07328298646432842	-0.028496733360218688	1.8579509534613925e-13
-2.266194617259966	-0.05913979925488254	-0.0856625475766875	1.862116275246934	0.6001224295355956	0.028447237545598497	2.423743376755543e-13
-2.079921510348473	-0.08320517009244333	-0.6187834547133723	-0.8918719404127745	0.6225553723978648	0.018336603041417023	3.60756388891877e-13
1.353834158627611	1.463631864410049	-1.652644633949269	0.022492853431883984	-0.3299089745011912	-0.025948892122976006	2.8107253675816463e-13
-2.8567301790222706	0.9044907050939255	0.6068077469980365	-0.2817964220971409	1.0162477437673039	0.10659026996804012	2.7970594921249746e-13
0.8312937191903398	-1.17876032073787	0.9698772082506832	-1.1030991452928804	-0.25531491036573534	0.004217657314712592	2.731596492213407e-13
0.002477127113631822	0.360570513882893	0.22822754021894195	0.5424631219288649	0.041570834766173244	-0.02891688152841939	2.9035740868103606e-13
4.185642448537663	-0.8099242070847129	0.8213879992734432	0.6828912917787008	-1.2657808028449127	0.2604988795477308	2.68114362984593e-13
2.4036287051645315	-1.6278783552924312	1.76778215003838	-0.4706257200528336	-0.7359300084665215	0.12497359819734924	3.056647191383709e-13
1.6091447812687636	3.1344183668655514	1.1476841652331853	1.0096415768805789	-0.0975658245607719	-0.02780687067215129	2.912562787648244e-13
-0.8315091030904895	-1.181792033329173	-0.2806594565517464	-0.22311153936301928	0.12225753157914195	-0.02963742890382763	2.3367207286851236e-13
2.9059483971315054	2.3113735207781323	-0.4269474765208289	-0.9633151923170389	-0.5808019467304893	0.0034806310269323674	4.653323334708341e-13
1.5689635617459037	-1.6223993915987465	0.666570551565888	-0.37268330868364546	-0.5646763627042621	0.05801157056222194	3.188483252931241e-13
-1.9437831219086648	0.9972339900214544	-1.9741164540630156	0.01594564154521476	0.5836153600743048	0.04699539531336558	2.432161263546484e-13
-2.6507312170429485	0.27185414131063196	0.2217405142249771	-1.2759761136890575	0.9003741188310238	0.06340672580938203	3.189464769232966e-13
-0.9096524652987648	0.0170404257633207	-0.8795419156929404	-0.5619142958718316	0.2541577793474492	-0.02047880730704694	1.4390378564655448e-13
-0.9121520044528787	-3.0883694582049706	-1.3095080722743744	0.78165209783258	-0.16211054480209602	-0.01815400947874729	2.191427944201346e-13
1.4451433900831925	1.1066184802222507	-0.1709896315245503	-1.6856870407435396	-0.2361687540677352	-0.01973310370532582	2.376050075936607e-13
0.7606204647435136	-1.489030008472315	-1.3842577479164184	-0.8796691235517317	-0.41786914369863265	0.006813598654633774	1.4731404521620461e-13
-1.5455057682312177	0.4949837759994353	-0.6643894620956071	1.3706585489159544	0.4305613029062632	0.009735331936445477	2.404814301588026e-13
-3.393611933110573	0.5229300634400962	0.4987926354681934	-0.01636918717019232	1.1189780771933608	0.13279025007787257	2.2757908519812595e-13
0.7298059246645437	-0.957187842981987	1.4902003156643548	-0.43668318991681565	-0.19830054169952901	-0.004266960992497065	5.423454773109116e-13
-1.6120422698720818	-0.5673855042557818	1.318625174973963	-0.5394127305628866	0.5302919602821412	-0.011547922426182971	2.1254940976203354e-13
-2.714655628300717	0.8124445134043798	0.13787161158426647	-2.036666448034069	1.0067292052528383	0.09131212246635453	1.9586846985185252e-13
-0.42754428923696786	-1.1315605785761622	0.4243166666404475	-1.4186633824717003	0.09957971755254895	-0.02801025863183557	2.6875307183990313e-13
0.8093407147407569	-0.7421398522422944	-2.0911357600800615	0.27460930197101335	-0.44260767399619894	-0.008828403637409443	3.1523198225015844e-13
-0.2798780458477248	-0.1999902242217207	0.5265156586163093	1.128295035630341	0.05822129922407311	-0.029090716220726474	2.503205401822618e-13
0.21599169708989988	1.5229838322954772	1.3927847291400386	-0.17971951188871557	0.2041181451819814	-0.023958698026755817	1.0975821823886679e-13
-0.8079999556245212	-1.0224596325409139	-1.0562034392581394	-0.41238840454991377	0.09388840002482406	-0.02969204165041324	1.6102629140049788e-13
0.3326454232007829	1.4583932480193833	-0.11790207320796613	-0.6524980506226846	0.09133142885288273	-0.026326502746923587	2.47707649361761e-13
-2.1473375475296974	-0.06777733336865817	1.3287708954658495	0.9093912838873494	0.6871481038380247	0.021608988954839568	1.5049204227943727e-13
-0.0578334033259834	1.7054541342442333	-0.11682823636664025	0.5527397133812024	0.18519492893070624	-0.016446693034750267	2.626810717530224e-13
0.4206544449669522	-0.6316567051729807	1.7614278764283309	-0.26232983629928075	-0.06384044864812967	-0.018626992861243093	3.0277866065467015e-13
-0.24691607323001077	-1.298628346253413	-0.5431012679306264	-0.5990956830574157	-0.06328127812856875	-0.025289416269745985	3.1783997099113255e-13
-0.3552159946258353	-1.0957122084645559	-0.7749314990990603	-0.637940117773741	-0.02181025474880543	-0.02815002380553006	2.02354869196155e-13
-1.1888721647967646	0.6001296516620355	1.8926761353560337	-0.5060894468574764	0.5653719427620065	-0.0023880567004822503	2.879865553274864e-13
0.15911859922697216	0.6881821058676851	0.4392091680611431	0.4607524663886345	0.046704903394612654	-0.028625730254250983	2.610896149624708e-13
-2.2791502257253913	1.9744164476363635	-0.44678908897132785	1.2538795700261873	0.8356261609412761	0.11257500490049106	1.597277509670674e-13
0.16616284710670856	-0.22787472476622675	0.1762797394012461	0.08291004486920557	-0.05471147959387346	-0.02745892965240854	2.0710999711396653e-13
1.3534668651257455	-1.3169563961413646	0.999790434907554	-0.6418475208740322	-0.43913203661694383	0.03385864822374159	3.3708722620297915e-13
-2.316523838620903	-0.009167668303855984	1.1954681609091165	-0.0724655184514386	0.7769276718798049	0.03233085602627876	1.7632815889311255e-13
-1.2810375822342244	-0.6776753824729067	0.14590376320306553	-1.2648450115781116	0.37899951908103824	-0.021419752704188052	3.313987832120762e-13
0.09493149957782314	-0.7280043356080649	0.18606140459286274	-0.8843762532651033	-0.04723556542250176	-0.02471364117732765	2.8372974605442936e-13
1.330193620019667	-0.9457066742623218	0.33588364243669	1.4817251189246345	-0.5202913865251837	0.02003623842807354	2.58846737657568e-13
-0.5431650830449127	0.2051506295353498	0.4384560841273744	-1.3569299766915606	0.27719110314853546	-0.02482146723983498	3.0210946552542107e-13
-1.1257102598206046	-0.11724354760314651	1.0707304623193135	-0.8404739292386587	0.4320702225780929	-0.01727617641733899	3.7254015629884433e-13
-2.693976914404585	0.6940010158081203	-0.3577286410284751	1.2722374755319226	0.8216408779725197	0.08479252221640493	1.7879076868429137e-13
0.32194467958318895	0.2251076518053454	0.2938146263177758	2.1156947693835826	-0.12825257299075854	-0.028269402813995426	1.9711899821069133e-13
1.8290114331991043	-1.9805574309777505	1.115711115830681	-1.3593477612850757	-0.6096529732692342	0.09327031663276136	3.496681557016902e-13
0.03780560647549721	-0.6800716257526607	0.76512085302541	-1.0882821997452823	0.017817696483992097	-0.02560856202845579	2.222135801411642e-13
-0.07248076189930217	-0.07943701513373862	1.813011099184323	-0.124822154138179	0.13841161029472	-0.028574440616357315	3.9099908554331393e-13
0.15935552563107613	-0.5694432661428476	1.7180714783387077	-0.20372192134401107	0.014690945679147535	-0.024280869843780327	1.400317836056297e-13
-0.09251312059668122	-0.16726228458878178	0.6671878265795638	0.4567298803999964	0.04231242945909222	-0.028990267487573433	2.598839337350552e-13
-0.18396862697270439	1.7638984145854093	0.2679754407589982	-0.45330322721188804	0.29361509308451444	-0.012099703864269435	3.742419628440638e-13
0.25052537081015713	-1.713367112075947	-0.27685160129826736	-0.5632688634751093	-0.23919235904952252	-0.00687684467902347	2.7780702456085333e-13
-0.2033442998469951	-0.9911504968213982	-0.8486437041532928	1.3498625646766458	-0.14137166017180963	-0.02727802610022704	2.492090217427692e-13
0.4323883306197064	0.6584116890002965	1.534102044674917	0.3121054523794574	0.03428089066688884	-0.028350844490931313	4.3454314943529826e-13
-1.2990934726692671	0.33934459380083465	0.9008794682716225	0.9398170408373342	0.4508603637577246	-0.0039573769332919735	2.198853141087582e-13
1.0092381877830692	-1.6229277080035938	-0.5151388714741494	-1.3539564497277121	-0.4328603031445407	0.023366115064539738	2.319595391190743e-13
0.3897638964572178	-1.0832828937367167	-0.13401789386961613	-0.20272168426604173	-0.21909618698459848	-0.01399892616580961	3.1940151288558763e-13
-1.0363776921024284	-0.36115612504200584	-0.12381059570946576	-0.06507088425181139	0.27536393523128566	-0.022460360747078703	3.550763093080922e-13
1.0634872795391106	-0.77871730524829	0.3745136463060936	1.947698535078357	-0.44168144828402256	0.003397764901391895	2.9864885075216435e-13
-0.7787925244801396	-0.07567959495373569	-0.13927392945599776	0.9763931612825524	0.18622049422218664	-0.02393524733780558	2.680975420372281e-13
-1.2914941514774425	-0.2064484930613468	-1.1029016245580134	0.6082066308967459	0.2821360545735491	-0.014459810343278957	2.351447022198637e-13
-1.266617384693687	-0.2407933382763306	-1.9238903894247337	-0.421234552682549	0.2640415455079344	-0.015714854395547463	2.451027307525291e-13
-1.3240052728555158	2.4769747135410913	1.2874927883462253	-0.9790849537061457	0.7980639755697669	0.06260861414669117	3.653799959083216e-13
2.7579041203308092	3.3352506290308237	-1.7668258145517162	-0.1955283637818757	-0.540149282654135	-0.020636534888462895	2.7588951732692706e-13
-2.598017638820882	0.4807479834623725	0.1508650150734686	1.4122598867027751	0.7932760415280585	0.06845255883991166	3.642025616792713e-13
-1.4468576660410473	0.7708317902248376	0.7910119004643775	0.4116982904338387	0.558002106446469	0.0124165408948314	3.786736065062425e-13
-3.4701408739346777	-0.296373655194834	0.08526871677946737	-0.32849948690318675	1.0376538332187806	0.09845350834895959	3.0850295611118314e-13
-0.339160651586454	-0.4255664117064614	-1.0310752781806052	0.6601791489351242	-0.022766813113962787	-0.029782027140124286	2.8568658327910263e-13
-0.24213944862650208	-0.03765041113977753	1.69000744197927	0.25498139850203183	0.1702023397153114	-0.02850267462564056	3.1343333765188404e-13
-0.9521918902813566	-0.8029107679113467	0.1929478042247135	-1.2160793513924015	0.2683409258172055	-0.027455356663756248	1.828475179166685e-13
-0.9928557366826497	0.9861111699638727	-1.2867635448297763	0.02526492854230109	0.33715240810202557	-0.0006860233709021113	3.4905843955323523e-13
-1.6510126643292244	0.2686458973124413	0.4819252000786092	1.60902096965448	0.49597162972428555	0.008181394520758242	2.0619004048482066e-13
0.5681540306972197	-0.23917316082513565	1.865964793907544	-0.32537666802407567	-0.05630605554566025	-0.02033805138741778	1.8297677239838975e-13
-0.9930697341555548	-0.2579815508690645	1.564421686501191	-0.0015935667599778916	0.37224608630414124	-0.021881927988440082	3.328739239173619e-13
0.174056509614848	-0.571536715359478	-0.2161606260681692	-1.2486042957753678	-0.06287534092412754	-0.025112145616633906	2.108345466127699e-13
-1.4129115249664648	-0.1531981374344492	-1.9315150550798208	0.14622287279750004	0.2936335190864247	-0.009900844166384965	1.895700051996976e-13
-0.13704883555080147	-0.774704704534993	-1.3283094089364749	-0.9806121215725887	-0.07067335774495337	-0.028089465960287795	3.2104737002050265e-13
1.342183847955151	-1.0625476736894186	-0.42209084338591824	-0.8255348570016239	-0.4868214039202916	0.023505369165143338	1.6546481021126156e-13
0.6315446228314509	-0.4824224985255035	-0.08987763308257818	1.41498830556531	-0.2896374336043366	-0.01698170190515481	2.624655810753869e-13
-0.9267671284218386	-0.5586672512254865	-0.7664716455001709	-0.514550339941373	0.20114458730938659	-0.02622896903549774	1.5625497794177994e-13
0.2029294732766182	-0.352204502241461	0.8213728003638703	0.3027958472918412	-0.049316564361203616	-0.02592707967424381	3.5043666813723513e-13
-0.9470351306178127	-1.0452369689175378	-1.0366692014611216	-0.19160978258179212	0.12473788657760479	-0.02907116808429043	3.637078678452717e-13
1.8249700194319203	2.996964011599742	0.49354590561669187	-0.974718705632704	-0.13407119010281876	-0.028226933273326354	3.148998084179832e-13
-0.7044622420969862	-0.3523763076480907	2.0008250483941197	0.35864000475556757	0.2874766597390796	-0.026720423139957154	2.892594923940278e-13
-0.2444495056642134	-0.06469604802584054	-1.0493247854089356	-0.20805231553697037	0.02286869613314534	-0.02944453467362288	3.068556672635431e-13
-0.2744500719905749	-1.0425945132904408	0.5602515588740802	-1.1397362949545633	0.06069096617170518	-0.026966118256439547	5.298994362964854e-13
-0.23079991449255916	2.1273076812177822	-1.4818085087070936	0.4706336883679982	0.20497781624115197	-0.003399619015839756	2.5003397218006573e-13
-1.2050898112013875	0.5856886532397151	-0.1238850252683587	-1.778353315029491	0.5001502724479612	-0.0019161413041389715	3.859153138710347e-13
-1.8648220601328007	0.4667993115750148	-0.9434350568615492	0.8363366843655741	0.5286384983677667	0.024225259510735692	4.4215904596611694e-13
-1.8691186711179713	1.030388377731454	-1.3894139725276051	0.7335761789384869	0.5703124107859304	0.04344861448447588	3.519426942074976e-13
-0.24338081096030062	2.759140913932781	0.8018175574839319	0.13167471680332635	0.42925618944902144	0.01207434479129068	2.061940076676698e-13
2.0441209015789465	2.9811247704238317	0.740862007751329	0.8154240381630332	-0.25919600423769773	-0.0267860579433282	1.6996215392813984e-13
-1.0608956873168707	0.5242440062614757	1.0986287103550667	-0.8803989957470126	0.4865407558479696	-0.008229049798603234	3.46553793057661e-13
1.1545058408274627	0.5491958374574337	-1.4220000424175732	-0.847098877391336	-0.3198498706070955	-0.019782620578639894	2.7707715797274054e-13
-0.20672425269939654	-0.496176064585739	-0.2386878698949588	0.8012941221776363	-0.027906546216158602	-0.029181499442114865	2.480014756044167e-13
-2.9028098070233264	0.3276385881040513	-1.1470813464840008	-1.067201504528878	0.8925159147156014	0.08439532728703614	3.2423546330341345e-13
0.5410766515040654	-0.798518928408108	0.20247920417856108	0.37269288301868114	-0.23653730339630505	-0.01422075300323445	2.945276740430446e-13
0.8516014136205402	-0.6677050940368352	0.09696541283204455	0.8093947170029816	-0.3378428493948634	-0.0071407901941558565	2.1756781929760861e-13
-0.9013891589713258	1.032302838450191	-0.2665807224532402	-1.2139240086922163	0.42679916472678003	-0.003151241622553573	3.087190907356044e-13
0.3742082052165924	-0.46301593535218805	1.4401222972198509	0.1364151016628661	-0.0677458871896841	-0.02185818825359576	1.6219942337341423e-13
0.16747960540223344	2.503062269899521	1.862980391712413	0.14360388255922057	0.34090825463212104	-0.009302733241212134	1.171107811541277e-13
-0.2589095086965093	-0.6958728206826156	1.9404792369037414	-0.3899662007526791	0.14540871336155342	-0.027897182348054595	2.9119778030667487e-13
-1.8628320278441335	0.13006527229684303	-1.0990121425554413	0.10283583230470902	0.5114195345486974	0.014243638263500072	3.085434257085781e-13
-1.0692482075450218	2.951962937971669	0.7005184954158239	-0.30374329607509243	0.7114616676607879	0.06494086508329047	2.9606480104840553e-13
-0.8701735231297709	-0.5102393783221774	0.7180508659711871	1.279016913391288	0.20488290514450375	-0.02627332114691839	2.0326796619639855e-13
-0.17060217281249795	-0.021645533346710218	0.017827774257048012	-0.8830155449768526	0.097298432037107	-0.029205530422461583	3.2591995264660553e-13
-0.9520136198451249	-0.6088671197667581	0.6932577563762816	0.847366880247018	0.23468485510657922	-0.026014637896429608	2.1921768840148722e-13
-1.3909889179432	0.7302106984134868	0.01892630375040379	-2.402245332350415	0.606034432030777	0.008990325252129712	2.5027229938458506e-13
-0.9477133540146289	-0.622301740409424	-0.632027849014677	-1.7805221276449565	0.2604548538923565	-0.02642886613465118	2.5956573674417e-13
1.370235645250678	1.5964697827066818	1.7933637955877286	-0.4906968246883276	-0.09288844942883864	-0.024872162289579485	1.7279510492331454e-13
-0.4773387335444781	-0.7078155753436977	1.465416809873544	-0.17829943716895172	0.17153665544455013	-0.028897842952116722	2.682707330725346e-13
0.09868608521825661	-0.3173184888623268	1.7158296404234858	-0.28335869858413226	0.06284280065794635	-0.02684605180168511	3.127694875171656e-13
-0.7307216231918179	0.5014901997918444	1.8005522289410845	0.29313968392392026	0.37929072179300144	-0.017702999330894288	1.8792239219713702e-13
0.8144056130481239	-1.639155267589446	-0.9696033897807204	-0.8688362315119418	-0.42500773294194605	0.013674786458010029	2.7357201885841455e-13
-1.56799069437005	0.38108721244795646	-1.3043845002094692	-0.04489349348549093	0.4444950143364855	0.007841561481847411	2.512284463655971e-13
0.4597316029242384	-0.5067752846563542	0.6727232471979604	1.2910905401300148	-0.19098101916560184	-0.02013445759905059	2.7151689883050764e-13
2.4950752325539076	1.1328886135529304	-1.894737573312304	0.32778341525302956	-0.7266384349731657	0.014658654928318695	2.8573198589824186e-13
0.347713462297102	-0.6802964607046824	0.5235802805704224	0.37224041281935205	-0.147855294364776	-0.020429328822659996	2.94214687205405e-13
-0.7288287137320202	-0.7538995326917842	0.07968241108521967	0.059516153486899925	0.14824810373329114	-0.028935435222041752	3.937639095996665e-13
-0.6168531353916874	0.260710789494159	-0.9471699968808218	-1.0914934020377522	0.21130760735354678	-0.023307717784448803	3.6644910901391593e-13
0.9792261872868454	-0.993197343523435	0.7182740420592445	-1.711588924891119	-0.26895154756724005	0.005608398457517292	3.0879096224054947e-13
-1.6828032390297205	0.910690437730352	1.0276588032060983	-0.9381840151998894	0.7140653547759144	0.02800217652114815	2.3574563045715973e-13
-1.558722726080251	-0.1312232541942894	-0.037393698541585814	1.7020847510760317	0.3891973728967091	-0.004716538668341084	1.3822123759536599e-13
-0.5204314219140463	0.1029627357519806	0.1634504805123262	0.8262288150011112	0.1531861811325795	-0.02604844205075957	3.567594858547274e-13
0.9572154151213278	-1.5371489981199653	0.1544564642639043	0.4570234867284326	-0.4428738708726501	0.0187440498840618	3.197177208313784e-13
0.24479299714764585	-0.6170836152529474	-0.3350631230729509	0.31309830742278133	-0.1598363520696273	-0.02365078362068997	2.8434957923444106e-13
-1.1462027375077042	0.5636068576879846	0.2334298308866933	-1.2177945867183315	0.47845840458092526	-0.004532447697759118	2.9204312230849295e-13
0.4089864083993385	1.4142061676554962	-0.8413562505476095	-1.0121161938964278	0.03528075524673158	-0.027571433939287727	2.8358199681592715e-13
-0.34543354102920537	0.9608699954679166	-0.04597779008744703	-0.40505021752519743	0.23287649558736181	-0.020211382228788197	2.975375160782233e-13
-0.28595509826147086	1.3093685468537097	-0.25751507061959755	-2.027209508598141	0.30727923118052913	-0.01674715163348502	2.85211985850821e-13
1.0682070680596762	-0.716703484866871	0.12077075132954061	-1.4857782011887941	-0.3107315790145601	0.002004230783598431	2.7653792854208696e-13
0.5506250405502163	4.468180894369529	-1.0901949909168764	0.7181413550898704	0.24310997909725354	0.02370001931993642	3.5550944161729927e-13
0.8101973866441268	-2.6741979225199737	0.39612777440608277	-0.7500915641003915	-0.45559021412318645	0.04887370662054776	2.809837203709545e-13
0.8904230720605436	-0.6725948169285354	-1.210768786906442	-0.9917708054583408	-0.35417433160636697	-0.006726139301645158	2.2436750247589259e-13
0.5419299498257638	-1.8843056384578978	-0.2573533202106796	0.6962873302866068	-0.39302296007368365	0.008468438143864646	1.8300737407720941e-13
-0.8418107293161289	-0.29138537423066774	-1.0186553587319493	1.2176823937622945	0.11883662797499114	-0.025168750774157977	4.2303672403417567e-13
-0.6549713224418565	-0.7893918276176525	-1.046942703774228	-1.012968271653433	0.09905020508081083	-0.029673243014481755	2.5340233127680006e-13
-2.1565195999735685	0.13351543395404736	0.643618181675653	1.4631859483527865	0.6485748469170408	0.028527418457789416	2.725606870825804e-13
0.021594247253035936	1.3072502295399542	-1.5811715737787173	-0.39197400467320215	0.06900230481244679	-0.023410291277458355	3.289956952182372e-13
-0.40336075625955875	-1.9536720058656305	1.351097446828405	0.39014275021325234	-0.014618799256428564	-0.020008883068788747	1.3846080956642252e-13
0.9909515273780688	-1.6340100507758057	-0.4707136459518788	-1.9169243449560205	-0.40292842126551454	0.02282643615861688	3.059846896470686e-13
-1.4475364782901923	0.429154069898685	0.24081874033731965	1.573022358778621	0.4397510250021456	0.0037745689520747925	2.7935797082495947e-13
-0.2559875769766802	0.4104753827754906	-2.2784340596381645	-0.09391200983918771	-0.00033700626095934283	-0.027465441006672264	3.340507825114133e-13
-1.2420021386130577	-1.715953985451755	1.475674190772774	-0.21186927602369532	0.29065833305668504	-0.028958379858420955	3.708930258186658e-13
-1.6624465714408465	0.8114721006784947	-1.604228246865343	0.8659687374951404	0.46533366030079265	0.024668099495282952	3.146942699857849e-13
0.07947549879926054	-1.3805173267130415	1.6875857162089307	-0.49348718785829787	-0.03867394853578917	-0.01631055823087903	5.583896400072832e-13
-0.30330032461609063	1.3236749868579745	0.07351778743818446	-0.5582305232514737	0.27353911758438637	-0.016080270449265965	2.6519861911149977e-13
1.671721526527834	3.2205184257692205	-1.438137815279081	-0.6533047331340065	-0.19338679080210236	-0.028624151581671874	3.054467937679364e-13
0.7874816003677335	2.434605752929884	0.02287015871985169	1.2579770935086905	-0.007379835594402224	-0.024410854528209572	3.9855925201055567e-13
-1.1845598075164134	-0.03294802749272369	-2.281143725411952	0.14400214167419045	0.21778508105127822	-0.01452753566439166	4.97311795324964e-13
-0.08171640664005923	-0.16737503872671647	0.3603886735202587	1.673180159655164	-0.029214276611871457	-0.02910529175690694	5.333380719352835e-13
-0.6015222228598781	-0.5513845443269624	-1.9857372288788437	-0.2288363229848617	0.020622547060694885	-0.029541640648407787	3.187385274724862e-13
0.327482284342007	1.4605547158813548	0.2393990027631213	-0.3381709042046521	0.10159602348357177	-0.02617512205157488	3.266539115472754e-13
-1.1470992152307748	-0.08986380091970066	-0.32292252894558743	1.3658177098917395	0.26743485245409526	-0.01639979952125637	3.516876421098347e-13
-1.0276648927686438	-2.5947925164879555	-0.18474783211898327	-0.3352836115992049	0.03802385692099256	-0.02550840766568411	2.360531696751221e-13
1.7550727373816317	-1.2140046299226899	-0.37876463490971607	-0.9554489471102691	-0.6146659067881535	0.05305226099725809	2.924792052390221e-13
-0.4262340662782777	-1.1251556744861089	0.12294488207483306	1.1221130125343135	-0.022485557179066057	-0.028219180758054605	3.24067919010985e-13
2.7483118405329923	2.043683236646204	-0.4015214681216249	1.7857156803665393	-0.6744780012442417	0.0034232082001111244	2.6409900207771335e-13
-2.1636177152748433	-0.014694754818668767	-0.19959406865635831	2.187515222548778	0.5540180531452609	0.024511690680869502	3.0410546483184164e-13
-0.3027658481929925	-0.998148937010841	-1.471441654917012	0.8387011299181948	-0.12912769792752318	-0.028545880666882836	2.0033462271888726e-13
0.6116923626347605	3.865865808498139	0.6102877991198952	-0.5803684670628467	0.3130387613014577	0.0041025799971276065	3.9589458742378737e-13
-0.9428239877018542	2.257775273179819	-0.8204947085343343	0.11177370718956585	0.48760811671869797	0.03235617233681395	1.5867015502525473e-13
-1.0189298165854999	0.16646283535769357	0.13542377554767843	-1.3175802357815942	0.3949336639992038	-0.0156922557638189	1.6283711705135202e-13
1.1014599959623748	-1.1768522146541491	0.4851310408477137	0.7549659939857167	-0.4392711045952917	0.01569645590745928	2.052204328240502e-13
1.1379059141164447	-0.5423730090303117	-0.4520967381952285	-0.30995243475533335	-0.3952284134047629	0.00014380169660473357	3.3972427915558443e-13
-0.15587050780132164	-0.9380585210175839	-0.1268861123078038	-0.2201696045795477	-0.0419466680848673	-0.026671091588884754	2.4802482399756746e-13
-1.8036204457340839	0.9914544951906339	0.2475124151770003	-0.7405711820198344	0.7046701703207008	0.037582651967792986	2.8058591670905723e-13
-0.11744421306052188	0.2513376878986492	-0.05133823253762162	1.065695193556466	0.027025716663766873	-0.028812982262345965	1.8702662835966134e-13
1.0805341610150374	0.9892583986758073	0.09196045723063417	1.9255792172394057	-0.27398190830077473	-0.025003645444545242	2.7947568488896504e-13
2.012597881535837	2.8846089263741264	0.5891945991290904	0.23909894196023251	-0.24572473069060352	-0.026632595395963785	3.3906399047443425e-13
-2.16587465498073	1.2259281739768435	-0.5677276182684646	0.37278041943565027	0.7458623455031571	0.06982834929107354	3.0351650883719604e-13
-1.3060219846863448	0.09183540631067007	0.49491568214757076	0.8347840371196155	0.405655737353666	-0.008700406208373878	3.574007103566077e-13
0.7718840170331683	1.4199566376432444	0.7280218556188632	-0.030955725918103066	-0.017933141853242948	-0.028700787446601834	2.6470006548978713e-13
0.178466715176041	-1.1357878534654555	-1.0431681529232175	-1.0853102762303486	-0.1809470267091278	-0.01925404849713806	2.1903137190266924e-13
-2.5981039509905632	1.4893441895450192	-0.7519798884155678	-1.2611164850196348	0.962709075025641	0.11506471066929785	2.560797844104193e-13
0.45819764878050157	1.1102785159306543	-0.9819817567368637	-1.2629253005284082	-0.010475380432217045	-0.029146297299813974	4.286454071178754e-13
0.9003501069208477	1.1017455605601976	0.525027040188709	-0.7133406388326299	-0.0744429733316317	-0.027492469739104918	2.343663222013794e-13
0.9002067694123997	-0.6546441134270857	1.3394399128182926	0.2752747445685358	-0.2542641188102816	-0.004699841097684338	3.22888148680796e-13
0.691437976061655	-0.6513784385419858	-0.3257528642374365	-0.5670795119194829	-0.2580098088180479	-0.012766039921731075	5.209069169594288e-13
0.43608464767188804	-0.7928358603464556	0.19959639507429044	-0.7410417418392237	-0.15956848749768068	-0.017051721330236514	3.136892768037506e-13
-1.5256927165964997	-0.48595655459910764	1.882460647636602	0.10790785853854104	0.5206335533668596	-0.012620272752027132	4.0849326210700674e-13
-1.0379135596119542	3.321231958013377	0.5892194048482087	1.0045568075375784	0.6830894184535972	0.07829796277460284	4.4642784353544186e-13
-0.6188457763044476	-0.07347162766510423	0.16961104581096903	0.6157088408399557	0.17220527924847864	-0.026171764570817727	2.8897651836359993e-13
1.3370708932443538	-0.32125171180832957	0.15537908987049784	-1.2499443750963501	-0.3549498868070007	0.0034537981578966663	2.218517373640573e-13
2.4359629449426223	0.548736313228144	-0.6310239347514517	-1.190344059575405	-0.6328728878568283	0.03082472323175116	2.9497053313734455e-13
0.8456417310799901	-0.47791188631991666	-2.192120373019683	-0.17276343645211453	-0.4127810828330558	-0.012646042996401144	2.8953816771531726e-13
1.119075232686191	0.7351912491301402	0.07658555936696461	-1.95012904341682	-0.15440724352396312	-0.021796677905338336	2.814714124150871e-13
0.4112756848218987	-0.36643611085439437	-1.6438104036062804	0.6130209082819117	-0.27267543889861656	-0.024084412557578552	2.7210371521787335e-13
-0.6679369048603171	0.2841201957519871	0.7323312513535449	-0.479459914201986	0.30452560523202526	-0.021895480711172276	1.9667099538234585e-13
-0.021073814765285963	0.2372692173670376	-0.39089945973384777	-1.716160219243886	0.0908102478178504	-0.029264949645493636	3.3943284688766017e-13
3.6641534226229404	1.9675081116050892	0.3673272724470159	-2.060269014603707	-0.7448703097996414	0.05552208432880383	2.3182272101949433e-13
-0.5735900628504619	1.4077056569318303	-1.8978652640771039	0.29881891753311063	0.21034088086014963	-0.0065433035782150265	2.8015448987266403e-13
1.4294520205653916	-1.6459499796040664	0.6260516577681595	0.05398568497511545	-0.5466720860143948	0.04973134627091487	1.7211193022911646e-13
-0.3920403592964261	0.12050922702816892	0.09462435592095961	0.4547371780187671	0.1280892497016415	-0.02737183650810742	1.4455471778272344e-13
0.9590136993361146	-1.7562780398740296	-0.24749474427813592	0.5086496580503163	-0.4927154751483111	0.025078157845522035	4.25834113112669e-13
0.5149222767379804	4.492475052488294	-1.6325765244534751	0.3722878776295879	0.23829737347138163	0.02644590913811736	2.625767637127309e-13
1.2179013897241076	0.5028491425616477	-0.10851906869851898	-0.49869462639313705	-0.27900497614251174	-0.016745246297405487	4.25605854762119e-13
-1.0007152794917118	0.16408701242223853	-1.0414260326000164	-0.9403791557895784	0.30328804106048685	-0.016239439758171215	2.964256820142558e-13
-1.7880856367189926	0.6525268744181387	-1.6947067422558595	0.30382064523810753	0.5031188665227782	0.026257850626883062	3.289874039204177e-13
0.47621009750712345	0.2132780838048872	1.25817112439382	0.6875447530748825	-0.05863924024281565	-0.026335271030267116	3.818194028320167e-13
0.9486039556545501	-0.9579183511673411	1.7922390608241952	0.5751629178668435	-0.2857667424310129	0.004359002584197766	3.7633170816801686e-13
-0.850041386656543	0.7476866450874377	0.9999251149572964	-0.2856773831029984	0.4177827913155592	-0.010576501452619255	2.58668510830938e-13
-1.7827187322775087	0.9706672712208212	1.9594789141408266	0.055155737427232475	0.7658228981433108	0.03508726993305899	2.6430024363736115e-13
-0.15081745993038892	-0.06963520655863513	0.12236806779989157	0.5620915810904653	0.033171648677060094	-0.029265939581867826	2.3222592966266543e-13
-0.5697209681338994	-0.783145854274185	0.012058122450883892	-2.2593933820979877	0.18909087695333526	-0.029438130432609243	2.391298147804966e-13
0.316989839077461	-0.8656902931146614	2.131584261820274	0.3158290784908335	-0.05998174971850184	-0.01761407936798945	4.2215214523266586e-13
0.3352671114451118	-1.9084514694521806	-1.434083064086788	-0.5131254085852142	-0.3561389021681159	-0.0005560409891522103	5.292193486507613e-13
-0.4135709499491119	-0.6059018163247595	-0.41094984641396864	1.2724879436710632	-0.008267132766817838	-0.02960449953418612	4.587642793024439e-13
1.9693232703081862	-1.3432619854842038	-0.6725046632307097	-0.4940797170274104	-0.7267188667300254	0.07270266769204622	1.5026571239856372e-13
0.7636786368489259	0.6437162927433759	-0.47536224315941233	-0.04905512265164841	-0.17069466380974918	-0.026770130949993948	2.525757381022231e-13
-0.5971694556168144	-0.15020525023477288	0.5323069971418146	0.17125264852042218	0.197372071259608	-0.026884401199414848	2.836897383673431e-13
-1.8680885394711089	1.0945633303137052	-0.0006710050228469766	-0.342800788604705	0.7044517083088895	0.045106370905465765	1.711998598441511e-13
-0.6053078992776563	-0.391179918096857	0.021427442900231023	-1.2278886727918477	0.2004009616729315	-0.02827843192246663	4.0196945633983174e-13
-0.40648458109977437	0.12420013869718842	-0.3754381086064036	-0.43819736182500846	0.1412848294512303	-0.0273111074217561	2.744285852897368e-13
0.41302147918657395	-1.8031729448741272	-1.329829910063058	0.5506474682262325	-0.40511618151591633	0.00010764135175461145	1.6185328474856536e-13
-0.16753207396758463	-1.465362771064686	2.013872013159522	0.24669533137372032	0.01397823355989152	-0.02063196546535179	2.441723716774312e-13
-0.6760809572779153	1.917251501186628	0.21431220666316098	1.2004688755904591	0.3867930858728111	0.0089630262281607	3.64371114194105e-13
-0.0010701884431954106	-0.47120683747576	1.0925925804497305	-1.2630869687669382	0.0785701183106572	-0.027247568970509464	3.137214301093927e-13
0.10485988558169014	-1.6114178403488335	-1.6480947092104226	0.1743341522245325	-0.29813853818131364	-0.014399065128558961	1.6643934929131308e-13
1.474609229440311	-1.3323316608776543	1.9573773022301153	-0.3851096426544093	-0.42902358313245426	0.04257723797369733	4.579210350394532e-13
0.9037115449927782	-0.8107324109235627	-1.7992848517217561	0.12485213462707916	-0.45387268322034846	-0.00389265245341157	2.510034606632626e-13
0.29538203354884524	-1.5069407870548475	-1.334729673162546	-0.07759056575971436	-0.31371269228142684	-0.010269665287383748	2.9186354000793326e-13
-0.2118484549110617	-0.5959478181575343	-1.4456719355842096	0.7638762383047386	-0.10795105076006317	-0.029473399905768576	2.2763448374268416e-13
-0.1582537062983622	-1.2758291452569535	1.440465107427426	0.4253791971817421	-0.010126592703245937	-0.02292312442404016	1.2911616275145946e-13
1.2725890366070312	-1.0373133408353843	0.05039171824244947	-1.7926399393262733	-0.3958633212819402	0.019710343687424275	4.5166507693810414e-13
-2.1729869073236507	-0.2043330760042032	-1.1260658597682631	-0.7517770479466779	0.600966993841566	0.019464208804387647	3.2398668075217734e-13
-0.4457005048706375	0.12412570378167774	1.0520419677484167	-1.0641340930422434	0.2641173017444782	-0.026562244985441304	3.550128877176939e-13
-1.3716812449613023	-0.3479809393573357	-0.3397700512410254	-0.7641693034960324	0.39255760726910655	-0.014600585262134232	1.3469761678954374e-13
0.3722813578267704	-0.38276659829899157	0.5147089693385151	-0.16545850525329173	-0.10163442334637654	-0.023291914915271304	1.7035498449044377e-13
2.3472450306863553	0.8277518957951576	0.8232616069543253	-1.0042955233561133	-0.49809715144769273	0.01902184588580216	3.1657298060914827e-13
-0.6956929464979734	0.31342021129859715	-0.6774616767572185	0.3329982602619831	0.19822377133222746	-0.021168010748981524	1.839098216583916e-13
-3.149471415224831	1.1035635518582951	-1.3917532961667118	-0.5657989712092414	1.0200077266171428	0.14359180029580612	3.6716579096788154e-13
-1.0273761851291172	-0.70685592430618	0.13811615069758462	-1.8721713902611603	0.3247967667475291	-0.02591423356204789	3.133775556610923e-13
1.0392785532996884	-0.5682353249138982	1.8189432161885544	-0.21329968678915412	-0.23695360354474582	-0.001077280891009732	2.0893414787317228e-13
0.6681988952619061	-0.24910633932893803	2.1490905349927365	-0.2317137192097569	-0.07364636269620263	-0.01783351130302809	2.8610239093087167e-13
0.1536718459947588	-0.8741559058274204	0.390241908976818	-1.6485296526968234	-0.03660258444996705	-0.022089353121286105	2.703167872912077e-13
-0.6052732436288809	-0.38841200479216725	-1.8632282288801894	-0.049261108312550095	0.039418771535624925	-0.028783903902733825	4.034059102328798e-13
-1.4060988453144856	0.9545887187736204	-0.30299692340458295	-1.8791194670969886	0.594716870697832	0.01585594170134862	2.2683942444378358e-13
2.5593090682031194	2.9325797242547367	0.10009233173747493	0.44351276653907107	-0.4392490331623277	-0.018630583596549486	4.684289953901898e-13
-0.20365033915812553	1.8195610617999012	1.7321248339513966	-0.670428744828985	0.4021909875156774	-0.010557602021070468	2.0135909802779475e-13
2.426350756798234	-1.3446148043948798	-0.2787113315400408	-0.29464807712220703	-0.8432363863144736	0.10924792908816769	3.5339091302696367e-13
0.5917925926759686	-0.49385300750192623	0.5980530967181453	0.2901567184111737	-0.191774511370913	-0.017295457259362372	2.3296914973548717e-13
-0.8700876964416292	0.005133351252410232	0.5684641081011933	0.4525258374408768	0.28612730245665363	-0.021293156445476826	1.6322632515418194e-13
-1.332862185231405	-0.6909099074046867	0.5731538105026582	1.5124984312960412	0.30455498602855424	-0.020486181383865397	3.417135615814307e-13
-0.2288296286387375	-0.2455325761740774	-2.100060137250124	-0.046580091012235404	-0.07094231235096428	-0.030119043740448284	1.903561591477837e-13
-0.30535542888530454	0.05729002544449387	0.2513953431777838	-1.7296367985929266	0.19455576049686635	-0.028331247020538013	4.0706349299507216e-13
1.1429585119112666	-0.9369636084638974	-0.22507718040144248	-1.8305410310315782	-0.36245530296775724	0.010428004337903321	2.0271642451458362e-13
0.6131371044694991	0.4961523315168063	0.006931175101245428	1.76486362274088	-0.1877591486064361	-0.027259631093448918	2.163450699543785e-13
-0.8940435598741011	0.38109606738285345	1.3728087969623644	0.04825681088614542	0.3992442462386135	-0.015518255742768208	1.1993556267999832e-13
1.839721010737856	-1.6166924920793597	0.5732874048152574	-0.16360086252940054	-0.6565680948474766	0.07672216465467378	2.5282957145060545e-13
-0.008955274265222706	-0.2216194585793174	-1.213425062229939	-0.8171451679933041	-0.04863866499148672	-0.0293596126412879	3.8549266579793884e-13
0.44165464080060374	-1.2769940132764988	-1.1239284544191095	0.019666123923547784	-0.3234245188479985	-0.009762135760583258	4.668240482075296e-13
-1.2649630656148076	-0.5866433325370747	0.389916259464075	-1.3698791998038031	0.4031016066807976	-0.020594517728297887	1.7058511828819635e-13
0.3550083879734971	-0.36770538200696873	0.6702913996105444	-0.3557950089767656	-0.07779520204843783	-0.02363792630102074	3.2629001786597927e-13
3.7469326105598544	5.42881401708791	-0.3786571974372291	-0.7676406948544263	-0.4998502311116197	-0.02391098226248402	2.809825899552147e-13
-0.07930986401326955	4.849616514960115	-0.782297602443291	-1.3205712434595718	0.5780157214731937	0.07598157850349842	3.13092572210937e-13
1.7485852647192497	-2.0876670370441994	-0.3878550282357967	1.524082975351563	-0.8061899441281184	0.08966964064635742	3.0998907378920483e-13
1.2155297419012379	-1.2460445615032143	-0.4891221492118357	-0.463249319465598	-0.48819298001033923	0.02248294452608994	2.84076867790955e-13
-0.5552481490180461	0.02091738833330801	-0.8865930604063378	0.6244450567176913	0.0999822712040149	-0.026460169924635443	6.072798223451538e-13
-0.4413369018062588	2.0638272600060543	-1.6417769862620044	-0.20908861170257131	0.27937384120132186	0.003163735952587199	2.8094530261775986e-13
0.5056007418770793	-0.06600389046113497	1.1551472353030363	0.33321776592106367	-0.08896237688572321	-0.02378163281862175	3.3082247704382214e-13
-0.31777229597079587	-0.7824702325680877	1.19181684282139	-0.8493048918662404	0.12744789721745503	-0.02829308744226766	4.0492228617710824e-13
-0.02874378566867219	-0.9923567488050532	0.7400064936178637	1.2103918732240802	-0.09202142469445017	-0.023962657162793975	3.157159035813894e-13
-0.06942132786092134	-0.6765008052628727	-0.7274319748361211	0.6881782978650905	-0.11255135025969232	-0.02770905895757821	2.264208856359138e-13
1.2740353680798469	0.8298248078228351	1.4732457630925597	0.6968251092824599	-0.21479251420624132	-0.018913273195767508	4.2974381492402524e-13
1.6686304615196488	-0.8132551260402225	1.9355053157032909	0.024388296281927686	-0.44899894328931983	0.03583188541860811	2.973217508989464e-13
0.5847270353737662	-0.4938003646599532	0.8363495014328054	-0.4377773628420619	-0.14552533974157217	-0.017285453810992578	3.052066031076254e-13
0.13889008980892173	2.9733886161753644	1.9523134008326148	0.162740161962615	0.4058988243048816	0.0013987974562527485	3.824874650539549e-13
1.1271163046082786	-1.5640142576558027	-0.2752145931963808	-0.5559661291326509	-0.4793187118779449	0.02800890374052527	3.4566699188156627e-13
1.732128752925022	-1.2047332692102517	0.38056180746282836	-0.9833708047842954	-0.5603515328417489	0.052129051766744504	3.6162418894886235e-13
3.235863878280972	-2.2541417803017234	-1.8622549604843708	-0.3048630852034387	-1.2627615460283552	0.24431123691000062	1.8195023123897786e-13
-1.8651656381116664	-0.23607639011516576	-0.21086334000422835	0.6034214046946899	0.504146920548186	0.004533961490951554	5.824213354091148e-13
-0.3457102485884527	-1.248473151287126	0.26598508160484063	0.8062722677630265	-0.0379900059156485	-0.026613477606544547	3.098830368682943e-13
-2.4703966448905326	1.4087898080023165	0.6057893160869117	0.6727131934710845	0.9166304492470274	0.0998896045929928	2.2447562411643403e-13
0.42610501653291977	-0.7334827448904195	0.2620702986450079	-1.9276004002474496	-0.09783188101604814	-0.018073115889806382	3.496233454243661e-13
-1.0647817532379351	-0.4004820717780393	0.7821571821853952	-1.0469946668881913	0.3740837201480527	-0.02225823515533134	2.4171555275091445e-13
2.052088585531199	-1.386575918140608	-1.6036717822420248	0.05025204400894309	-0.8333557561823913	0.07944668265265445	2.6317009449080333e-13
-0.3931643097614688	1.2941804606702776	-0.44129781340125196	1.1924376629456541	0.19442943258193957	-0.014197323984648543	3.0213905219550574e-13
-1.8044411483488865	1.3888848341693714	-1.2331905364965599	-0.4796900852393158	0.6500389776031061	0.052621554729460396	3.1320310676053946e-13
-0.43835930528248734	0.4384465163284829	0.43946587081414035	1.5005613665099884	0.15424215285903886	-0.02426597527648194	2.661860319138444e-13
-2.491166360138676	1.052874431238875	-0.4350541711856003	-0.9175681088237654	0.8858378920208888	0.08569563377266819	2.2053985976111778e-13
0.3113775770512945	-1.413712626028248	0.5377772336370814	-1.5142706117964484	-0.13723351410998105	-0.00999219502917694	3.571940332113749e-13
-2.4675087897046564	1.3951646746057886	1.9186101533389188	-0.2351033077194222	1.0300005805821129	0.09813406335370242	3.76410035864684e-13
-0.49304947594175125	-0.9475978957906848	0.28713426070196313	-0.4834239322279356	0.09217785052689925	-0.029111759020805105	3.346401063562386e-13
-2.7808322009873163	0.8571471872644453	-0.3797563663495423	-1.967065318406089	0.998034015904351	0.0988643801279726	3.1103653649875813e-13
-0.6906972305686718	-0.3854229561749842	0.0421717453004216	-0.07779116749082025	0.1803962726024305	-0.027526697595506577	2.968514082386204e-13
1.3818155772372702	-1.8438333731016618	-1.657458175945224	-0.34844308923009015	-0.6740324319013457	0.05147490010454633	4.418343517288741e-13
0.5921356797095111	0.04748314247388555	1.2538197405720395	1.115405637028826	-0.1284513777558125	-0.023407823158019325	1.913950618955515e-13
0.22626006598446202	2.587199600438735	0.3452062622822771	0.0726001604361496	0.24464799391948353	-0.009503539704894873	2.2517636996553588e-13
-0.3900946778186389	-0.6271090557544435	0.02555071865032259	-1.1983160469686553	0.11007884538215434	-0.02937108340281464	4.4201023326260206e-13
0.9765412572965882	1.5245567972731804	-0.5189763788204873	0.816112246941213	-0.17663273625632775	-0.028915053977311114	4.037626388373189e-13
-0.03806779555473972	-1.3456505775966519	-1.3235813794403481	-0.7361406053167934	-0.17092731413275797	-0.021511617433434205	3.3280086361373523e-13
-1.3068743582582438	1.3709856127295903	0.3378091833284638	1.0794484218651414	0.5280490419075591	0.023106289777063957	2.881081421771306e-13
0.12088331630184775	-1.3034910398437836	2.1927051597715947	-0.0872149174954641	-0.029000588055259964	-0.01606532563422749	2.9432687289364665e-13
-2.9992308520160815	2.3052086201213133	0.6552059309674007	1.0950870043508905	1.165219444863989	0.1974116282371896	3.409628462873299e-13
-1.1354443966953836	-0.3161417474593186	0.23583457515187042	-1.0078336851550158	0.37004499589539264	-0.019872078442957505	2.676736231260551e-13
-0.9073701841709166	-0.3064512692361487	0.19379773875690762	-1.040050335399536	0.3019925444583961	-0.024074992739032925	4.099472416236457e-13
0.2937964812877003	-1.1991518189989174	-1.6715348295942227	-0.5932213648798664	-0.279442937288152	-0.01587454160843874	3.8077893408582e-13
-0.012039885027559745	-0.12093297298159263	0.5536760039602513	0.18581753490363095	0.027849898938438547	-0.02886463377700063	2.961294216515443e-13
-2.355176872017377	-0.2648130098409441	1.0084031326692284	-0.8532793129171101	0.7809505268422896	0.026235159922029076	1.657209807677989e-13
-1.9804294693643703	-0.8005628046319393	-0.20397986747904936	-0.025181274547768005	0.502517763249038	-0.004072914660162289	2.2686554528564248e-13
-0.060603895614546786	-0.6172655499875443	2.103352785567558	-0.0920898404860795	0.09288277118939693	-0.026527478738802325	1.6472822430491674e-13
0.2947186697457143	0.609954705701114	-1.4953671170168197	-0.13817480029425486	-0.09324294321097377	-0.029708622216190587	1.5197882136481457e-13
-1.3989077719313114	-0.9468499265727507	-2.2651547918793637	-0.1651776948335709	0.19512207766996065	-0.022599750175588258	2.668189190212494e-13
-0.471028380049393	0.40129022470653497	-0.05233143052435982	-2.009569567495852	0.2745544151860505	-0.024175339130006312	4.921831646801261e-13
0.7287675317277301	-0.5836788185624483	0.24315085812020096	-1.5520939993645635	-0.18719030551280136	-0.012382867759160903	2.204170115976095e-13
-1.0726938330544316	-0.5075704739379816	0.09318195125141486	-2.3477114737356453	0.3768694697318764	-0.023373195558881857	3.814650129522748e-13
0.3539657385619595	0.7756823880519218	0.47019853203394757	-0.44564980246596064	0.037548516830149994	-0.028932721507787633	1.5989366334531425e-13
1.8909076813200338	-2.1859741852447456	0.7313233882410167	-1.5644496160162207	-0.6634218986858891	0.10777079223428485	2.6108938263802053e-13
-2.1131202202845114	0.1691028989860987	-0.00581935271642908	-1.5652366983983863	0.724931747912322	0.027518096615970905	1.055129744498316e-13
-2.168176607468244	1.287822687452953	1.3926110540999497	-0.2010560973941889	0.8943340133579191	0.07150776676209299	2.909725201572999e-13
0.44648230956205986	-1.2910125385138567	-0.5013014089694439	-0.9176255634814571	-0.2505244133929163	-0.008816205586018965	2.5385628763982313e-13
-0.521994391863721	0.8374128656240748	0.1432748745125643	0.745727724866802	0.23606944354318207	-0.01793068365765489	2.9229059761797747e-13
0.5020691694641807	1.6257399220693634	0.7372560428645143	-1.4460654591702773	0.14304146008087978	-0.026817585655115644	2.2345814422531705e-13
-1.2362406085450246	-0.09527110381010274	-0.1684326320420151	0.19978783735158942	0.3505707568499636	-0.01411993676672334	4.3849031900412743e-13
-0.8011060973328705	-0.7048293235564886	1.1287251152086304	0.9725111393412461	0.20037021659657883	-0.02800326195032742	2.9169143413709436e-13
1.5617524087371693	-1.4233746765143553	-1.174208556657346	-1.045664917018891	-0.6245620453403088	0.047656983312014595	2.749076565115865e-13
1.2992686701387084	0.10788786859880271	0.21222993997892187	-0.18759277821830322	-0.3385286892997706	-0.007334991332377246	3.3962601938116755e-13
0.6800278416632695	-1.0670508883777583	0.8161353647123097	0.921443107175174	-0.2915859107478644	-0.0043394276790403395	2.5668045894814187e-13
-2.178879202794736	0.014557833711203975	-0.9761623235603968	1.3368579268260299	0.5503172273911152	0.026444586215494427	2.4399421222375773e-13
-1.3548804755364419	0.7090486919803654	0.3822088910394566	-1.4717553210114493	0.5763997512538893	0.006846109886950262	4.835190794909965e-13
-3.405099461713146	1.9938526766726048	-0.4970799784965288	-0.0756016372629105	1.2330529304393092	0.22194958771583698	2.6115808422342423e-13
-1.1760391149442773	0.09792105793638821	0.6276548365263643	0.23241671610111475	0.40015240891200643	-0.01252571885345262	1.3082038578347291e-13
0.47222019611859245	-1.6656148754220597	0.07382836161431174	1.8199058148685132	-0.3757768461522625	0.00043395603995214927	3.5346982083994427e-13
2.7112140148412798	3.131773573318463	-2.2726975258867963	0.03386550494320928	-0.5879536323500271	-0.01940119228343776	1.4778916685957024e-13
-1.1500192886497502	-1.4489224126295899	-1.6773059351261155	-0.4340430317318788	0.11264331636234748	-0.029580209743922767	2.2372006937198963e-13
-0.31092774970540393	-0.5158921452631842	0.09675474080087607	-0.9381409728457121	0.0922816092858299	-0.029299109470343802	2.923313796570413e-13
-0.9348546562208035	0.13318137777114872	-1.662036642073905	0.3191324493937963	0.19137901010198066	-0.018372146535831704	2.3722773852636796e-13
-0.042798728808075386	-0.6370222504894165	0.472411896370445	-1.5879305320889345	0.049189157953625905	-0.027018467204355284	4.202032789595351e-13
-0.19702557041499338	-2.3456658986861054	-1.3572536959618453	-0.006546836209824579	-0.26307199085027955	-0.01023509399365834	3.4735119687735625e-13
-2.2782621903126103	0.38497320190719225	-1.5312817718737923	-0.008788930314520561	0.6436198554267117	0.04480055589921103	3.5061516288426e-13
0.1504068568654538	-0.6015082699275598	-1.6616868503464144	-0.1499724920189938	-0.19085826330409453	-0.026035709253919778	3.7320303428979176e-13
1.742316827685705	0.5194176607049613	-0.11406154417945065	2.217261607460787	-0.5426978244154034	-0.000517160756965661	4.180296886251287e-13
-0.2208453651338599	0.6459136210725693	-0.1756260148253245	-1.546603376611356	0.20046935044598235	-0.025663171799198716	3.2746817899881446e-13
0.5070842646513647	-0.9661583069972673	0.2622726461153877	-1.6630316660605189	-0.15729134255275068	-0.012264653575594262	1.2532086858334354e-13
4.315038513677211	0.3620169830546092	-0.18355130839707914	-0.9753474677780781	-1.1756749589695905	0.1934927129566208	2.7934617061500165e-13
-0.29376216183287074	-0.27529234348012543	0.26269642195960025	1.8179731673765074	0.010050122867794472	-0.02925873492447159	3.0211816667198466e-13
-0.22811504403445046	-1.4356688407330376	0.09157399290100422	1.1414848768906192	-0.11695859803992635	-0.023335504879828134	1.744319811876086e-13
1.2700467723619648	4.010499357502485	0.6515443655685982	0.7499995138247867	0.07989593533945266	-0.014695801422144657	2.8890398508159146e-13
-0.1754732090111276	-0.8052380721404254	0.1992035643604232	-2.0917932533475883	0.07451940545028914	-0.02751374420939482	3.3178946043593086e-13
-0.04148887132111604	-1.2892622101704065	0.19462615619644938	1.43009987377772	-0.1618267652518054	-0.021347891479390917	3.359303870755034e-13
0.9532367178718958	1.0558191807346424	0.3900718690397346	-0.8141483128526602	-0.09894751544809234	-0.026825328352877858	4.028707452677383e-13
-1.940458070521142	-0.6524198011977687	-0.7645361978424612	-0.4226760510138887	0.4896658968707207	-0.002232383664988101	3.9467708304115543e-13
-0.33838697733805007	-1.156037520576777	-0.31420541823569215	0.6694776906028765	-0.05934580982726205	-0.027433775634260138	3.5067063484897164e-13
3.3989511538473205	2.025847088467487	0.7611031194904394	0.844895909830122	-0.757501004452468	0.03728086150921058	3.425544413176005e-13
0.8200786220137674	0.172120450516213	-0.369031540272374	1.7075590903021964	-0.3037138954650085	-0.021574433744557423	3.7439345596193527e-13
0.6197470108781246	-1.3937595543771442	1.722323222533642	0.21004455524101703	-0.22511439776550804	0.0014328809732377166	2.545279548953529e-13
-0.6761247269003862	-0.5712992918785127	0.3792572009289073	1.6766152232909775	0.10401572427471108	-0.02849966598218108	3.004158396393294e-13
0.3193258250846471	-1.4101443265622098	-0.03299828003494083	-1.2136873948011468	-0.18573841570812333	-0.010262301404179672	2.916290922321338e-13
-0.10268660381418739	-0.9662016581681391	-1.2462009019843387	0.851152827698728	-0.17170649026274082	-0.026405977154287833	1.7921751352403066e-13
-1.1286079117471897	0.5420084867951994	-0.05562169376008418	-2.2995024231070174	0.4979136224099897	-0.005573523530921605	1.5652174855865136e-13
0.3186786556758974	-0.32892741042025964	0.16533957433379468	1.6651274929625188	-0.17616223683316043	-0.024905621555343423	2.9006203973034974e-13
-1.2979626610583725	0.36994478574144996	0.09526902505363682	-1.7763202122295731	0.5171782070491057	-0.0032866770370512956	2.281598638419266e-13
0.08064702550182395	1.760455355165119	1.6386962591145233	0.12710538104837474	0.2725193648492212	-0.018787047607527974	2.1485025990538982e-13
-0.4797687824081713	-1.324141132246819	0.7664074644431549	-1.567818738474277	0.12085141863590035	-0.02730988331983244	2.1042904770003665e-13
0.014161890729715444	-0.7952313103074571	-0.35414775053285735	-0.2849823546404573	-0.08765043234140513	-0.02564644439074554	2.5546565566231053e-13
-1.3960421836328603	0.7221370748609943	-0.5757278745130533	-1.6803199541294869	0.5414282688915062	0.009123147026997071	4.950738703024367e-13
2.451922549383632	1.4007262916913636	-0.6635337342651939	-0.15597732822615157	-0.5920446160842219	0.006741777582383633	3.0172284198473e-13
0.03305719464361335	-1.4452798538965477	0.16560005802542274	1.710432036880779	-0.21367839690100282	-0.017639114997278244	2.188440592381661e-13
-0.9752932333433858	0.11638965738551767	-1.3007098725439943	-1.0285559544878506	0.2785618435534158	-0.017618591765345554	2.0421300716340777e-13
-1.745434908743368	1.071496399317889	-1.1126398520587375	0.5982543216125764	0.5597160622493015	0.03753789277197544	2.7342540000511015e-13
-0.19819552824640937	-0.010490381753675983	0.08536582519932216	-2.338196769776539	0.17046942741289975	-0.029079484563150355	2.143396341162198e-13
-1.0194887762705287	-0.640111674119574	-1.3344388621502066	0.6664353881866053	0.137324561328498	-0.02575124681694456	1.9971006199082623e-13
-0.2810385603791313	-0.8262473453004993	-0.5535866228701151	-1.0337333364644328	0.014869266393974498	-0.02868099000257383	4.866135518214717e-13
-0.3284322799611377	0.32715360181647496	-0.28052804953459165	-0.9254780315013876	0.16590236393128663	-0.02677644575932178	3.317298710196444e-13
-2.9357122111189344	0.42499831058086934	0.9159508393972505	0.8686641666950837	0.9573847912286376	0.09006166927313275	2.9533128839935773e-13
-1.0238809719275097	-0.7623387394269755	0.2368764569218651	-0.551652423812141	0.2694094920288345	-0.026380437634098346	3.8491942456587494e-13
-0.3540829349507334	0.10675676216162244	-1.5029804550409025	0.37048426147201713	0.02309402940188942	-0.028202883198832348	2.096507668542648e-13
0.19491431637406556	-1.321684792441487	0.3788221418276389	0.068737436670341	-0.16779516138751333	-0.01513990862841124	2.9093398301848037e-13
-0.8043512373145065	0.3828150958105493	-1.4075927667165782	-0.36362578821392066	0.2231026238508692	-0.017857094583240224	3.30983551651499e-13
1.1834398296892554	-2.210735336934546	0.5875241605597888	-1.6979216900157168	-0.4648549002399143	0.05553835475979978	2.993742410082735e-13
-2.386793524445908	1.0732590613055075	0.6929664640699714	-0.5000520861551303	0.906836938806598	0.07827549053424138	3.578462643985906e-13
4.776749610232898	4.7022935087517155	0.6711055858129087	-1.8686408998774193	-0.7705086489668558	0.025851853554303385	2.9435281184667495e-13
-0.6919710499047128	-0.6548563992180007	-0.7317944367974308	1.5641783713314807	0.03769949888252631	-0.02904882288544922	1.5725078427640075e-13
0.7711987886515289	-0.936287814578852	-0.5156148084910971	0.4775212512778657	-0.36597394476298006	-0.004934225626548772	2.6747199746883804e-13
0.02002961898053772	-0.22865094765280292	-0.09604635779675448	1.3991942389494625	-0.08200866479791362	-0.028734472690331813	2.415680399711227e-13
0.8945859475923944	-1.4100869541529977	-0.09749169473610983	2.2677940993251777	-0.5006629453686735	0.011822439706417038	2.6290102881527163e-13
-0.758836694204534	-0.36022914289855673	-1.575328635644791	-0.32121817076335213	0.1164969250099672	-0.026979803119648572	3.6928643761169023e-13
-1.2874525533813435	0.6719632829852177	0.01522437425375778	-0.8352889685961912	0.5039780896860663	0.0032291451886482985	3.603623938305815e-13
1.2110187173536637	-1.581003085164557	-1.0443588236151262	0.17809401270518196	-0.5817604035345153	0.03234797626177046	2.1985359893901917e-13
0.3036535092560389	0.7293714775767048	-0.800025844523784	-0.8966104833350128	-0.010153596367027494	-0.029363154740780734	1.6762595951651403e-13
0.08850708730015855	-0.43338347778746317	1.729898715384372	-0.194144197034797	0.05052243047486862	-0.026246850783833372	1.9656200411433257e-13
0.9379314640386139	-1.5402032810369763	1.1590180716590879	0.14022250635904782	-0.36433115979205943	0.018909934462019853	4.3438915979237335e-13
-1.3844346436654769	0.32155369289299074	-0.3358805395264588	0.22652430902934748	0.4297007887839153	-0.0011294293750500329	2.8254714376372553e-13
0.1632463060215358	-1.2924614604847775	-0.20223101709519364	0.38677841709833805	-0.20326577569711568	-0.016844090748201885	3.4792656750387053e-13
-0.7002460360516328	0.27743491282240146	-1.1803245118505326	-0.979236496767707	0.2194002749510905	-0.021569254643626412	2.7465160188230054e-13
-0.572797691603505	-0.6911405375266899	-0.6756587878907966	0.918045154491262	0.02833017694177696	-0.029612575101572034	1.2542537419907405e-13
0.3770257484126988	0.415200568314449	1.0521826380423347	0.37483267320558145	-0.007089019242962535	-0.028212408212987424	1.1128796444521886e-13
-1.799286403415056	0.8982946443472283	-0.21541973174937734	0.5282114088625647	0.6131851415589926	0.03436979932673041	2.1993383104727958e-13
-1.0539470966480686	0.21587834617118612	0.2937564022694657	-1.4332652828134729	0.42504534050364046	-0.013956081663928255	3.2672249999407753e-13
2.194290849133951	0.2834133243769199	1.1185449742946605	-0.2546132259706973	-0.5240126288566906	0.028047343813277097	3.142691796359888e-13
0.900354390527158	-0.773396657109222	-0.011554537169552636	-0.6368580818913276	-0.31047263615308635	-0.003283146006806852	2.839494816643828e-13
-0.12339949874987559	-0.10618398685325228	-0.22428911090860892	0.4307117696378465	0.005723139019951027	-0.029410778905505336	2.517828965134048e-13
-0.22242006232343223	-1.064219337526474	-0.7425244049640277	0.6648199079317623	-0.10912989206101095	-0.02693768330703518	2.662360352624044e-13
0.9359269636055733	2.283709115287738	0.4259938714759237	-0.986536565840286	0.04836121906443196	-0.027124147854996103	3.530328466159514e-13
0.8596695343493624	-1.981162238320578	0.5436408489811052	0.5445111709028735	-0.44151940887067354	0.02773180919834905	2.117084318655197e-13
0.023598525096253892	0.5042054327172195	0.23968850371049868	1.6048340607972695	0.007976122571422758	-0.028623514049313424	1.0538648677393623e-13
0.4923930597427468	0.13833760402273784	-1.92367682889948	-0.4957673757255124	-0.21355825785344992	-0.027283987438309336	3.3085673603638726e-13
1.072267219819877	-1.1198652188574183	0.2560313861117895	1.8540917634703977	-0.48360872355292694	0.012461416561246465	3.0051374569082556e-13
-0.9646957232494531	0.3697185803886615	0.6977096795236075	-0.6443482250063522	0.40709877588595994	-0.013845376197253451	1.980810488976963e-13
1.2665956421974294	-1.8021305850711717	-0.13214183515350994	1.1213863447330807	-0.6051146278367534	0.04437182475165928	2.1653622722164304e-13
-2.1321021820729036	0.4463719435646804	0.8597120828365992	0.830764016908455	0.7149894613902538	0.03745275957197294	1.0461562366425495e-13
1.582688104655806	-1.4410737615669298	-0.12936983512434522	-0.00018723425081841036	-0.6127326076170956	0.05086092704223018	3.525836390734357e-13
-0.8472176969860965	-0.49161061921279803	0.9903599705016638	0.6305300496356725	0.2430252183241184	-0.026346146360671247	2.6492968683648355e-13
1.5960325799281172	3.2528111187597193	0.2028556449422587	-1.7417030934559055	-0.024456340706191616	-0.0275792403659802	2.821710513182562e-13
-1.846484793184792	1.905675727338645	0.038851904324832896	-1.7174203958572876	0.847636594689159	0.07565414998844966	4.867312017827236e-13
-0.5444078946246421	0.21430567976259526	0.24714328969640798	0.5032180896801852	0.19073633138968496	-0.024764585860384755	2.902744261727596e-13
-2.062382702463309	-0.7967143368123933	-0.3706522387046267	2.1082865467022818	0.42992502139853156	-0.0009540917046581633	3.459600769089612e-13
-1.2666002214589374	-0.5858092744733256	0.7331064451791045	1.1509748418342274	0.3207410498051906	-0.020520275229061656	2.1528744335537277e-13
-0.6619678238601895	-0.798656930336214	0.6064815383087634	0.09129863458902225	0.1538278368580498	-0.02913270637733297	2.851042553452215e-13
0.6285173897093201	-1.4006284450363564	0.246540452331882	-0.10155377019130875	-0.30409412916948325	0.0006475300650965125	1.4903970749028185e-13
0.24706188179798105	-0.16939882449385768	-0.006674417196632397	-0.8000904846969242	-0.046986795454493725	-0.027052399297586675	1.5327180970711657e-13
0.16275125884809383	-0.5602167545870972	0.3065012562272811	2.009844993750088	-0.16078539779459083	-0.02515282301936249	2.111430494836465e-13
-1.8367534090131044	-0.26025303060520955	-0.11065985907603373	-0.7876144897579188	0.5560557503014955	0.002768026932172493	2.012659421066428e-13
0.026014837191646614	2.2839481421654875	-0.21499183917341116	1.3665773099077587	0.18446372160982932	-0.008945172977860103	1.4595432765627362e-13
4.5788884237484835	3.2004500803054947	0.8282319367263825	-0.6022161227949612	-0.9130891787495504	0.06854030359158943	2.0120475626011608e-13
-1.4043404550709975	-0.4994008990372245	-0.1709813552328453	0.6662410427230141	0.3370573797868667	-0.01615610680582477	4.287256902138644e-13
1.4294303240480675	-1.750766401895154	0.3374663430879631	-0.8092496451385045	-0.5395015881684752	0.05343277648776795	2.334102018180184e-13
-0.2529096440533433	0.14491197839733622	-0.013884990511969987	2.2383802557857875	0.009730408025922373	-0.028426573185665594	4.590000700274324e-13
-0.2195642581030502	-0.43020823933983576	-0.0512463152054148	0.3911942855374506	0.011088936217220527	-0.029262974500749345	1.9368172416627174e-13
0.48452146472695634	-1.8896432917816615	1.602682564483504	0.5569167869019057	-0.25958539177038137	0.007844350248460785	2.280201773701042e-13
0.7810697383585178	-1.9577645371753718	-1.8131031929340975	-0.5750273791336384	-0.5115622378098618	0.02043482790209967	3.307173640109486e-13
-0.6887005011931864	-0.9045540490938029	0.9086451697732525	-0.5442149536780246	0.19445306602240844	-0.029119372713206047	1.9381569057026036e-13
-0.840706381634735	-0.44312027893829037	0.8355981132618332	0.21564414819393168	0.2541403553149244	-0.026097618046233863	3.6825708422221167e-13
-0.41509627071585337	-0.5899830592698387	0.8088644253309076	0.38329134056460407	0.10348973664875098	-0.02913478928243539	3.196058480824061e-13
0.03242502519911949	-0.8477362136114975	0.6233888439188467	1.34043861853447	-0.10682587747262275	-0.024402220083427854	2.300685848351549e-13
0.8100405484727002	-0.9626144150466255	-1.189088722393483	-1.2039875220318594	-0.35147165149064	-0.00347908605187608	3.054328728079232e-13
-0.45772203480858425	-0.8524135519826747	-0.9516787792158574	-1.4757123116360968	0.05854584242336202	-0.02965978594979973	3.3231141119944795e-13
0.3134053470549903	-1.0966269332315381	-0.10637647288858937	-0.01995261080719037	-0.20396755352305068	-0.015853141355942478	2.9510585464607965e-13
1.7398433294468605	-1.206245076906898	-0.5595605840752386	-1.6818828026145782	-0.5904609698360896	0.051581973124427805	2.2503992526315693e-13
0.4107153736561523	-0.314612164625814	0.9978309665138233	1.3122727215593588	-0.13734724898307232	-0.02306120690259946	3.894192823315216e-13
0.1859149591821841	-0.5665621252208951	-1.3897170189933994	0.02435072429952254	-0.1884210027359625	-0.025667228699143462	2.5874318264579926e-13
-1.494037069631226	1.4479320562875266	-0.8284265330332109	0.6415028321692724	0.5411701427550274	0.03598745563378416	2.4742761946288254e-13
-3.5038480876903386	1.1794326491005511	-2.396298133791502	0.16298847357683957	1.0468283023440417	0.18296043814920435	2.4253241269354916e-13
0.911488059845621	0.4773241468758074	-0.40982631376237466	0.5149106062100111	-0.2513501889251132	-0.02320246495366283	1.7574370422127463e-13
-0.2884730711879625	-0.28669738443877507	0.33802616928614293	-0.9106965865822207	0.12378528066751111	-0.029212568712215274	2.862388829435641e-13
-1.090093448516374	-0.555083407558561	-0.3755661470595569	-1.8362364639789424	0.32778527700141036	-0.02364277571308173	2.7952533395294937e-13
1.715102022736257	2.1763400296027053	-1.0930956275580304	0.2859539978272202	-0.33699514434692146	-0.02630695562558273	3.919492459571794e-13
-0.5541428579845903	-0.8082484908559989	0.886679045492506	-1.3914047921856598	0.1985210249961021	-0.029135994094926575	3.1631145507056e-13
1.0399982472449238	-1.1074262914312183	1.2321218648306496	1.1725204779811493	-0.38637175452369044	0.01161212108660929	2.3212880113730524e-13
-0.25484900133194394	-0.692986399967834	0.34974807758289034	-1.7453067976042105	0.10485677120720825	-0.028577272255352077	3.139549859484682e-13
-1.5192151955892095	-0.6433376236665873	0.592636905637833	-0.3849664941797256	0.44441426364446174	-0.015411718271581177	1.5416849400109304e-13
1.0233999802286062	-0.7855294486848629	1.7726568968103629	0.6310099118177253	-0.2928068780859812	0.003236184931403221	1.6639824920417019e-13
-0.8896249476557916	-0.9966154535253912	-0.3457614463772124	1.728874154857881	0.07553670523692227	-0.02905101637736451	3.0632078486709784e-13
0.16953921574324618	-1.0952833668211306	0.5077965854403316	1.8811472127363527	-0.2028233550018811	-0.01904743735141846	3.708471940252076e-13
-0.7081531182431167	-0.010788707868730294	-0.11598838968994972	2.3482550652472676	0.11736727402556939	-0.02443698572731466	3.02933875091888e-13
-1.3625403644373932	-0.6393099897688079	0.4884145042990845	-0.5461336766666953	0.3984944980020069	-0.01916871619898032	2.810134520952672e-13
0.8923893608013092	1.2280195457594318	0.11018879507996213	0.8402855597138147	-0.14710440680327794	-0.028275213831027247	3.3521592896060447e-13
-0.4099932061204246	-0.7781252906568726	-0.21369897455737905	-1.66596692787321	0.10449133930611024	-0.029326624969412875	1.7749336755264762e-13
0.7474542176115038	-0.029695715118429077	-0.5098765387242316	0.22442793963989782	-0.25153687260218793	-0.02069368987507814	4.0987751243448e-13
-0.6674213791000918	-0.4479914681628112	1.5324104002641907	-0.0197820130827034	0.25355685024459806	-0.02767950845446975	3.9403295472174734e-13
-2.5368369073116277	0.573566797546163	-0.9834677699762938	0.9380446341468616	0.7367950418042328	0.06865952474415958	2.8458809112583263e-13
-0.5105859315722909	0.1999960125750994	-0.3372220020048142	1.290533156029348	0.11179791871907113	-0.025488930979328073	3.589794928166964e-13
0.8397039975241546	-0.6427640407247102	0.23312677453191263	0.9678928261957643	-0.3300501924752107	-0.007923695629027297	1.673189691630539e-13
-0.8823580503545327	-0.7850777635867269	-0.8303477481893093	-0.38573722780943626	0.15417142710977505	-0.028263137205603722	5.120718674823593e-13
0.2920338870720808	1.0801366581528216	0.5334632768440797	1.2800662997760601	0.021887070749625853	-0.027961042052256774	1.7206915435467023e-13
0.4790470827811843	-1.7132291544736795	0.6014859634374717	-0.7632841927790406	-0.24512683382211986	0.0023833163688442346	1.5415745028338546e-13
2.1947139163642393	5.441873045821487	-1.668133012077785	0.23451427043166967	-0.15662745075692258	-0.016260261881604624	1.93779856447617e-13
-1.8201820293007167	0.9939455102246555	0.449995509414823	1.2787683730991262	0.6391595486607055	0.038579925327346276	2.37078493261413e-13
-0.4707546350541632	-0.4159862474852879	0.6449429833963162	-1.030161426884455	0.18704265684756505	-0.028907838552061544	1.6811663428319226e-13
0.6485247964115034	2.274740935800379	-0.47038875828226195	1.6549113488371523	-0.02934118366832413	-0.023864044839938783	2.84237334192749e-13
-0.3742585847366259	1.8741425297838055	1.2040491772457071	-0.9621685843064245	0.439590653859521	-0.003974420901905882	4.0455570794376054e-13
-0.24105822579433417	0.013993310678168079	0.9349030470456121	-1.48428382218763	0.20165910507157203	-0.028610689804213267	2.0864263432746474e-13
0.022903719562706752	-1.2700258358287526	-0.2637282935351884	1.7508163099460257	-0.21933278288301408	-0.02053626547018063	4.2848498356737845e-13
-0.5122411071625156	-0.8974111414870606	-0.3171953167048054	0.709939993960292	0.018080792027166465	-0.02951979452103777	1.6364379477407127e-13
0.2963623947779653	-0.3514195900522604	-0.5588633894270255	0.024050542665118455	-0.1480288931476947	-0.02541323532513445	2.1765218632489249e-13
1.9040550259574396	-1.3404064352693041	-0.1658207920982835	-1.6766845123317209	-0.6285984222390847	0.06861565610939539	3.5176839737378785e-13
-0.5787484866616089	-0.11491716949281343	1.1813850910695292	0.7367050952095593	0.21140657141740296	-0.02670189576482456	2.604740030406145e-13
-0.03794699675279361	-0.8419783409328689	-0.7370412158650568	-1.509574128682164	-0.04999178630668383	-0.02617583826528211	2.36148709719764e-13
-0.768542498719701	0.008460811983221279	1.5009326559623506	0.2666130563741875	0.3197297105798146	-0.0229954030730664	2.5821647549138776e-13
-0.2011816088559778	1.7884657324182798	-1.3009229411034289	0.5795382223217028	0.16513000717927573	-0.011131370197809005	2.729926594227138e-13
-1.4919729049888741	-1.0131451218209966	1.139249508944253	-0.4610312240314671	0.4315953145954965	-0.021172416856837954	1.6332877329902944e-13
-0.6569172947786821	0.11595451753045719	1.5153488016166086	0.5370324337938114	0.28802282739670115	-0.02374680339684677	2.7402420619927393e-13
0.3730607054229589	-0.355667651070159	-0.6170590647805587	-1.0648046202044072	-0.12985558826326643	-0.024192727240470464	3.0909589030267817e-13
2.058065898999951	-2.31489752954271	1.226394364490618	-0.8295138669031419	-0.7252785955370904	0.1297730617724516	3.05199539582467e-13
-0.04030473195856781	1.7660150073927254	1.129385454550543	0.1555979900115807	0.2775334264720849	-0.015912700911693178	2.377052869265426e-13
-0.5982371094877467	0.015193699633056121	-0.1360343838971686	1.3576851272656643	0.12698401547314128	-0.02580159799048231	3.8375399711556293e-13
-0.5438222441884522	-0.8073177341459895	-0.11394559231639656	0.2283040029642238	0.06912626933720586	-0.029529290169528658	3.588477870246722e-13
0.9551635772709125	0.5479762064278112	0.31971085921672354	0.29720641118401186	-0.20396259020868018	-0.022715030240317315	3.5037137237804464e-13
0.2308824419991919	-0.3510032121352259	-0.4735950741853906	1.7018133874674166	-0.19246154864780224	-0.026302304749197692	3.587411590779885e-13
1.4136661845429244	-0.8434220995040029	2.0145775141260627	-0.3006277894455515	-0.35995674691899604	0.023010349516552776	3.558034870837516e-13
-3.061180638011624	1.3747215328665228	-0.3970253382331629	1.584557698111787	0.9951032319462133	0.14967271077158897	5.343417960778336e-13
-2.963994127543765	1.4365817356176964	0.049292714246329694	-0.8072568397172306	1.0973766007013386	0.14367897009809724	2.5077679634165524e-13
1.3026207716741218	3.4397139532261587	1.2293989144134927	1.1847761117905602	0.024418837693962882	-0.02266402144541848	2.1023573797454187e-13
1.1444365556006941	-0.9125451911536041	-1.2894937862353464	0.9639126002113669	-0.5388614838340866	0.008724212582993452	2.949164937160604e-13
-1.0622030734012318	2.3185825827801416	-0.12056661841916524	-2.1987081950514833	0.6671054032082846	0.04089351882368162	2.4220587562426345e-13
-3.7008817966495537	2.015062304901543	0.4275028919818433	-1.1499930016662696	1.42559553290989	0.2556787771118848	3.4357450237779433e-13
0.3594334222394654	-0.9145129601158564	-0.8030028789682109	-0.9953164940145082	-0.1997261674387469	-0.017868813879592296	4.1396488342366043e-13
0.313542482096624	-0.18386872648057762	-1.563503032705667	-0.2896575253634947	-0.18239114581590807	-0.027015569660183515	3.8966106140857e-13
-1.2564198840628606	0.6670737801823095	-1.503500580852785	0.3903309879679812	0.3529126859531569	0.00211200430550261	2.287839898052111e-13
-1.6704315100606264	-0.30581015682190726	-1.4512770670929824	-0.7567612883564196	0.41967751462754876	-0.004379234506336133	1.7746646649461586e-13
-1.2400400613477975	0.39939286438324045	-0.1905116291318364	1.0665667196282362	0.3692714310652227	-0.004663376552090519	2.901707423776723e-13
-0.08376066693964822	-0.4983472174491202	-0.9929206361329664	-1.0780338125139697	-0.03250264669338681	-0.028795169887018503	3.882623753111125e-13
-0.6557963767704648	0.48401430668088424	0.4402240120232052	-1.869035726756081	0.36234861709896155	-0.019721204114291204	2.904544671313162e-13
-0.28377543150284806	-1.7990108028216447	-0.7726573621543608	-1.1972969793552524	-0.09531291991544877	-0.02072411692376084	1.3166600994119508e-13
-3.827403652176449	1.339716144395736	-0.19357003901906017	-1.980311266804303	1.3838497685983135	0.22491826771982387	2.809265296344387e-13
-1.385716387180624	-0.1446697810711719	-0.21125546352748165	-0.9324514815275264	0.4337134159670138	-0.010649413015232301	3.812676748367723e-13
-1.5114071694321123	0.3704962043274672	0.07096810979525224	0.2476561890558433	0.49665695576074786	0.004951770883367162	2.7832458057936896e-13
-0.34157241037597913	0.07642425938627437	1.999651223300112	0.27427504023389554	0.22982689656385938	-0.027529928600011015	2.9055786320891207e-13
0.4331058193570516	2.083824504398737	0.8358332011608547	0.9808834654622102	0.11979709694852364	-0.021982629072257998	1.7316070748941864e-13
0.8162035031860188	-0.6556635353180016	1.863519498730526	0.0036195035546466086	-0.18721374251588996	-0.007113613746308893	1.9677447628852155e-13
-3.08424874459138	-0.287823171376139	-1.3809296819617751	-0.25904210938423317	0.8310946146164838	0.07099116123863164	1.7508986884223356e-13
-0.4014303185523954	-0.876992521695783	-1.486192013117934	0.3165969788262531	-0.0663589330287361	-0.029653670135820934	2.4979339519506386e-13
0.7269990961299335	-0.2496609358487677	-0.09294278238380105	-1.9322388111255093	-0.1555375024644598	-0.01790680015025053	3.3254722877102255e-13
3.8063855948107053	1.770068381119941	0.9993486074539838	0.41074931657305397	-0.8701673696777289	0.07414520984843231	2.947288081995559e-13
-0.8888972541296195	-0.29743423755258197	-0.07387735312632152	-2.0078299539293982	0.32118262130651987	-0.02432150545821645	2.3791191416072213e-13
0.16564896888484143	-0.5744045229272189	1.2502737325983222	-0.9422649491234018	0.014592519913997978	-0.024390835981061797	1.9053702157134556e-13
-2.613721200913355	0.3369008733820053	-1.7938531118542131	0.491930877290657	0.7033260865561943	0.06461180554276287	2.4654934063187055e-13
-3.0249690322700085	1.3320156459045176	-0.7078912039909793	-0.6004592663180918	1.0503212152875465	0.1441557342934587	3.980241981474628e-13
0.5466898267854831	-1.2461685996168967	0.9015495165610294	1.4915797884804507	-0.28990153858616224	-0.005264802908905181	2.1333769393006565e-13
-1.4361387739550389	-2.4289163372855422	0.9159726820853419	0.3298686037904657	0.2151083760033052	-0.029397907957074046	3.9720609738859363e-13
0.8561067232078627	-1.5308572195452905	1.5907012761608057	0.08813470529680231	-0.3114826061037833	0.015102523504580488	2.457171411910679e-13
-0.8235184077801339	2.1833772254495214	-0.4088462505666391	0.7157115557179815	0.4432468376205706	0.023561857368590188	5.94957607724393e-13
0.14245803085971162	-1.1110591659979676	1.0553846338978008	0.7596627058498746	-0.11769220299192329	-0.019059261414895938	2.9694335885538075e-13
3.8678274763201284	1.8444537234622205	0.9849365302427212	-0.21314302597153909	-0.8554236566103187	0.0754226501309506	3.225193612557271e-13
0.7133492314197332	0.07784100820267235	0.1881308786676721	1.967725553344267	-0.2597217482844946	-0.022234893424407178	3.704414502928317e-13
0.42509207568034435	-0.03896048926725873	0.2844075792753092	-1.3220653483048497	-0.046561413103203754	-0.025650971228007625	3.056863344475981e-13
0.46610193501882685	0.7161885473115134	0.5127593488309351	-0.04098288403410424	-0.016132289698129416	-0.02875559643486176	3.7527914800813167e-13
-2.4363218778550038	0.06296738764612421	1.513376179550793	-0.6034461828176068	0.8619058437010488	0.0414585701477142	3.3223927743888816e-13
1.0065687534291166	-1.7569681591743593	-0.6022538824585675	0.09738053677808162	-0.5110091346947339	0.027286652245179996	3.299914204089325e-13
-1.3497200255994604	-0.7354878856872701	-0.09417500961158755	1.8957765079832358	0.249001022341767	-0.0207657993645657	2.9919857357598784e-13
0.3427385045989372	-0.7339121909987747	1.1936888642832832	1.148120007313394	-0.14382724053013832	-0.01944173397539548	2.8226551643035757e-13
-2.1746920060483172	0.4213086987762575	-1.110745335679327	1.0133107818689877	0.5996377719328362	0.039795773644757726	1.8247305802352307e-13
-2.2827691881964793	-0.7601660691039979	0.8568402836760004	-1.394047125702882	0.7173060442990777	0.008624051549379537	1.5557129353159e-13
0.7002769237200595	-2.4761708974688657	-1.1683050964469637	1.0278056891092358	-0.569759560442954	0.03327797696777267	2.1870161270081734e-13
-0.8051047744568379	-0.4762425300787439	1.468693575469696	0.25019714047096686	0.27645326675660953	-0.026599877180934928	9.583924414720192e-14
2.704337503029154	0.8774575973906226	0.4981062548123155	0.24860255299941023	-0.6676600726219771	0.036182850273380855	1.7766637631684515e-13
-0.4838566635621287	-0.6954255513079943	-1.4187903346128172	-0.8084322576981081	0.027892894001846403	-0.029972878050887497	3.5008263577029927e-13
-2.1559767327616317	1.225937406188634	-1.050740024048644	1.182606091684356	0.6807299575367876	0.06941987405205712	2.0527052928032243e-13
0.9103021290419384	-0.7877576664105049	-0.8073287652580857	-1.5135854379526503	-0.3266205159940142	-0.0032520412178626	2.2069190690112648e-13
-1.103560899080856	-0.3557247538675978	0.859973262988507	0.4817171647260986	0.3324315253223466	-0.020980434332226024	1.1295534815303327e-13
0.1510170395252019	-1.585916594297645	-0.9313792455878772	0.09331020167447057	-0.2626630633236446	-0.012960855772122654	5.068512512537797e-13
2.467543003723823	4.041505043970843	1.0119560190401515	-1.1076887964927384	-0.174581072023757	-0.027702609556242964	2.0730835686817287e-13
-2.3512894014404107	0.09801991028395605	0.16309312151973063	1.2348901442376246	0.6839182013828522	0.03829733403647727	2.2634249154094667e-13
0.31267810030643967	0.025032256765957613	-1.1933066927206157	-1.0117951734134578	-0.10780348342405235	-0.02809329598924499	3.484332493328157e-13
2.1506285663727724	-1.8421605459864918	-0.6183642495867008	-0.9937852935353215	-0.8070333100590743	0.11045761801408516	3.3369917103563953e-13
0.14267278483652418	-1.0927877657149152	-1.2200373370582145	0.7059664973787898	-0.24997042325682226	-0.02078716119806473	2.636224571972434e-13
0.46486653796031185	0.8838334944385235	0.4499971409943174	-1.7352104948931713	0.06817246343544643	-0.028900255358502196	1.3888890038060708e-13
0.8378661277864229	-1.3579656167087897	-0.655075134882336	-0.12042162091215486	-0.4139879426192862	0.007457864028736605	3.6359804056473877e-13
-0.23050480630024478	-0.9772518716404835	0.158144836412415	2.2379461241674172	-0.10799837536646137	-0.02716873811768525	2.343934116495535e-13
0.16975456634471892	-0.2942729643189725	0.5166980032792066	1.0612844453155321	-0.08269474707418362	-0.026881227119203727	3.2564705803592166e-13
-2.1293195526910007	-0.73585727908377	1.1212629620049135	0.7188486443232562	0.603056346495082	0.0028449395933995624	4.3910615502760985e-13
-0.33850655096051546	-1.1956782953076297	1.0917713137511504	1.0341456546483154	0.005696158718847953	-0.026461572351165454	2.5396712498731444e-13
1.096182587415991	-0.808552227408186	0.15544187598219159	-0.8949862331378577	-0.3508123165745567	0.005392071030465722	4.1733699616169677e-13
-0.1796132261488628	1.790565477751153	-1.6072341739207396	0.5764809604669968	0.1407023118621296	-0.011732561925268005	2.6053595583436896e-13
3.4296482075131784	2.129226098509556	-1.0772729734930349	-0.1872469511765056	-0.823443533662225	0.03352268563199495	2.70688341996433e-13
-0.30225895361015437	-0.29134675608049376	1.5927779664798083	0.027558166573437005	0.16400967284622503	-0.02876617053407706	2.7323644589950634e-13
-1.0715573231338826	0.4527103114400517	-0.6458511228678975	1.4697037028678726	0.28093415652686465	-0.009176362301327859	2.5383099414944943e-13
0.5070428737603491	-1.6999022699680475	0.2954605965466601	-1.5384740726747956	-0.23841278407015545	0.0029521611104444743	4.361161030351242e-13
-0.8944789697234006	-0.8446761776775766	-1.3252050052333886	0.6898087618460229	0.07748790704721928	-0.028614010458316807	1.5678046579447994e-13
1.5889331353929272	0.7150106583734268	0.9055536878032411	-0.8314006651890363	-0.2907252683714167	-0.00898066175042596	1.0252303864066746e-13
-0.7781437336497803	-0.6138473647694965	-0.2890885131309435	0.4061471794941522	0.14178264985690578	-0.02810902068035037	2.793216911443751e-13
-0.6751311109810413	-1.0075056309615937	1.210253656145581	0.6801518074095297	0.1470827126014111	-0.029089810634178887	2.5456077355161273e-13
-0.4177632607664078	-2.032074653642872	-1.139868707367684	0.5410384496034824	-0.17426981443330256	-0.020953478063173464	1.116636641878926e-13
-0.7262365629021393	-2.0173604675443944	-0.10023356482718812	2.057682384602015	-0.08187960308896335	-0.02600056254449801	2.941584847938855e-13
-2.4981200461468824	1.0853359449724365	-0.9269247969068481	0.5733031151831511	0.800980859236568	0.08802241049484871	3.719241186301174e-13
-1.7025286020342585	0.0259714754041519	-0.3819149281669221	1.5257774904867638	0.4362688028334051	0.004370730651382058	2.5769925281257657e-13
1.0778602172371676	-0.5707927774281806	0.6111320020172215	1.4886780315000265	-0.39079487720202427	-0.00066058145451286	1.0297855488157122e-13
-0.7530435100586949	-0.9567737001273552	1.008157177563039	0.9660691473418811	0.15180337281536163	-0.029051803753330916	2.1661693166248874e-13
-1.0606250298504367	-0.49326124728809456	-0.858985862309784	-1.3059644275519222	0.27505341563775454	-0.023571892182286034	2.559324553169581e-13
-2.4339618060887798	-0.5474468769243362	-0.04207627718332014	-1.4095939123437755	0.7331852822127195	0.021877991202049293	2.114637116142295e-13
-0.8788838962444045	1.3122610522100213	0.30742725002763194	-0.4344774846119943	0.45334780613427905	0.002278983589670744	1.6956574536725633e-13
-2.379743279154255	1.3795041165523105	0.03245502467056155	-0.4087406070936189	0.895922829054363	0.09180690124332656	2.4178436743269024e-13
1.0748124887722574	2.0103189909289276	0.1447279063963751	0.5384302437007001	-0.10195712846885592	-0.028763334435110116	2.441683501080321e-13
-0.8875455703171399	0.031024550688115653	0.9835566127522084	1.160234847048629	0.2899648639460282	-0.020583104306923384	2.0612230937883836e-13
-0.33937276042642134	1.8818072084094821	-1.158547533036363	-0.7505967450874782	0.2798761775532645	-0.0048304540397966006	3.6405795803400573e-13
-0.5100939264903392	-0.7181573381509211	0.7401167677325243	-0.9582939125611674	0.16868130566038825	-0.029178542569926566	3.7222170658404155e-13
1.168589896574367	0.9495638897608263	-1.3734557802433287	-0.1273442896270488	-0.30771037028593845	-0.02407150908767983	3.227308947831937e-13
1.881061955880235	-2.0459342745037263	-0.20574843503782594	2.132706462615814	-0.8541154084961505	0.09849954355044643	3.638557289369092e-13
0.2546358266674505	4.410980319920515	1.4741872879804034	0.7691899128194638	0.4772215902582376	0.03687203869728088	3.090777176659777e-13
1.1996816508041315	-0.9594023100770576	-0.7395471402938815	0.6412852154589388	-0.5137011811774467	0.013051738723966587	1.6910573788075773e-13
0.3485584873030967	-1.9100362301502976	0.061905389917352	-1.946651161844913	-0.21164144586863232	0.0013743819595957805	2.712788091269514e-13
-1.5802990854421075	-0.6398790074970526	1.5479855258737958	-0.16228417385919672	0.5110888262288029	-0.013695652551162054	3.4809502217602655e-13
0.7552839401785912	0.6797222290671274	-0.556782708895958	1.4951177028018043	-0.23261633147335145	-0.02716124514778059	3.1512997568234593e-13
1.3759700412264912	3.4078868124751582	-1.3068433755430928	0.5753193323440509	-0.12774498675281892	-0.024537469780657146	1.9417793692043867e-13
0.03421006483245029	-0.4518056257972546	0.9320317664779729	0.9529263347018099	-0.030347975569313998	-0.027136190162461795	2.2288768499311876e-13
1.5849799022491549	-1.1133096994599925	1.482005383424976	0.8699758419911552	-0.5181265403994366	0.04080163986331273	3.190105953217602e-13
2.4968744069852042	2.5917204808375187	-0.3572391572223034	0.648091055110296	-0.4931772859233807	-0.015621032466305947	2.6950216566546935e-13
1.3004689239260057	0.8533125119157663	0.7430564937301086	-0.3950739933535582	-0.21897984819679467	-0.019084724886127377	3.9531248787873485e-13
-0.5083862460258318	0.20094979606565383	-0.255305803080618	-0.7346947523549162	0.1992975914852247	-0.025484590035231746	3.643184137253431e-13
-1.6856607655276348	1.0428666415214305	-0.28574637516069645	0.6489679423946627	0.5859042723141706	0.03290804725599448	3.6561444228248954e-13
-0.4594987947645934	-0.3186039162171028	-1.3320376344383031	1.0010291410438377	-0.007533061601534061	-0.02932244602774548	3.442890767888493e-13
1.234582934860564	-0.993776494430529	0.20721770396728134	-1.1281829449124796	-0.398077680386972	0.016693988353516008	2.6894054925062756e-13
-2.390173077148519	-0.05263413531924095	-1.8142045922518433	-0.34981608992357466	0.6255698097739677	0.036057085749977666	2.5459207310326866e-13
-1.680851746617799	-0.10010630812099001	0.20191094436112927	-1.4123571692154882	0.5713914301013777	0.0003955426686388576	3.195217469817389e-13
1.3387722736909133	1.8487216071127999	-0.8868814244604272	-0.5781206521994782	-0.2134409601168763	-0.02804630584810589	3.6147021084575025e-13
-1.1635060277546831	0.5786058716491977	0.26298134502737874	-0.0785279143159736	0.4402921466115284	-0.0036003757871548984	3.18794032020264e-13
-0.958971834446375	0.42945344330684154	1.1529506051018925	-0.6554460158343912	0.43966685960579927	-0.01299898599134029	3.714045741585521e-13
-0.5652464140555713	0.11888012002637259	1.1609812229906895	-0.6219705991088168	0.2874397721826132	-0.025124855210317844	4.2334279713070947e-13
-1.6752905524763844	0.7295418925918844	-0.6368828302999332	0.05065034517754844	0.5514422103693124	0.02250963599528032	2.797554461473662e-13
-0.8507771506466937	1.0479775706910812	-0.9409507967634777	0.5169587057581044	0.30194966737898493	-0.004539191995644736	2.596005557580808e-13
0.397557602872548	-1.1308379092334595	1.5208621978952734	0.1335889803000239	-0.14106385165885307	-0.0117416885455066	4.127998231944888e-13
-1.8498782668125973	0.28615581266818096	-0.2736738864054771	0.11931716868499179	0.5735766571146067	0.017873352766675798	2.339302890471401e-13
-1.877155414432551	1.046941601317788	0.34338549184893813	1.9689106134434022	0.6275514789146446	0.04384115945052261	3.6266771056628473e-13
-0.7553316559146411	0.33513237001928226	0.8501384541485407	-1.1345577993962093	0.37009553519298594	-0.019488063390040458	2.7673506692153853e-13
0.9884231991859562	-0.25275690503350084	-0.35281585272928356	1.0772547433476711	-0.37169086112265615	-0.0109693166089982	2.0382770375980148e-13
-0.9088516515866012	-1.1215364547769944	-2.2717691044636372	0.045537458619700995	0.021407690484239364	-0.029932631429972684	1.706840233813676e-13
-0.9807963061233278	-0.5167108433963737	-0.8468895530094528	1.547098693847876	0.13233363833439135	-0.02512278815732287	2.53757228375254e-13
-0.1952294809115863	-0.4709027668424214	1.1565519719780422	0.557811534676935	0.06501534323557141	-0.028593399697531288	2.2670656704453996e-13
-2.7046728637876654	0.09207033501629334	1.3903965019776947	0.7234196779308587	0.8843602862458084	0.0592980141081582	4.088443421105733e-13
0.2767619239418787	-0.8302729997414293	0.7459824365523458	1.6681021528199602	-0.18293731938853652	-0.019956595894912225	2.968022732806653e-13
0.40537863088062	-0.36998241659464015	-0.9461626711068086	-0.11701635412905265	-0.19953947663315597	-0.0237181787919909	3.445407293804161e-13
-0.654034416509514	-0.09875434288539449	-0.22941110543277243	0.573625191049856	0.15773605163433702	-0.02600225736047491	5.32387373716281e-13
0.7405529847557892	-1.3278706344198974	0.3759688326182639	-0.58535739537095	-0.3014842353023741	0.0035517600798003	2.1120743678830267e-13
-1.3046754878610864	0.6970126085653517	-0.9870353232611471	1.241340985535282	0.3666722664177256	0.00471765938698635	2.3374959578883457e-13
1.1830703515673084	-0.8851418138621485	0.3049494692684316	-1.9198274717905766	-0.3332255599810773	0.01137068560862373	3.176992700371164e-13
-0.028905062006660202	-0.4953761415988731	0.174127493206883	1.5407783907431336	-0.08596712724585266	-0.0278740299132994	1.8237679613068633e-13
-0.9771823715013347	-0.7759796061441535	2.2172613318154175	-0.20744554762330733	0.3585302196985673	-0.026560296724232896	2.4696617071496766e-13
-0.6633669977780505	-1.1372869504971583	-0.9424305943241634	0.6710900049689319	0.0009611280531453761	-0.029841381710404683	3.1807161589789534e-13
-0.7223817522900677	-0.9861313845128064	0.1481822322340295	-1.2062313213182299	0.17720623808082328	-0.029418461950370737	5.752685830883371e-13
1.0754903631287185	-1.3319161175284524	-1.4981994729035528	-0.24126985817190055	-0.5261045149388951	0.01694329199687609	2.2715561770244528e-13
-0.46970337331211054	1.9679739289398328	-0.6271283218931367	1.4721345504116234	0.26899187961504767	0.0018667756822342881	2.6462396402719554e-13
-1.1397973254616403	0.03226583885390848	0.46151556331626686	-1.3717259036384546	0.4380208763715684	-0.014637534935064839	1.920375392231365e-13
1.9490880289091284	0.6575887519917986	1.943714257858188	0.0969218845581007	-0.3780166962522051	0.006431575664854716	3.6302599850073527e-13
-1.001752904859762	-0.1858285149501881	0.14997091893341627	0.6580529294145817	0.27094711017234707	-0.021027461693769872	3.366794843728896e-13
0.5619410897013899	-1.356958668449208	0.8937956948128278	-0.15660243336909238	-0.23893188081265052	-0.002312594501988617	2.8847384908959805e-13
1.9504651760765823	-0.9806932564196166	0.3632408214327795	-0.03407110171353558	-0.6401846723889171	0.05768621084595056	2.91655615923454e-13
-0.8056650943879958	-0.3699603453758774	-0.21865024223928325	-1.9803881821809621	0.2787205757348506	-0.026177469877472513	2.4103569017632054e-13
1.9319081376612928	1.4762414988361527	0.6316229881836258	1.478039709858718	-0.4213358793090494	-0.012443296373712463	3.0571170270356873e-13
-1.3535724663297144	0.7152750806077344	0.3284277234200902	0.2662241607441522	0.5021294617502781	0.0069762694732741935	1.9415934669457482e-13
0.7863422249340071	-0.6147123308605822	1.1877728384404829	1.228671580310196	-0.26491350439029165	-0.009434909709368023	2.0639189629206787e-13
-0.017029902771497418	-0.5981673105283728	-0.26076744090402937	0.4348201512387538	-0.08120271658241328	-0.02739293123535536	3.2725063293900053e-13
0.08957307820649031	-1.0712237393427886	1.5039177929857226	-0.4511137961614698	-0.021292547720075695	-0.020393496267757393	2.992776078648073e-13
-0.45981478359157174	0.8106171864239962	-1.909583059909837	-0.2838733256373039	0.1339389126326046	-0.019874117032391895	2.2355937226067447e-13
-1.9856235086586622	1.0191759967976715	-0.6198090739174945	1.1966462954951302	0.6312597970808961	0.04983108660551407	3.273419524770505e-13
-0.024024033802210958	-1.3527157840007624	0.8474096841126146	0.4504738374817863	-0.09441434544417626	-0.019743819166974153	1.2610906598514875e-13
-2.6027203089938573	1.1427191198304676	0.9812018975492702	0.3303074109038865	0.9632822036527773	0.09750043994332404	2.1016142302914892e-13
-0.487059340075873	-0.05654647560706838	-0.11965406064280246	1.404076202667469	0.08521436800787384	-0.027574275218010633	2.9190783520249225e-13
1.285792404352832	-0.2817846725730535	-0.877120005362323	-0.4392443843287655	-0.43097236960405	-0.0004545448216008074	3.009345211366062e-13
0.1195228859633395	-0.2944546289476016	2.272415849546491	0.06943778958911917	0.07802523143312573	-0.026498005597485375	2.7997025850228e-13
1.8823948776908779	-1.6829011386525592	0.6358112605916886	1.7956665912655976	-0.7524729922604991	0.0828424113208701	3.08986421778708e-13
0.6949722956384115	-1.4708515050044626	-0.5532647467561568	-1.4806475589280146	-0.32228183943211847	0.004350339968229176	5.477525528948627e-13
-0.949584566473545	0.08773884752977514	1.62693895598022	0.4921732227983776	0.38062036475193434	-0.018449681622714275	1.4845789752828124e-13
-0.024728250006018592	-0.17931754597503785	-0.6233845092086796	-0.4046784866530112	-0.020987805174643805	-0.02927899604265331	3.297907033662771e-13
0.6757994360573398	1.2348207395978381	1.5685608020024413	-0.6186195016165095	0.06493204790036869	-0.028409140656486417	4.003976079942902e-13
-2.2499743884830505	0.3769029941987858	0.14049348066371067	-0.954479355972203	0.7730308609241623	0.04211941462986355	3.3407774539868035e-13
-1.6830393599101598	-0.3965845620339835	0.977886754844065	1.2662764774159896	0.4758038879419959	-0.0060253893794758	1.6250686456630718e-13
-0.6559188852956299	0.28378651616577066	-0.7944989288032371	-1.1531407674779446	0.23713612348636492	-0.02231410926151955	4.277006751860088e-13
-2.9704426355927134	0.43740842121065365	0.39009722491774196	-0.4432451972481734	0.9917211373601994	0.09358221628884102	4.1066804036632646e-13
-0.021727043082548636	-0.21078905692945135	0.06931576369872137	-0.4141110093848434	0.016611683553673845	-0.02890083324034362	3.239552077369689e-13
-0.9956856393997293	-1.0700402891857985	0.5175000146882327	-1.3511192013529671	0.2771671211202988	-0.028399454628353603	2.9764133874336343e-13
-2.4955611832937246	0.20901228520959855	-0.07768213066842104	0.7312696140556604	0.746125827179935	0.05106700585197044	2.7468733612277976e-13
1.2116899152755356	0.9213276555068807	-1.344377643253973	-0.4494164715411009	-0.30845960280206164	-0.023005788003791678	4.354014620291664e-13
0.21958943246244703	-1.4980392324302991	-0.1663068170369531	1.2128008185871735	-0.2734939674200764	-0.01191405964361669	3.804721290867472e-13
-0.004595361116555371	-0.6432137476503578	0.012809884365436529	2.29676272373256	-0.14977134035559392	-0.026869786876374882	2.2219295817135273e-13
-0.3369101506930361	0.20584572553920205	-0.41340420536338846	1.8565770743842471	0.03303280588264786	-0.02752820929471306	3.5848617776811633e-13
1.3780719245159607	0.7995485587913483	1.8345345946324652	-0.04433361077717809	-0.19650279439702775	-0.01575562288845909	1.743009068553369e-13
0.1730578770746446	-1.4788385923298444	0.13692969208508424	-0.7977836147176612	-0.1570812993075571	-0.013326364005600512	1.529391969994803e-13
-0.004116379671259598	-0.8433669133216942	-0.0016012003770789953	-0.8362275088738587	-0.0436826791356303	-0.025299784240798033	2.454762864540921e-13
-1.5812889369252623	-0.5480095207857595	0.293208419717651	-0.22785156522293898	0.4490523527009068	-0.012093531262914403	1.6210386696842643e-13
0.9103458281312431	0.7650852007232384	-0.18423346730631865	-1.9936666866368171	-0.10358694559371419	-0.02562932496561413	2.627074811436788e-13
0.881115766753323	-1.5426789309116788	1.0685384283438248	1.1180663483196693	-0.39361653749958814	0.01607335576159796	2.675557087484809e-13
-1.2732899298460032	-0.638203600327064	0.047658930608926585	-1.775215674749524	0.39608233754186545	-0.021102030059057038	1.817317373393654e-13
1.7129337523580268	-2.318544202971905	0.6965743708158625	1.2949972871344757	-0.745385500880251	0.09932401665463089	2.9826007515248717e-13
-1.4051904624128257	-1.0456595602866887	0.04322965946084076	-2.0595978133063046	0.40219055739392906	-0.023303361042416815	1.7824294883518974e-13
-0.016841440134118285	-0.13824151265519083	1.2810847418051061	0.29899528960994526	0.06633164677349446	-0.0285442038643064	2.8899250811125104e-13
-0.9553687654385873	0.06041857731601894	-1.4610656148576473	-0.26465484689468394	0.22551666389925	-0.018916945526009605	1.4423031387644622e-13
-0.21441444203949647	-1.0027770193850465	-0.9354274172106222	-1.305281859243214	-0.03555139954974059	-0.027319913371155698	4.294497266831065e-13
-2.3364166454536384	0.6815929055190786	0.5408695814097112	0.4831724862020112	0.7981614540275205	0.05874518222615482	2.655378547006011e-13
-0.7995836142111773	-0.011381348278949504	-1.4460581682690787	0.33966149949650704	0.14732205532649398	-0.023073578559258796	2.924894204249029e-13
-1.3382120422121824	0.5833554575131719	0.7064172935044662	0.31446746861038366	0.5035671903802402	0.003033011260015227	4.042188582428398e-13
0.2684462148256409	0.04231047851576195	-0.31238382460379943	0.5709465189915455	-0.10508209202839446	-0.028158924934336273	3.717075746715032e-13
0.45707089329179884	-1.8278831475269741	-2.0174939443073754	0.10424845211833005	-0.4435071943583972	0.0018551050314379205	2.544653316183828e-13
1.4327691837994492	0.7631697865315574	2.2058520149869767	-0.058906220283294834	-0.19358407672447683	-0.013481673088346044	1.746205064586368e-13
-2.832683129611911	1.6148532896522085	0.1477836767631739	-0.4302109963054181	1.0680166987958124	0.14138213653493917	2.743718802155181e-13
1.7432057328401145	-2.115111808250612	1.58487017732861	-0.3808205966510919	-0.6108999850238159	0.09339890716357113	3.670540762705408e-13
-0.2882917145280837	-1.2796405392113022	0.4542931383946335	-0.4367830532066361	0.004052869071356197	-0.025499000805968636	3.5519521632428847e-13
-1.0068963763696048	0.2773949972948892	-0.13023849934915277	0.6082580612354832	0.30855934488161485	-0.014227600347578015	1.3735437523930697e-13
0.05258355153688429	-0.37657821860916496	-0.4261120858249324	-0.5305566130227142	-0.04813357344105745	-0.028005786413979963	2.869127826082679e-13
-0.12491148253250339	-0.7186174650878389	-0.26691531019267406	-1.178202499570725	0.0034997965162687364	-0.027752304145761682	3.51771557505711e-13
-0.9558563401516362	0.10419417702471918	1.2321820793046872	-1.0144067088037958	0.42250757197754896	-0.018106335366059174	2.664801926369956e-13
1.8560974282745388	2.536742034435804	-0.7116993749349559	0.4189078757868105	-0.3223696921419	-0.026859751617643843	2.851446552602215e-13
-1.5365486616730855	-1.0386501773515524	0.6448392800237694	-1.1763326564261594	0.44184291221740196	-0.020631753724997173	3.2279813939290265e-13
-0.504374442719086	0.17742769827240132	1.4669215401919466	-0.6122677005855399	0.2936568914760692	-0.025394881788595048	2.1047733740780014e-13
-1.23517380273902	-0.322070041295761	0.857427129123818	0.05923980031964626	0.39254305170828313	-0.017639879496833284	1.9957017422584829e-13
-2.2402193171506988	-0.02030833680963394	-0.0701921822592922	-2.149462419353718	0.7622350083760169	0.028234889401141248	3.066244324911179e-13
-0.32830505917017616	-0.9913929807432894	-0.6335564554176714	-0.15803810722137476	-0.029736037515790667	-0.02837640914556287	2.2021085789548983e-13
0.034354159330044584	-1.4564887318351423	0.9437610509945049	-1.3361950327222962	-0.0435336371743348	-0.016819576630101335	3.128440631687742e-13
1.1007058681927118	0.4783074133966141	-0.4193097793217057	-1.5141532555015107	-0.22414790341272162	-0.019376530263043815	4.801649304673309e-13
1.0571088280180145	-0.385250387753036	-1.7316835790649214	0.4368105579592324	-0.46227856423159985	-0.007290772335418553	3.5554958821417534e-13
0.13474838043293597	-0.6529328870561781	-0.038454030322940834	-2.111175963348332	-0.01398267124614245	-0.02487261918214798	2.53699654837488e-13
-0.5079558017724604	0.4982830910059346	1.1417377724090958	1.2567340238204718	0.23355755639492146	-0.022388707623849164	2.2157707566679742e-13
0.32048711037680133	-1.6207727140147132	0.50145556486581	0.6598342312019831	-0.2533772684230213	-0.005750876395325468	1.7175498279956427e-13
-2.19811681049936	-0.173364517630726	-0.8796584256746253	-1.1595318601962321	0.643452964999807	0.02156493301242071	2.666417812783402e-13
-1.2809767615565855	0.10685573321825566	-2.0567895935570966	-0.32192982110758595	0.2945452084143392	-0.009097945266067813	1.365625746405169e-13
-1.9719742049112243	-0.8293594337416454	0.40475652365204057	0.6298974001989504	0.5063571209518849	-0.005028909517982361	2.544329386808873e-13
1.1365426830003231	-0.8375635923338162	0.7338421095621099	-0.9861408372420915	-0.32723909870420875	0.008404501251272662	3.1029127116602933e-13
1.3167756121690903	-0.22708109659954478	-0.4702802444750198	1.8556030952736433	-0.5040499822685797	-0.0002311726215939081	3.0856521145250094e-13
0.7485360826880154	-0.02629576708501449	0.48170469522593723	1.5738041618772745	-0.24746191497713543	-0.02010621354527924	2.3664764406443477e-13
0.6821374866414995	-1.618866739363629	-0.9608052823001924	1.4316961479459553	-0.47821667339726165	0.007046268746839729	2.392881014027504e-13
-0.9850752678071261	0.5696161487084939	-0.9857282168452681	-0.5627395315153608	0.3310413436732855	-0.009673368951056058	2.712141873695869e-13
2.131368073669539	2.6609321806802915	1.3019465237804326	0.10191392053684466	-0.2564558218913337	-0.023069838986164784	2.7308700214926715e-13
-0.7577190238543831	-0.9639836323114184	1.8344242340279122	0.3923329681184196	0.22545738630801387	-0.028763695016800758	3.260997545546285e-13
0.8793111555339772	-0.6816239553863199	1.3479383135696734	-0.9124853481605989	-0.20174344405771502	-0.004828201761175409	2.409130045645828e-13
-0.16737065776870372	-0.023963856749586655	0.7130011610491954	0.17438502077463128	0.09432271521006352	-0.028987347707344565	3.496845521231088e-13
-0.9159526894663199	-0.6182707929231853	-1.0158163565601754	0.19682057624910018	0.1472926640852695	-0.026885120450528807	2.5562934044657876e-13
0.33941051170094905	-0.8369444981904944	0.8035295024229285	-1.3435607375365368	-0.07496229985749735	-0.018337392620481553	2.360751344966123e-13
0.9131356836340692	-0.6991998574442458	1.294888748330162	-0.11870804306833437	-0.24927745147279437	-0.003326071180554765	2.777578755093371e-13
-0.7993287119794178	0.3680041374659436	1.1943671125326851	0.8728227982010399	0.3250171317443587	-0.018030420799965037	1.5203712791942122e-13
-0.6571401195883199	-0.9823628946421165	0.7962793235900187	-0.16333085927372837	0.15431053764144065	-0.029226586490410073	3.5684261292208175e-13
-1.7316954779343983	-0.14443258128477365	1.7132070906259607	-0.30687519669830665	0.6268093410670027	0.0011353528603165837	4.968876257290435e-13
-3.2213018775565425	1.315781469141011	-0.3577852120856095	-1.2895347618234074	1.157567456842773	0.16128776729939096	1.4922462225707574e-13
-0.3323351315710702	-1.1450724188706687	-1.0101831057751605	-0.398845766165633	-0.057792194518092734	-0.027768753185951033	2.242844846256248e-13
2.5354081590789663	2.671712130761048	0.6762559049365475	-0.4830129920485435	-0.38755442185525457	-0.0150774395343754	2.543284725504847e-13
-0.0412573563292683	-0.8335648033437103	-1.9085262285605835	0.3094730825729445	-0.19299181674703808	-0.026954481295074245	6.727526997193209e-13
0.15286820837853432	5.42203770954687	0.010215275445292347	0.6057678958117043	0.5403927576365398	0.08363033198736293	4.325161882497116e-13
-0.1405836938321578	0.599759329068249	-0.7325034427746712	-0.29427946204254146	0.08682418410989914	-0.027099378652671157	2.9129144140684344e-13
-2.6262183045233747	1.5142496922190185	-0.21761897414903972	1.5585570144709184	0.8902822043293821	0.11838901499194687	2.9093564095889963e-13
1.6167313064454132	-0.7650446216376066	-0.3867047239793302	1.8844250100529372	-0.6444973568542184	0.028681308227991777	2.6897488910183516e-13
-1.2563978209995592	0.6657168765798254	-1.0370849676603116	0.8108090815531832	0.3634126115448737	0.0020147474566731254	1.899134708005437e-13
1.3353745810043693	-0.9550251782944104	-0.319782644573767	-1.1959752363415312	-0.45216277083546363	0.02001467346127183	2.488511152988936e-13
0.8437619622985375	-0.9903103310045313	1.15176547305828	-0.4005166632148528	-0.25691540178774663	0.00039830898911034	3.096224137584063e-13
-1.462334815908435	-0.10127345353547763	2.3675256330062022	0.03383269451982791	0.5761164057695539	-0.007518381007852916	3.260314951869582e-13
-1.3225882897078745	0.7005325644574566	-0.1264012355406815	0.6844268162477669	0.4468106355863418	0.005394909396860949	1.7788002292738097e-13
0.3223383243928691	-0.42230374617066685	-0.8410036705531979	-1.4035737558213073	-0.12159071846644795	-0.024510612347713786	2.5470253195845183e-13
-0.9930257021652854	0.4843754784314868	-0.08939723946596488	-2.2512680881097284	0.44701527565845545	-0.011043144041328981	3.0047009387713493e-13
-0.04648108102547175	-0.4222734184528161	-1.2504000040630023	0.3559613280912694	-0.10960071589825246	-0.02897603533305984	2.54514009572507e-13
0.20455395419604502	1.5358472746078036	-0.18133495989821996	-1.2918979151794103	0.1603146227326541	-0.02392146317297005	2.404576963586884e-13
-2.1135858918712773	1.1807037766238213	1.3226798177120982	0.17095707757331854	0.8463396929773446	0.06342386941999219	2.208795336387006e-13
-2.5209248737004635	1.723504487817281	-0.2829102553663241	1.878386628334826	0.8649108924629506	0.12014749332754485	2.5017458269141796e-13
2.356797026187587	3.328928827174734	0.380245146291508	-1.5140370546411	-0.23993231116258165	-0.025771913231697016	3.3208918212227436e-13
-0.8877734772800028	-0.07793858385770382	0.3479102704143352	-1.1919108565909828	0.33660662749550735	-0.02195081599173682	3.6687092985800443e-13
1.2226862730415133	3.390751911918248	-1.7778200126519725	0.46341221724961607	-0.10761273167016581	-0.022208490377381537	2.8740794784423057e-13
1.7907327405314108	1.189469110903188	0.01342908797778665	1.9669993984277467	-0.46766462239757356	-0.012119284068201555	2.0839440863307125e-13
3.4049342582682702	2.6974337835608755	-1.0267982130894666	1.049361203174484	-0.8041366853935492	0.014747280509525708	2.746102089317561e-13
-0.5561214747830349	-0.286383206816582	-0.04304408081621658	0.782466401787785	0.11080953360656402	-0.028189411197255442	2.4784831281138295e-13
-1.0966642052135602	-1.018410538540689	-0.19469674609831203	-0.22939696275323382	0.2240472164464252	-0.027443344506741907	5.033207534771744e-13
1.1251498132963456	0.5732783591573664	0.43551554783515856	0.2170148190104636	-0.2410046837237899	-0.019550668997500385	2.752611267769367e-13
-0.7990286544545508	2.1695550466145788	-0.8865726510049785	0.28813804784974195	0.42330635089128726	0.02203612106991959	2.3677636320244153e-13
0.7618194488185945	0.6696865331598628	0.6726935431513985	-1.4192866183474953	-0.04230223303164455	-0.026339583321256986	1.7831678306410569e-13
0.5792217712692823	-0.48115086555853165	0.02544243457635223	0.6309639553605987	-0.2350374160637107	-0.018181928827693525	1.9502826752636389e-13
0.731230024603292	-0.5670781284045887	-0.8797595444003673	1.3076596131900096	-0.37086303282305394	-0.013519962989132208	1.9477099766104063e-13
-2.7412188542119535	0.5102071356182671	-1.0735873869428172	0.0060240094201543855	0.8244317427958363	0.08053220229558085	4.90156021516328e-13
-1.102030604245883	0.06485012564259483	-0.787372247854338	-0.9361750737762705	0.33766979011584386	-0.01514714869645025	4.697242893176959e-13
-1.1934970726624716	0.22597728715980983	-0.5729628585496577	-0.09499980859154267	0.3610232598419598	-0.009657116441776923	2.417443306380157e-13
0.048170483660548984	-0.24608900352001978	-0.7546032921596724	0.3285284485332037	-0.08770447396576875	-0.02877786920933599	2.7303102689722086e-13
0.4995957936728539	-0.4501322979011041	-0.5832693966601286	1.1949540629856532	-0.26796015921150823	-0.020801897084185957	2.7846719356598227e-13
1.54016279126494	-1.1496951523740468	1.858570221713571	0.2081384906330864	-0.4591751282432728	0.039877760779343664	3.3317088785925426e-13
-0.5945145591393597	0.23525481320601652	0.11778209328479045	-2.3546162524884076	0.31750803041068704	-0.02379044331339166	4.379900711548001e-13
-0.9587529226147752	-0.3963268219138551	-1.0567005414036805	-0.215782469539429	0.19873410925346235	-0.02433249615134424	3.544792610984806e-13
0.48445067118119717	-2.1393493634332685	-0.9877248707975349	-0.4894335170322407	-0.39833998848423857	0.012043657552479737	2.40535946769586e-13
0.2939525968128786	-0.3096076279096025	0.32249169804472066	-0.2987689841895902	-0.07675559140629658	-0.02529814055703043	3.5065846325890273e-13
2.1191866179864247	0.3458739750717571	0.4501859612775016	-0.7467486567017184	-0.5154596284135381	0.02149282610298157	4.0148579109302785e-13
-0.10530183687009938	-0.9608904280023008	0.29433730862983004	0.8148919406627204	-0.0765612383925926	-0.025639471053812375	3.099908642199514e-13
-1.74212681904422	0.07521757653685494	0.34993777466106385	-1.608087784437503	0.6260567896402806	0.007094502220391141	3.577698217635363e-13
-1.5732495789019911	0.8332656283228259	0.3311953139619573	0.09873689702328164	0.5882441657167864	0.020259283223788033	4.179975847486022e-13
-1.828378007455553	1.0106850587431357	0.741654764234444	1.0828194250738834	0.6689947396337683	0.03951809198768688	2.552478743185851e-13
0.4544380595529142	-0.9359171615124099	1.3832853157740737	0.6344216403965336	-0.1657572583314651	-0.013525633338786707	2.8477887596806625e-13
1.2833486921849133	-0.8237456720416917	2.288213061069776	-0.004110416819359164	-0.3156965486127616	0.016224793792023535	3.1320115601762897e-13
1.8028397480459448	-1.5614798269552268	1.469584513851827	-0.08443343736667576	-0.5896359132487649	0.07280780878515493	2.362028300488139e-13
3.297666635555762	3.3486629324599253	-0.09090395000331204	2.0681895825861245	-0.6895138669007602	-0.004665270148449199	2.346717671403407e-13
1.5251035545283655	-0.4268690263957204	-0.9948070605343404	-0.28029015213727565	-0.5297643760896363	0.013328566454368052	9.514603200557271e-14
-1.198846679775304	-0.57704879942103	-0.8208041222109654	-0.6696802160793462	0.28320942884141964	-0.021945814026145614	2.525837502369627e-13
-1.38652391824822	0.6244133401218459	-1.684690306427315	-0.755487025174799	0.4234042274989561	0.006409461741045914	3.124693111176845e-13
0.5825160760410631	-1.1949084922288284	1.0342647499429098	-0.0005042275827456513	-0.2257183858569144	-0.004909465511622454	2.870940936435385e-13
0.5619315599412801	-0.1321517517273692	1.8931837138557042	0.2629857567536398	-0.06552759019389308	-0.02168682179525956	3.050450303016975e-13
0.8736736283175445	1.1337623574775801	-0.14431600197005273	-1.3573792243581535	-0.07677567808694757	-0.028133491445316117	5.195963332928901e-13
0.37719963975725396	-0.37140829352660076	1.576298476885572	-0.8725772390960091	-0.009212178793152243	-0.022671576049038727	2.552374925393981e-13
0.28689916896400786	-0.39613793853155266	0.045068622985515866	1.1443337132541105	-0.1598508148691121	-0.02485272268681149	2.7832151287922433e-13
0.7982928473772234	-1.8750529574842953	2.012502940860225	0.11352466616230918	-0.3067040956339994	0.022745123379856014	3.353563124557026e-13
1.4102181090580115	-0.8960435143499552	1.079454177177663	-0.3212301954505286	-0.41973253737572336	0.02346767253198877	3.232667870449655e-13
0.4448104520645749	-0.6709601811120864	0.8128618533311454	1.47487003901285	-0.20331721930829982	-0.01821732059580181	3.5022196700150515e-13
0.7591316049773904	-0.904286100207938	0.25373774150203554	-0.9776113109272624	-0.253175079390458	-0.005339195985128706	2.189438636967571e-13
1.1013681574804721	0.4601082879043811	-1.3085652045048362	0.5675629914793617	-0.36505465355788774	-0.01976525995319443	3.2739653015829276e-13
-0.48655947071793243	0.34148901717037894	0.8187486533394658	-0.6032788471228722	0.2670761868115746	-0.02436022671841018	1.8110349225697997e-13
0.3027210016310527	-1.4582398187288386	-0.16703308654799895	-0.38501670977557456	-0.22805443557699548	-0.010023327410511653	2.687718007183825e-13
-1.6220416062896912	0.8737437897860465	-1.7618072259371775	-0.7099242764555159	0.5153678999416434	0.024536550241343352	2.3345187878674005e-13
0.8308280611883718	-1.281528612570655	0.9913695296305125	0.16543593890559397	-0.3168576852731289	0.006724675328684869	2.421426797332746e-13
-1.1726046976448545	1.14192588739528	0.9221010172784482	0.28222898086200576	0.5299644432313869	0.010120057678408626	1.101565823477981e-13
0.09142621841961386	-0.6330086985070917	-0.11540613567461488	1.301521368733687	-0.14380008172470446	-0.025782736012827673	4.34862090531482e-13
-1.1956437306143182	0.11161345901467401	-1.5727595366224472	0.7669850775744546	0.25383196545927916	-0.011678974414454538	3.2870076388129887e-13
0.18892094410893662	-1.1414232905169466	-0.08695300151859617	0.19959953516353246	-0.18006185985766573	-0.018316459512701902	4.624678709869097e-13
1.7867369555100245	3.0262240660906263	-0.1209370210825389	-0.5461895130070895	-0.17400407781590443	-0.028597180175237425	4.777339995550053e-13
-2.4389036908454376	0.0865146608419936	-0.28556161944234026	-2.086879335096362	0.8185769356008238	0.043136083191478075	4.0078388325634874e-13
0.24618633005904367	-0.6822719053412316	1.243406031855571	-0.9060230160762427	-0.022592110072852327	-0.021953124303677952	3.7008818631168634e-13
-1.7896186256187003	-1.573784256411187	-0.8624014879448225	-0.986988213941916	0.36061882977462606	-0.022251544822936172	2.568785701992281e-13
0.7635638933420746	-0.9962942761167403	-0.33076465663409294	-1.677899204660713	-0.27054096107931136	-0.0037092556086172792	2.3129670544343266e-13
-0.1870393327970323	-0.3622186858559621	0.4685535179602315	0.7672536946699569	0.0245275022627951	-0.029064228080456025	3.2789615746727796e-13
1.2079610905341363	0.9564933891726737	-0.5211895405104731	-1.8355835089013697	-0.19734632253998288	-0.022913236432289714	1.4656009884944225e-13
-1.6622582649021318	-0.3306676847382131	0.32446015645280785	1.8610637010504658	0.4133200037549828	-0.00532593725275093	2.5521553235317524e-13
-1.0925725886662756	-0.3640929074549488	-0.30610676300503736	0.35434618103357535	0.26364431981941705	-0.02142961550456733	2.823116080625102e-13
-0.948095278828513	-0.4260411441342297	1.4781689793132837	0.8638907284875078	0.29979884751551644	-0.024372531325076777	2.80835067362431e-13
0.8928605431770422	-0.761944829513175	-2.219901676239239	0.058116751013262545	-0.4679907840141545	-0.005669451241267202	2.8582907378981485e-13
1.6784485601664119	-1.373565774673266	0.82920886450212	-0.37433764043019724	-0.5605498422235797	0.05568074094102969	3.080198860339477e-13
-1.102121184657477	0.20819196015223243	0.4517335033522242	-1.184548574088194	0.43783584830844485	-0.012736730906348097	2.0927345479266412e-13
0.8205940893079433	-1.3639544914810027	0.6182465854490706	1.0657764369653706	-0.38193402265794174	0.008007519634004341	4.092259584642598e-13
-3.009974143960675	0.7270782424547276	-0.5523983344795981	-0.1825711962626602	0.9693590013332019	0.11123584776409921	2.0463502382885468e-13
-1.4466677772586338	0.6687233117120989	0.26350851541228126	-1.4359525899063947	0.5909029235994258	0.00976685288394568	2.446086439209636e-13
-1.7022058169211456	-0.36707340224621376	1.5068086218561734	0.22118102082944052	0.5593616373859536	-0.004808385189140784	2.110600695169862e-13
-1.8075848136870618	0.46654354888692656	-0.8796126817728329	0.22174615048501276	0.5404400407774822	0.021286365836348978	1.895229921704937e-13
-1.8839601368205656	0.9551685874838791	-1.6545559086894903	-0.7451778948936837	0.6112264175392829	0.041723096986162445	4.30195358566159e-13
-0.11721245964736747	-1.295156014143651	0.2012275786317251	-0.7189835219722682	-0.05155997376153955	-0.022699051583119686	1.8931199802155129e-13
0.3048911152305234	1.0192119633605936	0.540029174624016	0.21229976304120055	0.05568273900158843	-0.028264006777432394	4.1526503496681917e-13
0.6171042608100672	-0.015070731536157404	-1.4034985373959028	0.1963853450907524	-0.2640327060305123	-0.023914913728830343	4.705636322100051e-13
1.7886319958022576	1.1879839426177132	-0.5820601054864784	0.2600365359593575	-0.4328210189440371	-0.012550757767419304	2.3545507674028595e-13
0.35181729415024676	-0.14043578324824949	-0.040946387059474995	-2.0840093042650234	-0.02409676709070152	-0.026002374604827655	3.179016829021872e-13
0.7757547595499971	-0.4000798960104437	0.7190696841907419	-0.26514953264748975	-0.2056898035809037	-0.013813797854145694	2.8884721803647724e-13
-0.13149482701637266	-0.056160939425582306	1.8358288153583586	-0.5624617323194347	0.17772700633810404	-0.02862601906580314	2.721337372581216e-13
-1.839519881866452	-0.00676622644947791	0.41270978734315167	-0.8498028374210185	0.6188290488813435	0.009152302001587977	1.6469220368392243e-13
1.0665725859291022	-0.8950634986859292	0.963698796193642	-1.3019609364935691	-0.2861580691804373	0.0070695512209814305	2.2849606993809605e-13
-0.688514660158599	0.28288018528634107	-1.7097249505026089	-0.32513341911472404	0.15794694911150303	-0.02179727201722912	2.9870664113275705e-13
-1.482300509543005	-0.09319004458789053	-0.07109917838616554	-1.3868860810571868	0.4953149022658001	-0.006565451733694351	2.4870977149138623e-13
-0.35156396972626486	-0.23103484157446108	-2.025602228731196	0.30997413603593665	-0.043192270952222035	-0.029770625187177626	2.5389250287698145e-13
-0.9243703158699441	0.790019175991335	0.35807995919069546	-0.4584461056333713	0.41333508765038346	-0.00741812546288369	2.3366746646658474e-13
-0.6457645738888543	-0.05862884523771874	-0.015717110955885807	0.14383369230777487	0.1900977680316257	-0.025741028707353526	2.9873059347990076e-13
0.022797616343893035	-0.8774652925027321	0.7117846767925141	1.4653918419177718	-0.10701733623019953	-0.024232729576951977	2.7473854747022513e-13
0.2356400127355544	-0.545779599094799	-0.09556423502751085	-1.9508948528875065	-0.04218376497555681	-0.024305314087377874	3.704863035924693e-13
1.076498033641423	4.122279089418145	1.1348842665709513	-0.6362861502694733	0.2358638908398923	-0.007131825344458535	3.5073061956275697e-13
-0.6262773328654945	0.13215620492471666	-1.140293947801664	1.2257975971391082	0.09336290308520005	-0.024512083446769903	1.5321842600686309e-13
0.9861269307818828	-1.084563293742428	0.3620966314996512	-0.25484076344184053	-0.3618049321832418	0.007834611611412096	6.04253339293098e-13
0.25895725945938936	-0.8673650995111469	0.5899295391209934	1.2239981162174534	-0.17279639246589795	-0.019961818738918065	1.3202428014447705e-13
1.9621136174467046	-1.8784008148217326	-0.8312463490546201	-0.5634098458611818	-0.7869375902028644	0.09627883716977471	2.524815116503279e-13
1.5294255386229485	-0.4431079201154532	-0.2103239928605121	-1.9749933282366898	-0.4161171877696401	0.014826915810175555	2.7308624389945716e-13
1.4955831503888968	-0.4104869356763453	-0.00235255592367678	0.8535992449149734	-0.5064701649387069	0.012425934523736963	2.4936143737348244e-13
-2.023032641707488	0.23727440179924145	0.6814364168538065	-1.4433694855843242	0.7415291052369527	0.024747660069607616	4.246993768671492e-13
0.2629430984116602	-1.5813852375219928	-1.926067184530037	-0.4273661693322435	-0.33322736776664486	-0.010358827830828409	1.9594452033972803e-13
-0.16444997187587126	-0.1972264211395734	-0.18258906990020965	-1.0192164480569572	0.0700359906267412	-0.029389170870522972	2.367757240913271e-13
0.9724204746977493	3.0054098367087745	-0.011074821853629685	-0.9092934209018004	0.08690675949470653	-0.021686848036639537	2.441110752778026e-13
-0.01907481576832674	-0.5235665613858945	-0.32502218059040316	0.8785817984007931	-0.0946288556665274	-0.027872615609756683	2.2687885178309442e-13
1.2281835587451655	-0.39476345142427305	-1.1715955972819132	-0.4102946236604371	-0.4449678126013534	-0.00036099494807227884	3.192984598449831e-13
0.15857249531857573	-1.0433130604605185	0.651931576736732	-1.046076528436526	-0.0652193254582878	-0.019804108884268378	3.406693689123568e-13
-1.0454469289873234	0.500630252631754	0.586108225189857	-0.6770908898482418	0.4402910562830658	-0.00914666215912163	3.359975377625005e-13
2.934278218751447	2.982693648852123	-0.4479734972043922	0.26763722210892904	-0.569545075171581	-0.00976618200154204	3.8892434708640953e-13
0.6914181452860508	2.7872163032651867	1.2304105735964572	1.0685684410669034	0.13987708695238765	-0.018552121822952097	2.487389582938283e-13
0.0015879664640645933	-0.6519508853542128	-2.1694282986471123	-0.06586353286325483	-0.18629840640212467	-0.027823789088711418	2.0143971193195982e-13
0.680690082676844	1.8755022336018468	0.3697523973121185	1.8024182082812494	-0.03817196252298034	-0.02715289662161934	2.526172523267166e-13
-0.802571093906941	-0.8338503627295947	0.153404014196255	0.2341145890584838	0.15867451316487813	-0.02879353459476882	2.0700736230533883e-13
2.721776582165147	2.570255880004317	-0.25190728336877494	1.6912317221669804	-0.5979209910509599	-0.008697339087186045	1.6012518333761218e-13
-0.4540564994434049	1.9268884650838134	0.6716070549486401	-1.0096624351524213	0.4393869470042715	0.00012536281511283856	3.0479256251152804e-13
1.581369445088504	-2.1806055345133126	0.5104733554854076	-0.6831363451414182	-0.6230660982232307	0.0823767536742786	2.535749801327588e-13
-2.7940863149028954	0.1644442640138493	1.9402229285890016	-0.11744659911977574	0.9869290808153474	0.06791266539625126	2.424949136766521e-13
0.07700860391229496	1.6568025072584733	1.432163058466173	0.4944172966453068	0.23480337625422218	-0.02005764565478627	3.042674880022774e-13
0.04755236416988009	-0.9037214466417268	0.493182122092493	-1.7311355076678117	0.0010106441937109628	-0.023629159243439547	3.1603819813561876e-13
0.6184118856670472	-0.507700026145539	-0.5513427107330805	-0.8958172122126669	-0.22127065742568833	-0.01719647461293809	2.3638222276849745e-13
-0.2696814833272217	-0.24327665292352038	0.24547703200684817	-0.2621663120344696	0.09075835901520161	-0.029236769105997623	3.1348855140401735e-13
3.852330480698548	6.601048648247293	2.2277479893419265	-0.22971085084830611	-0.2704133568254431	-0.02694342238227635	2.684226673293679e-13
0.10813269309191845	-0.9165227844944703	-0.04960961878324884	-0.7993704378362108	-0.08897346804088112	-0.022771510461025338	2.410908833087873e-13
0.6520090144708807	1.6150080704451575	-0.7905863375757083	1.4990577418695934	-0.11504032160108865	-0.028483017276086233	2.7917831340131714e-13
1.3157641769261552	-1.2918445003434118	1.1196612948468903	-0.06528054658505902	-0.4420199199972207	0.031010472551119442	3.6257682746156747e-13
0.5458862775593263	-1.2145572274592842	1.7185334386647664	-0.3229947186645546	-0.16282647613883974	-0.005209836254038105	2.5918709551801916e-13
0.9129566853061158	-0.6986204196807099	0.9361319439793041	-0.5887875273047015	-0.25137169281913696	-0.0036301082525771636	2.123581763979815e-13
0.19292569592720482	2.7975466889415093	-0.030901823735755635	-0.4540361539078618	0.2769042180458612	-0.004229941679607505	2.5649275003574443e-13
-0.40386509376203705	-0.49499734107220944	1.5498848670933205	0.7262634156991986	0.14076599957683314	-0.02884869227341165	2.516148190330873e-13
-0.8079583794972361	-0.6013401393191774	1.4822507171353927	-0.9213718159139234	0.3125890721702471	-0.027316057229293016	4.536715394255279e-13
-1.4783019561760575	0.08840433534166157	-0.5110798964417625	1.5693780261674535	0.36645157581793564	-0.0028196623900082493	3.7382459478917553e-13
-0.32323816019916246	-1.5104771984036083	0.05890069374006332	-0.7997806235726257	-0.019249726691277124	-0.024195627652149075	2.0431165744063977e-13
-0.9440376606548685	-0.24794557646173926	-0.1505889982284124	0.9471777172984016	0.2170933938824843	-0.022896539645072777	2.3595069297446493e-13
2.833837451203183	3.0383991608821104	-0.15735915903782405	-0.9847023294863143	-0.46532361006704115	-0.013432391745042228	4.5308650246583044e-13
-1.8733207306629052	-0.39561986210544686	-0.3867992926743688	-0.8764182947470741	0.5391645586062511	0.0010361108448134555	1.931409607764287e-13
1.7409869273600462	-1.3940473473883817	-0.2760780563743234	1.333909299418594	-0.7172428256683008	0.059214935219232864	2.359803530517289e-13
-1.1992585399126114	0.26065320965307065	-0.7104786697597059	0.7724504977489541	0.3227212104409053	-0.008801002494441159	2.295160831751884e-13
-0.11799904273934925	-0.79548372336308	0.7566514296763023	0.14340259865172816	0.0002523727833856757	-0.026733275024641085	4.20593932295368e-13
0.7027574091255234	-0.9034841813419886	-1.4425339100878	0.3134977397003245	-0.39128675477602026	-0.008690432110289362	3.7076695056433887e-13
-0.9169004802208623	-0.12041819833863808	-0.3671064976088887	0.8158874800137575	0.2153880916050879	-0.02197948837364613	1.436314264740806e-13
0.6992209432599769	-1.0105435833704228	0.7434614120499184	-0.9786446299418201	-0.21754028739402034	-0.0048372656610171415	4.061319320148872e-13
-1.5820578302964274	0.523330144410353	-0.24265333746350287	0.6715862834965006	0.49861904316907757	0.012027475366741926	3.4666774684393886e-13
1.898632864955746	-0.49091133113674884	-0.4585303631346366	-0.5261284413368968	-0.6029344123338055	0.03542740116705512	3.5811442623137876e-13
-0.6843022665493854	-1.2025662030821151	1.618060132038153	-0.548235574707073	0.2035486263809669	-0.028755473282244332	3.687891001386596e-13
-1.3375012557020247	-0.7499245156230157	0.026801497912651167	1.4239184390254058	0.27039511704832375	-0.021185575746519806	2.5990790019245035e-13
-0.923913914347907	-0.8508386683573116	-0.8627741536167017	-0.32344452228487325	0.1548496395045099	-0.028266651903232964	2.6842934274546934e-13
0.8405757285387266	-0.6858690274447591	-0.17017794861652177	-0.7759737760941653	-0.2874728909920457	-0.007315830203525765	3.2321119091730694e-13
-1.0740555954233613	-0.3167323558544435	1.0042331921310723	-0.22222898323251777	0.36544871402640156	-0.021078961941647843	2.969510648314661e-13
-1.2839065034926205	-0.22361998793854648	1.4451455343372026	-0.490555710445637	0.4756510026107455	-0.014897109152100074	3.3519017769471307e-13
-0.34099455233962755	-0.02226665784090673	1.5277250710597925	-0.51632282840977	0.2231179066199278	-0.028064114653099104	1.9848012122736236e-13
-1.5538122364674605	0.45934221637995276	1.0877792379859446	-0.21258897453663472	0.5989720971388823	0.008801457015115699	4.924394225724882e-13
1.390605375888665	-2.2355348259038452	-0.8649444720559701	0.36167913680832603	-0.6990939542702501	0.06884441284786069	2.299271883998699e-13
0.12913042803819036	1.5989989377965976	-1.438255802283563	0.8873386966546591	0.024933388567813557	-0.022107958563563165	3.069756814063217e-13
0.8908156779831825	-0.6727306538764114	-0.835055528126882	-0.34716246801664397	-0.3582452523730151	-0.00642391479595013	4.2037815155875503e-13
0.011947425287760743	-0.6061624303036343	-1.7029332226681053	0.013895190259112416	-0.15974421593977073	-0.027761179455555184	2.6611139696214574e-13
-1.164048117708587	0.5924709409567784	0.9569597209385471	-0.03222254391319064	0.4816267497078022	-0.003347946266627796	3.7892189015216737e-13
2.1098235701286576	3.488260143735707	-0.5254550601764436	-1.430483492426416	-0.20749945545732187	-0.028543326265883785	5.778315197232117e-13
0.5998298576870909	-1.0280254857554625	-0.05263935254402711	2.1669523004334024	-0.36717971175656516	-0.00861116207630417	1.8794779148685935e-13
-0.08674655877206942	0.31979743682178363	1.6296414457123118	-0.025084045722481154	0.17083397636856887	-0.028218303942986182	2.4077341913185704e-13
2.0515554692784335	0.40862427288157527	0.29965987822403384	1.4525384797819703	-0.5884674894608501	0.016069135750149437	3.5784362395105773e-13
1.0769559646165088	-0.7932407714280832	0.8557564149639235	1.138329896481641	-0.3850688383765087	0.004773251927562376	3.0654256332725835e-13
1.7499383386757794	0.5764207841747765	0.2602264874065735	-0.6701107381280841	-0.3978884915532926	-0.0010822007102191352	1.1214985551211496e-13
-0.8665313961386597	-0.3050288920279727	0.6410218494691812	1.0258738054723349	0.23196828975217854	-0.02463262893255748	2.5164476364511624e-13
-1.4510749504360863	0.3247134836781314	-1.0039664681701008	-0.690403291014991	0.4476706034664895	0.0015761245952005544	3.8170692895263877e-13
-1.0834895022332733	-0.3270794936864122	-2.2530424858168865	-0.11818969466446397	0.16780601508500068	-0.021353149983591894	3.2808837358560556e-13
-0.2125915590294642	-0.9030071402113514	0.4480134401376376	0.9312336316601312	-0.034267919130914745	-0.027257718223398186	2.289376371529481e-13
0.4198343322308698	-0.738650927198421	-0.32837569015127055	-1.7123969932333307	-0.14076760756802528	-0.01855693351448745	2.364100905342844e-13
-2.599989057095523	1.4779706911340695	2.1259942946299506	0.2208815321639041	1.0732706465816522	0.1126585170089312	3.4421991713179034e-13
-0.43632954589831735	-0.76164531654167	0.20608179020691575	0.6340185744744082	0.044785069204645415	-0.029289535286856006	3.5057922136001934e-13
0.09918363820508232	-0.2834041246857815	0.4325691172633369	0.7965665337024718	-0.054875545395907	-0.027671685989673556	3.2194428851114564e-13
1.5613737401456937	3.2784582845554	-0.07107750492223214	-1.148055415915454	-0.05216470456540398	-0.02729027692474579	2.4032197408231325e-13
0.810807934352975	-1.8810087292236297	1.5738667149033077	-0.6770612137031086	-0.3048198328839528	0.023149535733749702	2.891616891558233e-13
0.26347890505457866	-0.7195006046788943	-1.6530345009960445	-0.5755558660218238	-0.21882346624686264	-0.023006917194677918	3.159331309057325e-13
1.523967217191609	-0.7511846929266767	0.7238281305339876	0.9431938519218321	-0.510812071070616	0.024500838514286093	3.5163911578388547e-13
-0.6746851888882014	-0.6298596146702533	-0.05789687209812204	-1.5387772196745304	0.20304601639766942	-0.028825984224613237	3.8295511678986465e-13
1.105646624895946	-0.53881722314003	0.7961976027649383	0.1903513972142222	-0.3311224266163635	-0.00011308747745486903	3.105066637670442e-13
1.6204120066125556	-1.4223003185600966	-1.562199234974787	0.23186367502991762	-0.7171791159873628	0.0508315355128362	3.4020927899922203e-13
0.3747980043518578	-2.710023278785584	-0.6718836169578404	-1.3970280643731332	-0.37040567446858813	0.023678064118106707	2.00939405549188e-13
-1.5880928425572651	0.12968140154517355	-0.8671778176009416	0.7281653838751009	0.417127669399637	0.002341970011635164	3.125077896819173e-13
1.4928509488840058	3.086917721798185	-0.7359556892850595	-0.8673718392215034	-0.10401322452177104	-0.02786085898730304	2.456212461263172e-13
-0.6356320182293521	-0.2164714204615091	0.615407562666707	0.4910027058532227	0.1934266516431166	-0.026894020175183535	2.199617741570274e-13
1.905471430019242	1.909230972653245	0.36466469870024465	-1.5986015467882266	-0.2569795940814014	-0.019597511025265673	2.271140470214172e-13
1.5081834496038349	0.7320578431923016	-0.42041771410861795	-0.3290183468813145	-0.36535437643022595	-0.012765863068639947	2.376126378509689e-13
1.1660654013825014	4.081314063379531	-0.37624479190536114	0.6824781888804536	0.05997011989934043	-0.010616415846337345	2.3170208953253034e-13
1.0207326039448077	1.4579690113980575	-1.1577778098200469	0.10144662689633642	-0.20582142970522538	-0.028822386934146585	2.812727049682065e-13
-1.8739490590704544	2.234973512893263	0.5761803332890796	-1.1929440928820612	0.9036356159944053	0.09197579091379521	1.8679201450199355e-13
0.9101515666181038	-2.1160321827474085	-0.00994816723888843	1.550148557101511	-0.5448616664036843	0.03434764504622483	2.7971636028015537e-13
-0.5974740560836661	0.2506334803459094	-0.9646071792186932	-0.6131254554503117	0.18375482151796177	-0.023755633518277246	4.0412112782742177e-13
-0.46908750396959387	-1.0227993841995426	-1.7793635053900583	-0.27509716966254494	-0.05539281871009683	-0.029713414178852416	3.021812753550772e-13
-0.7684570758609479	-0.5377108030226992	0.26241798167303604	-1.0908850370023377	0.2416860040739193	-0.027621947369012773	3.011556422690058e-13
3.4054278726666922	2.785446470913547	-0.15248172973077798	-0.17909753906439216	-0.692116618747655	0.013238799263859291	3.093324197733379e-13
-3.6901846048704665	1.5130474144820967	-0.3873855461140776	0.5119228245188383	1.2477688259385742	0.22157085764388493	1.8737226869653311e-13
0.7384007123008922	1.2123167828901111	-0.6296038376304532	0.0035566132895059016	-0.11325521742828566	-0.029164194310521984	2.444498272810125e-13
1.7358324549219408	3.1631375533691486	1.6137868627420162	-0.1742649060035815	-0.05545463502924064	-0.027935669911844825	3.30580449120738e-13
-1.155610462130308	-0.8388970644365923	-0.9888159397663117	-1.2635227269547433	0.25603528731365693	-0.025467764425284416	2.1459485532112757e-13
1.9001947497284881	-1.1262605442800202	0.45864559404390287	-0.7397991633535509	-0.6061389094252396	0.06026989932090255	3.747860089341989e-13
-1.2435786642568323	0.1945878363662701	0.6800970410715986	-1.2511959668963595	0.4950233982845087	-0.008730994960856931	3.901784171264072e-13
0.6441336392223718	-0.8892226404786938	1.395285068517754	-0.6377647809751278	-0.1634254373234818	-0.00859132129867735	2.8419265396006815e-13
-0.5108156332501084	-1.8034081768668206	0.6987568190396735	1.5583928822996398	-0.053955655588685564	-0.024155367167823488	1.9688302796179826e-13
1.4768318549947153	-0.699253145151549	1.2170458267581163	-1.1107523218646533	-0.3777131907510511	0.021089036321184255	1.5614421585375806e-13
-0.7798458694130568	0.3693629445536625	-0.036648645586462913	2.3566893622270175	0.18472807464948618	-0.01854752264168729	4.0722095815418497e-13
-0.07223780474498435	1.715747749132269	-0.787811248648981	-0.19514501992153446	0.1811513478203548	-0.015952050319344283	3.3895310117620126e-13
3.09461369016246	2.390588932257633	-0.049305350587757445	-2.171579656018496	-0.5552325147602968	0.00990766926714244	1.4461650005806614e-13
0.19352038877191274	-0.8391965004588461	-1.3416915433001495	-0.2915060813608712	-0.20408416644604646	-0.02282232876347628	2.8291367143413187e-13
-2.6418796241669313	-0.40629559547002486	-0.8870107264198344	0.319169436456602	0.6899977250661413	0.03797652724746052	1.5683296196760797e-13
-0.6271129315365531	0.27137530113042635	-0.9448851065089695	0.025429064021693093	0.16981102067493523	-0.023011121906029133	1.755300874227056e-13
0.012352424451948268	-1.0292450252301741	-0.666405822984219	-1.2808100348650042	-0.09008336547671818	-0.023673594405484878	1.463727338474609e-13
0.6601669594724523	-1.0627972132557273	-0.2762378951144347	-0.03925326982309362	-0.31136779694972816	-0.005997696463076981	2.7879566611872283e-13
-0.8029805050174765	0.3697885538035156	0.16093355928178563	-0.9511517666293134	0.3393029806745444	-0.017987411202759505	3.212876381003358e-13
-2.721079169933691	3.3735917449125234	-0.02094060989327175	-1.8577507349596323	1.2831537361353995	0.2370659793461785	3.1035304228330576e-13
0.5452732806709953	-0.46583831681283855	-0.022539518360166415	-0.9474859867140779	-0.16149817296079805	-0.01917333325548983	2.2255461456118311e-13
-1.5982810776186451	0.4796351774081074	0.14488963589326584	1.6837444894149434	0.4802881145401364	0.011503704126311042	3.7022479360901786e-13
-2.8736880787101673	0.5504481645261776	0.5228622996544453	-1.511380260890422	1.0269014789610513	0.09123972866010692	3.4570112490225867e-13
-2.8946112973798113	2.8358581031892456	-0.1793071010239365	1.1362892647845784	1.1423320448148628	0.22095617162108772	2.94099643164623e-13
0.7257475894049854	-0.9013678474506492	-0.5661757179431715	1.1046960640000718	-0.37774005889138323	-0.0072854219481679194	3.159962196245009e-13
0.28388751872564283	0.06616491713907541	-1.1806197051872251	0.8031475417347413	-0.16862197366832735	-0.028557624126322758	3.5034461250915557e-13
-0.3217872108609284	-0.02264183662636386	-0.46673946209104716	-0.8051212109815669	0.10977083431976507	-0.028760725232225108	1.5728440603398672e-13
0.9509480093099293	-1.9452693500775848	-1.2240168840184886	0.5887470455697689	-0.5721116260581502	0.02965132970267591	4.0582625828071897e-13
2.824012637402428	3.055220506536231	-0.6089521667934208	1.060298396369979	-0.5716747554167416	-0.014361153739713528	2.9747916009333127e-13
2.7751606226410646	0.5765198287339518	-0.7664933475050811	0.06899985991650726	-0.7882409122568699	0.04986774483195972	2.539394641572274e-13
-1.5252643761520859	1.0413244759291562	-1.274880516492161	-0.15902325861079175	0.5114165886395333	0.024600080545560503	3.5418139705304786e-13
-0.6871354104490758	-1.1315749995508657	-0.6608182758002957	-1.203579297225459	0.10244558532169712	-0.029748939025520223	1.9346612143985838e-13
-1.8276579250974296	1.2119715384683054	1.64571625111393	0.1808457140965526	0.782384103057541	0.04624619073224358	2.617361172049037e-13
-0.29517627598370016	0.05293780117506539	0.5108490245713492	-0.791492604524376	0.16808981155425737	-0.02834721709798619	1.3009108476991101e-13
-0.7756456699211204	-0.7222238966124274	-0.3010319366634969	0.88453445549826	0.1088984785897162	-0.02865690234810567	3.154698588383094e-13
0.28121672233273703	-1.1818959266499942	-0.6308210013188233	0.5783125969705948	-0.2596274553881724	-0.015769412499942237	2.271523373088133e-13
-0.24580155139674767	-0.5382335719693042	2.064575003614777	-0.2260714650401584	0.1592691953558979	-0.02825426268239889	4.860430112960219e-13
0.5348578992729773	-0.7591290051923228	-1.0833193997404158	1.2922186487792375	-0.34533100766783553	-0.015975990999475696	1.072007686297893e-13
0.729246509754779	-0.5862801714659377	0.9404875506587334	-0.9958096514006326	-0.16864634855192767	-0.011814941551087	1.650934566446541e-13
2.119040939721949	-1.7794517006520232	0.3573493793762932	1.7324762867727725	-0.8448336406606669	0.10591818884253576	1.5829390869618533e-13
-0.7295224608069512	-0.42830155050755414	1.6358746365228174	-0.5506252763772175	0.3021210533902709	-0.027014476806952733	4.2232519394253914e-13
-1.274159222373526	0.24149909814115353	-1.35664443973733	-0.5666532605179684	0.3593069212729572	-0.0066833799313450485	1.8386468142951413e-13
0.20977351936956457	-0.34923996300767135	-0.9021478364915789	-0.664759467710938	-0.1145687032158598	-0.02675945583726079	2.1303709588557217e-13
-0.9548775231831192	0.4620594681663815	1.1830960153284686	0.2054575107846469	0.40849068605929023	-0.012556546135466131	1.217694854619776e-13
2.697326572389006	0.8095762205318967	1.1112939452057837	0.5653514458086406	-0.6489774661064284	0.03879557760536564	3.8358275766446657e-13
-0.5734555883383351	-0.2942796641340334	-0.3515458267176852	0.5502245205377391	0.10615056733757791	-0.028170596061072674	1.6145881731146678e-13
-0.818116647484611	0.04614896979139254	0.24978670505053932	0.002674943430857998	0.27452180954884464	-0.021854563062570623	2.4649069809773333e-13
-0.744083101535756	-0.0627909206206796	0.8807757160233012	-0.23846905106458735	0.2882642635997193	-0.024193728155482666	4.4547450199400065e-13
0.48504010697840266	-1.0827632279593011	-1.2555796426901025	0.9435783881339076	-0.36126611055286134	-0.012103812774313046	1.4047390895279883e-13
-0.23644359624525385	-0.06425383099410534	-0.7857923252169726	1.625655185281191	-0.03895136233664515	-0.029406687927214934	2.5226734802283975e-13
-0.7447188430042015	0.341693707603715	-1.0590636762224217	-0.8635568383677868	0.2422038513056038	-0.019796109066553703	3.1785972926842913e-13
1.604924846449936	-1.4827790780983827	0.25764880013214697	1.9958996261855955	-0.6822776135191292	0.054281951850362595	2.663045916915593e-13
1.4024012076658692	4.554652293619723	1.0272169913334321	0.1928179483947892	0.14555474693363452	-0.009154970101425373	4.0597887930643057e-13
0.8987352783288761	1.3521919362749706	-0.3728021123068384	0.9973233266878335	-0.17094888623820315	-0.028801841805091752	3.7976406809547054e-13
0.8615874790228617	-0.2706090483143498	-0.5690514897267193	-0.31397888646509853	-0.29225294592859535	-0.01448509516833171	2.836146073340718e-13
-2.425068410723971	0.17921455217617627	-1.6350747627358055	-0.07615362266988204	0.6614775919614195	0.046259202011523774	3.5820182358358616e-13
0.5505020252600713	-0.3507987952188518	-0.06596730523327834	-0.3621332921729998	-0.17735246935721874	-0.020581975573701363	1.9904372974542714e-13
-1.806663435986682	-0.3314509461899719	-0.6150240087834525	1.3463403800747236	0.4213703786318641	3.926951534736769e-06	3.41362104182102e-13
0.6194766414348997	-1.1075166100576337	-0.8326899089180042	1.4680025743709477	-0.39945700296740544	-0.006995051149798526	3.0442748296113004e-13
-1.2682315333047212	0.3062483664946591	-1.4346028046772286	0.8106214167087555	0.3034660029319039	-0.005535357295086014	2.4320375872949556e-13
0.24085971386572966	-1.3680035887656488	1.435732264798004	-0.8453681681060969	-0.08533026412166982	-0.012279944801550459	4.4599666305287725e-13
1.027344216262805	-1.1042347770429792	-0.09066107268843145	1.6156599508799587	-0.4798561226952158	0.009670486154494262	2.81407429253318e-13
1.0488959550882548	-0.47430588444625543	-0.5683406310091952	-1.703044757792252	-0.31174707012210784	-0.004720690358494834	2.1718531527160938e-13
1.0008679076025675	0.9568086372399445	-1.1645590701169093	0.906096072698576	-0.2874347032488138	-0.026478958292610686	5.681721589128106e-13
-0.8073862970730046	-0.8223863332034307	-0.36710706790579817	1.5892693296128193	0.07453488196392145	-0.02888789014090556	3.949709042638669e-13
-0.7092688969289102	0.25422386556795695	0.11919141170993623	0.09053579685176666	0.2534466254005535	-0.021527206292139132	4.304619445253401e-13
1.1146744774720205	-1.8347110851046569	0.3348366038517932	0.4275590850979845	-0.507945554576168	0.03697873072822926	2.1191556907324358e-13
0.007469577796982547	1.804298359148291	1.164403887872384	-1.0675543289668383	0.31979274581643474	-0.016518493097936668	2.9056936765246545e-13
-1.3286853220825403	0.48538842033495083	2.256278707767074	0.136459798353858	0.5899626286515438	0.00017497501362095613	2.925780950186997e-13
0.197717701849902	-1.4099875337499812	-0.3413120519741483	-1.7961679884029977	-0.14464327352408438	-0.014101657308318315	3.438832672873431e-13
-1.323367330315386	-0.19304379400057584	0.20461973509289325	-0.2643851087465506	0.40723487271077685	-0.013338172948477278	2.906886171853725e-13
-0.8163937051794873	1.0388167984780863	-1.1157193604484874	-0.8956356647386335	0.33817696741920944	-0.005916077968117519	3.395112083360175e-13
-2.1464198102499052	0.13991734501503325	-1.232712422918431	-0.4692088226942207	0.6132957552528026	0.02877108111838459	2.9266453637640336e-13
-1.3435796787099947	-1.0380902794898363	0.8140693302301625	-1.3721592117290595	0.40262367910742497	-0.024144156022018345	3.02411892736001e-13
-0.18639549803519417	-0.16614505041771194	-0.5627929272590768	-1.1093242674157378	0.060820291817954564	-0.02952766208880651	3.2069449496716127e-13
0.04763382531639948	-0.5664332798179564	1.3259507756985822	0.9361455270540436	-0.022359383660143027	-0.026061915307777905	2.7067193427367356e-13
0.6304052211163563	-1.3789532665909234	0.44231438380208193	1.7303333879085252	-0.36582012162414274	0.00032791105150353	3.6259253901565365e-13
0.5707109605992604	-0.4660331987352182	-1.4939855476450445	0.6790453997079096	-0.3239623735025481	-0.019614110390082477	1.7760707438109655e-13
-0.26324593914835054	0.027341369725112228	1.449681053786861	-0.7482921264169957	0.21030461121437616	-0.02832428818342191	2.347636420007398e-13
-0.6271384625620843	-0.6052348299453789	-0.38860560000651984	0.5324453281586967	0.08678196880865416	-0.029113907089243746	2.8715871143983615e-13
0.006833823385117521	-1.3233616696880475	0.6345978855415861	0.902766000378513	-0.1316632846763192	-0.019593120713659703	2.6946507944954774e-13
2.141165059620009	0.346358524129869	-0.5838778054653825	1.2108560143599374	-0.6641935799671813	0.021447330813220884	2.4393293520084066e-13
-0.20959880131347441	-0.7345475264567639	-0.34645147566257206	-2.0627149088902033	0.0583259151157953	-0.028422033410540982	2.150407969551152e-13
-0.4539816810533735	0.38467198142976805	-0.5561733274133515	1.7940787423388855	0.08134015376535506	-0.02470196921766172	2.341826641856648e-13
-1.5689634968627735	-0.054618376309238346	1.3887056574656484	-0.19500225502761054	0.5639673699421555	-0.002860619215480963	2.716328577463966e-13
-2.22264149753927	0.021679078505502176	-0.9345258432494012	0.9198227969305975	0.5838975617152444	0.028975456552311162	3.060510386953648e-13
0.6548777108346857	-0.5970039256808518	1.9676177086387499	0.028818313485902913	-0.12848379550308406	-0.013046826799896829	3.1447171205738173e-13
0.3121192574086368	-0.9601771293123608	1.5814160134180038	0.4284911727122238	-0.10625647907446222	-0.016765790825623753	4.1762181373389915e-13
0.17484069309448538	-1.240208696835394	-0.7548153260011167	0.8586716016488771	-0.2535792819408613	-0.017723164625005564	4.0525827317077716e-13
1.5184686252220392	2.832022275694025	0.4578160858568883	0.07743247538105089	-0.10656677994061932	-0.02838116151245457	2.7356886595864754e-13
0.9198843487413569	-1.9980277626546212	0.7771610903021278	1.6510216017890682	-0.4922221051144861	0.03180439538141518	2.755099875196264e-13
-1.1171882244904716	-0.7031117498395174	-1.3049650775501382	0.2903407480005934	0.17670977095779905	-0.024842983162811534	2.556110554027857e-13
0.7047819604125574	-1.2594222327001383	0.519332625195676	-1.33150590506797	-0.24454661313431036	0.00065250638287457	1.437522789715924e-13
-0.20989841553492547	-0.3284797872881853	-0.9951648335462411	-0.5565641219300302	0.0015986554871521943	-0.029704603605076655	2.1902255650218585e-13
-0.9622751911310014	-0.07495160805636936	0.6768992116562845	1.2240513571059704	0.2796429095710235	-0.020401163519521516	2.8743006928235556e-13
0.5851293478679457	-0.5786554320810087	-0.20554926627773976	1.384954748234491	-0.2919977287765222	-0.016806389247392965	3.0070799507446893e-13
0.4401300692281377	-0.3829413464408452	-1.2107226574490595	-0.7061420888158514	-0.20282349883320136	-0.023104463909881103	1.702047421832691e-13
0.31276678643142736	-0.3922733036052838	2.1071483148257957	0.26474846242296	-0.007367784298248736	-0.02327351625682993	3.1121009122081985e-13
-0.3774910180228538	-0.8916702757757655	0.21776193805790645	0.8940188212433143	0.0033650526346962503	-0.028751443717866604	3.803401588709956e-13
-0.41942251520756624	-0.6175649781817542	1.9715339447299973	-0.24352038385819924	0.1971700575238678	-0.028676499719509092	2.898399807021105e-13
2.1610345118885665	-2.256508698915122	0.12643634981071172	-2.247105362764362	-0.7566463157931771	0.13439133901556094	1.8886908863108107e-13
0.9593385674949421	-1.4251746163239418	-0.8240950072223453	0.8487348846599821	-0.5064387631330006	0.014621420789423972	3.0605877546034425e-13
0.38471768644134974	-1.2413475222304609	-0.2978836968461251	1.2553934726362002	-0.30416226234301263	-0.01159250626262802	3.085835655858793e-13
-0.31213548955477755	-0.8409398450313902	1.0169013152721584	-0.7868259522248382	0.10642613734684934	-0.02812122280359139	1.9043956152373015e-13
0.22929126916237436	-2.1939289100743724	0.1667494933074218	0.6523608620502837	-0.3073215873476168	0.003331985518794004	5.415832718581011e-13
0.09344775523344276	-1.222520377086082	-0.4531616188426445	1.9746778675089354	-0.2555208843406552	-0.019723837320756846	1.9591818583204942e-13
-0.8295547979879446	-1.5320021366132064	-0.869213749002564	0.23780032042138477	0.029584515660477012	-0.029697158713026937	3.7403781144150935e-13
-0.38288955409135517	0.10919178660729655	1.0777175359836813	0.6149264303654292	0.17644652663538735	-0.027279680923313333	1.5905533518693395e-13
0.6559941657663156	1.2536227914163707	-0.03988077414883393	-1.578673127228366	0.015887722019753886	-0.029001357526351537	2.6759943018432264e-13
-3.8167374464622905	2.2584560305831456	-1.593648994305126	0.37605740058838155	1.305825891019306	0.2894033965149623	4.574218716547095e-13
0.2623149561059988	-0.19654790374004277	-2.048133031868814	-0.19303050081380238	-0.20165721489208102	-0.027773022200644225	1.9653479189855033e-13
1.9125565667044222	4.435353706388293	0.7632493046988316	-1.3930378281587736	0.029635523516640193	-0.022760184208242298	3.181179397536121e-13
1.1139182265533891	-2.125952253231778	0.4013397971430929	-0.9394165369680134	-0.4781493392680696	0.047546595179763916	3.002628330948491e-13
-0.019353019742746887	-0.11607795135648769	0.9671285178929604	0.5214885820515248	0.04152628008145389	-0.028732969370592356	2.6628616058807205e-13
-1.376755169061283	0.78681977314552	1.0010653248008128	-0.2691904977284617	0.5792516730243088	0.00968342522611572	2.7774848248181813e-13
-0.6284859055617551	-0.9878207451131944	-0.3305183351803216	0.012237119684578116	0.07052882824087985	-0.029636433002406627	2.2648881381573833e-13
-1.2366176355831497	0.6365347601419636	0.9774289906702346	-0.2478785416572895	0.5183059650897849	0.0002893215443855229	3.5563573349185626e-13
2.7568978475551447	3.339140326702059	-1.3241923756408427	-0.8348309681152787	-0.486661417124424	-0.020405069408426683	2.379262064339776e-13
0.8147436665071197	0.5407726449904963	-1.3749596349502637	-0.18733775044250264	-0.24505257257358928	-0.025850409443672975	2.841970605162118e-13
2.858989357038162	2.355025747450342	0.9562717994312101	-0.29319875983989346	-0.5070342401160699	0.0017821388450598079	2.9081796256267756e-13
-1.2461218439008401	-0.08028132338508562	0.11065524901891975	0.5494898143755084	0.35752242727872374	-0.013591055711505458	2.6156647893897364e-13
0.8961747212683095	1.4026221307627156	1.8870595370612093	-0.5191429242944202	0.03290983257962747	-0.027943582646737318	3.470545582967841e-13
-1.9777343383520833	0.22014603372123484	-0.6616317382529948	0.14416653756762499	0.5804501844310966	0.022332770484489967	3.0302059806153353e-13
-0.328279231060509	-2.340665290050473	1.606738625112015	-0.4906250446157132	-0.02652765419917518	-0.012065552024951565	2.2488661373540631e-13
1.3010725966200378	0.8467892631485749	1.5668776579731722	-0.6301771787684562	-0.16082768864896607	-0.018434377933497288	2.3901687983437837e-13
1.293804829224835	0.8671381365860966	0.5094011716978308	1.7417778093021508	-0.31727556817385794	-0.01961765276925609	4.115726451921874e-13
0.746922426459413	1.1968651307074938	0.08598527530333977	-1.4488605613551944	-0.014947518264945949	-0.028814816093642347	1.2848379042372909e-13
-0.013294008680979044	-1.1312272580264806	-0.02416102321178806	0.2762403398833722	-0.11891553565863344	-0.02270842719940405	1.2985183797622732e-13
1.536623096339324	-1.424450559091939	1.3564670151198703	-0.8026026980641284	-0.4755651144636414	0.049114775705429686	3.515350381420872e-13
-0.3681399812679743	0.08511757826618001	1.069386864214037	1.343521971725844	0.1390381382381126	-0.027544277731166533	3.198209360599793e-13
-0.023948177611250898	-0.44980417225120956	-0.09267299851301532	-1.3440749794979319	0.019936852340507735	-0.028125145582456774	2.303355024900179e-13
-1.176788825613003	0.8213532566746025	-0.05974540324699639	0.14394532440824073	0.44263741603179974	0.002425710128682873	3.085170585278116e-13
-0.862632728904275	0.7429020415767037	-1.0714880076473665	0.2855304363540998	0.27355742681766737	-0.01022238899798068	1.854120858776541e-13
-0.47924473170292875	-1.1240853048851829	-0.6845111788899386	0.7885759701307505	-0.041403422167873134	-0.028981444830858818	4.012009572820099e-13
1.0565804322844345	-1.063533666927584	-0.7771547619161014	-0.5075785699198387	-0.43806871562256844	0.00933048541365474	1.7130663101085204e-13
-0.8413810757946045	-0.8134807835699854	-0.4552901133436238	-1.7388348660832782	0.2169375635402311	-0.028616917139743632	3.287085294151744e-13
-0.02244401312357441	0.5250083869750362	0.44203545481588524	-0.08793520840098647	0.10550504606446738	-0.028210438492573507	1.7271291912093004e-13
-0.49066710663838004	0.1767923285557408	0.07156854923084638	-0.86876039435128	0.2164752398292892	-0.02585698456833196	3.595936988321912e-13
-1.1191804159877548	-0.5737254266963495	-1.3262178264333242	-0.25092945550529683	0.2123927823870445	-0.02347179927627396	5.15081947611753e-13
-0.09532039830196905	-0.9751140588122563	-0.4531962507104614	-0.4013174239336758	-0.07589473676124557	-0.02577142995169863	2.476081781958238e-13
-2.2246927560277663	0.13228940545696166	-2.279229881187448	0.018972168657957998	0.5533606831211112	0.03316604016496638	3.5454946831497816e-13
-0.2033845735122673	-3.550209726737012	1.9062765446283632	0.3207786733227001	-0.20658999592823468	0.02210213636933115	3.322231638579633e-13
-1.272625912103524	-0.4272462613388338	1.393274272198949	-0.9880376348955312	0.4672571491701881	-0.018221514588596187	3.586378028711261e-13
0.31727892165689947	-1.3333130326656704	0.553030574105575	0.983319147405286	-0.2320230336278091	-0.011336835073000776	4.0634992923025546e-13
-1.7842863401322524	0.26808915092159674	-1.4537131032115158	1.0155540140941621	0.44444314629151405	0.014546977103063501	3.500870977995388e-13
-0.13268765777434038	-1.965022482879189	0.16409719956402338	1.7841570698775584	-0.22367468770707233	-0.013945394044890199	2.299484140739094e-13
0.7274182243413913	-0.5237405814940965	0.37825570691903254	-0.4360660029384373	-0.21812230343529426	-0.013372833213755217	1.41340505473403e-13
0.3459613147359377	-0.44039550137420425	0.48207094033618597	-0.10867142484690435	-0.10436105161353673	-0.023186102927188736	1.382853953835374e-13
-2.0130281201912075	-0.810592623046814	0.6542517236809057	-0.706305026321847	0.5905084583395325	-0.003210328128242122	2.167790088765096e-13
1.0287187477868012	1.0326946719488748	-0.021827972773592576	1.149472339291926	-0.22899510877017393	-0.02607509233210899	1.5525953245950443e-13
-1.5450642583363423	0.4839341221097251	0.7770849183990968	-0.466943012593875	0.5909173866130992	0.009119806888821412	3.493247472675155e-13
-0.5785893483062534	-0.37447628873057615	-0.08234457897806662	-1.025343211964149	0.1797597417365033	-0.028425684332090383	3.118581518630127e-13
0.7104208664276377	-1.4716416282075666	-1.248588472473326	-0.4668961390931578	-0.4101883278756514	0.0043429246936444125	2.2000680697767215e-13
0.37125695772100614	-1.430947188507657	0.4015546777597237	0.13062473671905653	-0.23230562602188853	-0.007890991024021929	2.531904610833914e-13
-0.21756564246685217	-0.4788079281164456	-0.8998267835787404	0.8224473570899259	-0.06330200310277577	-0.029533032812951845	3.059917544313129e-13
-1.7176400853238467	-0.40651459202760765	-1.1269240945679437	-0.8684924372480153	0.44670093150380674	-0.004886605763497656	3.3978367352409506e-13
0.43470618666040695	-0.9403961789195019	0.7337453921226643	-1.2057677674250957	-0.12383072544540728	-0.014420971899246496	5.199931640607216e-13
1.8977187223631031	3.0750642635999053	-0.11735732709699062	0.19505105896716313	-0.2317588712075141	-0.028393066358469395	3.1521791169966484e-13
-3.325448313487331	0.6716754689873009	1.53343896835658	0.015603153009369743	1.1756463127160444	0.1338347759849488	2.296557890780719e-13
0.5127314517034897	-1.1827345920709016	-0.7551401670889771	-1.286072485988664	-0.25848767804726747	-0.00892646171497312	4.308779969208748e-13
-0.08130902107421394	-0.15377410489898757	-1.1241320660910714	0.36580750663219164	-0.06312572731133695	-0.02969020120911379	3.647250128036991e-13
1.266315145316318	-0.9140149133548702	1.0331197486619716	0.5658104146507644	-0.41892687827852954	0.016702082966481773	2.6789810420076107e-13
-0.5057876366990488	1.9798323380338094	0.3493273555206449	0.3501246550182944	0.3856296099721882	0.0034238913577248013	2.338423280815575e-13
-4.492357348377306	1.1600357494002937	-0.8970353089936018	-0.2154677921196041	1.4529525550988498	0.2907876220694431	2.758859144195502e-13
-0.09208250652914625	-0.9239720675262001	-0.10741319196252008	1.7648172207552058	-0.13956011436140828	-0.02599104685399952	2.779115163891359e-13
1.0750115336303612	1.001188663194112	-0.1886973979852022	0.1607921990167084	-0.21543611879466557	-0.025297093910738196	2.5451754352147117e-13
-2.3581127249833305	0.4652071356052119	-1.1384806582034024	1.0591293038360794	0.6563657311811059	0.05257837034313908	4.052509070844831e-13
-1.2873297314242775	0.3489990695512446	0.10770629541855949	2.1586015223191257	0.35088811611318205	-0.004088814436542344	3.093014849587003e-13
2.39876725358052	-2.6917502074194073	0.967159386786963	1.2560002437696816	-0.9628148414774432	0.1845245812540141	3.1636285552692556e-13
-0.36289819166120824	0.10693374408585314	-0.8272577847352858	0.11860332221681925	0.0765434669216517	-0.027949619826862424	1.9104302773398684e-13
0.813911514465072	-0.5270851834935901	0.2413708146457434	-1.9468582078381738	-0.19001130940188826	-0.010817396781349383	2.3354202923632017e-13
-0.6354670535703726	0.55481053070334	-0.7424552430747194	-0.12889966173656278	0.22179034916999754	-0.0193246583803666	2.550176259011426e-13
-2.8644179784403954	0.7479427483088872	-0.5665832311128957	-1.7545099620167701	0.9911844820579359	0.10042872639942672	2.8390391053228184e-13
-0.5060550590290783	-0.4876368401909418	-1.0748211221687893	-1.2605296616551753	0.09616660214852399	-0.029503687864334608	3.1560798657862955e-13
-0.5545272204803589	-0.29374008014676534	0.25513300103117326	-0.7593667540995066	0.1906952160405538	-0.028141936347277036	3.6458564420676644e-13
-0.7777819265674076	-0.3171295082876715	0.44695114443261497	1.6693640348148395	0.1662215033413034	-0.026006216262114266	3.6010114668321573e-13
-0.7243709736645432	-0.9312674129797573	1.9903703592653672	-0.16481308850822396	0.25134403335020206	-0.028721171904560777	3.6207251762180953e-13
2.1652683341938994	2.9062327918651674	0.15641600211036494	-0.08251243562597063	-0.3011472264575105	-0.02527955313069014	2.003945080631722e-13
-0.4037474470759157	-0.3236880080733049	0.9849472220815464	-0.653277051599154	0.1820991678851647	-0.02881820099650505	1.0462004463349296e-13
-1.4626171452397447	0.7906128337435929	-1.5635053891753665	-0.8784884700412002	0.47697917270901263	0.014200446311190978	2.558298492894371e-13
1.3064826202619944	0.8671143962285871	-1.6375176914890246	0.24356344931727564	-0.3881661166161757	-0.02070187537458155	2.0539141363917127e-13
-2.440991697789706	1.056878912467282	-0.7798471459174608	-1.56914087439566	0.8772048428062541	0.08233659852720787	2.818211675275782e-13
-2.5582471284510557	1.1424587652029365	-0.6985885564728715	1.8530779450275172	0.7867794113552795	0.09514932950827225	2.9658810142953053e-13
1.6444666276111313	0.8201818901419776	-0.8569132003842778	-0.8469890114453712	-0.40080304687664675	-0.010552194007587367	2.8710994715998543e-13
0.684953872992762	-0.18966450616225883	0.15033868437393727	1.6354000572885847	-0.26865852931038764	-0.01962472698244149	4.650115191892367e-13
-0.49298784125078177	-0.7196595032258897	0.6630053855620595	0.036427418036613576	0.11799862106582304	-0.02921528688731164	2.31606794585839e-13
-1.967698628870939	0.34703799081907294	0.4956171551681711	-1.817742706938789	0.7413409903129343	0.025345129787374656	2.5685771303599407e-13
-0.9679593720204094	0.14491851071283457	-0.9304855916359023	-0.754838432876236	0.290434996637265	-0.01735517912053093	3.24394527847899e-13
-0.7063219088724977	-0.5376941483205896	1.0923900270772942	-0.4619342796200452	0.24713896783692751	-0.027925421786948356	2.353382293995315e-13
-2.096325094431467	0.6874928614238895	0.9201059981870877	0.9880869281241016	0.7282805239856359	0.043790784012309195	2.3701571162129537e-13
1.0312623357953976	3.61014478961957	0.5261103740234087	0.5283332802492487	0.10879096298288994	-0.014791897216978234	3.575123836348085e-13
1.2885359901632065	0.4752927807650299	0.7588049620623771	-1.451106525249981	-0.21158587500749804	-0.013805469249901108	2.709931186064833e-13
2.2776515400663295	0.24235134252304577	1.2625950261849657	-0.7783430163268313	-0.5224174493829438	0.03419044761391309	3.1369886575944565e-13
-0.6468369302086394	-0.048135408453680056	0.2512250490835203	-1.1654710576454903	0.2613006781877053	-0.025580357814300864	1.9516395826326626e-13
0.5669986324708697	-0.9974437845228855	0.7236912581477054	1.7042119723642548	-0.288770236896308	-0.009619227792608187	3.0989246955051955e-13
-2.833562730824916	0.32849207265441577	0.6285382566934742	0.5328053574438661	0.9121558450774297	0.07835744361186317	2.0825466128595424e-13
0.6631138643261858	-0.6182720635225277	-0.3798376912160953	0.9316123062583841	-0.3109448491879608	-0.014216716249804284	5.956934520711738e-13
0.3849798854300315	2.68057278080497	-0.32372249849628687	-0.06497882623035334	0.17309231034905403	-0.012523223194978783	2.8442221183030523e-13
2.2117609497539403	2.8779135330821872	0.2993117909826483	0.2914709770126957	-0.32468336996295366	-0.024346140340914927	2.2120435728761119e-13
-0.7836208956986912	-0.7196740367805079	0.44100651576110644	-1.2004308081972548	0.24158503520142272	-0.028362847245027033	2.4124034961910674e-13
0.8345602272627577	-1.946801538883574	-0.08831928453281236	-2.1531284014631593	-0.35774175272961634	0.02474477763877051	3.027419418209988e-13
-0.3088824154406487	1.701157374718569	-0.4780166975574445	-0.05502534578542104	0.2630294819185194	-0.009472290854971855	2.7369238844898935e-13
0.010522183967173823	-1.6293213436326286	-0.14911753207826828	2.2201236949231546	-0.26651991338543546	-0.015677131336442003	2.120893343891452e-13
-0.49495548239559156	-0.13729061232818657	1.203146026937192	-0.5752764028717943	0.23926166730105258	-0.027590665181384127	2.3347102687150204e-13
-0.5720726486115596	-0.6462685288149207	-1.8136266075064247	-0.23718438987465817	0.012243236039937903	-0.029893233027816657	9.208455572624003e-14
-0.7197100050928184	-0.7624831144420421	1.222098783539211	0.6484948892562142	0.18886433585628531	-0.028657919492017295	3.968828358312385e-13
-0.3579022609856709	1.5139494588784752	-1.7543832214545834	0.5833117897737156	0.15445458116505623	-0.011395286177393998	3.3407757892610215e-13
1.8677944398356803	3.0958622961392006	-0.8224821906446868	-0.4195045555078991	-0.23767429323549777	-0.028786849677743552	3.751724557651703e-13
-0.23310200898610814	-0.2672157782800749	0.7332526523616579	-1.6929907337933776	0.16529945149345837	-0.02906514274565132	3.8754825774031017e-13
-0.17549231860023368	-0.9824628330996612	-0.7997859052483367	1.1512584234295953	-0.13756715719103127	-0.026980869495431093	3.622385335271933e-13
0.8445336325737711	1.1438168884518853	-0.05627707857910274	0.2739722116344821	-0.12878397841838388	-0.02834551588386613	2.636634205935086e-13
0.4650770384141345	-1.2960677030128276	-0.46730912720874557	0.4273639938091641	-0.30969014303529474	-0.008121888141356209	2.6569939786294665e-13
0.4920940277477463	-1.5156605354809123	1.5717356288102862	-0.4725201216848839	-0.18174589022573795	-0.0008269262214078807	2.6367587711269015e-13
-1.4310289032932952	0.31207950758226644	0.4464802838304814	-1.3427527381242095	0.553868386599323	0.00030693994319005606	2.8599566128497953e-13
0.5432312818944621	-1.3295116212999913	0.05874237221070078	1.311601244952567	-0.3408866764951946	-0.004340437045132408	3.230516882764129e-13
-1.7115041633705792	0.15530976590864956	-1.8691985791423382	0.232601089349798	0.41735307599468613	0.008285032381289765	1.4440638819220706e-13
2.7482175800384003	3.088864772649719	1.0656899265498958	0.3414583360926014	-0.41594782150699133	-0.015652123243642277	2.7732994400225364e-13
0.6083092143479454	-0.6022971915745758	0.017937040628061608	0.7802869460119851	-0.2631057717013919	-0.015670319711619207	2.8284858362959833e-13
-2.2653150744890005	1.2778316892871333	0.7985976212543184	0.05529044932141735	0.8765678736470843	0.07831532062733149	2.960918491608445e-13
-0.5289735278186586	-1.2068740893752201	-1.2096073394030482	1.0871661845112144	-0.07937301024463712	-0.0292460442699381	3.5563461378887917e-13
-0.6000158387651777	0.13928443846854605	-0.5249943857465079	1.3010852154224122	0.1200866525980515	-0.024755651101698254	3.083751249195647e-13
-0.3689417265692712	1.2928781981436113	-0.553440371525023	-1.493816137255453	0.2906195438392944	-0.014879101621173896	4.822743051187328e-13
1.3930045301732608	-1.0816990751543631	0.18614586593969434	1.5330266541900432	-0.5639798169646231	0.027346126449008336	3.344037701653577e-13
-1.6110316081950076	-1.0595799458248332	-0.20300831670523392	-1.9574162251668588	0.4430473071630202	-0.019366138079576576	2.7193151901703964e-13
-1.1886063679823802	0.012171582306844552	-1.9719184786283128	0.2143333870426553	0.23958067986938095	-0.013642894468887475	2.7691572851766023e-13
-0.21273793260652654	-0.6171818987862042	-0.5180255807412734	0.8718830439649066	-0.05883778185412517	-0.02900904291202983	2.7570209697344406e-13
0.7911812750796152	-0.4183107189247103	1.858186895373335	-0.6484826892513724	-0.12813948700128985	-0.012217025416692005	3.116232257714647e-13
0.8233272152030121	1.6654783664815047	-1.1609729086573586	-0.9019422952334315	-0.08395378799655685	-0.029186935410860735	2.3756939739381483e-13
0.9090181098189554	-1.4134410425744326	1.5659184755315367	0.5148990371141745	-0.33350930982464666	0.01427902916281017	1.699236531207302e-13
0.5120792607348936	-0.5350004422706961	0.37317662760662124	1.91956469777597	-0.2531402011423713	-0.01881598010875248	2.389866772234198e-13
-2.6307634658853676	1.4086977161024996	0.4452684081138981	0.02202714855422158	0.98244134199315	0.1129514397139547	3.815244737132774e-13
1.268954842783138	3.457981749424884	0.5416098820790554	-0.6205264052531533	0.0693612105912009	-0.021993084995197334	3.032673158393335e-13
-0.7063244224086422	0.21958644317869017	0.10194663560287692	1.0450565343753733	0.20856001181187547	-0.021994813238760298	2.6681276367633295e-13
-0.05144325182917649	-1.346246252167636	0.4300592446204761	-1.2380120909110965	-0.041353823375209216	-0.02064487808800954	4.337071989216192e-13
-2.987914134050688	2.0831779387014353	0.14195427406349978	-0.23329866515670028	1.1602532394128668	0.18308215064733785	4.3263984690145446e-13
2.817735256166911	-1.5164179673918787	0.8295481982774939	1.2411184503095274	-0.9698994635623356	0.1559140590469341	3.4077932633751697e-13
0.541957328510523	-0.4646083375796553	1.2675579747726677	0.9617361880642201	-0.16145505906216567	-0.01845426272326945	2.34432384179917e-13
2.0169504179096904	2.97392225280846	1.2645413182320653	0.830264559876377	-0.22118523503788243	-0.026733649721084295	3.954500783049387e-13
1.1272831574188205	-1.1478848394339582	-1.3510943897623617	0.19899166652194936	-0.5310218733954861	0.0143127114281452	2.1408295664868487e-13
1.9986695374378833	-2.4462550399518457	-0.7934392090822068	-0.4670345460289302	-0.8578768254254239	0.1283074500687027	3.585662120341307e-13
0.6110718928571617	-1.2388082669418559	-0.8372009788297219	-0.14040717181552329	-0.3451912921642782	-0.004526909425154146	1.4371421248785342e-13
0.9688386160831136	-0.820851863724418	-0.3414853185599948	0.06932189288756914	-0.3843066932020795	4.661147629614414e-05	1.7813000308742497e-13
-0.5136792329601991	-1.2443216467258942	0.21155089440809413	-1.101134731130137	0.08705944816348356	-0.02829507747345815	2.0642636449725968e-13
-0.625633901251854	-0.7473500155426489	-0.34811921695468706	-0.2721375696712945	0.10636730726567961	-0.02945209367146645	1.3555126178972684e-13
-0.5848576905944906	0.22732445044957225	1.3800727842505653	-0.778540994419485	0.3246589607137619	-0.023826041591867294	3.602950220555269e-13
-1.1154668593195425	0.2312909516094974	0.08781434285465638	1.153675881863814	0.3265837494584067	-0.01193866367421816	3.9596003207333075e-13
-1.2587299226082747	-0.3718573607971666	0.3286036248944767	0.7908752253016307	0.33240728138405623	-0.017829213700113353	1.6858904031775632e-13
-1.6423142289072474	0.7887392575154727	1.4239202431448796	0.0888318443845096	0.669864974953701	0.02205612045711689	2.882292038979222e-13
-0.14808347362226273	-0.12887748038168476	-0.9998555081745851	-1.275234153487369	0.03414609934067291	-0.029681653919081417	2.2520592613564037e-13
-1.8595936611797586	1.2891436191302377	-1.025078183254698	-1.2119636895817714	0.6980434682456412	0.05221409654740123	2.7969098934149095e-13
-0.6489762109609335	-1.640940492202676	-0.4186344918716752	1.7949431342028657	-0.07243215964591493	-0.027842436247768994	3.9121678733303527e-13
0.7780766177067808	1.339601007667818	-0.15046705661845172	0.30779881487739125	-0.09500212843822928	-0.02901400605619851	1.7000099579305324e-13
-0.3283924868878798	-0.9895958823951377	-0.3772683177883747	0.7415789695613021	-0.051094333414833173	-0.028279333521285158	3.032751873417217e-13
-0.775928462424262	0.0031497001497639895	0.16135179099510308	-2.319824487154631	0.34730952566162077	-0.023109979972262915	3.186310426474652e-13
3.0630741772677617	-2.3532648373302276	-0.9430000083263022	-0.19543438278255074	-1.1729350650837627	0.23260392777402994	2.463157251531133e-13
1.3140481445366083	-1.2090386643459337	1.3531616567638687	-0.6284936195379164	-0.3956827877618281	0.028502033021947773	3.706194408678361e-13
-1.8646496667221495	0.12389553129751978	1.2531241465831715	0.4706675373889922	0.6369535962989012	0.01361873639890067	1.8300361850269518e-13
1.5995400709743464	2.046503791817289	0.6455934501531743	1.3840072903782141	-0.2577961354046529	-0.025900455914835713	2.3253399077457166e-13
-0.7186991527098344	0.321143394087277	0.09531744365898373	-0.10629039504830393	0.2702333475939441	-0.020518206638376914	3.5653023391467826e-13
-1.7702974509347542	-0.3440910421890753	0.9183076447987754	-0.7048669370395547	0.585072207457147	-0.00184182012209165	3.793180399597431e-13
-1.9799452878116	0.20033564220967756	1.7038563557311777	-0.09640933014993538	0.7303492547940772	0.02118003102207229	2.2371436535477635e-13
0.28681567251347423	-0.6879677369557241	-0.7336131298867778	0.902321898297553	-0.22788043075648237	-0.022380151139859594	2.2110389930414829e-13
-0.6827915407469356	0.5639826182934077	-0.37584376056757013	0.4309502987608932	0.2358757762141572	-0.018079837705500795	3.4820681858343536e-13
4.118603931093975	4.4346167750384815	0.6611937061204538	1.337365613412747	-0.7391372975433367	0.002708701007274704	2.4249562907596733e-13
0.6900054843415331	-1.4021111822847372	-0.4062445112386793	1.8053245691702977	-0.43964400096853773	0.002486863353972087	2.81323867859981e-13
1.299154632795718	-1.2701666268815137	1.2869756029217476	0.7359417895114587	-0.4577736377281569	0.02953230568500581	3.641209211833939e-13
-1.3914597002152833	-0.15707019053077917	0.17961383528663125	-1.551105944023467	0.4828636613129398	-0.01071498682973969	1.242396142746015e-13
-0.12801978982865805	-1.4802676317581962	-0.2190565181586422	0.3353623161312308	-0.1367000947806315	-0.02106293294664585	3.168999296524556e-13
0.7709163343921307	-0.32943466051206366	1.4579237967465852	0.23559795895836347	-0.1729997825988743	-0.014562393725200223	2.9768359648910667e-13
-0.013040112032128735	1.138928505394438	-0.6125606591534315	-1.2790561559570774	0.15533917101729527	-0.024385398063756312	3.798639259534956e-13
-0.07439858510529149	1.839430567627554	0.388883074529482	1.0214611047122484	0.21588893539660012	-0.013884573241700192	3.6322900133375607e-13
1.5721053006789572	-1.442414663405832	-1.5868909056355804	0.05599749368425125	-0.6995440742543595	0.04848087026961036	3.4589728505595985e-13
0.28640682145661533	-0.12677982936502993	1.2822335854292413	0.23298205167162017	-0.019181412573082562	-0.026245227900878437	1.0828922815459205e-13
0.04404601808561263	-1.5623254360753909	1.1790200721848916	-0.6033023477139263	-0.0736732591042321	-0.014797689209934064	1.813167060041967e-13
-1.3874029451668568	-0.24169828272531618	-0.3017829928322694	-1.2014333359438043	0.4291636082658875	-0.012347195358807355	3.469337281614526e-13
-2.0944256157671557	-0.3865538211064432	-1.3202253426401127	1.1256567915955338	0.4684378548991079	0.010694499613106563	1.9996443556914792e-13
-0.6333867987805754	0.35334298557678795	-0.2850457706034203	1.1369574530977047	0.17452724064710567	-0.02188016144856529	1.5340914159292663e-13
-0.5429582673785727	-0.6642791758970391	-0.7558878016497342	1.3727131462526303	-0.0010668968770343127	-0.02966951588555567	3.591061523099065e-13
-1.171164036332108	0.7729896494760774	-0.030851083302902472	-0.34461761711322164	0.45739056397649425	0.001059295059029752	2.401330746715804e-13
-0.1805513705700365	-0.29750368230828295	1.605825459652604	0.3493053313508598	0.11490225922901019	-0.028667196250780676	2.5089720898163056e-13
-2.2007902489431572	0.7262704115463304	-0.99108520655314	1.016813060891151	0.6486278631856874	0.05246718848692375	4.2358413249764823e-13
-1.322379882739297	0.6886838659156256	0.8232660488164731	-0.801492535382172	0.5632800755630509	0.00492227070744394	1.2174575139424363e-13
0.18810014144372025	-1.4522737427829389	-0.8830006322792084	-1.2314944601954516	-0.20198836336942316	-0.014086540796971693	4.2286051746809676e-13
0.46973573983811107	-0.761897842633509	1.5179949148135636	0.5572727938050495	-0.1404208937394337	-0.01577009066160226	2.5544878526734466e-13
-0.47989167444825415	0.1638707854038743	0.39802677401275605	-1.9488334987172529	0.2757569526728662	-0.026020643461736423	3.224144800123353e-13
-1.4888211929291715	0.092952327114098	-1.0089960170966614	1.0931433885734525	0.3598491781001652	-0.002285037025764787	3.252653826989338e-13
-0.8777129816499754	1.2039568931408948	1.7038757803202613	-0.22640989518467491	0.516075732956273	-0.00043675256063635537	3.022027073029676e-13
0.10339845554242824	1.0475882144311472	-1.6115863219859003	0.19783064870963019	-0.009705373085260753	-0.02693682116898516	2.703948176474569e-13
0.44748209751889256	-0.937455955814931	-0.17006086112287688	0.307890937503686	-0.24358461887554061	-0.014818574135258278	1.287303597052869e-13
0.9785754484668343	-0.7382846805824285	0.3029689927426083	-1.5223862147931444	-0.2744017324239951	-0.0008379173580173947	2.258109023857833e-13
-1.0053197334515254	-0.41859831682208076	1.620630919117761	-0.3481490720877436	0.37592575576260595	-0.02337229552259665	2.802141501999041e-13
-1.7368027428804276	0.0678165148950043	0.12610097931859138	0.15586080929886517	0.5378278491342814	0.006739935766528257	2.0928632942239352e-13
0.254582031742174	-0.2865915382052798	1.1093645463196284	0.6316934176673101	-0.05372717046196411	-0.025603497654392356	3.5885327208613775e-13
-0.837461185753272	0.7208642225176116	1.4448010763256303	0.46653383785667346	0.4068264075660797	-0.011433993590942026	3.997264996225858e-13
-0.11223132779832365	1.126474575770014	1.1859675360283621	-0.4523421111017921	0.25726011502025276	-0.022602268113023835	3.8834747605822877e-13
1.0310872927402495	-1.638170270473842	-0.35009153074863386	1.4475114809680576	-0.5459453289219028	0.025042852809854375	1.4704650764918127e-13
0.9635243418807083	-0.5007114056909974	0.9370524343868857	-0.6606637116445934	-0.24212108410477515	-0.005952896155607625	3.300359118703469e-13
0.12771111184447426	-0.2504308315549883	-0.30751272374836247	-0.25365722549784825	-0.06096636856278346	-0.02792522096118862	1.3576920400084018e-13
-1.8127817614813884	0.2617286307721148	0.18368940219035998	0.4995760982589844	0.5714766419019699	0.015303504518140233	3.051877341918381e-13
0.036419938814578764	-0.5164098928802793	0.8045841712592732	1.1778194434210325	-0.0548295025890633	-0.026797014618334395	3.597208736290112e-13
1.0829001512917993	-0.9043153845345664	-0.12571803259061717	-0.25692782899046	-0.40013043402938214	0.0069553915134430485	2.9136673232434417e-13
-0.5066231289140704	0.08208587940662106	0.6612264104188481	-1.546100074618127	0.27401331892336295	-0.02625239461773156	1.838636974557651e-13
1.3649836859185303	-1.1333964057517651	-0.08554040199920536	-0.4258693089071664	-0.4971384332017412	0.027280502900982374	2.5392289057139764e-13
0.8059857763768875	-1.9039976389717685	1.028091928542997	-1.2900306371605612	-0.31340254952827484	0.02306093008184323	1.7892440372684183e-13
1.5448219759744901	-1.6213230992809249	-1.7506331507732185	-0.3091078944766005	-0.7051891808512405	0.05338654090694243	2.0596768708161065e-13
0.24855694922615967	-0.40182963679666883	0.5777381742885795	-0.566205091707429	-0.047021309398439314	-0.02503448881932507	4.590826941611648e-13
0.5626832423067956	-0.579470687405301	0.799122826551207	-0.7957391942891088	-0.13574680618258822	-0.016599440262476502	2.5707921599833356e-13
1.4921728249987518	-1.0552871330030063	0.724501880173661	-0.2535187541314949	-0.4843889367511191	0.03261558498266037	3.130573473119335e-13
0.3156493208104835	-0.6611394604685306	-0.036223123872656804	-0.6163656810121604	-0.12933780279395599	-0.0216493945359102	1.7555789842389603e-13
-0.9224827253121269	-0.2940750309847732	0.4174188408746031	0.12129170188437173	0.2735557881232323	-0.02367341290559889	2.835033961252229e-13
-0.9413771223563175	-0.43351359523517247	1.7936729634743809	0.053367442079495495	0.34915524123752456	-0.024479334886257434	3.8516791438647416e-13
-0.10349090074680607	-0.7950265786324959	1.9096258323060225	0.3268001434138777	0.05758160390509897	-0.025972887069221587	4.3221247895680917e-13
-1.8887340825336907	0.1630488571613107	-0.7930552783521101	1.1412052799807153	0.49854827475932445	0.016334923626940938	5.559071093941547e-13
-0.5885749270793713	-0.6765042718295234	-0.2279754183590883	-1.9812864696928554	0.18044005248012548	-0.02936098730234899	3.2383168941562874e-13
1.9353365399349363	0.46459822998206085	0.976714532352809	1.3269425879582892	-0.5029144354436083	0.00982653111879057	3.0370124608527735e-13
-2.9790924904879033	0.8461972924019764	-0.21145050996993264	1.1396198477668062	0.9395557474575182	0.11439591055050079	3.559886654748996e-13
1.8954509698871833	-0.67078219712084	0.6047855966847163	-1.3449874761115677	-0.5234864557512744	0.04280408549139596	2.991891486933183e-13
1.2029189212616527	-0.8670748923339797	-0.9615028919500211	-0.7347328042677387	-0.4617010338587106	0.010523089597440964	1.447659821185015e-13
-0.5503506257070858	0.21193476617757795	-0.09278807899875838	-1.6336812931858222	0.25961521644701924	-0.024746400859380444	3.289525833626525e-13
0.08129069397753882	-1.324305057431598	-1.3643270422981228	-0.25833207135164327	-0.2257739209955847	-0.019179269672207844	2.694642138934938e-13
1.905892892022402	3.0831865393034783	-2.2850017957993227	0.054983087706210174	-0.35741178063727036	-0.029270126026309143	2.5395636361017663e-13
1.1359467324934995	-1.2006526630698104	1.0079963747016805	0.9716332792666167	-0.4293697271015627	0.018578797030054862	1.7837487019175328e-13
1.01077904337649	-0.8459663181014576	-0.8528981709486434	1.0460963861896553	-0.46999023092724224	0.0018032043329777212	1.8299784762442096e-13
-0.8751794252680082	2.2027660674278313	1.0802489361671364	-0.12208787468826907	0.5844537645626008	0.026356456569627772	3.932480472442015e-13
2.4702955487531315	2.606542366490882	0.29277435601108615	1.3116357497924191	-0.4720735933019611	-0.016084716265070773	1.2257553343648356e-13
-0.42632046973240356	-0.22894809505557911	0.557338695237819	0.8491571518013948	0.11177816204431383	-0.028623751562925206	1.700573487524882e-13
1.2300954659454302	1.7925171387131715	-0.0806502715900595	1.9224129199983693	-0.24176690513617724	-0.028242237819468153	2.531062771100717e-13
-0.3257986589594138	1.3058941146653338	0.576921282339569	1.666071455080286	0.21712707059754352	-0.015760533482160714	5.868840302990339e-13
1.7984357590219489	-1.3452533255285084	0.6337676425598756	-0.8757223032983892	-0.5834678486703085	0.06241593409456444	1.9393873634212022e-13
0.5433459643379118	-1.7474976270762947	0.2503807554059387	1.9352375668313915	-0.39937869483832583	0.005457797341349776	1.7312585147611455e-13
1.688206187857058	4.722786939638	0.9273648840098567	0.16470268597892646	0.07385045987468553	-0.014351410641052617	3.2259210138895993e-13
-1.5673182725014891	0.8413715186547219	-0.03156580703185686	-2.0627302944772072	0.6543847926313501	0.0202745972137321	2.3749345782319853e-13
-0.7623488020231897	-0.3173776412663511	0.8747012822901634	0.008040937859081585	0.25543072499747665	-0.026100075881934786	1.962649800682255e-13
0.3912426769486038	-0.47415548151843345	1.2513073183940913	-0.31601844065737317	-0.06669168129182995	-0.021513803869723885	2.624064685040154e-13
0.09272471717220042	-0.5130869602457617	0.013466495248122459	1.9380807255440244	-0.14969207858356395	-0.026601091623929526	3.992478423557695e-13
1.969149858643551	0.10012910168762944	-0.8573863983797343	0.25417158874583795	-0.6172002824336866	0.019873925085714957	1.6990895491719225e-13
3.0689315599858027	3.1291999295930784	1.2693845747483734	-0.801485788481548	-0.4465391525885798	-0.0068360142622274625	2.8451107074025747e-13
0.46632139357782926	-1.7183643335519734	-0.5935363505146006	-1.747986269287308	-0.2731743371035953	0.0009675349475152955	4.550178945690067e-13
2.47329840638341	3.2617826956776343	0.006503526316190181	-0.7948376297505555	-0.3334095271079296	-0.02391251215594948	3.210115928858811e-13
-1.4534929388057574	1.166406376805193	-0.6848111190358184	-1.4666606994949833	0.5927298929191649	0.02457669589555026	2.1702422272196083e-13
-0.393126970090467	-0.214086450254421	-0.16196741821877222	0.25589207459377206	0.08482143525893727	-0.02895471600081351	3.984997461137949e-13
1.981417270547193	0.602612643711784	-0.3103485042135129	1.852474573106323	-0.60050544866705	0.007044587136372247	4.359929499314223e-13
-0.23658673155135115	-0.3176122677910702	0.012594582070554704	-1.4256015364535275	0.10672265816728149	-0.029337488687078975	2.345813314484155e-13
0.37127372419317334	-0.6953841044947976	0.5399115748075018	-0.38639786681311494	-0.12427009613100952	-0.019699911859604787	3.0813208821381225e-13
-0.5252214544214115	-0.12941003025078013	-0.7824987172779407	-0.6681019265110644	0.13398225301650687	-0.02778772052364817	5.451418446327247e-13
-1.502715432350541	0.12794183682489438	0.052163842913671946	-1.898805809147439	0.5542246173771764	-0.0011299920669407136	2.6789305038282223e-13
-0.5960340002594616	-0.7460321838006532	-0.3850245107060034	0.42103670782621017	0.06707395581817197	-0.029540475017604616	3.468044126396004e-13
0.321775700336853	-0.33402102943474116	-1.5000682134366325	-0.5535184520502058	-0.18633397810858296	-0.02570418645445076	2.146343183299774e-13
1.7437066569290638	4.599763676138633	1.1680155155846883	-0.7208777870812195	0.09456176547665547	-0.01749814650965432	2.827383448825101e-13
-0.4543510219457694	-0.21606880209113058	-0.383501883565924	-1.884369709670193	0.1773569994817303	-0.02866463786984379	3.6520947056533354e-13
-1.090444439671589	0.5550306369158167	-0.9335909887112396	-1.0011449392545941	0.38206940373798665	-0.00653262274922716	3.33316186491021e-13
1.0290723676733302	-1.147983487270844	-0.7515656376385599	0.9937346478652554	-0.4990817531369652	0.010305644102288587	2.6009239863689877e-13
-0.5275310894965128	-0.19163529958565093	-0.4972060236189449	0.91420262199971	0.08002218087204781	-0.0280596652104699	3.0000754828477113e-13
1.5470951105174642	-1.0855887897264695	-0.6723081742591118	-1.5772260874879687	-0.5329566093440654	0.0352782558907777	2.4730559470243225e-13
1.3159486210275007	-1.6446061344273064	-0.04727908578292564	0.42705127272307636	-0.5693210116856192	0.041814982762333815	2.472953727393162e-13
-0.3125503822732628	-0.33462120083054814	1.6560083638009864	0.006290367693890766	0.16702805619393668	-0.02876187013088683	3.5288485042137595e-13
-1.5883425816931727	-0.04002124590338901	1.6189525296680105	-0.5375905932639803	0.5992289620583442	-0.0018673639036031987	2.787469675861116e-13
-1.8677463474745928	2.4148944267669465	-0.18841717862175808	-1.6337273067025617	0.8944097195164415	0.10036442886977401	1.7361735170907041e-13
-2.211342472391205	0.13166268888411917	-0.14374144031511504	0.5459346645675077	0.6554185176388039	0.03167221870784175	2.1087936491423647e-13
-1.623789021774961	0.8762096495886892	1.0871844903631025	-0.26581886392933846	0.6684277300899447	0.023862490193268755	2.7061655358797915e-13
1.3333626283235065	-1.2814149542607365	-1.4191860239251004	-0.8119289809150866	-0.5676517944438769	0.028910608295125647	2.2826971514511456e-13
-0.046406514398406144	-0.4294233145308271	0.032632575767934664	1.6741586853846098	-0.08763986514666416	-0.028379851762986595	1.916796514240414e-13
0.9580101415374318	0.5562566706598361	-0.15636610307505103	2.1129009577304174	-0.30698705887971933	-0.023079404474615258	2.2944688047046963e-13
-2.6379997011802656	1.5157554899833348	0.4702629968616401	1.1708235029685121	0.9510877949364877	0.11894565850352444	3.3951199583943104e-13
-2.0873813681141566	-0.36451492172356165	1.73546416215445	-0.16592372862687052	0.7046755682544096	0.010322710665710841	1.5580062832212123e-13
0.37685552500630715	-1.655550288628891	-0.029503417762844927	1.21879080957553	-0.3283447993926217	-0.0034705592097000974	2.7241319332312893e-13
-0.3548529142763776	-1.3898136761052624	-0.40275511726578556	1.0338688494658306	-0.09991865203684555	-0.026039943187065887	2.382436326719509e-13
-0.5979478621560101	-0.6433745796779515	1.599560777670885	-0.7089949668545751	0.24405264791050774	-0.02867721674917467	3.514972410109398e-13
-0.630539645350117	-2.5535047270391225	-0.4407271120050946	1.9039135684354984	-0.18161226423498214	-0.018383533017827716	7.057816126118386e-13
1.5658251487747992	-1.4553549113433026	1.17401010335959	-0.33252875872630633	-0.5175089025746528	0.051911078650724925	2.283762089263071e-13
-0.7460696956574339	-0.7555050622294412	-0.8660114484550263	0.007550637150645404	0.09867202698332793	-0.02913023643826061	3.5966502473509483e-13
0.04278929746811817	-0.19260430821420588	-1.4399387336194611	0.8076807888371843	-0.14107235722792322	-0.029304613729115685	2.78207821965552e-13
0.43550219483733504	0.22818336197350148	2.0182191733134136	-0.057064596019345284	0.03108544333563014	-0.026458971031486242	4.0523081268386214e-13
2.643502211487473	-1.5033939907622327	-1.9550267479723549	-0.36428133423470205	-1.019808563494745	0.13424839087534626	4.1520840042320763e-13
-2.4912071284313866	1.4211347035556232	0.5270810555373464	0.3903624436969129	0.931224996615642	0.10217117647482686	3.527168940574115e-13
2.8601556890757482	3.027289477461916	0.6000796776702029	1.6239752246142773	-0.5359272377871794	-0.012019367129603305	2.608637033334521e-13
-1.1255201300027053	-1.6617256313788658	-0.6029745203475403	1.567894561304378	0.06445154748874936	-0.029871950053759908	2.893055885750253e-13
0.45058002995050733	-0.7342773067446308	0.08985274248971625	2.2934023996975754	-0.2887239392694119	-0.017702455062165525	2.626951814286899e-13
0.4566670734410227	2.407555456896557	-0.5060972192841182	1.3844816602957257	0.05129871218226856	-0.018591557264191025	3.7096412134840485e-13
-0.5278433328738822	-0.8617909733981478	-2.186598564242448	-0.10978549814115972	-0.051788261517876064	-0.030291071766255253	4.3087491994433513e-13
0.540411926929164	-0.9122824508553405	1.4697155184479092	0.14969169123879977	-0.16336103110229483	-0.011357923922998463	3.009501170911281e-13
3.1497106604808454	-2.278283399475984	-0.427817275947587	-0.5558734485003188	-1.1442437493990676	0.23855067050807888	2.3074367242921215e-13
0.5844546148540117	-1.1209565124991803	-0.48448082158346223	0.22717667100027894	-0.3188162000185807	-0.007589831899515798	4.446026416007818e-13
-1.1335602424013496	0.2438808350687825	-0.6813297407598713	-0.2597330686128429	0.3453524758108183	-0.01116577044538139	2.3670135572867857e-13
-0.6492274303665752	-0.034835823889775665	0.5075575376879935	-1.6180690672033242	0.2973949759532401	-0.02538519281434245	2.572903846407726e-13
-0.7434647092305929	-0.10834528422816268	0.8502626974071398	-1.1712383322016506	0.31957260187792424	-0.02462526216486045	2.7509955687636465e-13
-2.206942919357513	1.040448031086007	0.1813085495735166	-0.8024865157397443	0.8305214899837273	0.06459849209358194	1.9105701754767682e-13
-0.4178892232471387	0.12493634581580666	1.2775183894184072	-0.6143232057648726	0.25098445449720497	-0.02679591407324696	3.32974267994299e-13
0.7397089180895666	-0.6569930618029439	0.3387326686233323	1.187073795310418	-0.30494369126989573	-0.010768528074828004	2.932438457302083e-13
-1.3052377286458194	1.097767931034987	-0.8228409235161018	-0.20177605440855254	0.48033458710750143	0.015309013098098264	3.29420211504733e-13
0.648447223427861	-1.602437103248094	-0.35900446807548264	-1.0067501396511165	-0.3304455305228212	0.005828811182945854	2.0563820098944152e-13
-0.5453687584787901	-2.1905244858696373	0.7204320890225133	0.10161611855199602	-0.024199301611499996	-0.020482483603771112	2.596156205571826e-13
-0.8789785428039857	0.3903725115641785	0.34263988750813423	0.46542806885131116	0.316959568853049	-0.01579738815136261	2.3219328452112064e-13
-0.23973366539142751	-0.07842089615791369	0.7172482083208135	1.221548898349776	0.06711310466988897	-0.02892374824789791	2.8732889834760365e-13
3.5921436041974446	2.012152230594327	0.15899717379833636	-2.436136291407335	-0.7163959921223128	0.0489421682418778	1.909298096085078e-13
0.31416047650241175	-1.3420289299008	1.6799730024677508	0.06872910461471131	-0.12693403806504208	-0.01038269304832316	2.4733893628740767e-13
1.7015006703554656	2.7741934761613223	-0.07159648219420457	0.17902710412280803	-0.20288148216207336	-0.028498690589766135	2.4313902380355565e-13
-0.458025295763273	-0.1916006851372764	0.8566764508564553	-0.2606843256819873	0.18873183835504562	-0.028202703888008118	2.1711646742942374e-13
-0.07699669272789594	-0.4130377388454458	-1.5443098576557481	-0.4575810953370888	-0.08379918357003056	-0.02931572813391262	2.3285655348937554e-13
-0.7011854236740742	0.06924850464673118	-1.1726337982018626	0.8057367863057331	0.12408717409094004	-0.023909839799801137	2.474640971948485e-13
-2.7704936258247144	0.9330428978035127	-1.1064118577477664	-0.28301162507229843	0.8908710817786515	0.10218793577544996	2.420784520107928e-13
1.6352176111627603	-2.3474136294098913	-0.7524897690674077	-0.4087867677198745	-0.7429767857084759	0.09249319941762886	2.7407669538289193e-13
0.5941244991786556	0.5181622567223173	-1.1737681706380103	1.167979896231687	-0.22601662557244312	-0.02812269916397645	1.3189403484831247e-13
0.002345235521563605	-1.0284124127563432	1.554713395359269	-0.010871956801918081	-0.006078305154012658	-0.022554462355176084	3.413109289654621e-13
0.6774520529896711	1.2345156400040849	0.2540336680596983	0.924236639292842	-0.07768172390454686	-0.028927957302113425	2.6792876190906386e-13
-0.9108986949625257	0.3408177515179634	0.39855301424530704	0.02988307790234892	0.34227322875400024	-0.015746382306316684	3.8460508821372253e-13
0.5491178861826262	1.3225558126976167	-0.9534839119801547	1.117332393031122	-0.11038990967048004	-0.02897383158060625	4.1486677562514274e-13
-1.4121428952096036	1.8020797844489227	-1.034888579427358	0.6241025282117075	0.5443784386940844	0.04367321153739231	4.0236570494297605e-13
2.5265044758256363	-1.3408032293667733	2.2058856599122834	0.16564925019279458	-0.7414426866203615	0.12138429335603518	2.654351773992351e-13
-1.4499867333754597	0.7734273511481563	0.37494439064990487	-0.10627457131983283	0.5555919922339192	0.012713469871642352	4.0817360721948686e-13
-0.6842837811070134	1.5159346457002263	0.5120517437388323	-1.7024268060242664	0.48184653731265487	-0.0005134927329919987	4.1986125148741756e-13
0.012087918736700688	1.1194480822181387	0.6008460965059408	-1.8900728848317936	0.24349211283032232	-0.02472222952024065	3.378010553791625e-13
1.1462056634329831	-1.3462672290403417	0.0032910231715382234	0.5556484432687991	-0.49088181025511407	0.022435986880939153	2.5718320275757247e-13
2.135169465966902	3.479241592668327	-0.3998382874522158	0.510371869740355	-0.288125448207502	-0.028433862787712982	2.0794779129158264e-13
-1.5973523914822554	0.5172321423198137	-0.3284225471650956	-2.0742584171961793	0.6101258866925012	0.012539715166396447	2.908074206505464e-13
1.2435995059252614	-1.0543678842473654	2.0946485852050007	-0.4327354439880626	-0.32246274773273587	0.020796715516860024	3.218041855675474e-13
0.3863746946013366	-1.2329040964787488	0.8457184651961984	0.16730693588502937	-0.19052209584640936	-0.010783330418957855	2.8401590618973e-13
0.013178420816602327	-1.3712306626739108	1.147515059105883	-0.33498741187032427	-0.0570912686106006	-0.01843350007230421	4.2045899835882084e-13
0.7132869398638008	-0.6697757364970817	-0.29209574028338064	-1.7723975128872582	-0.21487258232176265	-0.011735401720293023	2.673734384220537e-13
2.1675481671456938	-2.2774205684974933	-0.5973290947397106	-0.034323057917609846	-0.8949694272729882	0.13485619577328814	1.9434096910105225e-13
2.434618867704663	-1.2991788636809491	1.3250231575837652	0.8432509576904764	-0.7913920617226511	0.10995463413848107	1.9533501481811336e-13
-1.4284703621417199	-0.6272766487439906	1.6730004773447755	0.08933875545532091	0.46431607180410617	-0.01739265190713211	1.586661009562436e-13
1.141431218976909	-2.1629876000938415	0.018671236996972068	-1.0188866792098912	-0.5096938603574879	0.05023434647114622	3.1389226086756884e-13
0.969272033203227	0.553226563337403	-1.9830595047390576	0.29626192024817444	-0.34551425949821324	-0.023901231087237594	2.8192866863348424e-13
-0.035918030316298574	-1.3916583894726635	-0.5095886843563783	0.2579762582334516	-0.16851591254392553	-0.02038855871399792	1.8937658006880642e-13
-2.5381191958951184	0.16467400923569891	-1.3041454901966656	0.535240748353567	0.6886871143536091	0.052622216340473954	2.9537579812536104e-13
0.38074080342689076	1.0162059598771715	-0.21640311500707163	1.0837807154896888	-0.048216375046771426	-0.028869937692772737	3.96739744538729e-13
-1.4479550550028555	-0.3167109701749712	2.0998570774860505	0.16971828276132775	0.5265007623156516	-0.011919356882410111	2.0339727535887298e-13
3.0394161610124426	2.9254291502447716	-1.4052590486558776	0.7405830827170123	-0.6832335653749435	-0.005999723171972156	3.221708239823564e-13
0.8701587987797517	-1.3159284762021934	-1.702139592380761	-0.4232743544577678	-0.4693106386217667	0.00681295896551756	2.170278192396294e-13
-2.602589684593062	1.1603550064183776	0.39717227057869436	1.4712445281292716	0.8834661933444015	0.09873501301150896	3.194366415922767e-13
-0.04784520595336638	-0.09465951930974154	-0.8061293237596723	-1.4349731337015534	0.02635517838884353	-0.029528406621822757	3.3381060469785194e-13
2.01050703628654	0.5347374447251205	1.2389302060727356	0.993074074290112	-0.4879904558070357	0.0116033101559922	1.1050664732839871e-13
-1.072735762192252	-1.3812326085968232	-0.3209519031872179	1.092213359933143	0.11567008725839176	-0.029358354030314584	1.8259187236422755e-13
0.6255927473820935	-0.8414401010872323	0.2565562861143509	1.88360719450477	-0.3246840480671797	-0.01102194323778323	2.0725146432326042e-13
1.1541205075281626	0.9583547283689011	-1.3396044137223684	-0.12581625643120267	-0.30054077266238355	-0.0243742308736627	2.107714010622289e-13
-0.18135007421471333	-1.2503636049372553	-1.0800763145933008	-1.1499634314396636	-0.08696673439810657	-0.025003672921379966	2.9044096814548917e-13
-0.7137215408615564	-0.5659039263842075	-0.6071677983434679	0.5251772103994221	0.10394239981228957	-0.028473843947505285	2.442011219307851e-13
-1.8272156935195323	0.10598360389704882	0.9529227986950475	-1.1976542174295841	0.6742462817477557	0.01148526326572164	3.481528976005799e-13
-0.2546251043897079	2.4535373606872297	-0.5119769090866448	-0.3309637683078807	0.33913428239392224	0.0049266913525114215	2.7948293066033863e-13
0.7011011035024187	-0.6709952887830234	0.032292666835394744	2.179023913589649	-0.35421678488305264	-0.011952480696667971	4.068305010418952e-13
-0.3468587471567083	-0.6568764745064419	1.3514828349647718	0.22804807485771653	0.11494937185962176	-0.028711040191238112	1.511344682453647e-13
1.7210052795601278	3.1863226385859096	-0.002481952926624296	0.7844664246818385	-0.184730861621283	-0.02844290947094947	2.537316108329293e-13
0.2935142026256068	1.5257488642450165	-0.4177703240381277	-1.2180668526521128	0.11556516491044573	-0.02536993872069968	1.6558363201932337e-13
-0.41335958903846637	0.038520940381812974	0.008392769256404012	1.1080507489865217	0.09350677686890495	-0.027675536922035004	3.127853893059017e-13
0.8647488998784213	-1.212588186793116	0.7679493265846584	0.3604616267854679	-0.3408622461727504	0.0062193157853225696	3.06737862561902e-13
0.3645217062886304	1.4337986507790015	0.5104719665050863	-0.8621184015353689	0.1254249885883672	-0.02669357624888691	2.813076567673266e-13
-1.8033809813363093	0.5062933385319578	2.038361375174152	0.018999793279287955	0.7265426947586947	0.021452631836344094	1.627111997120461e-13
-0.037131484410527604	-2.0224181762287334	-1.3698964379102982	-0.25429241041766826	-0.26606618656668196	-0.011200276579021656	5.521227122854335e-13
-0.3252321377595833	-0.09372311896417625	-0.9694688493928553	-0.17884116262074592	0.04724475753117425	-0.029149437088444106	3.237976109896954e-13
-1.007258424203168	-1.8480635529332239	-1.1423550206300594	-0.9906665874785008	0.0820167782667057	-0.02982399014411173	4.0138646120899866e-13
1.4647341850369309	-1.5425662651912349	1.8437518114799278	-0.34801022431887874	-0.4565262510318218	0.04955564078079227	3.817421588811999e-13
-0.5457525273419963	-0.8881939517032487	1.2957884573015959	-0.683666346010571	0.18283678984092055	-0.028939807294721953	2.4267342731871017e-13
1.0883767314791957	1.0021450291333398	-1.4327111168239737	0.5171184939484297	-0.3084466390039578	-0.025811740099557234	2.960736812862138e-13
-0.7659650310037207	1.7234634261216657	-1.7534719678157997	0.07018957038523684	0.3209210986365774	0.008174660733305531	3.1843099971407264e-13
-0.38547069245133275	-0.1587351958483216	-1.1141063254191976	-1.129250245807307	0.08839727824173278	-0.029081142181369292	3.5409911253250457e-13
0.667105591709867	-0.51608442401692	-1.7469844545665412	0.11428484705143746	-0.3495951601727139	-0.016693445769249166	1.1686691745072057e-13
-2.1303906742938614	0.4872853167012527	-0.5578161159511246	0.2803422130318382	0.6568185095943779	0.039294382034305936	1.2612057194608364e-13
0.1840232620329762	-0.29074764340013287	-1.466455083269192	0.21802774180246734	-0.17073381747358948	-0.027742567755887224	4.029028320170496e-13
-0.06347600711247972	-0.42287987881706074	-0.22607095445283942	-0.9373462082038118	0.00982253472801423	-0.028597017552249606	2.7697442439446987e-13
1.8945177134770474	3.0616937278171674	2.0680392724023413	-0.202552586402915	-0.08500398429292032	-0.02745135875266295	3.3709145782359314e-13
1.8621916225323953	0.4978722272050148	1.341419466090447	-1.2101293466522922	-0.35201484143104517	0.006242395509968868	4.2164647848017064e-13
-0.05019042523246661	-0.984962580896334	0.25479153895030887	0.8554834314261675	-0.0994187382679416	-0.024646635378314314	3.745324764986041e-13
3.4795225096980413	2.091514060609593	-0.7652055228918985	-1.4427317241255648	-0.7716246591788112	0.03809578617044793	4.0818037466398024e-13
-1.6395210664067907	-0.18883166915894936	0.5280517243019255	-1.1890890818899371	0.5595688243039892	-0.00315511308846455	2.7384403504760313e-13
-0.08483566095595921	-0.5667157761466363	-0.9935154476437815	0.8683344910463869	-0.11950616778600755	-0.028548337584803997	2.5414607679976507e-13
0.04185349999739472	-0.2051502227330408	-0.26482567220741127	-1.2476143061661187	0.01263484670335305	-0.028713824591984023	4.5095579066116e-13
-1.1255493477186198	0.8384967178945824	-1.1699499611325173	-0.7083588365559847	0.3977096596143557	0.000970597163206434	2.236667038241979e-13
0.4798654698780476	-1.6490081647850392	0.1920836887464421	1.606207371405357	-0.3603853438540254	0.000460931881313455	1.936907311714337e-13
2.6034054841219376	-1.3523515942531803	0.9116571737077328	1.2685384552998882	-0.8877000092322079	0.12678577645384437	2.7347001394249843e-13
-0.8600509774054917	-1.49848400033832	-2.0736550855979052	-0.00793861473104264	-0.019842303821461623	-0.030325066484868747	1.1560721038399922e-13
0.20115584743534068	-0.9935185330790722	0.15095444213539078	-0.8648875350189753	-0.1098661387735403	-0.019842473969463165	1.3707944360512295e-13
0.1532146122818944	-0.004746167741791217	0.4962134589211899	1.7172042734642474	-0.07474465458601964	-0.028425539642605236	2.485267947686232e-13
-1.2584876398262612	-0.3397795625309484	-1.4966608742081513	-0.5627214939693341	0.28213464178663983	-0.017457161229824582	2.0203639653742204e-13
-2.3503437088023005	0.8492759933888827	-0.6723188601786264	1.3001572355200668	0.7150664719598017	0.0670481344831324	3.4663566642813396e-13
-1.2944926495403204	-0.34494799236291895	2.016704756682236	0.28116784652376003	0.4680303318562472	-0.016475094856784916	3.0917192657394844e-13
-1.5503689898693467	1.0472820031899892	1.0839237048265307	1.2065577074922433	0.6047304804895232	0.025390352282206027	3.408870102884305e-13
2.4065751607927575	-0.2304041094423528	0.19749963795289238	-0.293156584589954	-0.6931549418726454	0.05824706840372362	1.5148956310452983e-13
-0.15907434268978635	-0.03851540795998127	-0.6293560345819401	-1.010169729640441	0.05850634637274296	-0.029471577959235714	1.9211153166169338e-13
0.37076819120645127	1.4403412234520632	-0.9278652615566729	-0.530831973262187	0.024534629593238662	-0.02705634327028844	3.305517403513997e-13
0.5594016187966583	-1.3499123447022594	0.204383997308683	1.686350236508356	-0.35443849412374956	-0.0032080504027859388	2.0129469131645057e-13
-1.3308992319098099	0.6939706739269081	1.5631327842633298	0.42569199809036784	0.5603262171412092	0.005292522799394138	1.4586103967556992e-13
-0.6112718444279607	0.9025143493587694	-0.6892285518680613	1.1724993731331554	0.20248979814664217	-0.014711826439497052	1.3349119477139075e-13
0.28855349167378885	0.2461826902284305	-0.33431498114115554	1.604930607507423	-0.1327777304654862	-0.028815791555473515	5.881165588985516e-13
1.625312044570563	0.11611763432842259	1.160034530292014	0.044479592353087787	-0.38568204554284036	0.005553888938874384	1.3744163792245935e-13
0.19951599714398335	-0.9999125793565883	-0.3149245338847381	1.0910450262770304	-0.21829353265070442	-0.020152510996344696	1.5889550547959174e-13
0.20127032353733054	-0.34430804359866185	0.32132557841975085	1.2614430482397705	-0.1172992997025174	-0.026290215966503445	2.0649886144320513e-13
0.16273718520215963	0.026568167961068985	0.39791609635746	0.5027953457456208	-0.0302078332324724	-0.028495627068552035	2.9977353486803344e-13
0.2983855498727532	-0.571829889001339	-0.020772405543539492	0.1896654446068417	-0.1468483462647002	-0.022977921577961795	1.7397348021980153e-13
0.08129878772276637	-0.4337744056936331	-0.09305090416564056	-1.1703756424603877	-0.016545767919359362	-0.027236023255482848	2.444859358801623e-13
-1.5456350046258354	0.0718347015401961	0.8550996643422017	0.3104584076599508	0.5182511594700355	-0.0008661270183638278	3.3224478023350654e-13
1.870482433589933	2.9716961701018003	0.341304808651657	-0.45026461685763314	-0.1809092844499576	-0.02807510091758184	1.965556758798831e-13
-1.2014483366055964	0.7491799635674335	0.009818045756097694	-1.020554754546558	0.49401809187949025	0.0016673211609802804	3.492066833416489e-13
1.9639707677149372	3.035497019274223	0.25228929675481665	1.2148662016418372	-0.275335682075608	-0.02783843136031161	2.683768045024684e-13
-0.18427860827735687	0.88056698686429	0.025236688289085592	0.9096363820269511	0.12640132126883477	-0.024079962597108394	3.2457087047408476e-13
2.6509641037404292	-1.7699943681306816	0.9994027084072332	1.176178060142432	-0.9352917468693827	0.15461942454625707	3.973917690386082e-13
-0.2313787141271626	-0.36787553000008777	-1.2771259754573836	-0.3650802900420364	-0.02106420132347139	-0.029822756448094612	2.5908559423104616e-13
-1.8916127233311024	0.519930870268636	1.516907310476644	-0.7975005854602084	0.7569179447073185	0.02649139168873064	3.3124960835672254e-13
-0.6509466314544601	-0.7963975438588997	0.16829158832885457	-1.3995947167465876	0.18576720340927763	-0.029286112925625284	1.6573076757303766e-13
0.6841352042639973	-0.2218415994917039	0.16304478297552144	1.789013143059832	-0.27740757414640943	-0.0192163783047203	5.511739154396678e-13
2.793780796774639	0.44176518200003734	-2.103128891593623	0.1664671564215203	-0.8919166895618466	0.05462975368107367	2.876033694443857e-13
-0.7261486177547053	0.239184955113852	-0.782173524879681	1.4970767702458778	0.14510943831266182	-0.021478099488329672	2.68848847539604e-13
-2.067074497743212	0.679009466575997	-0.0011209263210975164	1.359508844019809	0.6481417973938532	0.04212995330543188	2.9700593405966136e-13
0.6887230320608594	-0.9854109763533222	-1.272174473370577	0.5581397062318109	-0.3957274138908503	-0.007415819145799265	5.092878372478728e-13
-2.192944986517676	-0.060367421735855485	1.1149894314334186	1.0570656742052487	0.6828361120720116	0.024199520268122873	2.0298881037040922e-13
-0.5851469500484237	0.130064755960875	1.7268751181850452	-0.011210846909230122	0.30339367600031864	-0.02465006326895577	4.293300699252131e-13
1.5814166927600444	3.2648133264524426	0.13197986134829956	-1.1111855100493822	-0.04894663634158557	-0.027452122022883333	3.570921172304975e-13
-0.31629807146127087	-0.4470440587373776	-1.8872770543907293	-0.5294165764511661	-0.03431439179362154	-0.030093851544822862	3.106447090469867e-13
0.5747090322480225	-0.8464517770992729	-0.7042585060321581	-0.27773028200273475	-0.2791621263260059	-0.013114732681565615	3.190767373417595e-13
0.7311264172054939	2.9391626984940022	-0.49557534422425725	-0.5750562225500425	0.10882377175312657	-0.01747829838933268	3.7960725428783834e-13
-0.3828019471584668	0.04608020426783361	1.7084892219902703	0.19881623008574278	0.2244174360766495	-0.02744266590998104	3.3780076783564995e-13
-0.29228056516634277	-0.4654717413146839	1.9727281444618139	0.31625382229633797	0.15311120722456134	-0.028585287732900373	1.7445356757528692e-13
0.09307456808941594	-0.2785564957471528	0.009419922601833615	-2.07048623238316	0.03980366714915123	-0.027900152191760213	1.3546487119857002e-13
-0.3867396079928577	-0.9540926669435887	-0.03951957735470618	-0.10174054309741339	0.02482314146104502	-0.028691500631982874	3.184837410830592e-13
0.05100731330515354	-1.0621315559512974	0.6219775067732715	-0.36896832670312263	-0.06520707259258476	-0.02183776926370071	2.468766652573947e-13
3.2793746872613783	3.279609596230712	-1.8611650648430103	-0.1101725675991105	-0.7081948977928576	-0.00526886552533588	3.0969659149396503e-13
0.47881460360686623	-0.2512976302280471	-0.10334211058879479	-0.48033949586148655	-0.1429878677769079	-0.023130437423014884	1.7715570089844862e-13
0.372646012386712	-0.6037443333441022	-1.0398205615180092	0.14272810917281628	-0.2312586931776112	-0.021831900919471042	3.835155145913879e-13
-1.8560101264744227	1.0303603970399575	-0.1400258447747441	0.27166425536763966	0.6600706893720168	0.04215444007301274	4.909447424618938e-13
0.29461475271038884	0.32682320289231004	0.7383916132006243	0.05498776993304754	0.0020454458415641473	-0.02851627643680096	1.579843653928171e-13
0.23470701800495308	-0.8804235519842851	-0.09457392561807348	1.0761687095658263	-0.2020227317171686	-0.020757979717336335	2.1872381393703487e-13
0.17086849212715224	-1.6504005199772311	-1.9610977558752192	0.17787600262145584	-0.34055350670027784	-0.012011510390542735	3.8238691046565766e-13
-0.02479608375373104	1.6926354137485915	-0.4776960141622315	1.9555256890630643	0.09473584080225846	-0.01746510761632037	1.6236424353143452e-13
-1.0851442532798161	-0.1797484206846974	-0.7877665275110803	1.6067780830793188	0.20136750728383437	-0.01923618835960024	3.0441868287429457e-13
-1.0675737917323422	-0.3641189683267662	-0.31538578029943964	2.158611162776514	0.18156764013183418	-0.02192945789489042	2.65908558994766e-13
0.3698751185360834	-0.8174387675424601	-1.0667638260375623	0.8052121566459272	-0.28214143220000765	-0.01921050134718458	2.2869956914947217e-13
0.6241584339904979	-1.5946195057520067	0.33595647053608385	1.5811889918937703	-0.38711108463694527	0.0051477688304421175	3.2886289375229583e-13
-1.0553271587215518	-0.7688328057293851	0.1644059673911437	1.5817573025286116	0.18612126741087376	-0.026062279846739034	3.551702497287082e-13
0.3694119043989624	-1.6923995688306819	1.1042592578978483	-1.357971593002892	-0.1563161862310431	-0.0018892686452897094	2.3569175777832113e-13
-0.41084729620440563	-1.0759877351658345	-0.7633444349344596	0.17122097515933316	-0.03578813279452346	-0.028717678534781542	2.2224066159350332e-13
-0.2704329660938193	-0.18828223203723607	0.11033667624124512	1.9653412508317238	-0.002601865135950944	-0.02924640957372347	2.8549621947910673e-13
-0.5056754819505521	-0.3451889352021042	0.6273781082479561	0.4136240220470592	0.14475429930864184	-0.028571852783722988	1.585748751081616e-13
1.577398927215771	0.7500969726341912	1.9744338774542773	0.15035974348042322	-0.2598413022904819	-0.009192092839499944	2.870590929032086e-13
-0.32979498817206526	-1.41094587929631	1.1687411234000007	0.287991126766451	0.015221966021685917	-0.024604957553910355	5.179536816642958e-13
2.179330178426496	-1.972026393990623	-0.154582469455815	0.7196335074676761	-0.8712324216996097	0.12020315121025375	2.8864326537072283e-13
-1.033913891903917	0.42040283564503084	-0.7922627675924768	-1.0932937817619441	0.3625768758162567	-0.01095518467145645	1.6608391736994866e-13
0.3668343569771511	-0.7502050506564413	0.06473472141267339	-1.0559385518591398	-0.12982511777796774	-0.019378828369659085	3.3888667673773075e-13
0.7083417769370827	2.5415012021635146	1.7059052391921317	0.5824147747624946	0.15637112677034418	-0.021797503646402244	3.442178505843617e-13
-1.144116921969328	0.2971138530323891	-0.04434144480406836	-0.8458542908854033	0.41656535733275657	-0.009879603193843272	1.4085586084278992e-13
0.04596736747164748	0.05124333609096704	-0.0372340139119474	-1.9182045587939038	0.08029853994986969	-0.029167606961007713	3.20910077860525e-13
1.0164977626563219	1.3309906566675391	1.4536370151133853	-0.4140508494564046	-0.0406505113537708	-0.02717054664939904	1.878578142732773e-13
3.803490659806593	-0.7105566963853517	0.8907417836929997	0.31766624870351917	-1.127702051829245	0.209074218757396	2.004957769328997e-13
-0.7689430993467288	-0.8851773699078085	-0.6959112661017473	-0.3607649824398885	0.11667858263844746	-0.029380152356710872	2.8838097771755724e-13
-1.794008024864549	-0.0966281546716072	-0.1758987935650663	-0.8300816429262963	0.5591811370586101	0.005040041459584135	1.4448100627835167e-13
0.11566313163298444	-0.539287394552131	0.7389896719367294	-0.8665264997525282	-0.0006534241992151345	-0.025676141196444614	3.4666014754305537e-13
-2.8943694998773615	0.6103724204035459	-2.4669945451451496	0.05629053073981291	0.7967577890026079	0.09758803751342555	1.3477437925935915e-13
-0.3291209748081883	-0.3279784528985856	1.9261704706443261	-0.4934463049889831	0.20935412365071324	-0.02864398237263418	3.3976824273999755e-13
0.0033031376869015923	-0.11709817190735948	-1.2195702091764749	0.309158073555197	-0.08757215894193171	-0.02955660000333727	2.1137525047933772e-13
0.8332972367250722	-0.6426986909036232	0.8152288447857003	0.919056250351735	-0.29126645409031493	-0.007669507644809073	3.758529524495399e-13
0.9697998441005112	-0.8354753734253924	1.7024014070491302	-0.18779817028231124	-0.25303935275820955	0.0022359031918189167	3.440289093980826e-13
-1.0288643481799364	-0.4832730347898641	-0.3176254208165691	1.0690041711709022	0.20161059450014787	-0.023940864382870526	1.3194482576384876e-13
-0.5159224867186785	-0.5427019969293199	-0.47904620797796554	-0.38090241374651684	0.09269011700999653	-0.029411615741615372	4.065222369895435e-13
-0.43462209571932664	1.19256145741591	-0.8918667786062141	0.9314430523604186	0.17937985179214777	-0.014748294387402753	2.463349185067403e-13
-1.3769662838742098	0.5904877598971771	-0.4317034696090303	0.12829047204922933	0.4554967037488317	0.004950947469976255	2.655844322017297e-13
2.232298647428623	2.8745103729234307	-1.1370692785923338	0.3508896025694545	-0.41961346243305003	-0.024822942961890276	2.5908059235978427e-13
-1.5370329597847647	0.7337921522122576	0.45060022535717736	1.2013405731028808	0.5281901220854025	0.01562808038993465	5.303288237163656e-13
-0.5406231640992898	0.1026714504892558	-0.36292323227841483	0.26328218512229534	0.15074222247853483	-0.025891990938810488	2.482182669093029e-13
-1.4023223989835845	0.24438931689275428	1.9951403479504501	-0.37288105054578274	0.5906812533216057	-0.002432585686169816	2.301470272982265e-13
0.002676755421278767	-1.433480626206552	0.3119944466525767	-2.192920339289795	-0.03446464792002461	-0.018336014592553917	5.437956393124228e-13
1.3231099980723178	-2.3222772730314563	-1.753807599748567	0.018552146552942843	-0.7278603066791866	0.06657355247404728	2.2255952396286287e-13
-2.0710515458661654	-0.0588205442901875	1.6557633284853086	0.6432651090624175	0.6957005086079726	0.018049619703611977	1.5751560639552955e-13
-2.6363596934240405	0.45271186218592346	-0.9852169995008296	1.3346733513390654	0.7369560620269866	0.07055136518334806	1.7664307164723218e-13
-0.29871747358487266	-0.26084014368378955	-1.1473257024690644	1.1599213341451904	-0.044366160073090466	-0.029715618295762303	3.294276290222251e-13
-0.39691114573343816	-0.7816109960547722	-0.9262531731467093	1.0102970428210731	-0.05231689026657396	-0.02961258796509113	5.148232794902862e-13
-0.222204342798527	-0.9724808937474434	0.49194138063317017	-1.8462484528546654	0.0777466816916302	-0.026856097972380415	3.708352942749546e-13
-0.9536714631292135	-0.4633705425279413	1.610798574925431	-0.5342823199271243	0.36272533457735895	-0.024596333711513627	2.32295319293036e-13
-0.36655196588774747	-0.19110744782614172	-1.7598868340719536	-0.2850637323778348	0.005931537462487284	-0.029495954556732935	2.1298278170745628e-13
2.5291500185804754	3.237737459583625	-0.6073252950538712	0.9627551429395772	-0.4613805032660078	-0.02318540770377994	3.029512788512832e-13
1.1121416245411024	-0.8083296686122632	-0.42752458581683384	0.7769381091210503	-0.45904607707311046	0.00546224714305231	1.9507476978154776e-13
-2.9699678718067988	0.221046347936961	0.9480202869015991	1.0137842690460053	0.9407621305457793	0.08344838181002466	2.9982562543577665e-13
-0.9057636148375033	-0.6155279363211142	0.22435811195649952	-0.10569346748449278	0.23126020302995348	-0.026715323167230097	2.111327680837087e-13
1.0048920854905843	1.0517595103637654	-1.53305944009728	-0.24074875865403422	-0.253395858977969	-0.027240809963142598	2.745123475260359e-13
0.31611135215814085	2.893779180044678	0.8123000305044131	-0.45679987540550715	0.3012462244813023	-0.006494925449386579	3.2695281548294657e-13
1.3451723998294558	-2.109165926138434	-1.3872560145351198	-0.5782233278824831	-0.6655104496130668	0.059836572428442515	2.5049709649622326e-13
-0.7950591274820825	0.2719052445489594	0.32819483630090573	-1.7583714183760966	0.36936497714389444	-0.019503216777296214	3.488873482233733e-13
-0.22108203606783597	-0.33388836545611617	-0.72639249762834	-1.5468537219704812	0.0610797134986024	-0.029597824402010305	2.8772381528319744e-13
0.03704021803348636	-1.4030434049473415	-0.10427921889696194	0.17244787204575732	-0.16336363884535332	-0.01828865810081565	1.114440832151415e-13
-0.8482147854017462	0.05314928492887222	-0.2880527498929402	-1.7298983889843658	0.3231746251766186	-0.021236999191711306	2.3841742601375213e-13
-0.48912025680583937	4.073728872852361	0.6826177642041987	-0.8467623240401021	0.6830809649922217	0.07128589808302628	1.8313924995155148e-13
-1.0637970701409054	-0.7204487889775147	0.4978964539703827	1.5788102441749012	0.21401118120830068	-0.025485480899643646	2.0064825323167044e-13
1.872430405824748	0.5068854809835397	0.19043189592758297	0.8942238678075685	-0.5094599850183129	0.005315168447615401	3.5449548587765797e-13
-0.4710567599691048	0.028579973913949987	0.07174498505475617	-2.1085883565070045	0.2454058398969516	-0.02713718190842169	5.901417990837439e-13
-1.0156818082202705	0.4184472831090798	-1.5236483524485762	0.14009142831482146	0.2624909730945455	-0.011520447388615093	2.891622354770914e-13
0.7831472308899258	-1.08405503068737	-0.6844595865551947	1.5178112635542367	-0.4379979410092861	-0.0014679112082382252	1.8842929957268893e-13
-0.46850007336638644	0.03042811485158513	0.8272959891949822	1.0791223127008434	0.15923196334817413	-0.02699645194137033	3.222834531988205e-13
-0.9994975974466664	-0.41543086323102774	-0.38444049200328667	-1.8833580374875245	0.3174903731424116	-0.023736537589571276	4.0207594477984655e-13
0.11849735255006179	-0.20631411098333888	1.4438788931794975	0.09404633428869176	0.03717405409160578	-0.027383869526438114	3.547004515833203e-13
1.8935934902212703	1.2057038414881542	1.2557238952674628	-0.9062226940916436	-0.30364158066712066	-0.00820566045897303	2.679595115977021e-13
2.1031102608820444	-2.336732404043937	0.2869387697787815	-0.01320848496147756	-0.8303711531022089	0.13355117542393613	2.728220621048956e-13
0.7455824717459443	-0.8864612649944583	0.1388909666262853	2.0778735330047153	-0.3796473179786485	-0.0063679434763760515	1.2664489662560702e-13
1.2835121685877633	-0.7845370190543196	0.8716997581750991	0.3624836346282777	-0.411596804629433	0.013723126709379183	2.1668309581839128e-13
-0.5683605109799666	0.3362359198846177	1.5253207886160867	0.18131569248942045	0.30094232278610744	-0.022995263135573703	2.2581750977277845e-13
-1.468145951200849	0.1411901545785749	-1.402710078918497	0.6398019010644372	0.35402702271624314	-0.0019341102907288537	3.610898401258067e-13
0.9318577881552155	1.3331281405601028	-0.6592508787220227	0.9083561989529642	-0.19630694470943763	-0.028721778257151522	2.7674753424063535e-13
-0.2910158924877391	-0.8384053351302474	-0.9338320561406012	1.4626283944881118	-0.10876753653524147	-0.028921534430719403	2.5378843570048734e-13
-1.3930183607375695	0.4353412428562996	-0.23020150810335635	-0.6591525543868505	0.48753389072111003	0.00180378538441923	1.9360089389917404e-13
-0.5973323553897796	-0.5800130226299217	1.1315516143756066	-0.7735928172708489	0.22536380162301012	-0.0286851280270526	1.5654404543797911e-13
-0.11626855651408742	-1.2672671040585086	-0.18789065351296175	-1.0775331486456103	-0.057444958419431945	-0.023208091829638067	2.2983815960977324e-13
0.3198459282191488	-0.4246592485631999	0.37322242828136415	-2.070390582094354	-0.020968279725244635	-0.023805942565051915	1.773410300436336e-13
0.14781163471045927	-1.115829488776065	-1.3701772682878604	0.7373323328428683	-0.264234078152824	-0.020479153976303496	4.3987993577005833e-13
2.1258862906732103	2.805165558184759	1.634274113350459	-0.42892959688114707	-0.19763196194724364	-0.024211102893692094	2.3838461901602993e-13
-0.9345471650784546	-0.2698771530298917	1.7664851895551492	0.26129670194342236	0.3548325095192288	-0.023019580423008536	1.2051698172891846e-13
-0.5917368277196574	0.2718327557305552	-0.5757415074347989	0.3450237929217115	0.16831617519947253	-0.023579011786639084	2.0078708981983318e-13
-1.6484603189712883	0.3691992574302547	1.481979113226503	-0.7892064620125048	0.6646567955923537	0.010476442513628169	2.6323334931000686e-13
1.5257978495564593	-1.9347173225398853	-1.409057682084503	-0.49893846382735424	-0.704129235380462	0.06513309324754915	2.385200410980033e-13
-0.1919058773043854	-0.3684223264875674	1.9502081604949377	0.038379731795276935	0.1439859381090352	-0.028451516729725155	2.6119116487640704e-13
1.6065331336410293	3.243982799403897	1.1497647136564648	-0.7871285967665123	-0.011000836137094168	-0.02741651130558552	1.1307504881982971e-13
-1.1030471638210166	0.5528522658901518	1.2877565425478517	0.06795786619858665	0.47469050337934027	-0.006296011983153234	1.5850567701742298e-13
3.046674329525469	-2.0176943483485417	0.9842000054637057	0.5125550081597059	-1.0474488269174937	0.2114597206733344	2.3042703387408207e-13
-1.2360139921401885	0.6545720598435572	-1.5668868900686526	0.3322171165039151	0.3440051285731216	0.0010214879123547813	2.607915714151451e-13
-0.6230625002612536	0.01280078276076128	0.1408702019216148	-0.009238077326837799	0.20680442259328352	-0.025422766698426847	3.505698346505718e-13
0.49552875760887394	-0.2644043604394898	0.7741692372633275	1.4638340554410436	-0.17654241303831533	-0.02219926509768335	1.5216801521657979e-13
0.8115092695883915	-0.2155337744650031	-0.21654517069321605	-1.747060490860354	-0.1917112785573287	-0.01639189988486525	2.7776511328102116e-13
0.558338785499692	-1.4994203729496889	1.1236942819020364	-0.20047718777803175	-0.2374154407682476	0.0009586085420215662	2.3658852654762086e-13
1.2957046506832823	-2.296693522073231	2.203134761320994	0.10444390244711621	-0.4833971511802429	0.06866281204024816	2.751132655021138e-13
0.320014932329037	-0.8381038290746368	-1.6635545376756045	0.6719550554215552	-0.3000020848781546	-0.020460917039152093	1.0719203302755886e-13
