11.745596	5.9272194	7.368681
3.0176878	5.407914	6.839584
12.552703	7.097792	6.076908
-0.54478467	5.777497	5.4422984
9.717341	5.191834	3.2818549
8.387721	4.781647	4.3698
12.003117	8.434284	4.8592253
11.631125	7.039617	5.644708
-0.66186535	4.7233458	6.0274997
2.993504	6.0158854	5.4944377
11.026514	4.619501	3.2250311
12.31115	3.9131289	4.5392704
12.061883	5.8490086	7.069893
12.110522	2.0657172	5.037815
10.889934	1.714778	6.4511356
9.425621	3.7208686	5.788105
12.447227	3.273468	4.9503684
13.4851675	6.1099105	5.689996
11.442032	3.7083006	4.7152658
11.03736	2.741057	3.4030647
8.393184	8.243477	5.910781
10.820705	4.9441113	2.5065598
10.4752	4.8886757	7.615125
8.895628	2.4786494	4.9211807
0.071263656	5.057525	5.8218536
9.268856	5.962104	5.0088363
10.106438	2.2553024	5.9971337
9.247019	5.9955173	5.625347
9.917369	3.9476192	7.356469
8.420747	4.6051965	4.797939
9.962983	4.0264535	3.8779976
10.312506	8.448135	5.5102754
8.640296	4.87564	5.5593314
10.37938	3.3457475	3.6475682
10.719392	7.5706835	2.899591
1.7266601	4.3940334	5.775929
10.515197	5.8822308	7.0394826
0.46853974	4.6901264	5.453488
3.5699825	4.5411944	5.605617
10.733367	5.804527	8.393452
-0.8320766	5.2656693	5.847828
11.573069	6.3809824	3.611364
10.074721	4.88574	7.213237
10.032847	4.2684135	7.783148
10.550732	1.8415207	6.696804
2.0401337	4.807108	5.1120205
11.026192	4.0870094	4.4708953
-0.39997587	5.7208867	5.7318964
12.101104	5.999167	7.1786265
11.092291	1.8487473	5.423908
10.101536	6.1533647	3.2331152
10.859987	3.8421528	7.7495284
13.214789	4.0020323	5.6870875
10.465232	6.4457293	7.7889996
-0.785027	5.229864	5.292117
10.532469	6.68658	8.300929
9.04726	3.4596443	4.628942
11.418365	3.7912912	7.348279
12.103652	5.7071733	7.004063
3.9253817	5.992143	5.707739
10.921352	4.375161	2.628622
10.756717	4.651562	8.1877775
10.399597	3.2376478	3.7555408
12.596045	2.8137033	5.3562737
9.58466	6.974589	3.8590763
10.515385	7.986343	3.3680017
1.7174033	5.158933	5.174172
-0.5022334	5.7177305	5.6350107
2.056021	6.0288224	5.7766714
9.889096	3.8375216	6.510551
9.543831	6.404638	3.497609
10.481242	7.9438877	3.4220283
9.73724	5.111653	5.2757864
3.566503	6.5489373	5.4536
10.796182	1.4095389	5.774516
11.594658	7.312729	3.901703
10.760275	6.0721116	2.3336349
10.750436	4.510838	5.317153
9.892312	6.1885552	3.163954
10.736615	2.1149223	3.682485
7.8161426	4.7549124	5.210409
10.465705	6.418679	7.992976
12.413568	7.7894955	5.856329
12.963998	3.7666688	5.021685
2.0189822	4.869047	5.063663
9.076373	4.0163374	4.6122446
9.208653	7.2246056	7.206073
10.82148	6.1053166	6.973247
11.075246	3.848054	7.659057
8.395019	6.779672	5.2601156
10.278569	5.6869855	2.799434
9.829276	7.4346504	7.5519285
13.018131	3.5767791	5.0380664
11.67863	4.5220084	7.1348705
11.876025	4.1245537	5.7061357
9.977846	3.0476139	7.5510683
9.690821	6.262607	6.1167507
10.591481	5.83213	8.39252
13.566775	5.416307	5.6734424
13.250746	4.858491	5.5366197
10.081112	3.5577326	4.094883
8.378758	4.1817546	4.909852
12.494866	4.5711765	4.137569
9.467654	3.4666727	5.835891
10.555886	4.617349	8.196693
11.012454	6.552852	4.3735404
11.001179	8.514583	4.060846
10.194085	5.6795917	8.193196
8.015681	5.821487	4.913176
11.27991	5.5570016	2.7163634
9.824239	1.7194315	5.4722514
9.434696	5.1643696	7.3035703
2.8989239	5.3612733	4.775027
2.4975789	6.753565	5.8269496
10.201128	4.851185	5.1859856
13.536484	5.921182	5.6480427
11.166148	5.586185	3.884327
8.712178	2.685577	5.291888
10.8141775	7.8102283	3.0994015
3.2958243	6.048567	5.114449
9.618086	7.243563	6.98255
9.338926	3.609987	3.9821951
9.431127	8.137158	5.6694174
9.3253	2.1557684	6.1937513
8.215324	6.652345	6.0324845
9.65114	8.780729	5.0702224
12.633165	3.0948086	5.0944448
12.133425	4.349016	7.005698
10.790204	6.3097763	2.307608
0.26373303	5.152095	5.687146
11.037296	1.9240361	6.564616
7.821587	5.090666	4.9687433
10.768218	3.030833	7.5728045
8.079268	5.838418	4.8113112
12.716655	3.1983445	5.4605308
11.125449	8.410703	4.1304746
13.194928	3.5373435	5.1878457
8.465629	4.5260158	5.639063
2.1177592	6.244825	5.835426
8.957503	2.9109786	4.4598317
-0.2544004	5.550441	5.9418135
12.332747	8.133954	5.392855
11.126422	2.08431	4.5109076
10.43454	6.313727	7.8745904
9.677317	6.028991	4.837425
10.783974	7.6374154	7.592061
-0.8823805	4.701441	5.094277
11.332188	2.041855	6.4565034
13.175198	6.685774	5.393955
8.140672	5.828988	6.145078
11.557081	5.887137	7.7048707
11.982014	5.9182377	7.1732717
2.891336	4.841729	5.0836926
10.130489	5.763562	6.8842187
10.291198	6.403329	2.7521515
13.08302	3.5052178	5.0582547
10.977395	8.456106	3.997904
2.656939	5.7600203	4.518353
11.293943	2.78539	3.7892513
11.035428	7.1186576	5.5279293
13.04451	3.4187982	5.0753145
2.8650792	5.974681	6.551184
10.004771	7.6647315	5.4937453
8.378075	3.7262695	4.5393767
11.5891285	7.9700823	6.465416
9.721851	6.0110717	6.373954
2.2655833	6.293996	5.137325
3.395943	6.4964395	5.542558
-0.30820003	5.1032143	5.987724
10.241269	3.6099458	3.9809616
9.943174	3.4620006	7.728873
3.4195428	4.6168556	6.1502852
10.917392	4.184707	7.7987585
10.509586	6.430739	5.3440413
-0.23603879	5.5727196	5.593423
2.1422186	6.447276	6.130026
11.944453	5.665002	5.001014
3.363169	6.381731	5.370197
10.829226	4.617325	6.6633286
9.6392355	8.85215	5.453512
12.833157	7.0582542	5.9457054
9.090279	2.7550983	5.8782935
9.91769	3.4587677	7.7160206
10.442515	6.6107845	2.6723554
9.721045	5.0255866	4.7034135
10.710745	6.331279	8.484806
10.440086	6.42011	7.7567477
10.8988495	5.5100975	2.524011
11.31444	3.6754842	3.2539334
10.859099	2.421761	3.8866894
11.050859	3.8156238	6.351624
11.493368	7.2658	6.5094786
13.371704	5.9952292	5.402784
11.500416	2.6742299	4.002518
10.488725	5.147108	8.008622
11.8154745	6.6645303	3.7815456
8.375863	3.3244586	4.80995
-0.6540182	5.1539946	5.901525
12.730903	5.3565536	6.427898
-0.8877241	4.7004514	5.0965514
12.462774	6.249228	4.114573
9.243362	6.559492	7.4349236
11.5322	7.9283752	6.8549232
2.4567478	6.4709044	5.159434
11.180459	2.6828635	3.5815375
10.274911	3.2509167	7.7181687
11.620953	5.9671197	7.694461
10.639369	6.882883	4.097334
9.306279	6.272556	6.802086
10.950329	8.827576	5.298921
10.911081	6.8018556	2.506135
10.518679	7.8241386	7.7433414
8.7676115	7.3469996	6.6225305
10.617366	6.185113	8.469068
10.954567	4.8776646	2.5182867
9.446161	6.336215	6.836055
0.27052194	5.061093	5.6241326
2.2707105	4.90107	6.296856
11.324038	4.0837135	5.237953
9.416402	5.3208036	7.366085
8.569131	8.612856	5.690884
10.881368	2.2540095	3.6336198
10.564306	6.789655	2.6129162
10.906335	2.4212537	3.773334
9.585374	4.119242	7.449781
10.481547	7.626103	6.32985
11.712891	5.1968007	5.9890842
9.898841	2.718912	6.18941
11.492996	4.127253	3.3859935
0.064183414	5.671248	5.28227
8.0176735	3.5367272	5.1426425
13.112701	6.305144	5.2561393
-0.39980042	4.996152	4.979203
8.063686	3.62721	5.235404
9.730888	8.771519	5.0369363
10.536704	6.61568	7.840784
10.973786	1.6112033	5.7652845
9.622579	5.3868384	7.3867826
10.8384075	3.9677465	4.47117
-0.3777322	5.4622345	5.0946803
11.875453	3.4534295	6.7612286
10.297765	4.5973444	8.154345
10.392081	6.7218437	4.0254097
10.861482	7.678421	7.4769955
12.71425	3.0009148	5.001681
9.155661	4.432214	4.804798
9.209928	4.316187	6.5064726
8.294045	3.6670015	5.1103673
10.6423235	8.32333	3.655125
10.40676	6.2946134	7.6026125
10.914349	2.7376034	3.657969
10.611026	7.7755175	7.6792307
10.752501	8.777267	6.6353827
9.309467	7.551729	4.3085485
11.567601	2.9786325	3.806734
-0.40508664	4.8686085	5.0794783
10.495401	7.859037	7.6684613
11.122126	3.3595738	6.8555937
8.336395	6.350197	5.934801
10.420587	7.2036023	5.393715
10.672976	2.9789054	5.78718
13.503985	5.6775665	5.947339
10.549076	1.6514095	4.241326
11.431002	2.803138	6.8269753
9.741316	4.840908	4.475548
12.720187	2.9062104	5.3250504
12.182265	7.129781	4.721768
9.631349	1.9094931	5.915934
10.086507	4.065899	6.6411147
3.0024254	5.4657946	5.498541
8.991896	8.263843	5.7970095
8.902786	2.460201	4.919793
7.992231	7.736613	5.762736
10.642403	5.917923	3.706679
10.515776	2.887684	6.9205246
9.224301	6.5007753	7.4007134
-0.18420954	5.58061	5.8920474
13.211666	4.212536	5.4512167
-0.40721586	5.0132256	5.0251064
12.176908	4.156311	6.5659504
10.625125	5.7327995	6.831714
10.89886	6.8688974	2.5920413
9.390364	8.246672	6.2517815
10.090666	2.2048783	6.36206
8.803887	8.613087	5.516696
9.398654	2.0683255	4.626228
8.625254	5.0898213	4.2635527
11.057018	6.8788567	2.6499114
10.696988	6.3005958	4.1140556
9.454398	3.662041	5.8197474
10.916232	4.9372454	2.4705105
9.729217	4.071507	7.448453
9.821784	3.968961	6.890236
9.823582	7.1006947	4.383534
9.625613	6.295505	3.3167179
7.934844	3.5600183	5.030755
9.808547	7.2785764	5.3311563
10.007284	6.2645807	3.1511126
10.567465	7.224009	4.0952992
11.6235695	6.9062495	4.6920147
9.872203	3.2304695	6.064896
8.079301	3.7256637	5.271902
9.612903	7.274159	5.00311
9.43921	6.2848544	7.167945
13.53124	5.5140457	5.5899787
11.580456	5.265285	6.95646
3.1787417	6.325481	6.006658
2.2928984	4.8413844	5.1140704
10.149204	6.7018785	4.4280276
2.4982657	4.9397087	6.4426007
10.694451	4.595148	2.4879906
12.768454	8.043132	5.712019
11.946192	7.3020797	5.57069
9.799723	7.1437907	7.6712227
10.321796	8.011551	3.5287197
11.989555	5.634878	5.0580783
3.6458478	5.671458	6.0466013
-0.030032422	5.307738	5.8412566
11.3022175	6.4940476	3.0353448
10.423553	4.5726056	8.26293
11.883994	5.8779054	4.8030357
-0.56491315	5.2714005	5.628543
3.0016987	4.7376795	5.082959
3.1043558	6.4860616	6.1280518
12.45515	3.2199736	4.8985615
10.302923	2.1846836	5.821572
10.642045	7.7679806	5.5559916
11.146842	7.1382613	4.221439
10.2604685	1.5788767	4.5668616
10.915895	6.9650893	2.7663763
12.165911	5.456854	7.161999
10.42458	3.307999	6.110122
2.5624027	5.62824	4.4504323
11.244425	3.8615708	4.638586
10.697507	7.7421927	7.5925326
7.753791	4.7830687	5.1125364
11.296617	3.7230163	3.2619395
10.535789	4.496248	6.9538198
10.918883	6.491734	4.000213
2.4431624	4.6157084	6.3034678
3.6714196	4.647902	5.5917244
12.241718	5.8217826	6.585713
7.7083993	5.77131	5.251973
8.856909	3.9775615	4.099739
12.208956	4.3368793	6.902434
10.343032	5.9887195	6.310863
10.978538	2.4310424	3.8392358
10.998693	2.7267919	3.3880823
12.246329	3.7698402	4.562311
9.192401	4.7489896	7.016288
10.775451	5.9803743	8.328708
11.569476	8.298045	6.5134954
12.404758	7.1789503	4.4688396
11.416515	5.3469944	3.6839488
11.856038	6.3513875	3.8641832
10.385536	3.0067115	6.890271
8.646708	5.366358	4.1749773
2.8975327	5.1391454	5.329153
7.8580093	5.876142	5.084824
8.0418	3.4505544	5.0830693
10.922947	6.7864013	2.5318892
9.419434	8.233881	6.2777724
10.564265	4.7091784	7.793677
3.7092206	5.642877	6.076321
11.605698	7.0425634	3.3399434
9.205756	4.554037	3.6779215
2.453764	5.6620994	5.5218086
11.230504	5.64025	2.6809306
10.19986	5.6928115	6.8778486
12.484094	3.6904275	6.3262806
7.694372	5.1299086	5.328458
8.417476	6.7644796	5.459974
11.409125	8.357133	4.5643625
2.074732	6.403722	6.1766644
10.521435	8.56735	6.717893
11.329911	3.3791487	7.1150355
2.9074311	6.206802	5.413057
3.1352084	5.514885	6.9084406
8.590198	8.6109295	5.6711974
8.263252	3.639759	4.6881166
2.540611	4.5466547	6.3595414
13.270364	4.1778607	5.416506
9.497131	1.8788021	4.65817
3.801529	4.7928042	5.585676
8.970368	3.5644555	4.1492248
2.560499	5.6755877	4.4798784
8.193511	6.031463	5.178708
10.404035	8.578487	7.0450983
10.399889	7.4006963	6.9206314
12.838618	3.909078	5.535855
11.260239	2.898341	6.130261
12.287074	6.574254	4.3032327
12.537855	2.821306	5.0999374
11.54637	8.574891	5.050429
9.872876	8.057614	4.655871
11.179527	4.134277	5.765048
9.749274	1.7751298	5.8856497
12.453096	8.308293	5.3902664
11.498118	4.149462	7.5802693
8.92301	7.572633	6.721422
11.793923	2.0247948	5.1536493
8.372496	3.8274155	4.7702956
2.1744232	5.6358795	5.9885006
10.132264	5.240597	4.581454
2.979585	4.957585	5.006686
11.408658	7.0792966	3.290018
10.241568	2.6110194	6.4381566
8.987277	4.861723	3.9597313
12.181573	5.520026	7.1085606
11.087951	6.5838213	4.3908124
12.851307	7.111706	5.740535
-0.11827805	4.4576025	5.687556
10.78313	2.3540933	3.9595325
8.849957	7.663289	6.646511
13.004746	6.368921	5.145184
10.855714	3.3923213	6.642511
11.618912	8.498418	5.2114406
8.276205	5.6160808	6.2199564
9.420992	7.9048247	6.494247
12.03495	5.9098063	7.346756
10.842733	8.50182	3.9244127
9.836165	8.448708	5.356449
11.550656	4.865419	3.1242979
11.378902	7.7421627	6.570343
11.46849	7.039735	6.614239
8.867051	8.198511	6.0450783
10.772576	3.3135066	2.9374735
-0.3110909	5.6922483	5.841236
11.69678	7.5623784	3.9433348
11.207469	2.3373122	3.8678625
12.760029	2.9270263	5.311682
10.682783	1.7702969	4.7514277
0.08764363	5.1237297	5.150392
12.849379	7.0752325	5.9083924
9.316021	8.198119	6.365065
11.639669	5.231401	5.9914546
3.707109	6.4993606	5.482361
10.344467	2.6674507	4.48923
10.854139	1.7044723	6.5195165
9.9645195	5.548449	7.151698
9.308157	6.11359	5.5078936
11.079468	4.86387	6.551528
1.4368118	4.3755302	5.742432
-0.15697734	5.301716	5.980268
10.369252	2.2347913	5.6193633
-0.9504448	4.763123	5.076653
9.7787895	6.578129	3.6110413
12.056546	3.3470933	5.5056605
11.334696	4.0962873	5.763286
12.29625	3.1974285	4.990469
9.038391	5.1239967	5.3394585
10.968604	7.317825	3.5632439
2.3993149	4.443504	6.0985293
9.327912	6.6157784	4.4768867
11.167703	4.031828	4.4619064
8.060688	3.4325325	5.1513577
0.010178607	5.322133	5.1710362
12.02947	2.6485877	6.1461167
9.21919	3.6468246	5.817467
10.6173315	2.0817692	6.971991
8.548726	8.54576	5.77154
12.530482	5.828015	4.032825
10.195019	3.9710171	3.7904527
10.4037285	5.354943	8.14706
11.445945	4.725448	7.279492
9.644002	5.181433	3.3702762
12.941349	7.025634	5.7017937
8.180176	6.990182	5.818923
10.040116	3.8256383	7.0858035
13.261075	3.761119	5.2586126
10.358156	4.047928	7.9793143
10.768247	1.5062015	5.9930377
11.165827	2.5102034	3.7102752
3.060857	6.431845	4.908509
8.776235	8.384664	5.5983515
-0.28223175	5.144604	6.0426083
10.228152	6.5170774	8.086466
8.102523	5.956169	5.0311174
11.063986	8.80342	5.2810545
9.292123	7.9030814	5.219566
11.016044	5.366702	3.3278315
1.835596	4.531829	5.5543365
10.176133	1.9943718	5.4551063
10.595273	5.630094	8.163258
9.074502	3.4855118	4.136155
1.6984378	4.389725	5.7253437
10.972668	4.1360064	2.7418358
8.289413	2.9715548	5.0687394
11.494607	8.565422	5.2481127
11.850791	7.272615	6.4548616
11.071967	5.7694244	2.501334
8.432152	8.164052	6.1125674
11.006723	5.8407483	5.4042683
0.25747475	4.9254537	5.1362395
11.353157	8.196316	6.591724
-0.8018192	5.131837	5.5332084
8.30154	3.2173429	5.146256
3.112599	5.252964	5.8496976
10.775495	3.1262016	6.9528003
11.253076	2.8352902	3.5026643
9.908876	7.2724075	7.07705
3.4531417	6.561885	5.2733874
1.9959702	4.3778906	5.6809278
3.6451285	5.6877704	5.523812
11.526871	3.5348766	6.855755
2.339032	4.88565	5.1715283
11.13246	4.3708596	2.9438884
1.9113753	4.255997	5.5687037
2.7971084	5.4997807	4.638197
9.03551	2.841939	5.834091
11.887449	6.1766977	3.4070644
8.491917	5.362601	5.8140516
13.282284	4.791318	5.6360383
10.460148	3.1040103	7.0203896
2.4442654	4.8361917	4.5394697
12.045518	7.2210355	5.506643
11.697055	6.846769	4.3221993
10.111572	3.2201064	7.6843677
9.361914	5.7082825	4.4941664
11.581092	7.020105	5.6190205
11.172562	2.160038	4.3329325
8.963916	6.6585584	7.157693
2.0837002	4.817644	5.049467
2.5396028	5.828984	4.533215
10.590487	3.329657	7.0446906
11.190407	2.2976837	3.9377332
11.360659	1.8929198	6.242295
9.212844	5.632306	4.3214245
10.334541	5.1993523	7.508727
11.765441	2.7044528	6.491208
11.973055	7.121007	5.2704864
11.171655	1.8479767	6.4115167
12.648419	4.6670523	6.1373916
10.8051195	2.729155	3.8627665
11.971998	3.8507059	4.710795
3.4985442	5.338776	5.6393538
12.045872	3.566786	4.131603
0.15679295	5.2108345	5.574778
2.8295388	5.9931226	6.209612
9.62028	4.035188	6.590034
9.914609	7.2164464	5.251917
11.106792	2.8955781	3.4529235
11.66986	5.9937944	7.700544
10.465085	7.875647	3.3752775
9.567991	1.7583269	4.673601
2.920757	4.737653	5.156391
1.9512075	6.3903055	6.1976037
13.180184	4.8965163	5.6915784
10.077567	6.0334153	7.268207
-0.3433141	4.460932	5.6080003
8.522659	5.7030706	5.196349
11.716947	4.5088325	7.4453573
10.424631	7.6211195	3.2693772
10.361674	6.3471365	2.7101417
7.9488835	5.961728	5.033107
12.582797	4.47586	4.1609273
12.057062	4.049895	6.0102243
9.521671	4.048276	5.485865
12.00379	6.071114	7.3638554
10.948452	4.1089735	4.631566
-0.0036142897	5.4718647	5.3845024
9.80256	8.491221	5.507111
11.319456	7.6059656	6.2288356
10.644798	4.021444	7.802344
2.5111427	6.5159297	5.2692432
11.299109	4.2252655	5.7504234
9.521118	1.8490072	4.988639
0.19665678	4.5413723	5.3242726
12.209114	2.1324446	5.005313
10.888604	4.4069514	2.525184
11.651294	4.6005096	7.4812016
9.540832	8.271479	6.5492754
-0.1824656	5.510157	5.437621
10.522439	4.5572653	8.269009
2.2772	6.3061857	5.1713495
9.933317	1.6722382	5.352887
8.46587	6.229586	5.203132
9.239844	7.340583	4.7513337
11.157803	1.977737	6.4672422
12.193302	7.2757773	4.891736
11.914144	5.9892526	7.3880825
8.171554	4.2693133	5.4277782
4.0303407	5.9478626	5.4723477
9.597544	8.802925	5.067766
3.4372988	5.405556	6.1560144
2.2160318	6.076201	6.284494
11.603214	4.3071775	5.94141
10.6968355	2.9156363	3.8068461
13.312815	6.988553	5.751119
12.727663	3.353286	5.322755
2.555728	5.68988	4.49246
10.559108	4.026063	7.6091805
8.372651	6.5693617	5.911546
8.29199	5.967684	4.8962717
10.804815	7.3282914	3.1530843
11.856486	4.0603933	3.596084
2.008925	5.1440206	4.9941034
8.763282	2.6982884	5.418902
11.287041	4.285178	2.9582388
10.951883	6.2105966	7.0463758
3.1469069	5.664187	6.8776464
11.081032	2.908343	6.505956
8.312884	6.9529634	6.08653
9.572933	8.18433	4.8475456
8.607199	6.1975303	4.8487144
9.551914	8.688305	4.995104
11.344158	3.6767333	5.230505
12.231708	3.0929155	4.534151
11.5282755	1.8279082	5.2717566
10.83255	7.9922214	6.3693953
11.25286	7.1491394	3.149417
-0.038828257	5.139199	4.974058
-0.78866786	5.1183968	5.981422
10.410911	2.8536592	4.3206778
9.361319	8.803488	5.342344
8.192865	5.648687	6.1837397
10.308935	6.0323606	3.2230248
10.570057	6.964892	2.6601033
10.411986	6.4554396	8.074358
13.35337	6.003569	5.815338
11.175615	3.8776326	3.0072978
10.621807	6.685305	2.5099375
10.252647	8.375418	6.897387
10.909793	8.005515	3.3605342
9.406825	8.195444	5.693718
9.258192	4.540663	3.6984437
8.225035	3.0621593	5.0214396
2.8938174	5.084904	6.5277734
2.0676517	5.922185	6.057435
9.238916	7.679612	4.7634096
9.621773	1.8840778	5.078427
8.586817	8.326151	5.690505
9.745338	5.226075	3.2518601
-0.6742238	4.733901	6.0164433
12.351055	3.4423487	4.529248
9.386408	2.1124647	6.153912
10.25056	6.9578614	7.8512335
-0.7740858	4.900613	5.7542663
11.312824	2.130766	6.329239
3.1317542	4.5393295	5.3663692
8.723949	4.609192	4.9279265
2.4419174	6.674285	5.5296774
11.032216	5.27948	3.4582202
10.556013	1.8288951	6.782297
11.034584	4.57151	6.663652
13.497501	4.716933	5.7179327
10.040956	1.6252456	4.5944753
10.482914	4.7464943	8.251072
11.032715	5.1407576	3.2415423
12.103001	7.181797	6.328796
9.604658	8.615165	4.942959
9.207487	7.8831515	6.5135746
10.330252	4.2553105	7.951572
0.3045242	4.637166	5.37134
9.6795025	8.752248	5.826285
12.088944	5.863507	7.286548
10.294443	5.113089	5.061534
10.00155	5.3255763	6.9873934
10.679371	6.0577793	2.326917
13.38985	5.0128775	5.7358747
12.24534	3.9983416	4.9908876
3.5081017	4.717304	6.014779
7.698128	5.6148124	5.1878004
11.163077	4.1025643	5.902444
8.016477	3.8825746	4.7748857
10.68065	5.9622445	2.3067336
9.484736	4.7555623	7.0976925
9.554671	8.31352	4.868105
10.051662	1.6531984	4.6302123
11.927439	7.389988	5.562465
8.437051	7.8177533	5.5624166
10.170122	1.7556914	4.644743
8.454308	4.325775	4.8900466
12.512268	4.6157603	4.2126946
9.318835	2.1769872	6.2382455
1.8841295	4.354956	5.4016705
11.114369	2.9466195	3.4181476
8.705971	8.461368	5.560555
10.45963	7.4667087	2.9742112
9.15852	8.006467	6.3796067
13.406711	6.7892003	5.791022
10.094444	3.7399135	3.9857736
8.809229	3.9023414	5.353334
8.425331	5.942172	4.5506682
9.740107	2.0569012	6.192568
12.667994	6.732725	4.8091927
9.63825	4.3989673	7.5470266
-0.3508664	4.5311174	5.3683085
2.8925753	6.212428	5.57834
10.7349	6.599855	2.4604287
8.454412	4.4383783	5.574334
11.387864	7.7445936	6.099612
11.001044	2.823015	5.5372434
-0.55163705	5.2971525	5.178213
9.542993	6.5769415	7.5049186
9.756695	4.73149	7.0860643
-0.8966917	5.152565	5.6654863
11.954924	2.9179265	4.8560843
10.403536	6.768553	7.85274
9.7613125	5.2205834	3.5249825
10.090051	4.0293927	7.214697
12.822636	7.9174223	5.718198
11.6626215	3.9594965	3.4130075
11.2824335	2.1006987	6.2423816
10.561352	2.0052648	6.0216045
3.6362252	5.7962275	5.440699
9.7144985	1.985395	6.0974703
8.898456	8.256755	5.5280995
11.446607	1.715735	5.6844654
11.267135	8.295437	6.3669734
10.774525	6.202028	2.332693
8.785516	4.933966	4.3402505
11.791695	4.0774813	4.3408217
10.010818	6.5105443	4.426012
9.187563	5.000279	3.6855938
9.57784	7.4597516	6.8574214
9.583851	5.7996716	4.5706306
0.043220825	5.434233	5.4746614
12.881146	4.136817	5.6072755
13.448254	5.320342	5.477733
10.462309	6.24754	7.5415745
10.486064	1.7315896	6.6332126
0.39564902	4.73554	5.498432
9.740599	7.0348186	4.318279
-0.25123423	5.574065	5.8837237
13.195654	4.8554497	5.7312274
13.494566	5.455518	5.4971876
12.99902	6.3477206	5.1006517
10.621536	3.8165061	7.5984807
12.385558	3.635093	4.538464
11.082378	6.178431	3.8621616
-0.29354033	4.5866365	5.4383492
-0.07573325	5.511049	5.3741364
10.696746	2.5683253	3.2981076
11.33148	7.7219963	6.377354
9.589472	6.340139	5.9591875
10.639807	6.334128	5.3123546
10.902695	7.392844	5.478563
8.8461895	8.314535	5.8692245
12.064848	7.2069607	4.523831
10.904681	1.9240862	4.4522285
10.627821	2.737106	4.1100106
10.089479	3.5551956	7.830853
2.5327678	5.577163	5.431233
9.159267	6.616586	7.348298
10.561221	3.4992836	7.946443
11.496703	5.9792175	6.8734517
11.377314	3.3218706	7.0273457
2.7371614	4.9185133	5.056485
8.70312	2.5941775	4.855382
9.149792	3.2040825	4.6046495
8.9283905	2.4180753	5.154104
13.16719	3.4899056	5.16242
2.595113	6.3263626	5.817909
10.574064	3.3318703	3.043764
9.360297	8.819381	5.3263226
8.03771	6.618147	5.6763053
12.578795	5.9360332	4.0785565
10.456249	3.1811514	7.071288
11.47356	7.047727	6.9309654
12.356064	4.0757866	6.3978634
3.9418468	5.624007	5.7016907
-0.6254762	5.8253493	5.3123875
9.77763	4.935962	4.255765
9.250491	8.085985	5.648619
10.511049	3.5169613	7.9729905
9.359141	4.9705153	7.0361643
12.055203	8.474716	5.350061
11.466775	3.8740208	4.570603
8.544611	8.49052	5.6368384
7.8675303	7.326007	5.5979943
11.644561	3.8698995	4.619788
2.4498787	6.1285295	6.074616
9.301624	7.509871	4.691376
10.48455	6.678712	7.0937796
10.765807	1.8210394	6.633502
2.374871	4.7601504	5.2403026
12.972517	4.8545666	4.554302
8.461812	5.084206	6.197701
11.461101	7.036526	5.877263
10.764399	5.9516983	7.0124063
11.526208	2.2038374	6.4757867
8.553041	5.8741097	6.1101
11.831208	6.5442452	3.571254
9.622715	6.8523965	3.822923
9.64287	7.800094	4.492348
10.130383	7.1523156	7.179362
10.541103	6.394906	8.132942
8.936266	5.0788093	6.2924876
10.556914	2.3629375	3.723192
8.282091	6.274853	5.618726
11.223756	6.18799	4.10202
9.201258	6.033285	4.9800777
3.0459962	4.4886074	5.397767
2.367726	4.427847	6.092215
3.3847287	6.125639	5.1912546
9.216164	4.9688196	7.083723
10.455292	6.59479	7.8037095
10.251572	5.753742	3.1994615
2.4338756	5.596185	5.544494
9.960281	7.2536106	7.1385193
11.002883	3.7401216	6.4708643
9.12467	5.2335978	6.7309737
2.979839	4.899261	5.634472
10.1879635	4.0012956	8.035803
-0.9511826	4.7341123	5.057801
8.29882	5.421222	6.039471
8.1019945	3.9858854	4.69839
7.9602113	7.9971194	5.6596217
8.177456	3.2995458	4.9415154
-0.40595588	4.975	5.432363
7.721355	4.1337185	5.0592318
9.008482	8.226377	6.088512
12.177611	5.95177	5.834318
9.148068	7.679408	5.3030357
1.9841435	4.2559905	5.617195
2.4829142	6.040904	6.123021
4.0141563	6.172064	5.497637
12.215386	5.6275764	6.357582
10.283271	6.9434185	7.876641
10.753395	4.146651	4.676321
9.6612625	8.31885	4.813958
9.862852	8.670477	6.064739
12.353318	4.332164	6.7697854
12.647221	4.468158	4.233864
-0.562991	5.588031	5.1826725
11.4460945	8.501294	5.5897317
10.000903	4.394221	5.2860065
9.726115	4.222973	6.8618135
10.190958	4.723634	7.2537746
10.536099	2.3041515	5.5858607
11.193815	3.1046429	6.8532934
12.671194	3.2573137	5.1943965
10.554593	3.4822772	6.3385386
8.605115	5.271307	4.344788
11.601737	6.0069222	7.58589
12.637372	8.270622	5.61977
10.416957	3.3409414	3.3777997
10.83096	7.196966	4.9741764
8.879996	4.8266206	5.186003
13.178679	5.306677	5.489752
9.677806	6.7484097	7.774505
11.001029	3.0519981	3.1685982
12.063551	5.9876976	7.1637454
8.823339	5.652839	4.3283567
11.8843	6.037956	7.0498967
11.317442	6.2873993	4.498983
8.692026	8.524017	5.8827906
10.998367	4.0611844	2.7309756
0.2434502	5.1558557	5.618961
10.774689	3.5622	6.7007995
9.443573	4.10866	6.839111
0.2586728	5.116989	5.593511
3.1861439	6.3404484	5.079819
8.907408	7.9445634	5.3837214
12.16839	3.9440317	5.487677
11.146006	3.3585727	6.7798223
2.5597925	5.759601	4.4939117
11.323489	3.9926014	5.0700383
10.458796	7.134172	2.7970974
10.59994	5.790041	8.363642
11.191005	1.8972546	6.4551706
10.768391	8.149523	6.524523
11.347127	8.373499	6.349485
1.827607	4.312996	5.4663672
10.30827	3.9761722	8.036386
9.191024	6.393156	7.3684883
-0.1710016	5.244411	4.9907317
8.37606	6.819914	5.549341
10.964679	8.647803	4.816136
-0.47627795	4.9325485	5.5660686
10.973264	3.5672646	3.0377
8.900303	2.4433746	5.167746
3.5326307	4.595504	6.094861
9.706964	5.279539	3.5110407
11.46287	8.505272	4.731627
-0.4040133	4.457983	5.64447
10.595831	5.9225273	7.073179
11.729656	5.132961	6.047668
12.020837	8.157099	4.6511297
11.098065	8.7596035	4.9044404
11.081948	4.3269067	2.65327
10.511916	3.7386675	7.9647036
8.116536	7.7484503	5.8654723
9.515806	6.9960446	3.749588
11.898449	8.529221	5.3746457
-0.3099552	5.64247	5.792166
9.045891	4.5008583	6.198089
10.441751	7.237341	2.822042
8.006291	7.7004523	5.7453485
9.192096	7.369766	4.721369
3.080104	5.906516	4.9208684
11.519947	7.893995	6.3605285
12.443438	7.713956	5.8563356
9.492933	8.066557	5.5925794
12.516831	6.833286	6.2626443
9.899807	5.240321	3.2882664
2.8019884	5.5600758	5.3351736
9.832148	7.5868177	3.8736486
10.889396	3.327554	6.766134
8.702713	6.212183	6.420667
3.3288832	4.961465	6.285973
10.449412	5.139642	7.8851714
10.624655	7.9589896	5.6401033
12.011362	6.604128	4.1474485
12.890253	5.0071216	5.9131103
10.961064	2.6488347	3.692003
9.289479	7.295898	4.9021416
11.4061775	7.006578	6.6781764
10.025544	8.468206	5.7809944
8.049	4.4533873	5.2769294
8.174865	5.7462397	6.262302
2.5448782	5.641129	5.471018
11.448917	8.37664	4.279447
7.849648	4.9104104	5.1417108
-0.8981679	5.005472	6.0116158
12.601105	7.1981177	5.7581553
8.96177	5.4938216	6.5692987
12.587055	4.4953637	4.343176
2.1347213	6.04157	6.1982117
10.783826	7.7289124	3.0352087
9.134113	3.3473904	4.565652
2.4630098	5.5927625	5.5005054
11.314033	3.3927355	6.832187
3.0300162	6.3684816	4.8444324
11.36035	2.0582101	6.4774175
9.250578	4.1364613	6.5943413
2.8920808	5.9750185	5.4569664
-0.60241175	5.7150083	5.447999
10.932752	5.3993917	2.746467
12.860635	3.942319	5.6061063
-0.90920854	5.264955	5.333635
9.654287	1.8402553	5.6508436
11.589387	1.7701938	5.4701676
2.5287206	6.099223	6.22164
11.852449	4.0934906	3.6092012
12.582455	3.2614522	5.0489335
8.665299	6.92627	6.7133803
11.950155	6.604648	4.0581245
7.7108965	4.0782104	5.0867887
10.484388	2.1921577	5.9351907
9.43547	7.12502	3.888746
10.380401	6.5914516	8.035244
2.0347815	5.882905	6.063012
3.6694415	6.5157084	5.4957805
0.08905889	4.7729907	5.8400583
10.694813	2.2006788	5.232172
2.208664	4.620867	5.299362
11.109755	5.6920066	2.5490658
11.833193	6.0301514	4.949986
10.340911	5.273411	3.2926726
8.463513	5.763893	4.362365
8.324365	3.03873	4.951919
8.162787	8.099014	5.734895
12.05264	5.2078004	6.7269015
12.504888	7.894126	6.202473
9.611864	6.2392855	5.860467
-0.47753283	5.2699013	5.1678042
9.428405	6.8862247	3.8560302
9.200351	6.435419	7.3512406
8.049213	6.5603848	5.33407
11.968936	8.318828	4.8199024
12.480412	6.279496	5.2677207
10.961989	6.880841	2.587529
-0.7510133	4.901701	6.002766
10.751923	7.9793572	3.2526875
9.113345	3.4323997	5.865103
8.641503	8.449113	5.7835217
-0.06710128	5.130426	4.980119
8.972291	2.468746	4.9060287
10.912596	6.1571836	3.8806043
9.115873	3.4344072	5.9279847
10.307285	7.243058	4.2110567
12.629648	4.294582	4.27305
11.222359	3.7344434	7.5238185
10.8450365	1.920962	4.3845334
8.117137	4.189164	5.2212677
10.51137	1.6589607	4.332732
10.960855	1.9131461	6.48114
9.676555	7.1515493	7.1334653
9.557023	6.589514	6.051704
7.9311132	6.1263304	5.2085876
11.647235	3.4055722	3.6496353
1.7987076	5.0686426	5.3236675
10.985901	4.220549	7.797876
11.530094	2.4418478	6.5745726
3.7615607	6.5727296	5.3938627
11.60347	7.299002	4.268561
2.1239607	5.303151	4.763779
10.114828	4.9917083	5.113202
13.486868	6.0203905	5.7483335
10.833919	1.7786672	4.677485
9.016468	4.723361	6.118024
10.457498	3.5175083	3.51595
11.588604	2.8092277	6.5448136
-0.36569303	4.882862	5.429923
11.337363	8.453306	4.572075
9.400182	6.7642126	4.602862
11.6127405	4.0731673	3.3278368
12.974157	6.9115973	6.046989
10.522397	8.067519	5.636982
10.517684	7.1491485	4.7853637
9.102329	5.3697495	6.693326
13.173787	3.915194	5.426594
10.487406	7.153689	4.134189
7.802374	5.919563	5.4733653
3.1375437	6.2754655	6.1083155
11.752085	6.92458	5.592473
9.866727	7.3447576	7.6747584
9.97034	3.4925652	7.798006
9.497835	8.155016	5.135676
8.273023	5.6503053	4.557037
10.937688	8.798649	6.413499
9.356468	3.515718	5.8944936
9.865862	8.2994795	6.9888096
11.968865	5.922462	5.390605
10.514539	4.0452766	4.7145844
3.7934096	4.812818	5.5995965
10.790753	4.3878684	7.2728148
12.210492	5.889771	6.8245344
9.029987	6.6805406	7.3066435
9.196965	3.6818395	6.2897477
7.73909	4.8070455	4.9741025
10.723081	8.429044	3.77519
11.119734	8.539906	4.591547
11.202712	6.7388444	3.3303618
13.007217	5.062511	5.920517
12.398775	5.6419487	6.514873
11.381303	6.9898825	6.4061832
0.24135335	4.6039076	5.3440237
3.3663645	5.0102534	5.637904
11.403289	1.7660258	5.941842
11.741728	6.302572	3.534436
9.414984	6.9740667	3.857762
9.7925	3.9067464	6.106996
2.9229074	6.375274	6.325359
12.3126	2.6864774	5.779856
0.5426274	4.7080383	5.3911624
13.507706	5.9967313	5.724056
9.278132	7.5821385	4.9927845
-0.5498394	5.8108044	5.278301
2.2664921	4.809899	6.2272687
12.838687	7.898921	5.694509
11.29939	4.9199843	6.1490316
11.138459	4.6738963	5.99941
12.054978	7.9054046	6.4228187
12.610446	6.656091	5.509817
12.225923	2.174817	5.0011897
9.468902	8.157904	6.5700083
10.404892	7.8605094	7.753768
13.371848	4.1882195	5.6101875
9.485043	6.514231	3.6484013
12.456185	6.5883894	6.4562397
10.517641	6.373925	5.2512074
9.093043	4.0817747	6.5601745
12.148384	3.8062708	4.669072
10.526939	5.653297	2.6010482
9.56972	7.5210633	6.7576346
2.8758945	5.834648	6.572154
11.321182	4.6312327	2.9845593
9.039324	7.5021396	6.3688917
11.606171	1.7583153	5.2919526
9.470249	7.921773	6.095739
2.5047565	4.2556467	5.1772265
11.825403	4.158374	3.5260434
11.639258	3.0948555	4.8312607
10.34528	2.170114	5.751249
12.320155	7.640719	5.7735014
9.470195	3.7612326	5.904437
11.03406	5.9888487	7.9505987
2.0137901	5.5199156	5.162232
10.904206	6.8220286	3.9211538
11.843375	5.402101	5.885454
10.825191	2.3129961	6.4176025
9.217925	7.294332	7.1926937
7.731721	4.1665154	5.032829
10.232844	2.4181893	3.8196414
10.983566	4.6501	3.1909003
9.764041	8.42568	4.8239822
12.369776	7.101149	4.859224
7.711202	4.169977	5.0561314
10.96034	4.3742585	7.1773977
8.926254	4.6503024	5.693002
9.72938	8.733613	5.1093903
9.295786	6.1088886	7.060774
10.938334	6.723117	2.4843626
10.600199	7.7738276	7.7159815
10.76627	6.2478814	2.337264
10.142659	4.7722144	5.310264
13.499049	5.3255486	5.4699807
-0.5330454	5.026649	5.5783052
11.214116	5.5625587	2.649144
-0.58525485	5.5269113	5.8918643
-0.5120268	5.0012193	5.1047764
13.397506	6.7910743	5.802519
2.9862034	5.401253	6.7864876
8.553125	5.5496693	6.08264
11.175047	1.6409185	6.0601153
10.711843	7.6909647	2.9615088
9.660632	6.495013	3.444628
11.531928	7.854993	6.7988677
9.9101	1.5990409	4.6679025
8.625813	8.513942	5.77246
10.986591	5.3556166	2.795956
8.825156	7.508508	6.739223
12.063707	3.3002043	5.5535607
12.2640085	7.1720824	4.199372
0.12444881	4.8216867	5.8388352
11.403792	3.8747637	4.6283627
-1.0207081	5.439079	5.752145
12.3058195	4.774464	6.7788353
8.206881	5.4492006	6.0275965
12.765839	7.209846	5.816461
10.3872595	6.504885	7.19265
8.704	5.545803	4.123029
2.8668656	5.7567887	4.692987
-0.6362259	5.7479496	5.6162663
2.042834	5.804827	5.91864
8.348956	5.90669	4.9411902
11.061641	7.3484125	5.002297
8.107199	7.7969217	5.656939
12.479356	7.7844167	6.0178294
3.7951627	5.7324524	5.8606763
11.2607565	2.3910027	6.6410785
10.558654	8.300727	7.1362343
10.698058	3.3608449	3.1322212
9.243171	5.72189	6.4996133
10.918401	4.0675473	2.6993577
13.5265255	5.2567987	5.6841674
9.456636	5.94094	6.878992
2.8583043	5.7121677	4.6720066
7.7716675	6.0413775	5.33767
3.2360654	6.4730935	5.6232805
-0.71695936	5.078762	5.2796187
12.234514	6.085642	5.035024
12.250113	7.884451	6.3321786
9.362829	7.63439	6.4329686
9.08511	2.8087819	4.384065
10.609347	6.4404516	8.23339
10.311832	7.2783294	2.959334
12.00995	4.4419127	7.1495986
-0.93260336	4.9218307	5.115615
8.0888815	4.5977793	4.657953
10.39851	5.8329096	7.1178083
11.535206	4.3926187	7.570109
10.462518	4.716419	8.322641
8.993128	3.0585923	4.627344
10.85718	2.6377478	3.44257
11.996028	8.39902	4.801088
2.1591368	4.6108513	5.870882
11.075927	2.8103297	6.277221
9.612576	1.7336841	4.900505
13.318755	4.1033087	5.6560135
3.374265	4.54373	6.2934675
12.4397135	8.364205	5.4680142
10.640473	7.4368114	5.8655076
9.304091	3.5666265	5.7546954
12.17138	8.518463	5.5471416
9.238987	7.21645	7.2694197
12.347813	4.232352	6.3355956
11.29561	1.6453336	5.7516265
3.0564067	6.580132	6.0707145
10.643103	2.245018	5.719101
10.339425	2.3245773	3.7362516
2.9719996	6.324679	4.831499
8.634154	8.5703335	5.8045006
10.858936	8.003676	3.3557162
-0.3197112	5.5864067	5.938658
8.317781	6.440837	5.6020184
8.766212	7.110546	5.6771812
3.714435	5.6978703	5.9870334
7.7653985	5.871495	5.217126
10.785376	6.2755723	2.3037164
10.400068	5.8632326	7.2298007
9.404521	4.066131	6.836137
9.095109	4.610777	6.6930823
11.54803	1.8879391	5.1458797
1.9446241	5.9380827	5.8402243
9.445856	2.7330775	5.7318482
9.761263	2.1325417	6.2733383
10.821099	5.795111	8.302284
10.250832	7.8514457	7.691653
9.114857	7.7402496	6.380556
10.369901	2.0482852	5.775084
8.690403	3.0458515	5.118423
10.817913	7.4230914	5.626456
2.5923986	4.51206	6.4003367
12.535663	4.726642	4.078029
13.470669	6.598687	5.8075843
10.509635	3.0175533	4.308245
-0.7165181	4.829275	5.767486
10.354346	2.1556854	5.730849
2.971283	4.8318553	5.1074905
11.99605	6.186925	4.8980317
2.760107	4.4237885	5.4684286
10.554771	6.934828	2.6922448
-0.5265597	4.9528747	5.020865
8.702164	6.4761066	4.985182
12.174593	5.8303747	6.867051
8.359946	8.116948	6.1011496
3.982535	5.374337	5.553871
-0.4306432	4.472446	5.627025
8.721671	5.5668	5.8526554
12.456508	6.6617527	4.4642997
-0.40369928	5.1368265	6.053482
11.009057	4.9420967	6.3277993
12.428378	3.7595558	6.384025
12.185713	3.8758767	5.135033
9.661074	2.6186433	5.0310717
12.170908	8.321614	5.4338336
10.008602	2.9884133	3.8625832
10.482815	3.5683496	6.1183853
10.3967085	3.591363	8.018877
11.058012	7.4564924	5.9647303
13.280667	4.8005285	5.6064057
11.669532	7.6705875	5.8290114
12.832294	3.5180054	5.5885696
12.079189	5.650191	7.2633424
8.475306	3.194016	5.312919
8.672849	8.532978	5.8065333
10.148992	2.2278283	5.743463
12.238644	6.1089363	5.446705
11.09152	7.147574	3.0516412
8.58385	6.6229405	5.044034
0.04405918	5.2978644	5.4568176
11.8362255	4.5707293	7.3516006
11.378811	5.1181245	6.9395447
8.537281	4.966818	6.1799603
3.9097836	5.981947	5.6790943
3.3195653	6.540454	5.7864385
7.978926	3.7271993	5.2004113
8.841846	2.5126772	4.920869
10.350217	4.5970964	8.165667
10.999738	8.813651	6.2613964
3.026544	4.744396	5.4345655
2.8154373	6.545605	4.901414
9.117547	8.2887745	5.745723
9.464447	3.6830645	5.901211
-0.3181959	5.6522775	5.7106524
8.664944	8.276756	6.0150633
11.252664	4.599268	2.9105046
10.157711	4.351127	8.06641
1.8678443	4.335362	5.400121
12.391624	3.2954502	4.562187
10.792357	4.0334773	4.5436206
11.688105	2.4419181	6.433142
12.896723	5.013391	6.0558553
2.9742327	4.7378	5.2801795
10.082372	6.3561106	3.469993
9.740323	1.8039865	5.9435735
3.9033911	5.72273	5.679087
9.93586	7.214362	5.324175
10.910983	1.7563986	4.8902206
12.250812	6.5500364	3.9613984
3.7945487	6.0540605	5.7692814
2.3125007	4.3963466	5.127526
10.492336	8.535025	7.091551
8.888616	6.285968	4.792487
-0.21977584	4.5062966	5.7494965
-0.9291518	4.7728634	5.0927176
8.253132	7.0656123	5.3596506
2.543156	5.6585193	5.562548
10.417147	6.6603456	2.7032537
8.976119	3.3889437	4.2441506
8.88711	5.616486	4.1058993
11.498235	2.5790067	4.0932903
2.0870678	5.6646013	5.808805
9.304011	3.6263125	4.110813
10.268535	3.4760687	7.1436915
10.678763	7.464139	3.2226272
2.6590815	6.3796706	5.7004175
8.684485	6.1286454	6.5244923
10.234797	2.4108322	6.40204
13.485828	4.740182	5.7220836
10.388724	7.647855	7.8789787
2.5668485	5.7220697	4.470345
10.448851	8.643474	6.9710636
10.431741	6.556536	2.6187444
2.743953	5.5270977	6.6226873
9.711685	4.8345485	4.432987
12.03709	6.4120483	3.471154
8.668279	5.0409164	4.179205
9.559846	6.9665127	3.7649894
9.823719	7.4395356	7.606703
-0.6013309	4.6765027	6.0219765
10.028811	2.2946072	6.195779
11.511504	1.8016875	5.2648973
10.195447	6.0643764	8.194593
3.5114062	4.5156584	5.6920624
10.010097	1.7715558	4.394776
9.714996	6.3366647	3.2610478
10.5483	8.747523	4.935926
3.5752192	5.242926	5.671427
8.181653	7.264469	5.528769
10.967529	6.0254636	2.3970704
8.316785	4.79485	4.875815
12.862328	7.2310543	5.6663747
10.895716	4.9279494	2.489677
11.704829	6.4792695	4.0081153
3.3641756	5.435764	6.28869
1.9488268	4.788702	5.176387
10.326313	7.5536027	3.215166
9.883491	4.987932	4.2668815
0.23429239	5.1049676	5.678862
8.680794	6.0525713	6.4646544
8.230376	3.190938	4.944858
10.488324	5.0042157	5.395498
11.947946	5.597624	5.448316
10.469628	7.614573	6.2536736
10.197657	6.53193	4.796787
8.789822	4.836878	6.0037847
12.331467	7.7785344	6.2473793
2.751819	6.531554	4.935296
3.143625	5.655363	6.6959105
11.425437	5.1257243	7.043656
9.527679	2.0636017	5.85154
10.257466	3.332569	3.7213297
11.346016	5.21667	3.790124
10.956313	4.256687	2.6192489
8.147314	4.5734963	4.6023936
10.802506	6.3081675	2.3241138
8.054259	6.621313	5.7723045
2.4142282	5.4218173	5.50225
10.458871	6.038568	8.395649
2.51982	5.611571	4.4775176
11.306235	1.6826502	5.911698
12.330624	2.8083684	5.8214507
13.423681	5.5171146	5.96606
10.611458	2.1185975	6.918638
8.272189	6.179719	6.448655
10.661	7.996079	3.399093
3.1613681	6.3190236	6.047794
3.3125293	5.0779905	6.256165
11.436185	8.2508	6.543469
2.229468	6.050288	6.304092
9.309168	4.3776565	7.0282936
9.158495	4.2534776	5.8219733
7.82527	4.5955343	5.08254
8.850736	4.244803	4.012147
11.91909	6.45182	3.8684645
12.228033	6.41954	3.7784905
12.283527	5.4020553	6.684339
3.5272815	5.557202	6.1541877
12.778963	7.3950243	5.562647
-0.95047957	4.804189	5.0923533
10.614339	1.839556	6.738666
10.571729	1.8139852	3.9647737
2.086231	6.408789	6.134372
11.997213	2.4027715	4.888663
10.160873	4.5185657	3.559071
8.83285	2.5362105	5.0746384
10.868721	1.7351162	6.5050564
10.224077	6.61273	2.8606873
8.835485	6.411041	6.659771
9.115597	3.7675247	5.4910383
11.332949	1.7252176	5.0301895
12.997334	3.9031281	5.7025523
9.882535	6.3479257	4.554995
11.081431	2.4623566	3.9171324
13.53374	6.1339087	5.871706
12.345162	5.5851965	6.4984417
10.884073	6.243258	8.181735
-0.97215885	4.763878	5.050503
8.724302	3.419011	4.85266
8.84251	7.594086	6.665691
10.535739	4.666839	7.666697
3.9300027	5.351834	5.535802
9.984652	3.4943113	3.9633672
2.4151344	4.989764	4.5316596
9.083809	2.748979	5.8463984
13.123248	4.944598	5.8887467
2.9762123	6.5329967	4.9915667
-0.1663354	4.5626907	5.8873897
12.2261915	2.1548414	4.9981184
9.581807	8.240468	4.854256
10.295353	4.828635	7.111741
12.899969	3.7643206	5.84017
10.522635	7.115174	7.890248
0.2699465	4.963078	5.160042
3.7004468	6.5082397	5.482418
10.548281	6.8806205	2.723347
11.098225	3.6023824	6.617324
2.49035	6.7009773	5.80913
10.159387	3.7510796	7.1863213
10.552207	7.2103386	4.0653186
10.28403	6.0157576	3.0166044
10.665001	7.989251	5.9558835
11.086037	8.621973	4.979975
10.645256	5.834971	6.9286666
11.823971	3.7284348	3.8320737
9.523485	6.4341135	4.8268023
0.19790234	4.930662	5.1090517
10.762365	8.468625	3.8856463
3.0191097	5.389749	5.5353045
8.12159	4.235891	4.8802094
9.496383	5.9608517	5.6036973
10.9079485	2.7693028	3.1866484
8.634759	3.006165	5.159531
11.628926	8.030453	6.493915
11.533505	4.0618963	3.454753
10.505025	2.637291	6.460373
12.112172	6.5057216	5.663358
3.152935	6.3091373	6.0983253
10.655107	6.411808	8.4438095
10.392964	7.563222	3.132921
10.032475	3.5632436	7.357322
11.18583	2.4453773	6.882396
-0.74528486	5.4814024	5.271498
8.754847	4.622681	4.8738456
11.295536	5.160052	2.7340362
2.767749	6.5162153	4.907281
9.763843	6.263897	6.628717
10.048472	6.058425	8.128644
10.404623	8.72596	4.835039
11.060884	4.0135727	5.7542844
9.707376	7.3784614	7.493099
11.391465	5.7364373	4.3963556
10.451314	5.8435445	8.331377
12.215846	8.292485	5.3952045
3.6867614	5.7314887	5.53008
9.317146	6.475982	7.3689694
8.485993	7.545527	5.6859436
12.499268	4.4954166	4.0809975
12.644399	3.5824223	6.0454836
12.666043	2.8967123	5.359149
10.182605	1.7799821	4.885742
9.534021	8.762606	5.220238
8.743086	2.963728	5.165771
10.961505	4.6319313	6.073245
9.28629	4.7146626	3.731597
11.523385	6.3674374	4.931339
8.293167	7.2354355	5.340006
11.380005	7.3428698	3.3267615
8.129677	4.048079	5.2724023
13.517363	4.8955564	5.723069
10.041935	5.676942	7.9792123
10.152113	4.718309	4.934424
-0.5607623	5.7651067	5.592066
10.429658	6.6520777	5.414899
9.702799	7.0460396	4.155134
10.481024	7.0740747	5.565584
11.315856	7.847614	6.8386955
11.870166	5.9362473	4.8788457
0.2553488	4.531038	5.387994
12.331323	6.4811487	4.3023496
10.831555	3.729014	7.5263166
12.360477	4.145024	6.3869557
11.195181	6.822084	4.980532
9.292526	7.9967465	5.3730893
10.197487	4.992158	5.1241364
8.577018	6.379397	5.1184015
9.986519	8.3390665	6.9041824
3.3906772	5.4161015	6.1508765
8.917419	8.710525	5.5768676
10.31467	6.622183	3.1951025
11.063188	2.0163689	4.4829273
13.05694	6.8763084	5.418194
2.1878514	6.0272565	5.5293307
9.785125	7.712616	7.4240785
11.385319	7.150667	3.2442222
12.544973	4.664732	4.208657
10.28939	2.2537153	5.5640163
11.63505	4.7353415	5.9819365
2.434297	4.754389	4.56137
10.525787	4.100013	4.7278895
11.330001	7.0993977	3.1367893
8.494023	8.240504	6.1225214
10.866472	5.9655623	8.347137
9.2252865	3.0411174	4.286829
2.7266102	6.0208516	5.387894
11.813255	8.041624	4.5199103
13.230251	3.6823711	5.1401095
3.0300486	5.3425093	5.643402
10.030367	4.828034	7.894109
12.819689	3.5429835	5.628403
10.516587	6.9896045	4.131805
8.993659	4.8775177	6.42438
9.563439	6.315274	4.908688
12.968034	3.3190014	5.1425247
10.609747	4.444427	2.5507867
9.95956	7.1438036	4.520402
10.1602955	5.490327	7.2545886
2.4703932	6.660016	5.388606
11.076063	4.073755	4.496257
2.7534935	5.6304526	5.921495
8.675165	7.2695165	5.4424877
11.004591	2.5002306	3.9518576
9.82437	1.8529148	5.4362416
10.617684	1.8139056	6.7221546
9.5196495	8.131142	4.8320827
10.916914	3.8280787	7.4632363
11.071956	8.798259	5.598476
0.138039	5.1310916	5.8499823
12.233593	6.2164736	5.0863457
8.524606	8.322471	5.4914227
-1.0331879	5.4436035	5.7679777
10.429834	8.62594	7.012263
2.52736	6.472441	5.0610814
11.07847	7.572558	3.2738922
9.092857	6.5734076	5.993026
11.251309	6.8691363	3.6809816
10.892777	4.0336885	4.457494
11.525072	3.7663472	3.4143267
10.360869	5.6420856	6.8134527
10.084319	5.3766227	3.191424
3.14295	5.068219	6.6518164
11.415709	7.0019474	6.8561335
11.879632	7.5221314	4.057008
12.149541	5.7999578	7.0262656
9.007073	8.259097	5.756812
8.413797	2.9276776	4.8730454
11.965176	5.5768943	5.159735
2.3708847	4.756335	5.266287
10.3365	1.8638724	5.5563974
13.509137	5.613426	5.907528
3.0504887	5.4402704	6.806571
10.499765	8.062075	6.5112395
-0.6354737	5.1078243	5.0855913
8.942217	3.1489942	4.545221
8.73785	8.432543	5.5705605
11.275101	7.7659173	6.282864
-0.75624627	5.017564	5.1106153
3.4056823	5.010278	6.1135426
11.449391	3.38933	3.4195833
12.498374	4.5319877	4.349943
8.099383	7.811443	5.7616587
11.482023	8.595321	5.257027
8.962383	8.088811	5.4402447
8.761639	4.731088	4.1305866
10.917858	2.844376	3.693217
-0.083134286	5.220202	4.976031
10.54944	1.7698437	6.685826
8.500368	5.784026	4.3228593
1.7798463	5.071582	5.2937403
9.985126	4.033341	6.3146667
10.134993	1.9666058	5.45167
-0.24009505	5.6045365	5.924878
10.486984	4.307582	2.6506855
11.536951	2.3632452	6.597959
10.621005	1.4036814	5.731594
11.642603	5.368861	3.1927235
11.264059	8.53734	4.6112695
9.743515	8.512565	4.836797
9.0148945	3.8201435	5.668386
11.5549345	3.8723955	5.568881
10.530841	6.5365744	7.924218
3.3929636	4.5151434	5.5260983
12.834511	5.976944	6.2702203
7.8509865	7.424534	5.647548
8.07346	7.8729415	5.865271
7.7285433	4.7387147	4.961807
7.8293853	4.7570877	5.2359376
-0.5756422	4.66243	6.020538
11.734646	3.5375586	3.6430612
8.145359	4.4423614	4.5996485
10.784807	5.912426	8.409641
10.497755	6.985631	7.9109426
1.8700746	4.311933	5.3989835
11.336524	8.254425	6.4203215
8.931963	4.703329	4.9357553
13.315351	5.434905	5.4547195
-0.25179216	4.461942	5.643836
11.227702	1.6327602	5.8496995
-0.95978546	5.2867823	5.876203
9.258997	6.640223	5.7257314
10.336484	4.65182	7.280602
10.4018345	5.925296	3.1868076
-0.43417934	5.594059	5.804549
9.911545	2.6599512	3.9940262
10.406034	3.6944869	8.064706
8.391247	7.0217977	5.7734356
10.325388	2.20699	5.647798
12.026322	6.5385885	3.5001109
11.265622	2.054279	6.4866047
10.914533	6.5816607	3.9697187
10.306358	5.324473	7.295159
10.735743	1.762821	6.6187177
9.139955	7.882718	6.4749465
9.21326	3.5293074	5.7200265
10.213486	3.4415915	7.333866
10.579933	5.948469	8.285729
-0.7455972	5.383554	5.228097
3.6131175	4.524123	5.664488
12.241182	5.5270085	6.977331
9.579763	6.0930986	4.871629
10.9835205	7.11555	5.696224
2.339973	6.031888	6.2047586
8.650605	4.268417	4.960782
11.08945	3.2696104	6.9979415
11.8993225	5.8391623	4.8806896
12.740943	2.9753475	5.263906
9.943239	1.5947516	4.6452184
8.280314	6.0279145	6.4748425
12.894964	7.1148868	5.4333844
9.961141	1.7582117	4.4031906
2.932008	4.6626105	5.132402
10.580403	6.6123853	7.7927947
8.764226	8.495512	5.8984776
12.684612	4.7996955	6.200714
9.369761	3.8011239	3.9992006
9.06541	4.800404	6.113346
11.236906	8.007234	6.613826
12.317098	3.778129	4.6359053
11.355445	3.6878889	5.5032353
9.418165	4.2009134	6.986859
-0.37491912	4.5278563	5.328884
10.254015	6.130154	3.1536846
11.296493	8.597135	4.8016386
9.929332	6.4374757	3.4515295
9.749822	4.813859	7.1070514
10.918871	5.1528864	3.0996745
10.961325	2.3620658	3.8958488
8.767486	7.161542	6.7713404
8.510081	5.36223	4.1759114
8.514549	5.0589657	4.3238997
10.952929	8.8365135	5.534741
8.745867	5.6649084	6.4211287
12.217899	3.6085608	6.392213
12.730251	4.5069475	4.2748117
10.584087	7.803379	3.120879
12.558049	5.8110185	4.0922236
10.928595	2.7151198	3.219941
10.147999	6.9713736	7.9160333
12.488203	3.8187125	6.387197
-0.768149	5.5811605	5.453268
12.274456	7.052609	4.7601247
3.0181239	4.9015317	5.578952
11.833458	7.542491	4.2257476
12.374604	5.568092	6.7183776
10.480859	7.3420053	2.9422412
8.236837	6.6032915	5.943538
9.283827	3.935555	6.324673
12.403371	3.730657	5.025441
8.685367	7.3569565	6.608474
-0.36494714	4.5936446	5.311449
7.7000155	4.314594	5.0667906
10.680386	2.9085627	3.9338238
10.559105	6.474712	7.0845757
2.9566815	6.5865893	5.1175213
0.23990336	4.536351	5.3585067
8.59125	5.4101057	4.4081783
8.4548645	8.162718	5.6606503
7.7127724	4.8048778	4.994132
2.281134	6.102112	6.2845407
10.5720005	2.537139	5.6034994
-0.9359717	4.7818255	5.0872116
10.034654	4.7877736	4.8919687
2.795898	6.105539	5.9858956
10.129748	7.6964617	5.62517
2.9393194	6.4786143	6.2142186
10.439796	6.362315	7.6112657
13.236162	6.2122912	5.2976727
10.64246	6.2302904	2.430128
10.454086	4.476752	6.395033
11.212833	6.1195383	4.6311417
13.467433	4.7366066	5.78266
9.273692	6.1537323	4.931797
8.33996	8.093134	6.0921044
9.458196	2.272991	5.96605
9.615036	7.9549356	4.661482
2.766242	6.498691	4.9071326
12.685949	5.2824154	6.453417
10.234364	1.5103301	5.9731736
10.576783	3.5375235	7.6516056
12.418547	7.739545	5.763713
11.062706	5.5678873	2.6362963
11.4158	3.5526986	4.9499583
1.6950754	4.9898734	5.177184
10.60707	6.4786625	8.445042
-0.32976985	5.290811	5.066786
11.325028	5.285811	3.6238127
8.565995	4.3733187	5.576099
2.3611913	4.944823	5.2021794
8.514262	3.3565795	4.9500546
8.47535	8.212866	6.1316633
10.45729	4.3017073	7.8203416
10.461026	7.862068	7.704169
9.237765	8.21482	5.579363
9.987353	7.378161	5.442588
12.04448	4.4376664	7.0493326
9.500434	6.6095233	3.8452146
10.899159	4.2587028	7.7629266
8.257923	3.3417084	5.251002
11.938343	6.189106	5.585515
2.1602871	4.7052803	5.722752
9.606447	7.461858	6.9417977
13.234936	4.0821958	5.6907663
-0.042697597	5.3463545	5.1088915
11.828179	6.1429553	3.3835018
11.009981	4.6042757	6.0673666
3.1508648	5.6841063	6.8344607
10.820354	4.7366266	3.2036676
10.326572	7.021679	7.850554
10.183394	2.1999285	5.433164
7.7925715	5.3658304	5.441853
11.920991	8.493123	5.363349
8.225197	3.1659946	4.9050837
11.77066	3.9386704	3.7221718
10.523095	6.724982	2.5876458
9.549961	5.8746805	4.5579453
2.1289973	5.9838643	5.547611
11.646027	6.6109505	5.183384
11.563654	7.0693507	3.791516
10.066892	7.5856295	5.4576283
11.009145	6.731778	3.0473568
1.873578	5.0363946	5.3951554
13.121607	6.792257	5.393735
11.25059	8.587724	6.2786283
8.883556	5.1941843	3.982545
10.74464	3.4170947	2.9571812
12.740573	8.037829	5.757464
10.603828	4.8630347	5.310014
10.334516	1.4618398	5.9250307
2.63832	6.1977324	6.242925
11.620377	4.1294093	3.307329
2.380073	5.38969	5.355736
13.425597	6.012624	5.709376
2.9256148	5.1594286	6.514702
-0.3372343	5.6540513	5.597325
9.993504	5.209669	2.972074
11.060024	6.988537	2.9478927
10.049826	4.3398027	7.8616734
11.196663	7.272013	3.1687238
3.0843673	5.9214287	4.9176483
10.403619	3.1553059	7.6359816
8.691974	7.4264746	5.43
8.20295	3.9520795	4.6337886
10.104908	7.222777	4.2352986
3.8955395	5.715433	5.746312
-0.7276807	5.680362	5.6638045
13.436352	4.843919	5.723477
10.648665	3.870239	7.8475633
9.581841	5.431952	6.62499
9.615744	4.809738	4.833836
2.7924566	6.249576	5.609988
0.63143355	4.5787573	5.39744
9.07866	3.1420355	4.2661166
12.611647	2.822622	5.454606
9.7075615	7.353862	3.9438267
8.675096	8.403409	5.843273
9.518878	5.3979874	6.6655617
10.743637	4.6790295	6.1442184
-0.96015835	4.7686744	5.064182
10.529902	7.8500657	3.354312
10.296025	3.390161	3.8451562
11.352198	5.237253	7.02363
8.106615	7.6705627	5.813056
8.679782	6.0368657	6.496432
11.9379425	6.2313466	4.9271436
11.414727	7.9142613	7.0642304
10.488227	1.5991938	4.47386
7.998081	6.739115	5.3959327
11.355513	3.8908389	4.6333604
11.986815	2.0413551	4.9975677
3.8916326	5.6615286	5.5104666
2.939388	6.4940157	5.5406704
10.713247	5.6954136	2.2688684
8.658533	7.6114492	5.0033646
10.991009	8.607221	5.108524
8.356404	8.111038	6.09937
11.472556	8.481207	6.229296
9.413515	6.359216	7.008976
12.124299	6.3221874	3.4906049
11.034354	2.228721	4.11472
11.479129	5.233414	3.7549832
10.589035	3.3847256	2.9716973
11.232973	8.469878	6.2555532
2.3578334	4.9331193	6.388437
0.26409563	5.242839	4.950956
10.854515	6.728673	2.4236495
8.901635	5.496215	4.004941
12.036913	8.427872	4.8994417
11.79752	3.8775537	5.5319824
12.166062	5.8426695	7.012421
11.222821	3.3564534	6.8035936
3.1590157	4.354954	5.7995863
3.3850493	4.7357264	6.292393
10.408208	4.8152103	7.6940184
10.752843	4.433732	5.266237
10.064621	3.6652098	6.0373244
2.3571284	4.385429	5.959463
12.683535	4.9522586	4.1554136
10.676181	2.129805	5.873053
10.90536	7.249975	5.7722025
3.0758536	5.2954407	6.5211773
9.878696	1.9143596	6.255244
2.3095117	4.9755483	5.2293687
11.447759	3.6878262	5.7021985
11.636839	6.3223486	4.028992
8.784407	8.204214	5.926356
10.054863	2.013332	4.184176
9.152223	5.376037	6.751657
9.5125265	4.8352404	7.0399528
10.422536	6.5139775	8.099532
8.226604	5.5399165	6.140895
2.7000136	4.7939444	5.65788
3.7103953	4.897065	5.676743
10.921982	3.818994	2.6508985
10.80026	7.538907	7.0742917
8.081253	5.2339277	5.790997
9.914756	8.4001255	6.8163705
11.752287	5.0833135	6.009509
3.481875	4.6383114	6.097023
12.230954	2.211239	5.010359
2.1800842	4.2281003	5.2576356
9.095466	2.3917809	4.9760194
11.77735	6.107654	7.5119286
10.48429	6.138396	8.440648
10.364683	2.4243991	3.7245526
9.256978	7.2105837	4.1589556
8.184007	3.9557188	4.678047
8.655582	5.659574	5.586426
11.530801	8.224632	6.2457576
10.479178	7.3784213	5.9862275
8.461179	4.9304104	6.110501
12.67114	3.4388428	5.8355193
10.756879	1.7288789	4.6720586
2.2776394	4.8211813	4.9713645
10.571113	4.5654054	8.258781
12.730059	3.3693485	5.60376
12.755305	4.71691	6.057845
9.220177	5.0889173	6.963571
2.0728745	5.6207495	5.906774
8.979637	3.8630815	4.3268332
12.511658	5.9615283	3.9940867
10.870859	6.009928	8.422706
10.510851	2.9820688	3.9394267
11.102808	7.9095764	6.745956
-0.17522039	5.0440803	4.965291
8.252926	5.4173374	4.54051
13.351148	6.6817575	5.608888
10.920264	6.175307	2.3720458
3.077207	6.27089	6.227146
10.512724	6.3268065	2.5438247
13.360685	4.1647987	5.6243663
3.6733675	5.5062075	5.5961075
9.1480665	3.0785542	4.586339
8.919385	5.54209	3.9676576
10.97656	4.7851834	8.010102
9.96529	4.357585	7.748627
10.466679	4.639678	7.8073277
2.9238055	4.2952256	5.687316
10.253967	4.291029	4.997662
-0.22804864	5.557931	5.9029517
2.0670087	5.9130707	5.50008
10.500438	3.0989745	3.7881908
10.489121	7.0975347	7.9753838
12.105392	3.312828	5.62467
2.7596855	6.324733	5.4528046
10.877792	6.705098	2.4208968
-0.61087054	4.684208	6.023607
8.487944	8.49436	5.68734
-0.7149323	4.7333674	5.1368265
10.808747	7.241016	3.041376
12.039033	7.237341	4.9296336
12.819949	3.8074656	5.50115
8.394859	8.120814	6.1307263
9.155635	4.7759533	3.7371998
8.888397	5.6417	6.5193067
3.1025615	5.4941177	6.616688
10.936151	5.301746	2.6874373
3.9560585	5.97586	5.663507
11.581283	7.2477317	6.9664755
12.011298	2.0683742	5.2376337
10.474532	7.919752	7.720109
12.031329	2.0911686	5.1868234
2.644406	6.3997083	4.8560505
9.673504	7.8590903	4.5122747
8.903107	2.6011622	5.452569
2.963398	5.0063715	5.490038
11.516599	2.3734112	6.6193423
10.811862	4.4791484	7.525957
2.6280935	4.967089	6.448753
10.85358	7.0779505	2.834502
10.434906	7.887747	7.718574
12.394462	7.7970963	5.8139205
0.05909077	5.1133056	5.908021
12.533255	4.463418	6.251917
11.061825	2.4250257	3.6539762
8.43424	3.5145166	4.694704
9.805219	7.3994126	7.2842464
2.6133194	6.623769	5.6157503
10.591873	2.853699	3.2127023
10.98593	4.5121884	3.351201
11.500235	4.300515	7.6159945
10.125899	5.7361026	7.184278
12.734148	3.431175	4.761332
2.5107522	5.7856073	4.543033
8.917032	4.0710917	4.031795
11.07265	5.577651	2.5981777
9.267443	6.8450885	4.5332894
8.954774	5.551747	4.370595
8.3005705	4.3714876	5.0755506
10.904574	4.7934237	6.373392
2.817102	5.4218755	5.3237042
10.195371	4.0660005	8.059025
8.802675	4.928196	4.225077
11.326621	8.568365	4.8036265
10.197193	7.095198	3.0432105
11.215648	5.198786	3.9711637
10.579946	6.947799	2.6505487
10.5833845	3.7939792	7.9267583
11.681325	8.042755	6.5253015
11.893345	6.635608	3.9259882
9.276762	5.058198	3.5860186
9.803182	6.2222652	6.415023
10.51358	1.8269562	6.6780276
11.049139	2.9686995	3.263855
10.361275	2.2373517	5.6897254
13.047511	6.2115436	5.197127
11.441973	8.566742	5.98822
11.411561	8.721565	5.7487087
12.496499	6.4691896	5.1371155
12.736548	6.7885466	6.288218
10.119438	1.8538171	5.0309386
11.224822	4.0939393	5.765088
12.785408	3.5220497	5.5658946
11.108977	3.2984033	6.873324
11.501779	4.0477443	7.5123577
7.727409	4.1308684	5.039772
11.052128	2.2123823	3.828101
8.273266	6.870168	5.981344
10.48043	3.0879905	3.836997
8.920882	5.7506747	4.3874946
2.8801546	6.6368647	6.1102314
1.2670354	4.859693	5.2123537
10.55192	1.4430039	5.9861684
11.636349	4.7012763	6.029082
10.910237	7.6215215	3.3442056
10.815429	8.483441	3.9252532
9.853704	2.1526217	6.3106008
13.373072	6.441649	5.616038
12.395117	4.3046784	6.7198086
13.371295	5.3126907	5.4842663
-0.93341845	5.567824	5.545049
10.968361	2.3622875	5.531732
12.633701	6.387389	5.1300087
13.153541	6.4368205	5.311156
11.483329	7.930209	6.973424
8.111186	5.4766064	4.6771035
11.745125	6.1038895	7.613116
10.041718	4.483717	5.298264
-0.86628395	5.064081	5.836571
8.433703	4.446749	4.871688
11.815393	6.5965667	3.5329604
3.6087859	4.8311872	5.8139386
2.7575252	5.808301	4.8641376
3.8933492	5.3919473	5.553668
11.1381445	7.785111	6.988849
7.9411535	4.805249	4.8654804
9.622998	1.8699951	5.0404425
10.77219	7.8083243	3.3560717
12.236684	3.3881876	4.3462505
8.524147	3.6644747	5.320615
2.88702	4.8750424	5.172222
-0.92344767	5.023978	5.1781144
11.617667	1.8424702	5.0474763
-0.60277456	5.8256497	5.328605
9.608665	7.777055	4.480458
10.268217	6.2191186	3.2345352
13.490135	5.08648	5.734908
8.158579	5.876592	6.40163
10.402282	6.603051	6.1294413
11.049911	6.903115	2.6539779
11.576905	6.896687	4.2799277
9.444623	6.0482492	3.5243921
9.182476	4.836542	3.7123008
10.041724	4.8860364	5.7310233
9.655493	5.0091047	4.6661687
10.408822	7.8559265	3.4411423
10.670608	6.5947704	6.9175777
0.90232664	4.40514	5.6237874
2.408932	6.11319	4.890231
9.481086	5.425637	7.366436
11.909661	4.713943	7.373056
11.660119	4.460029	7.2959566
11.899834	6.730695	4.674208
3.0256584	6.236301	6.2950296
0.39185485	4.911821	5.2736135
12.034975	6.7589903	3.902621
9.225624	3.2509348	4.693964
10.776619	2.7406385	3.1914964
11.907535	3.8768024	3.7971559
7.8472557	7.5731225	5.714695
9.949812	7.2529187	7.160341
11.985292	6.887984	3.862421
12.130963	7.256039	4.022936
7.946139	6.6061897	5.5520325
7.994485	3.6973305	5.1790824
9.174219	6.5465126	7.3356194
1.9489623	6.407762	6.1902385
8.210538	7.2136655	5.389394
9.460055	8.059363	4.9530845
13.021287	6.983264	5.763999
-0.20134765	5.6016054	5.940593
11.907696	7.404153	6.36203
9.127803	5.274445	6.70764
11.546106	3.5159128	3.5644295
8.51969	4.675881	5.5664682
0.29633343	4.912488	5.1663513
10.465748	3.5884907	3.6417205
2.9594433	5.3417926	6.7935205
9.895777	3.5964592	7.744759
10.834634	4.428624	6.814679
10.711799	1.5434952	6.156688
2.5238142	5.609906	4.568254
-0.37821525	5.033433	5.016195
10.3119335	3.8655822	4.4724545
-0.7547196	5.1581554	5.3248696
10.3649845	7.286168	4.178243
0.3589641	4.4860373	5.4078836
11.203363	3.1523259	6.955253
9.147027	3.4626806	5.794524
8.4271555	3.409592	4.7025933
10.855541	7.234145	5.5267158
9.881617	4.857645	4.7898903
11.077709	4.5791483	6.6357217
-0.5980159	4.5981717	5.2937946
11.551888	6.9606023	4.319201
0.0056410427	4.631588	5.8099318
9.9784775	5.2107263	7.221549
8.505267	5.778083	4.346032
8.956524	8.242126	5.792733
0.024588259	4.4392815	5.5006304
10.670081	1.4329656	5.4797034
3.1610622	5.35627	4.8939133
9.707779	8.539663	4.8226027
10.067681	8.083975	7.056876
-0.84720343	5.075349	5.9539576
1.8703899	4.320982	5.4521394
9.3590765	7.328248	4.7828875
11.240949	2.5906985	6.7087126
9.325804	6.1348763	7.1737533
11.405222	6.919536	6.4301496
2.765506	6.337483	5.6305866
9.510045	8.819972	5.210078
2.152043	6.105816	6.24382
8.317329	4.0632915	4.8671865
8.347565	4.995901	5.810781
1.4700111	4.3584595	5.6929545
12.263815	3.6906538	4.206531
10.296635	4.1125674	7.934241
11.169531	4.1017876	5.7358828
8.651019	5.5669155	5.998338
10.550456	3.4641824	7.9303846
3.4058578	6.1615767	5.2369432
10.532776	4.823558	8.079064
10.244167	5.6820765	3.1309614
12.261932	4.1765976	6.4139524
7.841591	4.9876223	4.9940944
9.175273	7.0311255	7.3152065
1.8594978	4.264817	5.527535
9.333269	4.025816	6.490502
12.00387	4.2019124	5.8491344
11.021836	2.151617	6.5585876
11.935439	3.3935585	5.6371017
2.5179937	4.8344088	6.4673557
8.780864	7.0989704	6.838032
-0.28232968	5.6104126	5.8604984
7.805012	5.8270874	5.094346
9.327174	7.4136558	4.907436
9.553763	4.7615857	3.7060509
-0.6884893	5.217037	5.944681
7.7124796	5.104964	5.3933783
9.457413	6.399068	3.588143
2.8748918	4.9508758	4.7355065
11.705194	1.8193468	5.2294583
2.369029	5.3701816	5.6300945
9.539541	8.202525	5.0506883
12.1352415	7.924823	6.427144
10.690317	7.603993	2.936065
12.72368	8.105922	5.7202625
10.1480665	5.7166495	6.859822
-0.2590329	5.596487	5.873118
10.209993	3.736962	7.0508747
11.810032	4.585317	6.907131
11.354042	7.0229235	4.1224265
11.517524	7.971514	6.8042064
7.7326264	4.768494	5.105657
10.852937	4.70232	3.2428498
10.641437	5.745084	2.555445
8.384007	6.4728336	5.0977726
10.510924	2.4686642	3.7581694
11.164879	1.5890512	5.837006
10.899484	4.395685	2.499793
2.048463	4.650131	5.1629114
11.1832	4.144508	5.694499
12.8095875	5.1127625	6.3489323
13.46612	4.4585023	5.7083364
2.7967572	6.5669255	6.106799
11.521374	6.1750684	7.8145375
-0.659279	5.083323	5.147053
10.908058	6.263007	8.246559
-0.0855473	4.437681	5.6906996
10.571202	7.5114884	3.1674266
11.126445	5.3892756	3.49097
2.7553382	5.937632	6.0528727
9.099464	2.529677	5.456693
9.218006	2.48194	4.8613167
9.75404	7.229041	7.0687566
10.537311	6.319049	8.144268
10.70073	3.4548979	2.9546347
10.476582	3.1566038	7.091399
11.297389	7.7979746	6.531408
11.419984	2.3046148	6.666111
12.579142	8.306458	5.552975
10.891103	3.089283	6.7943745
9.000235	6.7617087	7.234872
7.7726994	4.637789	5.129179
11.25331	6.796278	5.055862
11.946554	4.0346584	6.013218
11.732708	4.539521	7.4182677
11.550771	5.108355	7.1374984
8.20252	3.1012225	4.981707
11.060285	7.119969	5.7732587
10.458946	4.2537584	4.6128287
7.802807	4.7231493	5.066411
8.236692	3.0540326	5.0205574
9.813698	1.6100041	4.6741686
10.375318	4.5474625	8.180051
9.704999	8.803711	5.103366
8.434171	6.964403	5.7169685
2.8732584	5.415816	6.742126
9.02395	4.6935873	6.3212967
10.682311	5.891187	2.2846248
11.073471	6.7893877	2.7160492
3.4715266	4.483619	5.546195
3.4368153	6.148074	5.243722
8.261565	7.1418595	5.37157
11.023727	7.082813	5.8141956
3.9151955	5.726534	5.711823
2.5322776	5.5424857	5.2664256
2.536712	6.1723204	6.2853484
11.850419	6.968902	3.5716658
-0.69205546	4.738505	6.0433874
2.3273294	4.880055	5.1768737
11.404628	6.156655	3.5693262
10.104105	8.2597885	7.042354
9.042488	2.9572008	4.363534
0.19129394	4.8069944	5.79939
10.033475	5.4674573	7.121755
-0.5914135	5.1796126	5.8783593
12.193471	5.780236	6.841211
11.733184	6.1314483	7.604293
1.9934604	5.2002096	4.957877
9.790097	8.141128	7.0653176
11.359303	2.4654055	3.910913
10.535228	3.237355	7.593491
13.160758	5.0689626	5.598675
11.051337	1.7796837	6.4698315
8.123167	4.8910007	5.6744313
2.4545197	6.670685	5.5685987
8.796675	5.56078	5.181571
10.732848	6.457676	4.0207047
11.452709	2.1004553	6.350406
8.917542	3.6312978	4.1256733
12.017508	4.4186544	7.118269
10.09524	5.2914433	2.9489553
10.237069	7.8347926	7.671216
10.676619	6.8872986	4.0411377
11.19371	2.833512	3.6254034
7.858364	5.544621	5.624917
9.499298	6.244566	6.9701223
2.630561	6.463082	5.291679
10.829752	8.069452	6.379875
8.90668	3.1287386	4.354997
3.6774619	4.644909	5.598535
9.344985	2.9031014	4.1900496
8.981621	4.736964	6.669145
11.910997	5.919386	7.1489353
12.6458	7.811563	5.9804664
8.33841	4.954419	5.7796617
11.055673	4.5511327	6.114835
13.453149	5.978809	5.5131
10.356876	3.441309	3.6170511
2.565918	6.6428995	5.334122
10.303968	1.989742	5.547443
10.376293	6.330615	2.746946
3.6782365	6.5118923	5.4843225
7.758735	5.1016235	5.340697
9.519261	4.800997	7.077158
8.71766	4.885226	4.1373906
10.941276	5.1356134	2.5413082
3.300265	6.4307723	5.64426
10.370227	1.8248469	4.074692
2.9328117	6.5414767	5.003915
11.430339	2.007746	6.273633
8.631164	4.94147	4.185925
11.541829	4.255259	5.8528156
9.362964	6.4960275	5.8525853
10.019542	1.7242442	6.1836267
12.552732	6.6301193	4.555027
8.626401	8.524069	5.822312
10.579946	1.867639	6.7910933
12.411139	5.995447	3.9836204
2.524363	4.8433657	6.4315157
2.6038811	5.9771104	5.37818
2.7996912	5.4291883	6.6957006
11.20823	3.4161012	6.8345203
11.102904	5.9491606	8.219966
9.88213	8.302854	6.076479
10.5828705	4.746552	6.0056586
12.551275	7.3876624	5.9039803
11.553271	2.327568	6.459698
12.939656	3.1477873	5.274989
8.180367	6.2207665	6.142879
11.520839	8.216274	6.6246176
9.879285	6.5000043	3.9751937
12.528939	4.654159	4.1710315
7.7353177	5.171299	5.4218364
10.438818	2.796065	4.2694244
13.419674	6.7303724	5.848391
8.390043	7.31526	5.344573
12.411122	4.0613914	4.4179916
9.557901	4.129874	7.413676
10.215539	5.9675407	3.0207047
11.293328	4.6454806	2.9149582
11.765147	5.1252475	6.114618
9.603177	8.780157	5.08252
10.167796	4.1368747	8.078872
13.481583	4.5486155	5.696984
9.946734	3.9150527	3.9304185
-0.2798604	5.615305	5.933279
11.14424	5.375748	3.6270287
11.218299	3.5001528	6.658691
8.316143	8.066518	6.0602074
8.634168	8.09193	5.5412803
9.465977	4.148621	7.047985
11.399204	1.7423507	5.9533587
10.465709	7.351613	4.1674957
2.5705879	4.6911263	5.280251
13.292533	6.94406	5.899675
11.9205065	1.9686136	4.9834886
11.92126	7.4607515	5.789918
9.7226515	2.0396056	6.170499
-0.7669205	5.138053	5.2880063
11.326213	5.079995	6.8854747
11.850635	2.8673303	6.388369
11.742407	4.3799753	5.8614473
2.787659	6.090075	6.294131
11.282777	5.792922	2.7596424
3.988473	5.9611454	5.795974
11.528691	8.595155	5.804225
9.370077	1.9525447	5.2263603
11.767221	8.461618	4.797901
8.034524	5.4045615	5.7546663
10.032935	3.3084555	7.701007
9.062783	2.7293384	4.469169
11.597979	4.547198	7.4296274
9.693655	7.273987	7.11819
9.83064	5.225083	3.318995
10.565138	8.155642	5.552601
9.312308	2.0049481	5.2018704
8.540793	4.9002094	5.7975574
2.3571873	4.3392158	5.06554
2.759514	5.734963	4.6290064
12.5673	7.8696876	6.1884713
10.455383	4.517422	2.6345167
10.619044	1.3823882	5.8947477
-0.37702262	5.46767	5.936856
10.211001	6.274498	7.2136717
11.723487	6.7841306	3.5041492
12.124404	8.331844	4.8616586
11.145558	2.764305	6.118807
3.1890986	5.7719407	6.6526723
8.340067	7.752421	5.5940447
-0.9010911	4.6963267	5.0821257
10.254105	6.493936	3.8534338
7.7228785	4.117409	5.053632
2.5232203	5.5817246	4.5015054
3.0472348	5.576771	5.687482
11.788886	4.0606933	3.558772
12.341757	3.716681	4.7630076
10.873911	5.5520544	3.176693
10.2433405	3.3425012	3.7542214
0.4406516	4.8309937	5.3412776
2.4732308	6.2180233	5.8698125
11.176459	2.8984456	5.3007503
10.261656	6.9707747	4.3000093
13.353926	6.44414	5.49917
11.179698	2.0744505	4.4436717
11.791912	3.8557076	4.2576613
2.4686081	6.558921	5.2765856
9.786577	3.1580074	7.1588473
9.657701	4.0891247	7.5548472
9.467313	6.4118395	4.7680626
9.62546	6.8627114	3.9804237
2.542793	5.3458385	4.548901
10.925908	3.7187867	6.444501
11.611501	8.319694	6.4748683
-0.66252124	5.715958	5.4403906
8.2177305	7.2671523	5.6741786
12.180404	6.1898866	5.046269
13.034936	3.396886	5.118339
10.579141	3.3989215	7.7726107
11.69254	6.845872	5.563935
2.2781653	6.1144285	6.2525597
3.7324378	6.513229	5.4604506
3.876195	5.823339	5.6426525
10.772006	2.7210696	3.1622753
10.9313135	7.562649	6.606216
8.409779	3.3295264	4.75506
-0.30381253	4.857854	5.7628536
11.276168	6.3322387	4.2854133
10.07764	8.696625	4.946291
11.000193	8.731412	5.830355
3.9869118	5.8812575	5.71701
11.630123	5.166534	3.173933
-0.83078665	5.1274285	5.7962008
3.9803798	5.883855	5.4708586
11.008573	4.451654	6.6580734
-0.9442517	5.5118628	5.6178565
2.0560386	6.104804	6.132471
-0.6144655	5.059067	5.0829806
3.475319	6.0954385	5.5687523
2.0525868	6.084614	5.669959
10.477927	7.403966	2.8877344
11.418722	3.9833004	3.15989
8.210911	3.9043593	4.696678
10.316265	3.246698	3.8455594
11.189237	6.012134	7.985684
11.149495	7.3066225	3.2323062
9.337291	6.083165	7.196155
10.516725	8.46361	5.228459
9.032904	5.332146	6.5770736
2.596214	5.574732	6.431004
10.28248	3.295785	3.751794
12.540699	4.5299187	4.3079767
10.392081	7.0823903	4.7421494
10.489637	7.388885	2.8655212
9.253916	4.393819	6.378495
11.94516	5.0411463	6.998277
9.40682	2.6491885	4.2511597
7.673985	4.268418	5.106419
9.476844	7.1354585	3.932056
12.22803	6.407477	5.612339
12.017268	6.5555854	5.755805
11.89775	5.8011017	4.839658
10.4556265	5.1370344	5.0961776
10.443865	3.5992885	8.0164795
10.170213	6.8886333	7.889682
12.2445	6.1412616	6.714257
11.000299	6.0736895	7.934487
9.762908	4.072578	7.4395847
10.522256	1.6946638	4.8969913
11.715298	7.9913936	6.6509795
11.274315	3.7257528	7.457801
10.730284	3.5127974	2.961358
-0.14419699	5.61895	5.303829
11.318157	4.0000925	7.552719
10.85158	7.530904	3.5623486
12.633012	6.9246006	6.1910267
10.553005	7.1455073	4.149555
2.7267604	4.47528	5.3610673
8.01983	7.719608	5.757825
10.127149	6.2439885	3.0697844
8.828434	4.268866	4.951262
12.130304	6.41358	3.6201894
11.898775	1.9824104	5.0274186
12.411654	6.3144636	5.421146
9.612336	2.821599	6.079342
9.403564	2.1757534	6.1176825
10.225439	2.0559595	5.6434803
10.6365795	7.53744	6.0358233
9.819369	3.8697534	6.3745527
9.356157	8.111667	4.6052523
7.809345	4.0385065	4.951552
10.902338	2.5348082	3.27686
8.219162	3.1197605	4.9369125
12.170696	8.31778	4.9575944
11.056149	5.656415	2.5202203
12.176996	4.068237	6.4881625
12.925172	5.1601	5.833351
11.821462	6.240657	7.5195966
12.394682	7.910499	6.266466
9.206201	8.204287	5.5758424
9.8367405	4.11951	6.3526883
10.280229	2.5532067	3.7707686
11.774568	3.8016572	6.784418
12.184565	6.012599	6.9375763
11.094375	3.2009718	7.164305
10.158316	2.32036	5.5991073
10.195834	5.9201593	8.215071
7.735398	4.7715373	4.9773808
8.099645	5.4568563	4.673702
9.888684	3.388985	7.678742
9.071682	4.7065525	6.7146096
1.4872453	4.428901	5.819711
8.107655	7.31743	5.610463
12.320157	7.833591	6.2508006
9.98447	1.8325021	5.350929
12.866687	3.1964371	5.087709
11.271423	1.9966899	6.3145213
11.02233	3.7120605	7.450232
9.515263	5.413807	4.130958
11.194296	1.9263035	6.5117936
9.126706	3.4087994	4.122996
8.234723	3.1434152	4.9342337
11.98843	6.1074934	3.4854956
2.7754734	5.3770313	6.5994515
2.694054	4.719444	5.639865
2.1234486	6.0174756	6.146051
2.5020738	4.611323	6.3115287
11.312248	4.6998587	2.9737256
11.320725	8.356142	6.4583607
10.48125	7.955821	3.3877158
10.57828	1.921207	6.886374
11.040469	7.1099033	3.2961001
2.5170176	6.272955	5.360304
3.2227228	4.4307632	5.7873344
8.424668	7.1878204	5.5387955
9.414035	8.177369	5.661934
2.4255173	4.690228	4.6017504
8.577102	3.3889809	4.818091
9.365947	7.608326	4.636661
9.2296715	5.948005	6.918725
11.3766	6.881623	6.941431
11.228477	6.453744	4.942376
13.5137	6.31828	5.751014
10.47224	2.2427227	5.6788816
12.3194895	7.2227855	4.9250484
11.541086	7.9347334	6.3840876
9.429441	5.3344283	6.6582747
10.314122	5.3463993	6.985839
2.7736542	4.4327374	5.202461
13.132839	6.5985255	5.299918
12.9342985	6.627091	5.2101464
8.237693	4.9783893	5.4940467
10.573532	7.812607	7.653526
8.020249	4.2485037	4.7214046
2.5102777	5.8509116	4.5523834
2.4312034	4.7111583	4.5995436
13.143999	5.254472	5.5385294
2.8141375	5.2290115	6.6109214
11.11762	6.0252476	6.936835
2.9686556	5.0260124	4.931174
9.678525	5.327038	6.617639
11.332174	7.627058	6.272559
7.7259603	4.367707	5.078729
9.97385	1.7233163	6.142583
10.84139	8.264259	3.7237375
10.45936	7.8836718	3.3920326
0.22155043	4.593282	5.620536
11.198833	7.0611916	5.895528
8.771887	3.990229	4.488361
10.237321	6.2825875	2.9823053
10.306091	6.348485	2.9388876
10.911008	5.2053294	2.977728
2.4982798	4.8463492	4.8538713
9.246112	4.0423293	6.264671
-0.18029615	4.4766665	5.71887
9.476143	3.6183422	5.647977
2.9097805	5.2743154	6.6906567
1.9346187	4.3306146	5.43253
3.4836845	5.928322	5.292003
-0.51912534	5.755022	5.669432
2.469829	4.6215086	6.3573475
10.785294	6.402266	2.3356395
8.002948	6.247735	5.1858263
9.719627	6.5979643	3.3877268
10.59085	5.5968223	6.652659
9.139344	6.8655806	7.323876
11.967825	6.0197163	7.4264913
12.465732	2.7481933	5.511399
2.842777	6.2229424	5.473873
11.463151	7.213002	3.6034482
8.905865	3.8625739	5.4117274
7.7426167	4.89299	5.102443
10.82654	6.93425	2.603353
8.6033535	5.1289487	4.304716
9.675496	7.5061126	3.9483576
-0.58027685	5.840239	5.3059626
9.04409	3.5478337	5.4802284
12.446555	2.7117882	5.611748
9.338072	6.1017394	7.17473
11.234587	6.343474	7.9923134
3.4542902	5.0147996	5.946593
11.349505	8.5828285	4.802709
9.215855	2.2705908	5.301408
10.365736	6.7863207	3.077071
11.013442	4.1613126	2.6165047
2.7761893	6.5578046	6.177963
11.053963	8.771741	6.336006
8.974277	3.764991	4.1083384
8.484467	3.9088705	4.6653843
10.067625	7.323987	5.3649716
9.613339	4.5410705	3.7921586
2.3195164	5.446165	4.661706
10.803427	6.2803283	2.3233557
11.162857	2.1987855	3.9967592
11.203286	5.61713	2.671056
9.294104	3.7008388	5.195992
9.982623	5.196962	2.997426
2.5290399	6.592065	5.236163
11.447883	2.2779908	6.6411633
2.2806985	6.2572775	5.082135
2.918726	5.2180133	6.7950525
12.30523	4.5402746	6.818932
12.793394	7.1792426	5.930212
-0.56668335	5.0268803	5.0193853
10.0302725	6.779173	7.2302365
12.581433	7.623027	5.974008
9.04496	4.5202293	3.807305
9.512058	4.0269413	6.303393
12.581784	2.7919705	5.494495
2.1145728	4.6384735	5.975398
2.566017	6.7406006	5.8949733
10.65176	7.8071156	7.5815377
11.33393	2.033282	6.384116
2.0655322	4.324557	5.739428
2.640256	6.0538883	6.247192
9.158697	6.5932345	7.2141666
13.153986	6.722911	5.376078
11.933727	4.7444167	7.0298977
12.555335	5.3869586	6.509651
10.763486	6.1474376	6.9179387
9.159315	5.895908	5.2431054
10.032209	1.7511444	4.344608
11.533136	4.0951514	7.5029545
11.462443	3.6588416	5.321568
-0.031385917	5.4005027	5.451644
9.689596	8.908881	5.261726
10.394603	6.385406	8.093329
11.860979	4.573877	7.0172133
-0.97502136	5.294203	5.8919363
9.440562	6.227293	7.150569
11.868082	6.295336	3.4416897
10.625498	6.9306564	4.108637
10.529194	8.371092	3.7352667
11.449789	2.5801103	6.632834
10.79425	6.6184883	2.3966134
2.0414233	4.534266	5.782763
2.1906605	6.0868874	5.449806
10.334807	3.3624952	6.073879
13.432515	4.32143	5.68966
10.69436	4.5536466	2.4915168
12.881808	7.6010933	5.7540727
7.963946	7.625292	5.6303453
3.4177248	4.502906	5.4922094
3.1421123	5.3435693	5.8049917
8.22955	3.8507202	4.635701
12.587252	2.8697233	5.1260514
3.3578563	5.0135717	6.226684
7.7225904	4.6148643	4.9911375
9.054995	8.744198	5.459961
-0.71958894	5.1938677	5.9484468
10.683076	1.9853989	6.7743173
11.754547	3.9272385	4.121967
2.7470026	6.37197	5.576925
10.307942	8.598164	6.983921
10.683031	2.043682	5.6829457
0.39522082	4.6900268	5.5129833
9.887676	8.352755	6.9323645
11.890133	6.4303703	5.2454743
12.42301	3.301456	5.3535876
11.932305	6.541527	5.162579
1.1404313	4.379766	5.6613283
7.718877	5.2080183	5.4276543
13.168659	6.64346	5.3601227
12.141187	7.190082	4.7727857
12.469745	3.1702461	4.724708
7.6660166	5.288203	5.3983374
11.597495	3.4359338	3.5479136
12.842611	6.2744517	5.2178016
12.571272	3.233484	4.9120903
7.7249217	4.1368814	5.0525436
11.693351	3.194374	4.7017016
2.54623	5.8564725	4.4978585
1.9913428	6.3680034	6.0906215
12.593119	4.5501285	6.227415
10.771718	6.300774	2.334092
11.247531	1.9928336	6.427174
12.340398	4.406718	6.796878
2.9306798	5.3713017	5.4942145
2.5209577	6.727873	5.736662
9.479176	2.1697567	5.9227767
10.987576	8.079737	6.195072
10.711887	7.4171395	3.9049335
11.349286	6.4668317	3.3394494
2.8306518	6.5757856	5.3951516
10.732012	6.5492616	2.4653063
13.166311	6.428067	5.291522
8.221729	5.4845505	6.1794324
3.2394197	6.399872	5.689403
10.370899	7.0190573	8.079736
9.430717	3.6288211	5.895422
10.484072	2.2926369	5.584428
13.44526	5.07872	5.5501223
13.163972	3.5503654	5.2014985
7.826778	4.9892697	5.3930664
8.863106	7.5475807	6.76768
12.4137945	4.055237	6.5482497
9.758352	5.27646	4.554501
8.5080385	5.144427	6.0873265
10.830323	7.046183	2.7405386
10.614984	1.9166015	3.8443804
10.950385	4.1003923	7.0020204
13.174299	6.19892	5.2856727
11.488871	7.9014935	6.945211
12.80663	4.00262	5.5439625
10.10531	1.867578	4.53496
4.0909667	5.9123693	5.5767207
1.8259912	4.288764	5.490426
10.222855	2.7791939	4.5018373
1.8996838	4.9702578	5.090326
11.643499	4.474267	7.473991
9.560956	4.084318	7.4294286
9.525673	1.7464547	4.679242
11.53616	7.8592105	6.903675
12.4982605	7.9479246	6.1694875
3.909152	5.746872	5.421441
1.8904939	4.2358556	5.5763187
1.8629361	5.1173263	5.094919
11.853786	5.6244936	4.9785924
2.575475	6.1231384	6.3521824
1.9275944	6.366524	6.216147
9.116458	3.7499795	4.530382
0.15241243	5.3659196	5.516893
7.9367175	5.8909492	4.986504
-0.93303394	5.086698	5.300687
3.9260614	5.8340464	5.6597633
2.7332137	6.232211	5.441538
8.086419	5.4279957	4.719216
9.340916	8.191188	5.7109365
10.366845	6.5124807	2.6668549
10.814576	3.1049678	7.0043206
8.903417	8.259281	5.782495
8.813996	7.0606036	5.7097645
13.020782	4.060785	5.74507
10.144152	4.1246343	7.686554
9.250478	6.270698	4.8215055
9.477514	6.5977755	3.72234
12.225154	5.9782305	5.4656153
10.805434	6.4864345	4.0778155
2.3541422	6.687617	5.8087354
9.083796	7.758373	6.5252123
9.043593	5.777756	5.520191
9.497057	7.372035	6.819703
10.174949	2.492346	6.8025684
11.291826	5.9429593	7.9837127
8.683582	8.497314	5.561498
11.042972	4.642549	6.0461664
10.612725	3.4171312	3.033594
2.5606563	4.763301	5.678888
12.484111	2.7941346	5.5660458
9.148824	3.554175	5.558788
11.188171	4.003932	7.6205244
11.047467	2.5438495	5.584588
10.492889	4.668106	8.312573
9.925717	7.224002	7.7558084
8.866001	3.2812786	4.3719773
10.974677	8.237184	3.727158
11.094422	6.531346	4.011865
7.9850183	7.706486	5.7709637
11.937722	3.816546	4.0804744
11.311627	7.2594905	4.3139462
12.385991	3.1376452	6.0991936
11.715109	7.4209843	3.9899411
10.590741	6.108983	7.314742
3.0310056	5.766787	6.766167
11.642134	2.474222	6.5003567
9.59201	3.6044776	3.9255536
2.7779973	6.1631165	5.5433335
10.337984	3.303218	3.8877761
2.4800615	5.8404403	4.6035547
11.19016	2.6730318	3.6578832
13.133126	7.2509465	5.7014003
11.313428	2.689494	3.9440224
12.104263	6.9767246	3.9226904
10.791848	6.0811214	8.466168
8.383191	3.564219	4.7303185
2.7320483	5.9299097	5.9101257
13.263415	6.1925583	5.4114738
9.494715	4.2870784	3.8937452
12.100644	3.0822423	4.891855
9.582892	1.782111	5.0205894
11.0354185	5.896087	8.079598
0.43586972	4.613061	5.4007077
8.265099	5.414772	5.967103
10.799185	4.625384	6.4876323
8.200855	6.521845	5.259284
8.978419	4.6748934	5.096438
0.08804752	4.9657226	5.1143966
3.2665327	6.1145997	5.536049
2.5495288	5.76449	5.566921
9.220256	6.4131885	7.384521
11.885417	6.796634	4.2002015
10.4123	2.0497832	5.8100257
10.572065	7.1138687	4.078985
10.349814	6.721659	2.9035192
10.336406	3.1258469	7.227771
-0.48855546	4.9584727	5.031352
9.838076	5.0623302	4.04629
3.0134542	5.326552	5.608629
3.4610016	5.4688177	6.1638727
11.967893	8.319684	4.699278
12.054464	7.8302307	4.8376536
8.760943	2.6216524	4.802371
10.500179	6.6080194	7.123822
10.577907	7.980037	3.329442
11.393399	6.3387074	4.466404
12.697148	7.776616	5.8738174
10.088752	8.640278	5.3388715
10.349676	7.6461105	3.2924888
11.658928	6.185937	7.670929
10.597072	7.7868266	7.6844954
12.282232	5.6970367	6.5010905
12.070704	6.2531176	3.3882987
8.624163	4.293113	4.962008
11.250962	8.249662	6.4919963
11.441149	3.8189635	4.664067
11.490615	8.406947	6.377544
11.467815	6.958338	3.2870584
10.995257	2.4692297	3.8274026
10.421473	6.354391	7.873519
11.257943	2.2049122	4.023291
10.5356	7.227572	2.8911636
11.053857	7.474507	3.1622534
11.325823	3.8982458	4.668865
10.679595	6.154592	2.3649142
9.308083	8.322088	6.302753
9.808127	4.365135	5.444176
12.650176	3.0153916	5.098852
9.082062	8.255808	5.8951
10.450958	8.625044	7.0349956
1.9925151	5.402131	4.8526087
12.074739	7.650117	4.5402822
8.003654	7.980759	5.6750784
12.609733	3.3661976	4.9624605
12.595019	3.9838548	6.3200655
11.640306	8.063804	6.5484486
11.426716	8.557393	4.768309
10.365553	6.729735	5.4496613
10.340081	3.2001183	7.5307393
10.563149	8.65605	6.8920794
2.3074083	4.7614765	6.306718
1.6700163	5.0333257	5.3119307
13.480569	6.2289696	5.9198933
10.679824	8.251085	3.590291
10.290811	7.2251296	4.1919203
2.685159	5.7592196	4.519104
8.382759	6.5611625	5.632001
10.20695	4.8767133	8.128707
13.174926	6.6966267	5.6421094
10.560883	1.3981731	5.965453
9.915642	4.7059956	7.1080832
11.606984	6.2112274	4.6882706
10.797543	2.4928508	6.36088
11.825983	6.270016	3.4611564
10.687267	4.620647	7.765855
9.993258	8.310798	6.9440312
-0.95733	5.4964113	5.718213
2.3518517	5.0040607	5.555027
11.6531105	4.5225983	7.46453
9.814423	4.9686165	4.319242
11.721906	4.2033362	3.4238884
13.22022	6.186073	5.2878346
9.595557	3.36037	6.081958
11.579436	2.4654055	6.573878
10.048536	7.035664	4.745178
11.802837	6.648208	3.4891899
12.972496	3.2924364	5.2797537
9.39532	7.332723	6.6609435
11.613521	3.9328902	4.2939267
9.367499	5.978897	4.6998606
8.262359	6.8997087	6.048125
9.718201	4.8498483	7.610099
9.812954	6.4919224	4.1821265
2.3265977	4.769683	6.311932
-0.7027195	4.7973943	6.0326376
10.115519	5.4051185	3.1862698
10.418121	3.3325286	7.0174136
11.339631	4.6143904	5.8214736
9.196754	2.2868273	4.8434725
8.18449	4.1379333	5.3923855
10.0252695	4.7205048	5.216677
10.059629	4.7327914	7.21599
11.394963	4.7327824	6.193328
9.464969	5.0485725	6.95379
11.920425	5.7833285	7.0755625
10.225532	6.959463	7.8572187
11.631872	3.8244798	5.3647623
12.458212	2.8033395	5.252937
8.745841	3.0069275	5.4038563
-0.39815098	4.466532	5.6325746
3.290725	4.9868402	6.318532
12.161706	3.6277173	6.2591295
10.079074	2.2263296	5.951108
1.6137047	5.00125	5.3031235
10.895523	5.8189425	5.5321226
11.781819	6.958859	3.459031
2.2174256	4.747747	5.984725
11.192855	4.160466	5.4439526
2.4790614	4.5150065	6.296555
12.895887	4.8981147	4.4135675
12.40433	3.510365	4.8254647
8.538696	6.8695097	5.3984475
1.9128487	4.2534122	5.575754
2.3197954	4.834863	6.3542247
13.084039	6.102742	6.0468054
11.78209	5.9548554	3.3360696
3.0955405	6.636241	6.0049925
2.7266822	5.7100344	4.5858803
9.800409	2.8947732	6.212928
8.477607	5.260113	4.528549
10.122798	1.8363264	5.578467
11.775625	5.135615	6.1179976
9.2361555	3.978516	6.235623
3.6113598	5.7903194	6.078224
12.8953085	3.9080384	5.847285
7.8116183	4.847703	5.2393074
10.227935	3.8165567	7.8884325
3.5801566	6.5183063	5.493574
8.708233	4.902844	4.176605
9.610541	8.677308	4.9978685
9.90743	7.1913514	7.7587743
11.912677	6.879329	3.5324857
2.1223788	6.0751243	6.168866
9.715727	6.292527	6.219926
9.427652	2.143018	4.4916644
11.361448	4.669886	6.771375
2.9785063	6.124625	4.8029428
10.395755	4.7877007	8.052872
8.837389	2.4948573	4.992934
11.659785	5.271411	3.1950772
10.254013	8.329361	6.968404
11.445875	7.9322777	7.0356274
11.673349	5.3135457	3.220929
12.49255	7.558866	6.0302453
0.20346707	5.1840205	5.661086
11.640354	1.875294	5.339552
3.357253	4.6180964	6.300894
2.8835835	6.554279	4.9677544
1.8031626	5.0536566	5.31541
10.822792	4.923645	2.5101955
1.9405447	5.1752977	4.959264
10.947628	8.498167	3.9816148
12.14725	7.0147486	4.7415776
2.7334564	6.6220818	6.077946
8.652685	4.977837	4.2018414
10.2515	6.0947294	6.0758643
11.717707	2.7734895	4.8878083
12.637618	8.288251	5.604344
9.627446	2.456842	6.0057416
12.129402	6.5736437	3.8611915
11.6493635	3.180576	3.819531
11.547267	4.108892	3.3085768
10.849856	3.4984994	2.8064897
9.174458	3.556531	5.815057
7.914674	4.2467976	4.9531236
9.458292	4.1479087	6.9741564
3.4358118	6.1455226	5.6272
2.28915	4.481442	5.466874
10.368195	5.9286027	2.777569
12.721246	8.135236	5.6490126
12.344047	4.080073	6.3749857
8.141947	3.1794112	4.9963
9.053712	4.757228	6.068816
9.465804	7.556498	7.255896
8.45868	5.6473584	4.349788
9.40051	4.044824	4.8335104
3.911831	5.7290263	5.7418547
11.115577	2.3608525	6.6872416
10.613515	6.3123937	8.278689
11.489138	6.6930475	4.637924
10.524361	4.693266	5.3549185
11.592325	2.808923	6.6946907
2.5004735	4.506738	6.3315825
13.415192	6.4150586	5.669352
8.096806	7.9297767	5.682008
9.413387	4.056865	3.9500947
12.009684	6.4697223	5.252843
0.49003333	4.495841	5.536421
10.905338	4.334501	2.4867547
8.547058	5.2620664	4.2388597
11.3676405	2.8287911	6.7007356
10.593921	3.4081419	7.8807006
10.994947	3.9658263	4.240035
-0.9597942	4.7598414	5.076464
9.406806	4.8603635	7.130019
11.262654	1.6351962	5.735716
10.61923	1.7882777	4.751479
3.715391	4.686888	5.6287255
11.088025	6.5819306	4.201423
10.579091	1.5692576	4.4998193
9.49387	4.15326	6.9085126
9.401069	4.3442545	3.892763
12.410503	7.7447605	5.877362
2.8873188	5.004428	5.0508156
8.757421	6.2122793	4.7509494
9.091819	5.3883843	6.6678295
10.887293	1.744541	4.7359495
2.3028357	6.31948	5.1523423
12.309822	6.042601	5.550855
9.333976	6.221004	6.98706
10.8600645	8.857954	5.5395613
2.0482936	4.237757	5.478832
8.539879	8.470062	5.734449
12.516601	4.735856	4.144457
13.559181	6.149204	5.7654905
7.7516828	4.7629766	4.952249
-0.04391197	5.002004	4.992757
11.1533375	3.7826297	7.4183445
11.805977	6.2456913	3.4136364
0.26892975	4.5920362	5.6326227
11.616736	7.055787	7.1523213
9.61737	4.5749993	3.7904968
0.4376247	4.775677	5.332284
10.297121	3.8392932	8.074605
11.738098	8.072181	6.5180264
9.273234	4.1635213	6.6431904
9.735529	6.266194	6.199606
10.883867	3.3147013	7.1074924
11.294465	7.489809	6.445086
9.15163	7.237858	4.771786
8.563738	8.487055	5.73797
8.959418	4.8095455	6.7090974
3.1755753	5.667479	6.877675
11.947357	5.9428363	7.3929586
12.6952095	8.166954	5.6073856
10.174307	3.3969991	7.7743506
12.099477	7.2871146	4.1468973
11.345358	5.3053756	3.7586339
12.264803	5.3504496	6.596329
12.168473	5.891387	5.415642
11.999299	6.5943313	3.9705188
7.7359495	4.911689	5.2362328
12.118939	5.648776	7.218545
11.166866	8.627361	4.8608527
2.8594236	6.2942924	5.4606147
12.070663	7.488497	4.4796915
10.016583	3.898265	7.805214
10.469757	3.435178	3.480611
11.682186	7.339883	6.4846053
9.278159	7.396282	4.848175
3.9736593	6.562315	5.401323
11.096258	3.9495137	4.535948
12.914839	4.752878	4.6366034
11.483937	2.0372322	6.2870927
13.217007	4.5826216	5.435467
11.493442	7.6222224	6.939098
7.8958554	4.033696	5.189379
7.8845043	7.2906294	5.6011558
9.261874	4.8274965	7.1429224
9.173315	6.0156727	4.6455617
11.001451	2.273504	6.6526937
12.137261	5.8464165	5.3549714
11.400871	1.6378349	5.4754515
7.908682	4.733015	5.2647104
9.8699465	1.8312432	5.6305184
9.545723	7.4802074	6.8670945
9.659002	7.096844	4.222905
9.388497	6.196168	7.1318164
9.280878	8.229508	6.306319
11.61519	3.1530087	3.9149723
11.206173	8.564614	4.5989003
8.100447	7.5854673	5.5162616
10.709176	4.6656885	6.2513175
9.48735	7.7588983	5.3049326
0.4244436	4.802923	5.3103895
10.149142	3.5653574	3.9407456
0.05691988	5.04378	5.9119134
0.15729213	4.941605	5.102925
8.963457	3.1357293	4.3592834
9.532541	7.57401	6.762905
10.839882	4.457744	6.861637
10.60356	6.235427	6.3989744
10.881763	4.0643487	7.175225
9.949013	1.7404249	5.5342584
-0.61721313	5.165866	5.7720137
10.424414	1.6002797	6.353649
11.356771	5.438426	3.6922402
10.195998	2.048135	6.5111856
8.69949	8.349628	6.202211
10.770686	7.203689	4.7675653
13.030542	5.4735675	5.5022993
10.57297	7.4344993	3.4068227
0.4217035	4.797286	5.4155927
8.05802	6.335756	5.280459
11.210055	6.2038474	3.6581652
10.22066	5.97721	3.1236632
9.716223	7.6710505	6.795685
12.910907	6.880508	5.2567663
10.417337	5.780939	8.261397
11.201422	2.4117792	3.7589426
13.174596	3.4960122	5.1784196
11.771117	5.131415	6.1614995
12.078086	6.350058	3.4448228
12.473045	2.821795	5.519981
-0.9814161	5.547482	5.6549067
11.266178	8.180194	6.557543
8.16065	6.758517	5.8435755
9.965222	5.637679	6.0222936
13.139481	4.8989606	5.641269
10.145801	3.1057703	5.8504825
10.325399	5.4065723	6.993148
11.320634	6.338765	5.0232124
1.8977797	4.2505364	5.5243034
8.402595	6.469427	5.990627
10.820395	4.719155	6.4668374
9.396826	1.9458967	4.8950386
12.286208	3.260266	5.2674813
10.150287	4.0280147	7.853664
10.536833	8.330052	3.6740582
10.27635	6.6601496	7.200827
9.579622	2.0960712	5.7043424
10.693215	7.00531	2.5908499
9.500817	1.9410042	5.818043
-0.4453352	5.5305824	5.522862
9.102795	4.5040483	6.3840666
10.096344	4.869605	5.020853
11.069634	7.874338	6.366781
10.959867	2.2293694	6.5532317
-0.023202607	4.57618	5.7766056
8.819745	3.973313	4.114263
2.2121778	6.428045	6.151087
11.969554	2.1640584	4.9179325
10.263505	1.6985766	4.2663
12.204163	4.1182723	6.218716
8.019681	6.3225374	5.257936
-0.8833212	5.464752	5.817109
9.266527	4.2563066	6.645719
2.8968282	4.922734	5.6640863
10.523369	7.1707654	7.8743057
10.708092	1.8996003	4.6142397
9.2230425	4.6173015	3.6787078
13.52683	5.7292895	5.609565
10.955137	5.9091134	8.3362875
12.042615	3.9750006	5.5285144
-0.18853255	5.0993047	5.0161963
10.308466	1.7278943	4.2141786
10.51931	3.4996617	7.2732353
8.349375	6.8182826	5.239808
8.157703	3.1479065	4.9657955
9.125826	5.3634033	6.7168627
10.233584	6.3976607	2.954319
7.743199	4.5958104	4.968809
3.3270023	5.3131194	5.79675
2.5715458	4.8016677	4.741711
2.5606117	5.3134484	4.575194
9.342746	6.913626	3.857485
10.19221	6.1679764	3.1116114
11.110052	3.377792	6.805271
10.571325	5.638118	8.212134
10.368972	7.0786147	5.482792
2.3363893	4.2228727	5.4631414
10.731932	7.813263	3.0860875
7.65912	4.2755203	5.1111703
9.785497	6.639739	4.06175
3.12405	6.2626824	5.980342
11.202835	2.1901047	6.180232
9.797077	3.7012255	7.641036
8.983642	4.0191283	5.7647877
10.823801	3.49468	2.859755
11.431928	8.54031	6.100564
2.2349303	4.7439814	5.5834203
10.408082	3.6802366	7.044212
9.820721	5.8895693	6.6082287
10.791871	2.3861103	6.378389
13.286654	4.5204673	5.498815
13.505155	5.914424	5.610817
10.321976	4.345049	4.9037833
10.144683	4.8898697	5.6334457
11.116985	4.4571214	3.0323074
11.382694	2.0790815	6.468421
10.620026	6.349346	4.5952415
3.737102	6.572248	5.4397206
1.774071	5.1951036	5.080663
9.5332575	6.3353996	3.5718737
12.07335	6.8747945	4.676438
11.954709	2.92776	4.466534
-0.65841484	5.743704	5.6507115
10.093513	5.8837347	3.039116
2.2302015	6.6179194	5.8856983
2.4629962	4.787997	6.3855724
10.356599	8.537018	7.055821
8.447999	6.964847	6.3415613
2.578247	6.103946	6.1553597
9.803338	5.9381127	6.166802
9.585324	4.7329803	3.9337025
8.210816	7.8864865	5.634537
11.459761	6.2322497	3.2127476
9.538956	1.8802575	4.8886266
10.9118595	2.839471	7.3922315
9.072197	4.835957	3.777187
10.1911335	6.3643665	4.7687216
3.2914221	5.2578864	5.949063
9.084545	8.190399	5.708991
9.935581	1.6769313	5.8041515
2.4904196	5.658488	4.6546
11.749687	1.8823105	5.2152667
9.752264	7.2223396	5.0376606
11.951856	5.6253963	4.8104906
12.05797	6.889712	4.887147
10.296941	3.2458637	7.693373
12.566549	8.286393	5.4755054
12.205942	7.089469	4.729587
8.621345	6.076792	6.5203924
3.278293	5.1698213	6.1935577
10.264932	6.182716	8.210492
10.647592	3.64075	7.8614297
10.451786	7.361311	2.9237547
9.596191	8.369315	5.3891177
12.653185	7.6655664	5.8130937
2.2745094	4.7683606	5.162115
2.7944968	5.757788	5.1533155
2.376044	4.367525	5.144407
9.37035	6.240946	7.21805
11.511679	6.2153473	7.8243694
10.908063	1.8670411	4.527977
8.302341	2.9384747	5.102982
7.6914797	4.7103424	5.2390246
10.733899	4.65047	2.4534566
11.786346	2.965636	4.857565
9.6601925	6.0255685	6.452858
10.138824	6.1791883	3.1171823
-0.42851526	4.9873104	5.049586
2.4866343	4.5406823	6.3090057
8.013162	7.7528806	5.834359
11.1529875	8.40807	4.1042295
11.135237	3.8673403	7.4667296
9.142143	4.274652	6.2917123
11.781113	6.168473	6.9220414
2.3086617	4.9482217	5.183925
10.509849	4.5402765	7.8919654
10.377339	6.777226	7.829073
10.506823	1.4859331	6.056238
12.483826	8.195568	5.4370694
3.0008762	5.449431	6.829513
11.314288	4.2069917	5.756221
11.060407	5.7339315	2.4897974
8.34818	5.2329006	6.1677227
12.002095	2.0571103	5.131082
12.060027	8.384155	4.8380423
10.995125	5.770952	2.4521923
8.319312	6.8490353	5.253289
11.911	7.4664717	5.7011633
10.773387	2.8908093	3.7649243
12.335698	6.565198	4.1955013
10.375629	4.3043647	7.8091
12.192583	7.0889635	4.7320747
9.976987	1.7388302	4.441786
7.91263	4.939081	5.3517995
8.975841	3.8918254	4.452939
2.6214657	5.791511	4.6117163
-0.66155696	5.167235	5.686918
11.201516	3.9355881	5.547762
11.102164	4.095217	2.709205
8.580165	5.161154	4.2276983
9.229686	3.4293172	4.034131
2.8021731	6.078598	6.4837995
9.551336	3.8495293	5.884009
11.331371	1.6388646	5.501037
13.425122	4.475488	5.5953283
11.013342	2.9773636	5.2722845
11.966243	2.1319807	4.911848
3.5308032	4.5059857	5.64742
9.988482	5.2748876	7.5664754
9.673437	8.193412	4.802871
3.0877147	5.6145697	6.7835565
8.356783	3.7803118	4.8008814
11.899252	6.102348	6.9110413
3.1898084	4.9536223	5.619884
10.784342	3.5170062	7.5290804
10.363937	2.8180287	4.3267717
11.29905	1.8248699	5.3502197
12.331653	4.358801	3.9667196
10.888202	6.057067	3.8806868
10.548964	5.5034537	6.761385
13.480355	4.521809	5.6601257
10.712089	3.3214912	2.901079
10.64021	6.472301	8.1258335
9.842773	2.0099418	6.287277
12.551063	7.297909	6.01258
-0.28081053	4.590794	5.4179945
11.673219	3.8692174	4.2667117
12.230947	2.4151413	5.441609
11.015912	4.0298476	4.5530605
12.054088	7.4657145	4.101041
3.0635428	5.8716364	4.8837557
8.216932	7.3829308	5.6073675
12.444961	6.723709	4.677778
10.319781	2.5507407	6.6834717
12.449215	4.5786514	4.3609724
2.4314268	4.787198	4.56238
11.305273	8.371423	4.6881785
10.246351	3.3469787	3.7737467
10.456876	7.285445	5.4893017
10.912228	7.723052	7.476016
10.830984	8.32047	6.6075206
9.290717	4.6002717	3.6503565
12.816351	7.1402774	5.80693
10.938276	8.741344	5.182109
10.24807	3.6382985	7.2740517
9.836917	2.5495565	4.066666
11.912232	2.006306	4.9499655
3.172615	6.116131	5.38396
10.706063	1.8167986	4.7439485
10.634379	4.4811954	2.5248451
9.989893	6.5065427	3.4398959
8.570937	5.6214156	4.247104
2.4937346	5.8123055	4.5494237
8.085317	4.8941607	4.893509
12.171246	8.334692	4.9350014
8.04259	3.696793	4.8607273
9.6576185	4.0492735	7.395018
11.023444	3.9155993	2.7180643
10.77007	7.5890584	7.73437
12.646288	7.576059	6.0413823
10.497186	6.5114865	2.876286
12.224555	7.15558	4.747503
10.940352	2.8756304	3.12557
2.9116647	6.4002714	6.3210163
2.5741003	6.5871987	5.4457316
8.14852	7.222869	5.470876
9.421276	8.411591	5.469419
10.674426	2.5738814	3.2850058
9.663025	4.0567226	5.660247
11.7235985	3.6349826	5.414673
10.465647	7.11943	5.3977375
10.310781	3.3113914	3.7937722
10.788995	7.4619813	2.834775
8.333199	8.133411	6.0643473
9.4344425	7.0320587	3.8451807
1.9796711	6.0947742	5.957113
9.087243	3.3217368	4.219588
-0.22262953	4.622627	5.908169
9.7831335	8.141435	4.774553
8.69892	7.1273375	5.4272194
10.045859	5.5816917	7.23243
2.3178673	4.940911	5.178358
2.5409484	4.281256	5.5184155
12.336089	3.202522	4.508057
11.283766	8.588594	4.7894993
0.32588485	4.696196	5.349841
9.362691	5.813628	7.2887454
11.207632	7.6953807	6.451344
8.649392	2.741637	4.795299
11.816498	6.4342318	4.6650305
8.315743	7.3123603	5.433884
8.507152	5.5076613	4.9101667
10.884539	8.840885	5.5262313
10.910435	1.7302359	6.5026975
10.622222	7.7805295	7.685089
9.352961	4.832352	3.686718
8.664779	6.6983786	6.802585
8.974005	6.627376	7.303564
8.818687	3.6869009	4.437934
12.347052	6.022078	5.5056887
1.7375982	4.3455925	5.7233396
11.464204	6.974802	6.983175
9.671874	6.474021	3.4264362
9.11113	7.209213	4.776003
12.831533	7.2196836	5.382395
9.302563	6.4235754	7.4577103
-0.7521963	5.0266194	5.357352
2.2187562	4.8041387	4.6852913
0.1069244	4.6441317	5.2376084
9.51878	7.904089	6.6701255
8.370019	8.201442	5.4903436
11.860863	5.5311127	5.0109887
9.37665	5.1552305	7.2742095
11.002449	3.5577183	3.138454
10.730116	7.6361523	3.5931423
11.839738	6.987679	4.6440377
9.318634	8.310039	6.295446
0.054829836	4.4653225	5.448175
11.0385065	4.1033254	4.3947616
-0.27144378	5.133522	4.9764094
10.6518955	6.303897	8.4909935
10.355055	4.2494135	8.075478
8.693186	3.3186812	4.4787307
-0.96634686	5.279745	5.9041243
9.614046	6.9426727	3.7816808
2.4210784	4.746767	4.572154
3.348308	6.3844028	5.433147
10.904547	7.451318	3.4408827
10.21693	5.238437	8.145988
10.023154	5.147778	7.33776
10.662351	6.2536874	8.510352
10.496216	3.147138	6.9839807
12.061754	6.303195	3.4340563
0.091771804	4.5205317	5.774734
12.47114	7.8689075	6.2571335
10.960844	2.0813284	5.9285555
12.336688	8.360099	5.273199
10.491752	4.504667	8.242889
8.219483	4.5955687	4.9156327
9.712365	4.0111732	7.4305553
11.574546	3.8174248	7.2128882
10.650624	8.079088	7.293711
10.575946	1.8438456	3.9363081
-0.72589767	5.5334725	5.3796225
12.036048	6.2370863	5.58382
10.04977	3.2284536	3.8588183
2.8390365	4.7304034	6.366803
9.690597	8.5267515	4.8950515
0.19513156	4.8903775	5.104446
11.566844	3.1599183	3.7194252
11.912588	7.727284	4.281334
11.926883	6.6794443	3.763137
3.425753	4.5571694	6.098529
8.263257	5.833097	5.700594
8.17305	3.1400998	5.1110096
8.505447	7.7049613	5.2284374
8.00011	7.723903	5.802484
-0.6863921	5.233142	5.6806827
12.311925	6.188171	5.6462407
10.730137	8.380827	3.721137
10.2378435	5.593202	2.8446577
12.576836	3.0015044	4.9857564
3.8365324	5.712848	5.8246613
10.408664	8.605612	7.017327
1.9914929	4.456152	5.7781124
9.071823	4.590928	5.5331173
8.291037	6.219794	5.56167
-0.6085075	5.104531	5.8234854
8.557196	3.3083277	4.591911
9.382806	7.5613904	4.247677
9.643568	8.804727	5.1017694
12.001681	5.6494813	6.934268
11.524304	3.3775504	4.8067617
9.181848	2.5354273	4.4394217
10.158635	5.802535	7.2983575
8.959733	7.5592384	6.707619
9.812438	6.142154	6.1809926
10.2570505	5.6777463	3.093102
11.882014	3.857723	4.53121
1.7190392	4.451185	5.895425
8.336595	7.3807116	5.305239
10.295845	7.277221	4.227531
10.09901	2.480616	4.0787134
9.550137	8.304963	4.939142
10.358162	6.859605	4.3143983
11.45418	8.210749	6.577698
1.7605102	4.41505	5.8545833
10.412743	3.1138604	3.5781677
9.228068	4.8815656	7.011727
11.860469	6.896839	4.594425
3.1862946	6.475962	6.0058227
8.708334	6.8163886	6.8465967
2.321987	5.351155	4.6359315
11.727052	3.3800533	3.714333
8.759426	7.5830693	6.645031
11.357155	3.024441	6.7509217
10.12674	8.31974	7.0288863
8.965083	4.6386833	3.9317963
2.8645928	6.5302773	4.9341364
13.423059	6.737636	5.7832713
11.739804	5.49871	5.080364
11.402238	3.6977425	7.2977524
9.25958	4.6227074	3.6717186
9.72684	6.101647	6.2900553
12.509327	5.851597	4.075128
13.206974	4.001558	5.6847596
9.383293	4.7873697	3.7161846
9.024579	5.8609295	5.2017713
10.038472	1.6777662	5.3732953
10.488495	6.049089	8.411663
1.849367	4.2697525	5.5505967
1.9557166	4.5486736	6.0779853
11.042073	1.7809653	6.481185
0.4491747	4.71509	5.490923
10.72262	2.805894	3.137622
3.6674674	4.6653857	5.6245246
11.124967	8.613406	4.4404206
13.271113	4.083064	5.6439466
13.555285	5.972257	5.724397
8.7087345	6.1479106	4.6637983
9.539718	5.3016095	7.264496
11.514512	4.216522	7.588172
10.173524	2.236551	5.6361094
7.890346	8.04263	5.678009
10.948121	8.594151	5.1176767
10.56397	2.102579	4.622365
12.16614	3.2528796	4.4009857
9.113488	4.6383076	6.852322
10.547944	3.3694847	3.0781949
2.088603	6.2412353	6.2330284
11.832361	3.80896	4.4722147
11.148324	8.701902	4.6485577
2.2492735	6.4792542	6.123264
10.870987	6.271088	2.3437536
8.955868	7.5993443	5.067075
11.660869	8.058363	6.5404544
8.046287	3.6718552	5.242148
9.956113	3.5152972	7.7760606
8.276986	5.1504602	5.905382
4.082413	5.963363	5.6048007
9.118372	5.403631	6.756451
9.3375025	2.0027747	4.977693
-0.544505	4.6517496	6.0197577
12.796812	4.825713	4.3021054
10.396963	4.6547537	8.243264
11.704504	8.634251	5.5824437
8.860365	2.4524982	5.039624
13.186763	6.473566	5.3539944
12.014338	8.397685	4.846055
11.245196	8.756649	5.5676823
12.698709	4.567665	6.089475
9.030076	6.6812353	7.3261228
11.997133	6.953019	3.6408165
1.9852474	6.043886	5.791291
11.162714	5.538607	2.6314807
2.8638873	5.8678465	4.732871
10.689389	1.5062317	5.5516253
11.0053625	6.8926215	2.6268132
8.255304	5.694657	4.844127
2.9302478	5.100444	4.836219
9.913719	8.413721	6.8538604
11.554412	4.0832276	3.461587
10.214377	4.0990376	7.8390965
9.308663	8.384109	6.121752
11.217687	3.6274993	5.273481
0.15221728	4.926952	5.097859
11.94784	5.609927	5.2975197
-0.53816473	5.59855	5.846587
3.1028216	5.558513	6.879227
12.537695	2.7262704	5.458015
13.358488	4.1549044	5.5913982
13.264404	3.9060216	5.287251
10.164536	4.9536943	5.217382
12.100845	6.775484	3.9247692
11.689756	5.7531257	7.2262683
11.203859	1.784499	5.526066
11.511073	7.8892417	6.8778286
10.674704	5.97757	7.008326
12.488578	7.7040443	5.7740345
10.135198	6.6048226	4.387515
10.903125	7.589894	7.1168737
10.2116165	6.2806363	7.3954315
9.890604	7.9750943	7.164788
10.923002	6.4939613	4.1348224
10.56806	4.740256	7.8360014
10.448955	8.640142	6.9775243
-0.38011333	5.6315475	5.3482447
2.2646966	6.053982	5.6116996
11.016964	2.5966587	3.8431985
11.351974	2.0636399	6.436735
11.889056	6.540365	3.817409
2.3956945	5.5727205	4.5754128
11.315123	4.311829	3.3391774
12.089342	5.8565817	5.2939897
3.8761759	6.6111703	5.4014163
12.242348	7.2326393	4.1269007
10.997773	2.3054974	6.930017
10.630589	4.5568166	7.9620714
3.0031934	4.7357783	5.1232553
10.446642	4.320916	8.227899
12.74907	4.6333795	4.4186873
9.21697	4.5115547	3.719061
9.844395	2.8245752	3.9085488
10.05645	5.2952485	3.0632758
-0.32608742	4.4568367	5.559615
9.637249	1.6784865	4.668515
9.8649845	8.735489	4.962826
-0.75927573	5.3608284	5.2679863
2.4694684	4.9529457	5.89479
2.0326698	5.9320917	5.9858766
10.279658	2.461471	6.7200904
8.710785	8.321155	5.5642376
2.9581122	6.420475	6.292098
8.9389515	5.724152	4.414096
11.845982	7.8783107	4.44295
2.0400965	6.0296035	5.8098383
0.27127397	4.78527	5.6686554
12.416007	4.08109	6.5600367
11.401633	6.2601223	4.0855336
8.080082	4.0745826	4.689451
10.620096	4.62568	8.215497
12.580015	5.3804145	4.116901
11.754513	5.064023	6.090374
12.468796	5.983729	3.907421
11.039147	2.4359028	6.7054563
10.6119795	3.5988941	2.862054
9.0693	2.3471434	5.2267647
3.2317803	6.264079	5.974672
10.240295	1.8355631	4.133676
10.751434	7.6545897	6.7310376
8.832122	7.679134	6.62192
3.0207143	4.939053	5.6129947
9.790003	1.6372229	4.7018013
12.64961	4.127624	5.478495
11.941585	4.9938254	7.0300255
-0.011922381	4.702441	5.8323154
9.517395	4.1581984	6.833907
8.687879	8.286777	5.959995
11.683746	6.959402	5.611787
0.25723764	5.045528	5.8159533
11.132771	2.2168622	4.2478867
9.584634	4.254519	7.520255
11.070437	4.102084	7.77976
2.438299	5.9301944	4.716186
12.813444	3.8781369	5.6116133
9.182207	6.5654335	7.390325
2.4099417	6.691926	5.81442
9.936858	7.22405	5.22888
-0.11967876	5.134491	4.955032
2.2159371	5.696475	6.2212863
2.7559416	5.091391	4.7253423
10.820524	7.8975906	3.188777
8.339587	3.705458	4.7636423
12.417782	5.508151	6.678273
3.0709486	5.240418	4.861455
10.241052	3.8877645	8.050379
9.561691	1.9272504	5.8981166
7.779591	5.4850154	5.1295195
2.5678134	5.5444417	5.405326
9.69486	6.678211	4.019841
-0.3462874	4.71433	5.5485635
9.80349	7.626438	7.451386
10.40359	3.9102564	4.691351
10.7067375	8.263131	3.5616484
10.755499	2.0280633	5.778803
12.390352	6.563017	6.3108845
2.0747242	6.139827	5.916709
12.793923	3.4917526	5.588899
9.492606	6.748318	3.8925345
12.660896	8.194378	5.635178
10.1660595	1.7427751	4.7266855
10.548929	6.719351	2.5611222
10.735782	1.472579	5.891695
2.52528	4.5741725	6.3834863
9.849597	8.23918	7.0715017
11.084999	4.374688	3.0526347
9.82759	3.3169684	4.035012
9.002058	4.693145	6.533723
10.546762	8.655442	6.902908
10.856552	2.5501022	3.3198864
12.687142	2.9645834	5.2015214
9.724332	8.45048	4.8059063
11.423751	8.6416025	5.955987
2.5679173	5.3858576	6.5201793
10.205527	2.2157924	5.565194
11.098471	8.62055	4.383663
10.218466	7.9326043	7.6080146
10.490332	7.0766087	5.554168
11.0721245	3.298317	6.865641
11.221915	4.9106574	6.291908
2.9489317	5.048819	4.959866
-0.7908579	5.053259	5.460098
8.744001	8.272733	5.8383274
11.819127	7.281395	6.5404153
0.10780795	4.7701635	5.82289
10.106091	8.170261	7.128559
8.170416	6.2167625	6.0379796
10.916619	6.9656973	3.8268213
9.669892	8.317091	4.8995295
12.021422	3.2652028	5.638772
11.935673	5.60217	5.0568094
-0.26714876	4.471912	5.4884963
10.074139	2.1102867	4.7274833
10.707279	6.13395	6.991236
10.83946	8.824936	6.3271537
2.577336	4.2387652	5.0533333
9.689281	5.4232283	4.5835915
12.003168	6.64113	3.7845843
-0.15902285	5.166532	4.9776387
3.4061933	5.1425395	5.766279
9.941052	2.030802	6.399757
10.177847	5.991539	3.1438994
11.005657	3.3472233	6.8737507
10.550258	1.4454662	6.069206
11.972444	8.222397	4.650803
9.736627	7.317597	7.087664
-0.035803296	5.2479796	4.999855
12.801306	5.851037	6.3337593
10.915646	7.4964824	3.5272179
9.521626	5.3583717	7.317375
10.483479	6.703614	7.88097
11.104053	4.4050946	5.607495
-0.98987126	5.420405	5.8032665
8.902134	5.679268	6.438809
8.248286	5.6209817	4.563566
10.5714655	2.0062387	6.8046327
7.9595933	5.805818	4.944883
12.497171	3.3441498	5.0163646
7.9429817	3.9457593	4.8215203
10.51935	3.5218456	7.9827065
10.308364	3.2365608	3.4445276
-0.67839396	5.731336	5.3134985
10.481435	7.9791155	6.4702725
9.326971	8.33204	6.3050976
10.43777	2.8011777	4.312244
12.117157	6.321591	3.4872637
10.965965	2.700033	3.7059615
11.170968	3.9358838	4.589218
9.269221	3.2141125	5.2645383
10.735556	7.902151	5.640187
3.8078701	4.8215666	5.631781
12.555838	7.9222226	6.177453
11.616436	6.9411964	4.4458084
10.889319	8.537937	3.977645
9.844958	1.9681491	5.595963
-0.9889352	5.366633	5.792856
9.617002	7.4980392	3.9708579
12.185834	3.1665492	5.0892916
12.156504	7.181572	4.7883887
8.419387	6.548511	5.3030457
2.6168811	4.99538	6.505805
10.17807	3.8240056	4.178489
9.036981	3.6239715	5.495165
11.953417	8.590037	5.464609
10.562398	5.6131926	6.6102033
12.856446	7.1407604	5.7332764
11.738899	3.7153451	5.367558
12.535493	3.4783092	4.98073
10.823989	7.7590046	7.5251417
2.5018828	4.5443554	4.673107
10.591849	4.2038217	7.5409207
11.309093	5.4845967	5.6024623
3.905571	5.477159	5.5292253
10.497604	4.7190423	5.4331856
8.439848	6.7005568	5.147747
10.354056	6.7108164	7.2317166
12.157802	7.2475615	4.063535
10.276238	3.2344885	7.696272
11.253835	4.6714783	2.9528277
12.046351	8.267597	4.720727
3.9167137	5.95706	5.7388363
11.85808	2.2377346	4.7942133
3.0540195	5.482736	6.554161
10.337087	1.5178453	6.0865006
10.692642	5.9255157	7.032371
-0.7326299	5.55679	5.2968493
8.068649	3.2515585	5.0426517
10.502049	3.2537127	4.00344
11.388578	7.1623955	6.4224854
11.335401	2.477133	3.9289613
8.010075	3.712868	5.1964183
-0.6194967	5.254119	5.1866403
11.132041	4.0126524	4.4168224
11.059753	5.244149	3.6316102
1.965895	6.369963	6.12868
11.603828	6.6507196	3.596457
7.748521	5.390312	5.193214
8.952042	4.44935	3.8671007
11.6287365	6.042252	7.6231074
11.371548	4.1278677	7.659378
2.6665938	5.8570557	6.049897
9.783378	4.432885	5.344896
11.792664	4.5229883	7.384527
12.488655	3.2861314	4.6323524
10.388777	4.696662	8.216952
12.734604	3.2270482	5.0734973
10.324625	2.8577194	4.506957
11.812772	6.4259267	4.7057385
2.5025463	5.678638	4.5611343
9.229895	7.332982	4.7880063
11.502051	4.4660797	7.0286946
11.7397785	5.9400396	7.5974216
10.574165	6.5649786	7.0720305
12.042275	6.8272715	3.6825788
10.930082	3.7913606	2.8757985
-0.1822198	5.557373	5.952304
3.4626772	5.3929453	5.7419066
10.13392	5.0045743	5.391281
10.261429	1.5218264	5.9883957
9.599359	6.185322	3.3447855
10.478176	8.656971	6.98227
10.20812	4.606277	4.813873
10.547445	3.5436897	7.970562
9.726867	6.018175	6.273794
10.008415	6.3040395	3.0535748
11.404896	7.9285955	6.716513
0.16311128	4.5244355	5.2951202
12.288228	6.856647	4.4934144
9.747246	6.4133115	6.1506357
7.697896	4.754227	5.0055885
12.054711	6.718643	4.262055
12.871243	7.2192225	5.510495
10.485804	7.417585	2.9209075
8.689336	2.6270754	5.282912
13.093029	6.837111	5.3871527
8.3772	4.9402103	5.805275
12.0472	5.7481523	5.1987343
12.51205	5.8580623	4.059354
9.774633	4.9426527	7.0491376
11.927901	7.410926	4.383597
3.1713507	5.201893	5.616883
2.3780766	4.712647	4.5857234
10.646712	4.402764	7.557874
13.44639	6.021153	5.520279
-0.97277844	5.4082646	5.854492
11.746021	6.901555	4.631646
10.027517	3.5453708	3.884486
9.580402	8.814835	5.114361
2.7460716	5.337951	6.4913206
11.472985	8.245045	4.735786
8.287748	4.9988446	5.9195695
3.0009441	5.937336	4.818073
3.999761	5.9090834	5.4720864
11.412941	7.7150865	3.706296
10.028343	7.6216717	7.66351
10.526066	7.0639677	7.948885
10.934293	3.9623694	7.74621
11.472545	3.746628	7.249958
10.99924	5.878047	8.255644
2.8231118	6.2978883	5.5807366
10.981769	5.200149	2.5725513
12.466099	7.6511106	5.9031687
9.601252	8.168276	4.771373
3.3179934	4.6521378	5.6905007
10.48124	3.417538	3.494642
9.581602	5.3518643	6.7411084
11.717227	6.5019345	4.609378
8.35329	4.0422716	4.8467793
9.998611	7.980724	5.543545
11.58044	5.9499855	7.717995
11.933375	6.348019	3.919057
10.573406	1.8337421	6.738499
9.988454	3.0226374	3.8778038
3.6613526	5.5442624	5.6176815
11.034269	1.7904493	4.712592
11.791659	7.5641813	4.031271
11.2616415	4.740793	6.7017756
2.7213542	6.761276	5.9312167
11.978898	8.566142	5.4462366
-0.5329713	4.59823	5.62122
10.146159	4.8374224	5.0171933
-0.3800736	5.684555	5.4144998
11.342436	8.605934	5.1430373
8.90897	2.4197516	4.933857
10.895699	2.2874289	3.680047
9.0066595	3.792638	4.3879495
8.856525	7.0037613	5.760652
2.6929028	5.77694	4.5669847
8.842736	7.6359024	4.871112
9.854428	2.0679085	6.3599863
10.961556	1.7933921	4.7291055
12.378868	7.406435	4.592216
12.451668	3.574607	4.5373173
10.700338	2.0519423	3.7202787
11.785336	5.8995385	3.3025672
7.8608427	7.427444	5.6460238
11.62728	4.5822268	7.406644
1.8627181	4.3322606	5.4685807
8.895021	4.742691	4.9150257
2.6617925	5.0228357	5.175369
11.812884	2.3401456	6.2043123
2.4954596	4.5708823	6.053127
13.370694	6.4808774	5.6249394
9.430766	6.367795	4.7506576
9.260964	6.1630535	4.8737893
12.744922	3.1537406	5.147677
11.424819	4.797752	6.69403
10.492094	1.4383041	6.0036106
10.746137	6.2107577	5.3413825
11.831509	8.430303	4.867255
12.030881	2.1687312	4.9406366
11.343524	4.225999	3.1904333
10.863465	6.6484413	3.9986627
10.574667	7.8274283	7.6822405
11.15294	4.5534005	2.9777772
12.078747	3.7350326	4.099204
10.429166	1.5281537	6.0479198
10.684691	5.0509396	8.293718
11.123946	8.658842	4.46604
12.014207	6.5639205	3.586255
13.511955	5.6065893	5.734991
13.427609	6.1609945	5.598176
11.757214	5.0839267	6.2470503
2.3277483	4.6757336	5.279561
9.887816	7.052944	4.5016418
9.3840475	5.871928	7.2514877
2.1055272	6.0344405	6.1788898
11.556838	2.8391228	6.622659
10.112491	7.731084	3.5863354
9.945832	7.1365438	5.2149396
10.664938	4.2730274	5.133099
10.618714	7.7161503	7.8046527
10.189306	3.921897	6.967964
9.245976	3.9853053	6.320663
8.310173	3.5199893	4.770481
2.1254456	4.255081	5.3462567
-0.2808234	5.6349216	5.8992724
10.772266	1.7567661	6.417532
11.316895	2.6782126	5.9130974
10.880982	1.8189905	4.668064
9.063859	4.914698	6.726753
13.333984	4.945421	5.8970313
11.4105015	4.8516192	3.0836878
8.74998	2.993711	5.204255
11.044854	2.2769976	6.8590837
13.432507	6.4738607	5.706139
13.221299	4.3402166	5.4221234
10.193488	6.0255613	3.0974054
8.15214	3.1692557	5.0027475
8.480044	5.6668315	4.3158827
9.752055	8.170984	4.6690593
10.31041	6.157109	8.154705
9.352301	4.6198535	4.572629
12.242109	5.737807	6.588628
8.914685	4.7141027	5.0192814
-0.09956044	5.0992923	5.057999
13.472908	4.690665	5.641533
8.519923	4.6953087	5.475855
11.825975	6.083318	3.381381
3.4501736	4.538163	5.770995
10.857452	3.2301955	2.9448261
9.6734	2.0010917	5.845433
9.500781	1.9388772	5.7788796
1.9468684	4.4569006	5.7685
-0.7429983	4.9601617	5.6397457
12.07808	3.4574459	4.230955
3.8841038	5.6991277	5.386287
10.011951	5.351696	7.0065694
10.010546	1.8764453	4.343259
10.951399	7.0274553	5.888453
10.233595	7.122737	7.143698
10.679662	2.8900104	3.770981
12.877802	6.2389193	6.115639
1.7130356	4.3955355	5.7826705
13.46393	5.660325	5.4459977
9.20557	2.3046384	5.2541075
2.0043638	4.285886	5.617876
11.483451	3.793713	7.3224096
10.441267	5.508174	3.325803
11.726043	3.8110058	6.910104
10.788172	3.005669	2.9685476
10.8295145	4.452058	2.5833642
1.9359803	6.016064	5.7953854
13.193181	5.336938	5.4678116
13.490965	5.9918666	5.6546516
13.024347	3.8131733	5.725786
9.287994	7.6563845	4.453431
8.934768	2.44564	5.139718
11.643327	6.014941	7.6972914
3.7305715	6.3582654	5.490512
11.405439	6.9073296	6.069929
10.533504	4.767636	5.355042
8.963889	4.0476027	3.9838228
11.25252	7.646119	3.420702
11.454648	2.5740917	4.005548
10.573969	3.2376657	7.6939096
10.892671	4.335461	6.9984274
10.689084	7.897102	6.3160095
9.768995	6.038089	6.154784
10.95699	2.940098	3.578748
2.9319494	5.035722	4.931908
2.5413122	4.6815743	5.227827
2.4736795	4.7755256	4.5649595
11.012251	7.555498	3.2483888
0.025934283	4.65199	5.8293886
11.279773	8.47806	4.5906644
9.285612	7.19767	4.1092477
10.529097	7.5814962	6.3725996
9.458936	4.1952977	7.1806993
9.142754	4.857399	3.786499
11.298015	2.1151588	6.603757
3.7581315	4.767166	5.574217
12.4121065	6.321714	5.2599764
10.447715	7.7992187	3.3075871
10.821757	2.2525733	6.9272203
7.7210226	4.1739106	5.035322
12.459942	6.053924	5.083786
9.436177	1.9772894	5.7881465
12.9287615	6.634942	5.1132617
2.414925	4.7160735	5.2366695
0.16269137	5.2399697	5.6971946
2.591371	4.8880687	6.4733686
8.003292	3.4141157	5.0610147
10.793314	4.835076	8.192348
7.739203	4.7250795	4.997602
2.4084187	5.0921683	5.4068136
10.184012	3.5828118	7.3400145
11.623862	6.490908	4.626259
9.75109	8.518094	4.847198
10.472265	5.8304625	7.1640463
-0.99009496	5.2913895	5.9080343
10.546345	1.8201255	6.778252
8.65839	5.885971	6.3187447
0.23327784	4.5777307	5.2998123
3.0688264	4.357143	5.671988
11.203536	3.9499109	3.1447732
11.294179	7.8747516	6.6595173
9.45675	7.377325	4.773911
10.219018	5.5470104	5.0216913
10.913498	2.362409	4.0191264
10.565943	4.6596093	7.63254
3.012085	5.5905175	6.764814
-0.6111487	5.0521574	5.5993485
10.104765	1.7516338	5.456627
11.310823	3.0416026	6.731142
2.263703	5.554131	5.704967
9.388587	6.6753306	3.746949
10.329174	1.8095567	4.116909
2.9788194	5.1317887	4.870513
2.4054523	5.6025567	5.348356
12.5089445	7.5753827	6.034745
10.207828	7.088821	4.2842937
10.829631	6.907899	4.0685163
13.166196	3.513284	5.160259
1.7300694	4.364337	5.7658
10.901471	4.4031835	6.766449
11.037939	7.4886107	3.303102
3.0361965	6.4898005	5.010763
7.8365784	7.415084	5.6322775
2.5596414	5.7744837	4.4734187
8.113141	5.9603176	6.1324954
11.741393	3.974627	4.4362698
10.233305	5.475751	2.8170543
-0.5464389	5.7785387	5.267135
3.6215985	4.5531673	5.641832
11.362356	8.543387	5.3865495
11.01482	4.5578628	6.550681
10.42955	7.7390976	6.316989
0.067271024	4.730617	5.8459463
2.8891163	6.1226125	5.4315405
9.022	3.7970295	4.114018
8.8473015	2.4645426	5.082731
12.230517	5.5209546	6.915401
12.606859	7.838221	6.1187706
12.254365	3.2129073	5.142077
12.233164	2.3032813	5.259066
11.095433	4.8312044	6.602648
10.764542	6.09101	2.3119476
13.396745	6.446522	5.7393775
8.644418	7.369463	5.425391
9.959559	5.02085	7.3343554
9.676508	8.7044735	5.006847
3.0416036	5.5556035	5.594614
11.530618	4.3585486	5.848699
10.75666	2.079127	4.4755883
10.968083	5.193427	3.0331774
9.555956	4.748701	4.6460347
9.017295	7.6936274	6.2885423
13.121395	6.736132	5.39076
2.491063	4.469369	6.2602487
12.128961	6.368538	3.507688
8.374753	7.0573783	5.5868773
12.401364	8.342383	5.387314
7.938938	7.606448	5.7400055
8.574331	6.9934077	5.477301
8.458735	5.6192765	6.2115664
12.499548	6.1974864	5.5614886
10.7496805	7.9246845	3.2490878
9.599096	2.946145	4.120304
12.432741	4.4616966	4.025318
10.236568	3.5205207	3.7079325
11.385401	6.574705	4.6870327
2.479294	6.510586	5.260994
9.335972	3.5946088	5.858665
10.038718	1.7134174	4.431846
11.184041	4.4055595	2.8369517
13.087784	7.3846836	5.7203937
13.467273	6.5732913	5.7657866
11.002808	6.6846223	2.51252
7.7415447	4.6779017	5.0772014
10.6753845	2.8037586	3.138778
-0.7231889	5.2175837	5.730756
1.8891814	4.372805	5.367352
9.819532	8.734524	5.1295137
11.342692	7.0577574	5.9621425
11.704002	4.0275445	5.9772787
11.225228	3.629572	7.433289
7.708959	4.974472	5.2668333
10.955514	5.0141354	2.5160456
10.607743	7.8276134	3.1605868
3.1386988	5.544445	6.8997645
12.79015	3.5816336	5.571689
11.213627	8.651179	5.261703
8.585867	5.451251	4.2223635
8.575047	6.994771	5.556119
11.48938	4.087842	3.252232
11.5153475	6.628035	4.502123
-0.80136925	4.974866	5.127398
0.44805145	4.706316	5.443417
10.173458	8.482271	6.9516473
9.650106	8.199424	4.849025
9.168804	4.2601414	6.5816383
3.4640362	4.504513	5.53042
12.541561	5.794537	6.584252
12.522204	5.882121	4.0274463
11.671075	6.219005	7.6067224
9.323583	5.511382	6.797247
2.2075937	6.131691	6.266914
12.644413	8.254661	5.609822
11.762569	6.921441	4.4610596
1.6723995	4.4162736	5.8070683
9.608671	8.215033	4.900096
11.211847	8.530172	4.6563416
8.965799	8.742055	5.5731125
10.282925	2.2261157	5.816131
10.5935	5.957938	7.096068
11.212611	1.6397281	5.556356
10.9046755	6.7803574	2.475333
11.811954	4.0716343	3.594258
8.548016	8.538769	5.7840257
9.663642	3.262464	7.3648925
9.194513	2.385402	4.7142
10.945818	3.877376	7.496345
10.385902	1.865077	4.153194
11.102926	7.063772	3.1191316
11.810526	1.8959349	5.206149
11.473007	5.5975356	4.8204494
10.579496	1.9693595	3.8101766
10.715806	4.5120645	5.333326
8.637934	8.397936	5.629349
12.086177	5.692233	7.2626185
2.1054852	4.6549797	5.776938
10.860543	5.4804745	3.066092
3.2492535	5.2892327	6.235946
8.420479	6.7020884	5.094946
11.0989	2.0937436	6.51085
13.151722	6.730249	5.3703513
10.896675	1.4586645	5.762877
11.242202	4.3398314	3.3279154
11.182151	4.561078	3.2521682
8.293673	7.1089983	5.2965827
11.660458	5.096989	6.072559
11.705921	3.122667	3.9751246
10.304569	3.7988849	4.431975
13.556719	5.7463055	5.633175
3.9823923	5.28153	5.552496
7.8704696	4.229531	4.956218
10.887228	4.5492105	2.4839914
11.107727	7.2111297	3.03203
10.943725	4.2923427	2.6051068
2.5050428	5.543065	5.429373
11.017497	8.593759	4.191898
10.949366	2.7281592	3.3286712
11.749725	1.8851727	5.205744
9.593024	7.1319904	4.0728703
10.879022	4.0543427	7.053644
2.1382406	5.182813	4.8599524
10.388522	3.5079255	6.0799046
12.486312	4.428411	6.332331
9.167064	8.3665695	4.961035
2.8201501	6.269341	5.562817
11.48874	7.690065	6.8657413
9.699122	1.9148837	6.0245976
11.0884495	2.8287406	3.5225248
10.484507	1.5516698	4.674098
11.827753	3.6580653	5.5183134
10.474134	7.0422287	7.9467783
-0.25308263	5.628085	5.905133
8.219776	4.7200856	4.86359
10.920755	5.49671	3.315264
8.084276	3.6551895	5.248163
11.058071	6.068056	2.4505913
8.748561	7.0968847	5.616779
9.302007	2.0525284	4.971219
7.9664526	5.8780847	5.0947523
3.1028085	5.7993383	6.7865157
10.161257	5.19766	2.8883433
10.950032	6.9046707	2.58351
-0.50291413	5.9317455	5.245154
10.653896	4.63437	8.239062
10.388892	6.3040705	7.5885353
-0.28341138	4.4409747	5.5896187
10.821343	6.240384	2.3351243
10.493128	6.507432	7.9184227
2.4514759	5.6716166	5.2978897
9.957856	3.5469935	4.0104523
9.981939	5.8162537	6.791686
-0.9424413	5.4931855	5.64403
3.1875105	5.6488156	6.8755927
12.787947	7.290522	5.7383304
11.040689	4.0158195	7.7524414
10.448162	6.7930245	3.2331724
8.72854	6.066651	6.4129763
10.887166	3.5538533	2.7227306
10.888942	5.797425	8.291649
10.917344	3.2250705	2.9707918
1.8541785	4.2926426	5.495749
11.815573	6.0460124	3.3127735
9.5481	6.1146784	4.8768425
10.597657	2.8520179	3.146323
3.3037002	6.3346567	5.480961
10.486988	6.494538	8.050014
8.935742	3.863476	4.078974
9.486525	1.9976592	5.788836
10.696141	5.6870193	2.2861195
9.055606	4.546377	6.2557054
9.877819	6.132364	3.2985094
10.227056	5.1328115	3.2853324
11.322154	1.7194238	5.846985
11.079323	4.08141	4.5061493
8.148634	4.624605	5.6301613
11.559264	6.9895954	5.679434
8.272285	3.8651888	4.6812444
11.022236	8.4938135	4.0638194
11.066643	1.9144049	4.485607
-0.7592728	5.142849	5.1375265
9.908282	4.368241	7.705855
9.566638	7.2866907	6.721614
10.427058	5.188607	7.9980383
10.461167	7.0196223	8.158846
8.297414	4.146801	4.87786
10.699582	2.857216	3.8732567
9.059062	8.249761	5.777831
3.0361283	5.172417	4.9042172
13.476388	6.0691323	5.655045
12.210171	7.6378393	5.717474
10.169127	3.064952	5.768962
9.8004675	6.4242296	6.134325
8.900764	3.9769037	4.0610347
9.677691	5.0818925	6.9910393
12.242281	5.3741517	6.676181
10.635113	2.152105	5.7734747
11.242449	3.8052828	3.1478052
2.4892578	6.6183677	5.5320086
10.407694	7.2738853	4.175342
10.615476	4.8338346	6.4053116
9.536316	5.7509375	6.77571
1.8636832	5.1830907	5.0161166
11.062094	7.880612	6.400179
10.684484	4.655543	7.927203
7.733999	5.80038	5.154408
10.48379	7.8401003	7.7539268
11.7782135	3.594818	4.376073
10.129862	8.26892	7.024445
11.398229	2.0669706	6.3120656
10.343206	8.306589	5.541314
12.296028	4.1971655	6.3057013
0.07457577	5.151463	4.9988165
2.546257	4.2043896	4.9892097
11.05518	4.4376493	6.6027303
10.624278	3.4078593	7.871639
11.443703	3.4819803	7.0878596
11.926419	5.5484953	5.3370323
10.877085	7.3119345	5.562817
10.745689	6.121404	3.8002458
10.781718	5.89562	8.392935
10.265565	3.3163974	3.7253242
2.7593145	4.7325826	6.430418
-0.79287255	5.438642	5.306946
10.938224	3.3946562	6.699021
11.145727	8.618166	4.8131647
10.480114	4.506852	8.273949
10.526737	5.2551064	6.407664
12.39258	7.4225397	5.970362
8.498266	7.8555584	5.5127406
12.005174	5.5528336	4.931436
12.053106	4.0728407	5.6566157
11.959106	5.209176	5.808281
11.638054	6.2174883	7.689398
9.349848	7.164635	3.9773333
9.343774	5.455232	3.5655704
9.974598	6.907689	5.5175567
10.543467	8.217647	3.5610216
11.8413925	5.98645	7.546006
8.134697	5.9973245	5.3211884
9.423654	2.1445343	6.055503
9.745092	1.6705292	4.7417054
3.2634635	5.5991135	5.8094506
11.1638975	5.3450747	3.4508734
10.930411	4.307538	2.6385102
3.2982404	5.342456	5.723204
11.69819	5.342152	3.2117033
11.534531	7.932961	6.879315
11.020654	6.0309525	2.406534
11.574324	3.8872094	4.374519
12.574401	7.873162	6.1723576
10.209633	4.2150626	7.8405848
10.7944975	6.3805614	8.156034
10.352182	3.8219876	8.121606
11.468019	3.9234295	4.410748
2.9150627	5.3063602	6.542415
10.591254	5.7590566	2.5999117
8.713171	6.0852075	6.472726
13.27181	4.8399234	5.5405984
9.831157	1.7036173	5.8195734
10.175087	4.0209494	7.7131696
10.350692	7.1876135	7.2586293
9.095229	4.690358	4.8915033
2.8457897	5.246131	6.709797
12.013233	7.1807675	4.692426
-0.18250819	4.808322	5.7030473
11.100941	1.8498785	6.4747825
11.442754	5.3105946	3.3853393
2.8555353	4.9311023	6.5247855
2.0187745	4.559455	5.1649446
11.389988	5.4368525	2.782267
10.326661	6.4320254	8.109028
10.056534	5.59671	6.8315406
9.469754	6.029746	4.8371377
10.667536	8.362148	3.6799557
12.415147	4.277032	6.66128
9.686495	6.2977014	3.2763574
12.95476	3.9774568	5.731002
3.4979198	4.574425	5.8759174
12.282828	3.8882	4.4294133
12.830966	3.948466	6.0046005
9.794649	6.5565495	3.5843773
11.206765	8.721722	4.8278193
1.8863966	4.3151364	5.5404377
10.390004	4.1282787	7.749863
10.244717	4.893523	5.5036206
2.5753431	5.9970884	5.8735857
10.22783	5.8031535	8.229075
12.58857	8.2662325	5.500803
10.589888	1.4438336	5.9404483
10.588958	1.633596	4.4055867
-0.42394304	4.444317	5.6168737
8.800133	7.4628434	6.746672
2.4623556	4.5845265	4.6495843
10.543748	1.6581341	4.2117925
9.417646	6.931285	3.8384438
7.8907933	5.9222608	5.0453796
8.674672	2.887005	5.295355
8.757021	3.2541046	4.440018
10.4088335	2.9978595	6.932239
8.880441	5.570486	3.9699097
11.114414	4.284008	2.7275677
9.659063	6.7077293	3.9502532
10.555135	1.7617456	4.0134497
10.382884	3.4396346	3.5978045
10.564425	2.5976071	5.6698503
13.483872	4.7277517	5.7630506
2.3270376	4.746525	6.314116
13.293723	7.0430446	5.785925
9.562714	1.875402	4.9168496
8.467069	5.425107	5.711204
10.592297	7.1095004	2.7418227
-0.86381996	5.570346	5.4717355
10.891599	4.3415475	2.553274
12.220437	6.6634016	3.8968258
9.416517	1.8910623	5.0636134
10.324437	1.686379	4.3387313
11.519144	7.1682043	7.158929
12.205603	6.1829324	5.0699224
12.4866705	7.6647496	5.7367516
3.0544367	4.327876	5.812596
12.329585	6.674026	6.3850713
-0.7747361	5.6100016	5.368858
10.920242	5.82673	8.397836
11.280286	6.5899777	3.262903
2.5039177	5.630793	5.5559273
12.067705	2.1721308	4.963048
9.3384695	8.1571665	5.6017003
10.618031	3.6306849	7.9134254
11.971444	6.1492863	7.387297
9.727128	1.8181398	5.9010463
11.647929	3.6064577	3.8369389
9.213652	8.104358	6.339676
13.248588	4.685811	5.557101
2.608544	6.488754	5.7566853
8.588973	5.081005	4.2312956
10.05768	1.6218197	5.9992914
10.05744	7.264536	3.2022326
12.071923	3.9925785	6.0037394
9.015414	6.754444	5.720649
-0.21615289	5.0835423	4.9644046
10.755541	1.8872746	6.461173
8.599078	5.5342593	4.157333
9.631778	8.801602	5.0510406
8.597649	6.430215	6.3231263
2.5061922	5.4792867	4.479314
9.330658	7.717545	5.291383
10.58119	5.966024	8.335406
11.575802	5.824017	7.577576
11.743665	2.765664	6.481428
11.547133	6.0382557	6.915693
10.662494	7.444812	3.9140618
3.522936	4.5655823	5.7932997
-0.572865	5.7645326	5.6413364
13.356085	5.0221634	5.774974
9.894778	3.5063248	7.698108
10.836498	7.287408	3.1778393
9.032584	4.7198067	6.2600427
2.357723	6.281145	5.248998
10.063206	4.816845	5.7935963
12.666833	4.691219	6.1660256
8.878594	6.9809203	5.7923517
10.414598	6.3221097	7.83037
9.959645	1.6890161	5.504962
10.15456	2.3844368	6.720753
10.835514	7.6754403	7.645666
12.527547	4.541102	6.313523
9.342663	4.52077	3.7230785
10.612029	3.0589406	3.4489386
2.4257183	4.339991	5.172777
10.770633	1.7991678	4.552249
2.5186899	5.145257	6.0802994
11.746017	3.697465	7.033519
3.0598052	4.6317844	5.2447257
11.701588	5.355923	3.33404
3.820067	5.56109	5.5500765
10.408615	8.632613	7.001002
0.19623815	4.405937	5.530361
9.328826	7.555014	6.7938466
10.628272	7.398087	3.1236942
12.991991	3.4388585	4.9995995
3.1762264	5.622966	6.7872853
-0.064854585	5.089337	5.9536633
12.07528	5.9020667	7.2470384
11.663798	8.324668	6.4506264
-0.7692037	5.287657	5.9004173
2.2924407	6.0609303	5.5000453
10.321316	4.977442	3.426123
10.549903	2.1550107	5.825574
9.116135	4.6845484	6.8723245
10.797708	7.6247053	3.5978518
9.2657795	2.0816853	4.8903627
11.096116	3.3053918	3.2280595
2.0190444	5.1512604	5.2677016
11.153651	3.100361	5.2870655
12.26191	3.6273582	4.31253
12.606514	4.467838	4.218407
9.908134	2.5419402	5.121414
9.063084	3.250245	5.798532
12.868131	7.1091695	5.78885
10.3449335	2.247172	5.571451
10.853451	1.7384679	6.5682335
11.95979	3.8932815	3.868857
9.762108	7.2243614	7.259325
7.789389	4.679813	4.911492
9.729856	4.1047163	7.4733624
12.320177	5.6504235	6.7219667
11.50453	1.91643	6.033223
11.453975	6.2487636	7.8611407
8.900052	6.1543064	4.9143605
10.011572	4.0884533	6.4471807
11.0016985	7.272886	4.751581
9.703857	2.1406624	6.23755
10.843783	7.8026514	3.1360219
10.681403	5.63625	8.194721
13.435023	5.0126185	5.398559
9.505721	5.378721	6.6428347
11.469409	5.0245256	3.0864935
8.313941	7.847432	5.5736694
3.3138912	4.5807633	6.325944
11.359076	3.7165718	3.2711115
2.022272	6.4064455	6.1640563
10.914256	3.639489	6.522149
12.012928	7.2765684	5.3424067
10.691239	8.349758	5.395007
10.851101	4.430102	2.5474703
2.7234683	5.6976166	6.436675
11.066854	2.7764006	5.572396
11.974264	6.314486	7.351945
9.809107	5.922815	6.232803
13.078025	6.438288	5.202647
7.982156	3.9230053	4.787438
10.013306	1.7055243	6.10994
12.06237	6.52851	5.8445196
11.487408	1.7587589	5.317363
10.417077	4.236194	7.8135104
4.1058683	6.282775	5.4251957
13.567908	6.0018506	5.7728395
10.536534	8.659798	6.9498816
10.087704	7.6007915	3.4852505
12.860906	3.9185796	5.9294524
9.33896	5.676182	4.4170756
1.9115719	5.998952	5.7740297
10.965192	2.341448	3.8738554
11.596365	2.6861677	6.6821394
9.034067	4.018739	3.935314
11.029189	1.8833549	4.605735
10.966719	5.8039865	3.9968565
11.561747	4.8261194	3.1283813
10.377463	2.0199764	5.7839394
3.8527439	5.6187687	5.483421
10.306501	6.7898755	7.8214407
10.599865	5.8285055	8.393946
10.163973	4.05702	8.0310135
1.9505935	6.321826	6.143123
10.923417	6.6740813	4.0423093
10.790397	6.576999	3.974176
11.227581	3.9049087	4.5578904
2.609095	5.7501116	4.4514613
11.4839325	7.82149	6.8609924
11.130565	4.2387953	2.8354235
10.610523	8.60882	6.751653
11.1801195	4.238326	2.853394
12.603519	5.572128	6.4803057
8.337426	3.8345058	4.6857996
9.481478	6.276672	3.5244775
11.252575	1.7945603	5.546742
8.153906	4.0011144	5.3889413
11.330151	2.7802227	5.8747582
9.137399	5.390653	6.741371
8.283126	7.2656097	5.567915
1.9326475	6.3879704	6.1930394
10.667936	1.6342814	4.522623
11.921821	8.521025	5.35593
11.538888	6.2422485	4.5162964
10.27869	3.3096423	6.22878
9.443621	5.730992	4.4584203
10.16423	6.1267514	3.1097047
12.164919	3.830574	4.077124
-0.51778924	5.2406282	5.9565263
11.604624	4.0509233	3.435775
12.728953	4.52927	4.271766
12.061416	3.7783813	5.3349233
10.924677	2.7299342	3.2018955
9.2475	5.9349694	5.211616
11.90813	6.547021	3.5622787
2.8382926	5.894719	4.6656
7.8984976	7.5945063	5.770914
10.715711	6.3132024	2.3546891
12.025368	4.3276715	7.1212335
11.394853	7.2243285	6.5801525
9.860037	2.8804603	3.941079
8.263006	3.3243444	4.812236
11.206752	3.2046936	6.768124
11.740161	7.601483	4.087973
9.916967	7.547267	7.634798
11.137322	5.971616	8.190162
9.436382	7.712251	6.988097
9.0919075	3.2923791	4.438477
-0.7007102	5.1167307	5.2030826
13.168594	5.034282	5.6647882
12.131794	7.3227396	4.1429214
11.692252	5.003957	6.0753336
9.05954	4.554373	5.8124323
11.856823	6.9199314	3.5081396
12.626057	7.5436335	5.7360215
12.365999	3.838503	6.5336313
11.979745	5.6446185	5.165608
12.750964	3.126321	4.9501667
10.452629	1.751269	4.1015954
9.046722	6.097948	5.0288043
-0.55360186	5.2864947	5.212259
7.8294067	5.638473	5.4324765
0.05264019	4.536264	5.710464
9.033348	3.9039712	5.478235
10.569235	1.432848	5.9874926
10.1707945	7.836876	7.6749825
9.330359	2.6244154	5.964692
10.458659	7.902798	3.5611238
12.113394	7.611426	4.612732
13.138632	3.427829	5.218962
10.364687	2.6356254	6.3824143
9.718555	6.5037727	3.4030302
10.884542	3.7513032	2.6268597
8.213294	5.408956	5.931192
2.6173434	5.0394535	4.7606225
11.728665	1.8930341	5.2778206
10.548201	1.4385056	6.0344725
-0.07956981	5.2329845	4.9706454
11.174554	4.421788	3.1777427
0.04091707	5.0610046	5.92594
2.9831018	5.782297	6.677896
-0.8020642	5.509725	5.876488
10.617299	4.430732	6.8689785
10.23453	4.5692067	4.905611
2.597413	6.077618	5.855753
3.1324904	4.3506384	5.7464213
2.5012867	5.6925054	4.5240707
10.402295	6.7190704	7.025447
9.124281	6.7872458	7.343215
9.82805	1.7988324	4.8768344
9.219926	3.743746	4.0507746
9.307342	3.3500557	5.141849
8.825888	5.384669	6.427566
9.218603	6.5688906	7.3846903
12.654939	8.232037	5.647094
10.902196	4.4477696	2.4614882
8.760969	4.4663386	5.0470805
8.85199	7.5856147	5.347959
11.293568	6.4720798	4.5773396
2.6223912	6.4873314	5.335011
10.690659	5.9737463	7.0143905
11.122613	2.9993846	3.2960823
11.074907	2.6690307	5.4998
11.275588	1.9095781	6.377781
12.682746	6.9788527	6.156807
12.670833	8.214406	5.588409
11.876475	8.561487	5.425295
-1.0080534	5.3026166	5.8310356
4.113354	6.3036666	5.432709
9.505668	4.2142744	3.9779165
9.021624	2.749419	4.4333467
12.005908	7.301451	5.541621
13.486217	6.2990985	5.8792934
2.6328177	5.5713897	4.542039
12.314642	6.712812	4.039687
10.494848	5.862861	7.6139297
12.603696	7.602038	5.645761
11.815893	8.274065	4.9591002
11.621457	6.15966	7.738867
10.846813	7.284634	3.9354973
3.8170078	5.7650366	5.920024
11.878291	4.1750383	4.252192
10.115954	7.0665774	4.7233067
9.071863	2.615409	4.4672303
11.969975	7.50451	5.7039194
11.484017	2.8091786	5.784789
10.489534	5.6726007	7.8908777
8.928801	2.7350674	5.704507
9.926862	6.457804	6.035752
-0.043036085	5.254283	5.3969097
10.895456	2.6143608	3.2453303
12.23754	6.7634764	3.9569905
9.969304	4.0576053	3.8979604
10.457097	7.423083	2.930998
11.561614	5.061386	7.1032615
2.75222	5.7598557	4.5462704
10.806191	3.0948062	7.554518
10.211902	3.7259903	6.096647
12.382503	4.116766	6.4197135
7.8615885	7.4410033	5.6442294
11.480966	8.554806	5.1482415
11.392581	3.6406636	3.339641
11.277669	7.7415476	6.893654
10.320947	1.7638214	4.7252274
11.066588	2.8478506	3.4989436
12.948315	3.249737	5.16232
9.663278	2.2061205	5.4293203
9.14611	2.5207725	4.4758887
11.053115	6.510118	4.0673223
2.4427247	5.56852	5.5671644
8.131564	5.5159497	5.923694
3.0938983	5.934473	5.8695674
10.617491	6.116908	2.3987756
11.675113	6.920115	4.565156
13.078095	5.073932	4.684417
11.490782	3.0770042	3.758052
11.694668	7.599717	3.9293718
8.156308	3.9273672	4.6950607
10.873688	3.4669464	3.2435122
7.6781855	4.927442	5.2967005
11.435533	3.2293599	4.7403
11.114002	4.186566	5.7849793
11.632534	6.1988573	7.709829
10.694087	6.4082103	2.380064
0.07257729	4.582713	5.2638097
9.444802	4.1571503	7.3006325
10.921227	7.490349	5.303448
11.583744	6.1791024	7.662934
9.580328	8.791644	5.123273
10.629585	7.7509155	3.081162
9.828317	7.4904656	7.1975737
11.295911	2.8808942	3.49447
8.276081	7.1958575	5.3754735
10.196205	5.621775	3.2041037
0.52898794	4.955462	5.1420965
9.955472	5.504839	7.07479
4.1358867	6.217991	5.444911
11.869787	6.591761	3.5518768
11.630341	3.3624835	4.5204186
-0.65831625	5.507846	5.7784886
2.02835	4.6541104	6.144578
7.749674	5.3754964	5.2115893
2.6476367	5.003556	6.537544
10.541964	4.783717	5.4014173
-0.96623164	5.2726502	5.9052157
2.1236806	4.6069565	5.093529
11.112171	8.64799	4.7664657
12.190472	2.089745	5.018098
1.8758879	4.316289	5.552457
11.036739	6.4857025	2.4474223
9.688111	6.80432	3.8080952
11.1075735	5.5510354	4.0137177
-0.8670845	4.760394	5.1087527
10.819744	6.692918	4.0209312
3.2005293	5.0377045	6.3804092
11.789139	8.312687	5.240496
12.823662	7.0888033	5.240534
11.9165535	7.437034	4.369802
2.1134908	4.718231	5.581577
12.932427	4.9795704	6.0379786
12.617905	4.730086	4.240014
10.105422	2.5316505	6.8197074
10.989073	6.4919386	4.017149
10.260108	3.8419697	6.952325
-0.30323058	5.5584435	5.325724
10.215529	3.3250105	3.7469614
9.992579	8.316924	7.0326605
9.611276	2.8472846	6.070654
12.028739	6.0175834	5.600209
8.299763	7.0970054	5.9510303
9.907915	3.9518216	6.7635555
11.66257	7.38842	3.9196393
10.341756	2.5707743	6.3137717
9.676015	8.471914	4.7917395
12.975963	6.243942	5.054658
10.739783	3.831166	7.6850348
9.033637	4.6907263	4.9477887
10.352791	7.2268877	4.18635
12.244146	3.8183625	4.8232994
12.567988	3.5253096	4.690841
12.879923	4.753681	4.4025354
12.107406	2.977222	4.9366097
9.315685	8.34374	6.1693654
3.5057693	4.70647	5.9634056
9.232211	7.366195	4.755254
7.8737626	5.626035	5.302589
12.221557	3.1652546	5.20052
-0.02047939	5.3385634	5.138897
10.62486	6.4512815	8.438317
13.368219	5.347442	5.9729495
2.969592	6.2551436	6.376375
11.436205	7.9024425	7.048823
2.7219033	6.3397655	5.379949
11.550552	3.7671607	7.194835
9.107096	3.1417687	4.281495
7.798823	3.9542518	5.0086775
10.707241	5.9497437	7.034374
10.437452	7.1639743	2.8230922
11.771113	1.8535084	5.2633915
10.533613	5.6982546	6.840918
11.484804	5.229219	7.058881
0.1230714	5.0948696	5.1105185
12.365061	7.2462735	4.882963
8.042655	5.8560796	4.8785415
11.534397	8.140383	6.645674
11.071369	5.116063	2.8091412
11.619875	7.8953185	6.362911
8.471774	8.328783	5.950826
9.863378	7.4511156	3.9442658
9.603119	2.3782516	5.9292946
0.1858397	5.2720428	5.563701
11.794898	4.2700667	6.0031557
2.0187426	5.7989945	4.897123
2.9308867	6.1103797	5.443646
-0.15590549	4.560051	5.77647
3.4632227	5.272356	5.6752133
2.4376466	4.1402936	5.113716
10.251881	8.138523	7.18018
8.934616	3.9659822	4.324755
7.8865275	5.0099587	4.955676
11.26336	4.968958	3.1911771
-0.647261	5.641261	5.5182953
10.581317	1.4507645	5.2746835
3.041047	5.3485217	5.6305404
-0.52250177	4.984473	5.0388184
9.40699	4.5030203	3.7718601
11.221138	8.545326	4.723149
11.517458	3.4883358	3.4888272
12.303082	7.326849	4.345896
10.49393	6.4556904	7.7509775
11.933996	8.207684	4.595374
10.34813	3.672237	8.042873
2.8250062	4.737113	5.3158073
-0.50171524	5.7419095	5.236742
8.2477865	6.07614	5.045341
9.753797	1.8458455	5.3509626
8.925889	3.783611	5.541422
9.668215	6.365586	3.3506863
9.942305	7.2578473	5.3677115
10.983829	4.4846463	3.3446188
2.572555	4.2077546	4.9826307
10.514314	6.9875493	4.0385594
10.719973	2.0557535	6.886141
10.827384	2.156416	3.656168
10.669109	1.3933786	5.8734846
9.566287	7.2272415	7.234773
8.199423	5.7427807	6.3209524
9.75981	5.2063475	3.4737198
9.11177	8.18231	6.2206764
-0.76023656	5.3915095	5.929693
3.363217	6.4740014	5.5802956
9.054853	2.5092962	4.8702245
9.476724	4.8080173	3.7011657
12.016706	2.0956185	5.273993
11.360197	5.2913847	3.7228305
9.969938	4.7847753	7.0932636
9.505286	6.4432487	6.4081063
13.537647	5.5352874	5.522381
9.12773	6.7630835	7.3431787
11.932998	7.1571007	3.985658
10.496162	8.662472	6.9601307
12.807578	4.6440015	4.4925957
8.787516	3.323024	4.44945
8.850154	5.7121153	4.2733946
12.643703	3.4298058	5.5461435
2.496346	6.5984273	5.8368406
9.991797	4.2835264	6.41852
11.259222	4.070189	5.678111
12.298074	4.1893396	4.8115354
8.609671	6.9790154	6.5622354
9.701251	4.429116	7.7070827
8.943955	3.8906224	4.1173286
10.482509	8.554859	7.1098714
-0.23292196	4.510505	5.391006
3.17016	5.292782	6.389019
9.306784	7.2500877	4.7405734
9.3509865	1.9949352	4.921156
10.223345	6.613684	4.4374366
9.95194	2.1572604	6.400378
9.676617	7.173539	7.592163
9.001139	2.6737566	5.7369413
12.519156	6.8066707	4.585091
10.367534	7.7673144	7.7105227
10.305282	7.287914	2.9651892
3.5826287	5.531172	6.1146207
10.096606	4.2740207	7.7886863
11.193162	4.057643	5.7123337
10.892915	7.9566746	6.3455276
2.008791	4.7341523	5.10508
12.893972	3.0199347	5.3237658
10.388737	6.7369432	2.7450614
11.3216095	3.8415935	4.6932964
9.0208845	3.3675807	4.2191772
9.278723	2.591334	4.489922
11.6039	4.108368	3.3614926
9.74263	5.256965	3.3571036
12.140713	5.9229116	7.210268
10.5203	7.1056476	7.9180484
8.186918	6.104374	6.27882
12.820608	4.771892	4.30401
10.009993	4.8497844	5.945261
11.445135	6.923186	6.854832
3.1487188	6.2983027	6.149923
10.662056	6.0950727	2.442569
10.091914	3.942806	7.964785
12.589558	3.1992388	4.9330974
9.649083	1.8995895	5.9279714
13.376212	6.8334355	5.797615
12.819547	7.0640383	5.9725595
9.381794	6.2839227	6.9018836
-0.45869464	4.9734063	5.5811415
10.679869	8.036155	7.2433515
8.98524	4.5713644	5.9181213
11.143156	7.408322	3.518356
8.674589	5.343298	4.317423
11.480327	3.7258718	7.241552
10.209805	6.179573	8.137544
8.503496	5.8281984	4.435803
13.52727	6.2082996	5.815878
10.615543	5.867508	7.0191636
13.484601	5.4720135	5.4806967
10.880319	8.512176	3.923387
9.305393	7.836664	6.6378846
10.192492	6.854778	7.8169875
12.472437	5.889093	4.0269566
10.888882	7.4599533	6.528909
10.261955	6.4046974	8.148773
9.333627	5.761408	5.761963
12.300845	4.508812	6.8254905
2.5453186	5.4142323	4.534114
9.96358	1.582228	4.674725
7.7372994	5.8054175	5.1651626
-0.12659112	4.965974	5.011183
11.205651	8.56768	4.6607194
12.266355	5.4074817	6.6865635
12.051812	2.973166	4.9803185
10.126681	4.941682	5.164504
12.13197	3.0885274	5.0396414
-0.27599555	5.623009	5.7581325
3.921916	5.509362	5.5194554
-0.6960329	5.3343406	5.2206445
10.693071	3.5081892	6.360358
1.9005187	6.020476	5.790755
10.07326	2.1680157	5.5062585
12.417068	6.755551	4.899533
1.9911702	6.1355643	5.8308496
2.918403	5.74988	6.661117
2.513328	5.5208416	4.5254745
9.994434	6.311049	6.147021
11.944849	8.430739	4.8316755
11.838171	4.4985104	7.340495
10.237231	5.9090548	3.0813162
10.887711	2.873018	5.404392
9.0315	3.3021724	5.714499
9.632826	5.5626264	6.747091
9.352438	7.648748	4.7394004
10.847217	4.672643	2.6225755
11.713815	5.090679	6.1591096
10.822973	4.758841	3.3357005
8.487267	4.2108645	4.8784213
9.411914	6.164282	4.9237194
9.019475	2.2505188	4.9203844
12.297104	6.845364	4.880753
12.176054	3.8489652	4.0457354
11.428301	6.9860835	6.8182044
9.494705	2.0461187	5.872853
10.425195	6.5341167	7.8580623
11.388391	6.9749045	4.437918
11.340603	6.5476165	4.7924495
11.695068	3.7539358	4.0303893
3.0622966	5.42049	6.563159
11.9405155	2.9738877	4.768282
10.927326	5.2246404	3.151983
8.73362	7.5535526	5.133163
11.503273	7.043737	5.696378
9.225483	5.1001134	6.887234
9.017186	3.2693841	4.2799296
11.782221	6.989074	3.5207984
-0.59781724	5.1191654	5.762954
11.94521	1.9580263	5.06891
9.458622	7.075149	3.859074
8.33134	5.1582417	6.045889
11.725275	8.062474	6.5583243
2.269625	4.416805	5.9385085
10.159026	1.5596119	4.590831
10.44782	5.942076	8.279735
3.0144205	5.56278	5.6904993
9.797451	1.7174046	5.8483906
10.393854	3.1741867	7.7003994
10.764843	8.750759	6.4946375
8.738982	4.242551	5.6810603
10.80159	7.4135685	2.818182
9.084562	3.6717255	5.512951
10.494311	1.9511453	3.8795593
9.170046	4.816431	3.6914725
11.11978	5.3125873	3.4367702
11.105456	3.9199705	7.6807666
13.429561	5.3765254	5.451922
-0.58967036	5.168925	5.6278048
12.456472	4.7275505	4.258172
9.05286	2.7178397	4.4068646
3.8905625	5.7597923	5.7258677
10.366302	1.9874002	3.9065814
10.35884	1.4906011	6.0798306
3.1802588	6.057632	5.0958815
10.947096	5.89121	8.315707
11.935272	5.594792	5.3394012
11.151044	2.8173254	3.3949347
9.045452	3.7477705	4.251096
12.507768	4.642619	4.2940383
11.3404255	1.9902278	6.351599
-0.25625277	4.463572	5.610401
2.4507837	5.917802	4.66344
2.4826455	6.6356473	5.394527
11.0659	4.653397	3.1581926
11.289528	6.4052963	7.925975
11.2819395	1.7139021	5.708695
9.717696	7.0048685	7.1972947
2.2321424	4.745974	5.6023164
-0.6263338	5.1345468	5.6597815
11.526758	5.006857	3.1258683
10.593565	7.70152	3.2690187
2.7226508	4.683485	5.4022875
10.396343	6.483624	8.085041
12.616787	4.529385	4.256352
7.7986007	4.87072	4.979934
12.655851	4.617754	6.1741157
3.5978765	4.564684	5.718721
0.078540966	5.3456483	5.540481
11.277579	5.527757	2.6780648
9.360067	5.937238	7.162992
2.9763303	5.449321	5.7426295
9.640757	6.72122	6.140631
12.577135	7.1174264	4.9853573
11.24856	3.0980604	3.4154263
10.317191	6.97217	7.823034
8.34033	2.8775828	5.04968
-0.7763124	5.1344786	5.3628144
10.31538	6.766951	7.1304026
11.476818	1.7841476	5.2331862
9.271932	5.7310963	6.8078012
9.991129	3.9384928	7.6693854
2.767338	4.9144263	4.696994
10.478672	7.8886356	7.68409
11.095475	4.116647	2.8735843
8.042367	3.3908365	5.092796
9.77186	5.2827168	7.0356736
13.3628845	6.6438417	5.58881
2.914484	5.0207057	4.9718695
12.4734125	7.698648	5.881508
10.8939085	6.025404	8.387285
11.135619	1.6977475	4.9764676
0.07971434	4.826436	5.1235914
10.693721	4.015288	7.188336
11.759963	6.3228483	3.427546
10.652456	1.5849054	4.5875
10.882077	8.842493	6.353111
12.0585	6.141926	7.3130946
-0.7203755	4.892108	5.498024
8.182894	7.899118	5.8974104
9.4933605	8.822891	5.2417207
9.222462	7.5252457	5.171422
10.10166	7.474066	5.4733334
11.666175	5.6864653	3.279038
10.021161	4.86112	4.9206653
12.649879	4.4463005	4.2109585
10.5144615	3.2000093	7.076708
11.169551	3.3835416	6.8052907
12.372359	2.6402466	5.3252373
9.357458	5.1491346	3.506548
10.2256155	2.3515155	3.7856002
10.324473	6.1507483	7.777518
2.9593527	5.3847027	5.76065
9.993997	5.704072	6.848823
10.937308	4.2918425	2.475331
9.499134	8.889024	5.4064903
12.065835	8.326577	4.826074
12.385429	2.7431877	5.6461115
2.5961099	5.350047	6.4473624
11.19526	4.0337286	5.6158843
12.082221	3.4732234	4.2686896
12.599225	2.7645407	5.172298
9.166379	6.455009	7.2662787
9.406516	3.59839	5.882429
-0.9593705	5.173436	5.444007
9.996501	7.1860595	7.8179474
11.649186	8.301185	6.4777985
11.070254	3.4957788	3.1347444
9.723019	6.338025	6.1246347
12.599257	7.375763	6.0064793
2.8799021	4.9785857	4.7710395
2.4763536	4.5613337	6.3132
8.492102	8.403058	5.881073
12.759253	5.8546224	6.370325
12.410328	6.7933807	4.6470885
10.474753	3.456234	3.4695828
9.637168	1.9224237	5.9471855
10.169592	3.8237975	7.3274045
9.789036	4.7720504	7.551794
10.6206045	2.887727	4.567855
13.208152	5.073136	5.9768205
9.827825	1.7296631	5.882404
11.621547	2.8958435	4.1641817
9.508143	6.8275495	3.7967603
12.757055	6.981665	6.1263847
11.014833	4.6234713	2.5427308
9.594912	2.1896539	6.0580673
12.713166	3.3371599	5.3309474
3.7886274	4.8588996	5.622384
10.025775	6.5513697	6.0008807
11.050593	7.5129166	3.1987
12.910781	4.4672475	4.699898
10.468868	2.3484178	5.65666
12.3021145	5.7306457	6.819408
12.747805	3.4915996	5.7714677
1.9825062	4.4380097	5.3330064
10.043809	8.136773	7.1056232
11.908589	7.3904905	4.2955604
9.613088	5.8392854	4.5479746
10.495738	2.2562013	5.803706
11.853989	6.0121155	7.482769
10.16803	7.558866	5.3421936
11.242953	4.813743	2.7758024
9.860864	8.1866	4.869157
11.813033	7.561353	4.2090316
8.582125	8.41972	5.660243
11.486611	6.465198	4.31856
11.785512	6.981983	4.094147
11.519839	8.444074	5.134223
10.646516	6.825383	4.153774
11.460625	4.0819254	5.6230564
13.276654	4.397659	5.4297466
13.44754	5.812318	5.6907024
9.723182	2.0133915	6.095817
10.706247	5.498796	2.501315
2.7815566	6.2087183	6.416919
10.621356	1.5088493	5.8837523
11.1371765	8.479087	4.38072
9.369754	7.6767783	4.6370754
10.806875	4.699947	2.5266135
8.442372	6.824852	5.320471
-0.17570159	5.5216465	5.9419065
11.533587	7.9744782	6.825651
9.218057	7.3417068	7.151062
1.9727136	4.290513	5.6221585
-0.9217227	5.1647115	5.8726315
11.705582	4.751153	7.182264
2.8350277	5.199404	6.579133
2.5755458	4.5293527	6.410888
11.24361	8.561492	4.7033205
10.508884	7.075222	7.9583764
-0.287346	4.50784	5.3706684
10.736844	2.8002946	3.0981436
12.150628	4.0857496	5.486572
11.997615	6.836657	4.6148148
10.658718	5.7767053	8.356002
3.3602147	6.300548	5.78531
-0.5853964	5.229658	5.1157293
10.203933	7.5293717	3.298897
-0.24197523	5.462057	5.298666
10.429885	2.6246045	3.4241285
10.6779995	4.6993666	6.139246
3.0755277	5.962585	6.615147
10.838878	5.4379005	2.75994
11.524494	6.7234244	4.5518208
9.0293	4.643688	4.199142
10.948598	3.137791	3.0469227
10.020609	4.8837714	5.8498883
8.121836	5.8534594	4.7611465
-0.17368716	4.642005	5.1989093
10.641893	4.6145306	2.4908197
9.106658	3.4217806	4.137107
9.340674	7.5035086	7.0650673
9.55074	4.7022915	7.039947
10.473104	8.080498	3.4733405
10.563998	8.021506	6.322905
13.39968	5.0683894	5.7472773
12.57719	3.210983	4.7538147
2.5593238	4.218679	4.998918
10.356392	2.0767627	5.7610297
12.02757	2.8615985	4.940258
8.564657	8.185875	5.3429413
10.600022	5.5682006	8.22961
3.154171	5.6215243	6.8969903
11.022749	1.5361885	5.863826
12.820271	3.0405982	4.994727
10.393001	6.859202	7.7922297
9.927778	6.0233507	7.069527
12.680552	4.884506	4.2865276
10.411296	6.3608756	7.827971
11.741683	8.5003605	5.142358
9.048063	4.7167273	5.285547
8.185393	5.6514797	6.187476
13.537172	5.80396	5.9771233
8.622128	8.668271	5.6784854
11.267391	1.6877372	5.318038
-0.9855129	5.1678057	5.8203025
10.104259	5.5983014	7.347484
10.65484	6.295646	8.485346
2.8031662	4.790415	6.4389796
7.7295265	4.7855353	4.9678845
12.812412	7.1080623	5.923154
9.674939	8.905512	5.3002
9.731053	7.084891	5.751561
9.179033	3.4647563	4.926222
11.197501	4.685773	2.793474
12.144602	4.2658896	3.8262587
10.905396	2.0759346	4.212122
12.660841	4.5064397	4.2141933
10.717072	7.518076	7.489294
9.312612	2.7936635	4.791675
9.727087	7.4261475	4.023453
12.1436	6.3160458	5.0256557
11.2671995	3.6558433	5.9400554
11.703521	4.5351005	7.4498005
-0.54016733	5.796665	5.2615767
12.877812	7.1022162	5.6536264
-0.5868518	5.1042094	5.7441144
12.362819	4.66549	4.5639586
8.151074	5.508758	4.671886
9.172859	4.1460543	6.664509
10.062865	1.7495198	4.535372
9.454272	8.765573	5.2906423
8.064265	5.9090204	6.5172925
13.137875	6.354429	5.362545
2.8705971	5.2687373	6.613102
11.3513365	3.7714934	5.5512023
3.344275	5.0601225	6.2394643
9.350226	2.1068373	6.114907
12.142855	8.523733	5.5590105
11.197125	2.848045	5.3142595
2.4224384	4.6937647	4.610723
2.4543183	5.0362415	4.5243773
10.613276	7.9634852	6.4028873
-0.5853011	5.1037283	5.8578887
10.746065	2.9042246	3.0559392
12.499808	8.295145	5.407031
11.889234	7.044037	5.5984173
12.397091	6.6918855	4.771851
10.444834	7.332552	2.8649302
9.550635	8.812471	5.327397
11.030504	8.805407	6.2905183
13.143322	3.535756	5.1263943
11.030842	8.572452	4.65537
3.9682355	5.7728176	5.717362
9.595497	6.380167	6.0392733
9.521823	1.8867534	5.1694293
3.016346	5.269764	6.5983076
13.2004795	3.544331	5.193124
-0.57544446	5.5285797	5.9211473
8.338905	7.6411114	5.3905034
10.95868	1.5356342	6.009033
9.627215	5.2954855	3.3100002
2.62609	6.318411	6.306655
10.093246	5.470315	7.2418833
10.70061	6.3669987	8.431858
3.8281567	5.542801	5.566199
9.465429	6.531222	3.6746156
9.910523	4.804933	6.0325913
11.589374	3.151289	3.68609
2.575958	4.572719	5.5262456
10.664431	6.327342	8.492427
13.06654	5.227237	5.621258
-0.63264483	5.0266333	5.8024216
2.732845	5.0630083	4.7652445
10.645328	4.403511	7.54164
11.7346735	7.6014724	5.9033613
2.293182	5.0109897	5.1828456
12.694948	2.857497	5.2500386
8.684326	7.1679564	5.4940405
8.556979	4.614956	5.483423
9.720928	6.3301797	4.1592064
12.277488	8.367707	5.4094534
12.567711	5.6476912	4.1126065
3.8458512	5.686987	5.8071575
3.5498269	4.5088706	5.5962796
9.069574	4.701126	3.7532268
7.8833194	6.55465	5.4116826
10.103446	2.012723	5.4871335
8.103557	5.4399476	5.8643
10.234735	5.830369	3.1740713
-0.55562216	4.9896355	5.023776
2.4172761	6.4896927	5.2196436
10.741649	6.043753	7.0337234
-0.51376337	5.7710752	5.3754897
11.480366	3.3360488	3.5113811
9.182638	5.230015	6.8765173
10.203436	5.792247	3.113596
9.01982	3.1528277	4.431903
10.479919	7.042588	7.8990965
10.904206	8.839227	6.3705816
7.8949723	4.799438	4.8936443
10.889708	6.697741	4.0038576
10.855236	4.980852	8.180747
8.380013	3.628137	4.7232976
10.077634	1.6125376	6.057443
13.23992	3.630982	5.214233
11.400559	2.0369613	6.394476
2.8635972	6.571388	5.506036
9.679528	5.214934	3.4075482
2.9514184	4.9945865	5.0997343
10.4948	7.103723	7.9323554
12.612172	3.0395253	5.6271358
9.68627	3.2961545	7.3489537
10.356096	5.1736393	8.114353
2.2969801	6.4149656	5.937947
9.92443	6.15935	7.2669406
11.332231	5.872235	7.804777
11.414672	5.098682	6.811604
10.432369	6.4885206	5.4575725
10.209077	5.9153757	3.1290805
12.054732	3.300233	5.560185
-0.25024128	5.160498	5.327305
10.77487	2.8772712	3.768577
-0.8025922	4.969503	5.8916645
10.836768	4.1754646	7.0710845
10.921833	8.838335	6.3352675
8.492137	5.3461633	4.533573
12.340779	2.9562721	4.6450696
11.346585	4.9724426	2.9875526
10.958179	5.9232535	8.358151
3.7037225	6.4846554	5.4708543
9.781916	3.8638012	7.6940928
10.781541	1.8230951	6.604212
8.48404	7.099196	6.328611
11.601369	2.2368932	6.409398
13.257064	4.12318	5.6766577
0.10173261	5.040522	5.0621066
7.974092	5.236086	4.770304
9.315381	7.247377	4.8261642
1.4259149	4.925789	5.3709407
13.431056	4.713762	5.7950463
13.495759	5.2080646	5.704033
10.692073	6.067593	2.3332653
10.320879	5.13227	5.142419
11.764809	6.433743	4.9483232
-0.3561967	5.6549134	5.841245
10.279219	6.5506144	4.3268485
8.325581	6.2346406	5.5892005
10.659983	2.1629856	5.6982627
11.841012	5.1653724	6.242988
10.180621	6.2030587	7.279426
8.300745	7.174137	5.5688424
3.1945367	4.8012476	6.4806333
9.697719	4.0056257	7.434917
10.474453	3.6087227	8.031186
8.693281	6.7011867	6.703337
10.526952	7.13579	7.8883557
10.883436	3.9092603	7.751381
11.915519	7.2666626	4.0592895
9.131492	5.8051887	5.4686975
10.564811	4.6204495	8.261745
11.7740965	4.500108	5.952749
1.9902934	6.3886986	6.1856055
12.368722	6.2162066	5.4843454
10.052278	8.628884	6.2771225
9.1460705	3.4964135	4.06179
10.745728	6.852378	3.972678
1.806397	4.5493746	5.962347
10.536918	3.1569216	3.8745515
10.605067	5.761895	2.4539394
1.9550486	6.005783	5.815254
2.6844246	6.7915483	5.9213037
9.22478	4.741095	4.8935027
10.28476	3.29761	3.7398243
11.968651	6.624017	3.8115923
9.484868	1.8385305	4.888312
13.475027	5.4246745	5.3738213
8.268823	5.178393	5.988453
11.492254	7.853806	7.0157847
12.996902	7.492496	5.7066717
10.065905	4.0661697	7.1424885
9.794711	4.927723	4.5619745
9.522158	3.2648628	7.2187886
10.080905	2.8526692	5.370647
-0.34502453	5.49768	5.95617
11.0827465	2.2008815	6.5991335
9.655362	3.888974	6.0030384
12.775809	3.093045	5.143066
10.763242	6.7006493	2.4920013
8.689334	8.402239	5.712513
12.3843565	2.667812	5.67174
9.826592	1.7008643	5.864271
9.149275	4.7718015	6.965506
9.405783	5.410042	7.0144753
10.93459	6.3061666	2.3878667
12.791306	4.552147	4.5190716
7.853495	4.751086	5.0851293
-0.6922169	5.301309	5.9502726
9.640053	7.375112	6.968346
11.360883	1.7597281	5.9457154
10.868994	4.4027643	5.2190285
3.8652415	5.5099998	5.5245523
1.8713712	4.58663	5.5275745
8.716686	8.429204	5.5591974
11.108602	4.1775	2.732915
9.679674	5.354472	3.2651553
9.80826	6.373913	6.116221
10.659718	4.2089415	2.5900643
0.5124769	4.510938	5.4604034
11.144712	3.8072968	7.6008058
2.9759457	6.269916	6.265904
10.885376	4.6537147	2.4459972
8.472153	3.203928	5.245369
9.787296	7.301233	7.6425295
11.799628	4.4733634	7.3009377
10.889883	4.3602066	2.5919383
12.888181	5.9367075	6.257586
2.2709744	6.30598	5.218471
10.847119	8.786673	5.4606385
10.665725	6.4007125	8.473313
11.662137	7.9913087	6.5042863
13.007478	3.9251356	5.736565
8.952041	2.602274	5.6181335
3.3258917	5.283806	6.225947
9.436014	5.667034	7.3567786
10.472122	2.974138	4.0717645
12.539467	4.7885823	4.1886897
10.286955	6.389938	3.33749
10.809297	6.6313815	2.3960445
8.453111	6.4731474	6.222339
-0.5849218	5.067185	5.0216455
13.274301	4.292327	5.465772
9.420579	3.6886957	5.903206
12.406815	3.100969	4.5971646
8.692687	8.484016	5.5619645
13.538882	5.4454284	5.6806626
-0.28664976	4.990829	4.9937563
12.649783	3.3718753	5.5109887
10.95847	8.84826	5.905212
8.652269	2.9141686	5.2919703
11.18163	4.1673503	5.733296
11.648176	5.979299	7.7203856
10.536518	7.147127	2.8023543
12.180297	7.2560377	5.0750175
12.212956	8.249647	5.493883
8.187864	6.379699	6.0944967
