0.5132810412428945	-0.44228934695153194	0.5511660306345059	0.9557200143428967	-0.19332989800415717	-0.01986421837395041	4.916725535897897e-14
0.3766063816902122	0.9338610505476705	0.16221704989026894	1.945463198436887	-0.06862231495000179	-0.02891843833426259	2.5616185528899602e-14
0.5082864938897167	-0.8147874596915028	1.140635919892112	0.28827521492461317	-0.1689557389690715	-0.014175810201761957	5.768821331793366e-14
3.527036984136465	2.0634000723329033	-0.7227490628555989	-1.0295498771700768	-0.8027838208187911	0.04194424629494692	7.836258340132336e-14
-0.2995179346498031	0.03312847156916711	-0.6548580010904925	-1.3791462234025509	0.12152570873344953	-0.028729486837743873	-1.1759213413402582e-13
-0.300032735000222	0.012079935912271944	-1.5527563755767038	-0.7940745420164539	0.04158789913520548	-0.029074516321824048	-1.5212945695350047e-13
1.5972277090792149	-1.2617458245831619	1.395096164736494	-0.7107163698340412	-0.4775527388752958	0.04690245628473421	6.317728143065408e-14
0.4833082430265331	-1.1668977916456234	0.5640133555077643	0.0855511296413165	-0.22541894235102564	-0.009179906016133655	9.111493369427642e-14
1.5866252818576227	3.82256340644034	0.15989661507255562	2.182249654729138	-0.12325082975110321	-0.02364067527681995	1.0934364162983658e-13
1.1659578709626313	0.5190910132685335	-0.3277025785328133	-0.15672605811570933	-0.2891926106985212	-0.018400962281082966	-6.724391744492471e-14
-0.6776376647960799	0.014462703923561446	0.2268769767885132	-1.0410882420994052	0.2707270410674175	-0.024595712110585897	5.5376308549821304e-14
-1.112554704909561	-0.6921741006636342	1.0149929528413615	-0.40741311882816394	0.3441071826735702	-0.02442094916353776	-3.166131554713066e-14
0.12743525939961148	-0.4414260214642401	0.7852048619129834	0.8007327084575276	-0.05927388584649993	-0.02625186770232323	-2.481436622572979e-14
-2.7152282203737355	0.5540458498343305	1.9550115739803333	0.1428514742106653	0.9970302961024696	0.07881138627641952	-1.6552225805595926e-13
-2.0280727849402314	1.139882853809204	0.08410169373959529	1.3320658026163137	0.694151074641226	0.0568074394521776	-9.013828525118198e-14
-0.6598879920076909	0.28837133746095595	-0.4116265785211737	0.03485238066467421	0.21297573804799394	-0.02214203861995263	-8.226605126900093e-14
-1.0033025022973294	0.9456718141428112	1.2911199919957013	-0.6343292739230268	0.5172055152784057	-0.0015038452443044954	3.010031318536286e-13
0.19872308371696493	-0.4805130709613826	1.86506184495398	-0.10300159419967442	0.017326351477405966	-0.02438398865756578	-7.81045337910134e-14
-1.3540778752986111	0.05783578344649115	0.40949631027368244	-0.4681620036997109	0.46465791357810576	-0.007816351951636312	4.3536020427352957e-14
-1.9443575880116322	0.42470725229510486	0.16419037266337516	-1.5559545446583158	0.7123810635389136	0.02666486370121469	9.770391383954859e-14
1.4224287322056777	-1.350996011270866	-1.7546208765351654	0.15295038832970373	-0.66057557964772	0.0358692622041374	-5.821379022794372e-14
-0.8258332233525026	-0.8625259857472336	-0.29455638077747	-2.1227911594721625	0.232385506884398	-0.028872010296537836	-4.9688442918960985e-14
0.2827888822648421	0.2478221907412904	0.09219327463001152	0.9589761081339153	-0.07882420207834816	-0.028653390316478018	-8.328210936624506e-15
-1.5458075507559719	1.0831988515956827	-1.7829726175567093	-0.1627806754090076	0.49201052864507416	0.02714454718625944	1.498971071134315e-14
1.5639896348698468	3.952421187105012	-1.2389046043464562	-0.02331701535134842	-0.0955431949641366	-0.022124940233751986	-1.6580794876233738e-14
-0.2826795224847768	-0.8268145611016833	-0.6812714864143931	-0.3080161846136938	-0.022152082777085105	-0.028761940919443195	-2.3186290704057953e-14
-1.811411337063949	-0.07875347176719637	-0.5222098700592787	0.7683951120335508	0.4800308523588699	0.006288738311636988	-5.0464409541409504e-14
0.011947853945223042	-1.0045264134108745	-0.6741650313575706	0.1713259739164724	-0.14739460080055505	-0.023969172730183664	1.3333385639760863e-14
-1.1368115965486716	-0.414003963984311	-0.5147881148244126	1.3227446926156208	0.21910704904264705	-0.021171557530128983	2.7324137044453597e-16
-0.986186843008567	-0.9902338759989576	-1.586929944576729	-0.5986174771597601	0.12608641798925285	-0.028663269637725433	-1.3752236573947236e-13
-1.6506240321852734	-1.2756471954695496	-0.7514470804528126	-1.0938505359532096	0.3628821869968985	-0.021390991987319016	-4.730836323399475e-14
1.8122905591872254	-1.58629399779584	-0.06845561611875038	0.09908275155858674	-0.6947654257329655	0.07253024461307664	-6.499677859884518e-14
-0.18599944878009397	-0.34866741028524584	-0.7664851834703826	-0.03862177175470042	-0.015219791731870387	-0.029564155552010713	-3.20816943787261e-14
-1.9245964762697387	-0.5047243509968512	0.08105091542801242	-1.08905085732392	0.5792046795730473	0.0004141142000083124	1.0548165381692009e-13
0.8536231813490764	-0.6930863158187699	-0.012499328015123276	-2.0509507983311672	-0.2302611758003928	-0.006560597179901527	-2.087176463991685e-14
-0.28452033193333975	2.716347611272602	1.5698807209562844	0.34695843710134017	0.4739951493921781	0.01260282351803264	-1.1092010409808909e-14
-0.20668132511025608	-0.9337508298768846	0.05173005813943321	0.8708690328425779	-0.06058998856774419	-0.027209187387846473	7.775988778233006e-14
-0.4091963570559628	4.502344696680238	-0.3360115102137372	-1.5250953598517016	0.673983062853691	0.08456750971203111	-1.6036290726073673e-13
-0.9857744568124971	1.7555007618333578	-1.947332580706272	-0.21880175663069032	0.39076868828278405	0.019239508324557307	6.485360288269296e-14
0.16569217656217006	-0.2760297973395552	0.2326288764236647	2.0555656723123734	-0.13737319731442538	-0.027198158122774437	5.543114298540239e-14
2.6345127788396994	2.501869705604601	0.12014335204695624	0.7776316368400514	-0.5198294469174083	-0.009857307861957721	-9.910020845751427e-14
0.26812301106076153	-0.028807672376934434	0.5899665367561772	-0.9688858490160037	0.004629152683741374	-0.02734792800844507	8.621866939551521e-14
-0.6230554660912331	-0.8067407313208749	-0.1524501094529063	1.110071888582947	0.0541377552211681	-0.029499628164140906	4.28320557797239e-15
-0.8200593635127278	-0.6653961908237799	-0.48633488858764423	1.6936489602267224	0.08394215800971903	-0.028085497532245013	-1.2932600005382089e-14
-2.1124126169706883	0.31075065676289526	-0.30691394422215423	1.6056494364388032	0.5923121385435621	0.032220075345386574	-1.6743596991909079e-15
0.19413071854425212	2.163942568204475	0.8422202463949302	-0.9390233951690566	0.2790033498425449	-0.01576196527793054	1.2733816879823082e-13
-1.3325403638486877	-1.093278930331073	0.14424031131661624	-0.4939034911144134	0.31714245518625384	-0.024954794050328084	7.512934274460269e-14
3.0470535622632156	2.368734474127394	-1.7040136308709524	-0.6547368496457184	-0.705163606825218	0.006783794002649222	-1.7716471353985799e-13
0.1769432963371614	-0.6071016610927205	1.1818179271830997	0.9006471799738129	-0.07201042004527701	-0.023999317281819723	6.766459358436644e-14
-2.3073755801230225	0.7819527744261489	0.24872735159820303	0.20993244070268413	0.7943721257098307	0.06093366215637464	-3.0623902938096416e-15
0.30550418352312153	-0.37260444405645365	-0.3004843040038771	-1.1273042498087407	-0.0902455536836925	-0.024923969472345184	1.3624516998078527e-13
-1.2209644327417224	-1.1016005543666887	0.3209669873466949	1.6869834797232262	0.20411513977894014	-0.02651964069801279	-7.700145229925716e-15
-0.8192332311093703	0.37308570687382997	1.8875694517496446	0.13521681811091174	0.4032987092071833	-0.01744812822451532	5.1073986247391506e-14
-0.5302941372837765	-2.4771216578144513	0.7106759586634711	1.6604850094292039	-0.12386832375273532	-0.016174200488316352	6.071220902411771e-14
3.424023923387414	3.1332562580561865	1.4727684047017684	0.3941647209643686	-0.5868270687890604	0.006498086592515784	1.9383661001296413e-14
0.6736396228979367	-1.2668222443187096	0.025799739949844278	2.3811370681128188	-0.41824922219042293	-0.0009447751308086515	6.667908366879294e-14
-1.2523935892213334	0.015076435493163624	-0.9590089194309402	-0.3132513384106162	0.341260456388051	-0.011741611914210737	1.5944600101674796e-13
-0.7946455107333631	-0.5810383352503729	0.44063967144319904	1.2026107204842296	0.1612607759351864	-0.027603150048568743	8.157034265059242e-14
0.501214236749687	-0.037875378444027184	0.9094619132979388	0.670761714621275	-0.11323012557677287	-0.02425764547200194	-6.712135864292496e-15
1.5899663982785315	0.12596175945316315	-1.6545029822163295	0.3431644886401354	-0.5553323398611514	0.001321361136344773	5.82046075926372e-14
-0.9891133860926554	-0.47649044355821163	-0.25419692527307275	-1.6951859133219653	0.30780349612890046	-0.024497774240914778	7.54553853081735e-14
-0.3274252081207077	-0.11811606068786065	0.4455722755462912	1.8610635739800279	0.046260442742346274	-0.02880062816161545	-4.916120477154456e-14
-1.5867313133861403	0.1887398675597401	-0.08711081649781771	-0.9229374454450966	0.5377266402773904	0.003578207155258439	5.819783675387754e-14
-1.8016006925644354	0.10665406045001945	1.6006366649491919	0.1893115374785037	0.6484587547477871	0.010252293794231294	-1.6641361579785143e-14
0.18080997529114984	-1.8187176267511678	-1.0037485209431594	-1.3908072157599651	-0.23959395006836648	-0.007697935751261648	8.144117473947928e-14
1.2964208306741816	-1.2682267334586004	-0.48606876720405523	-1.7998444090489556	-0.45899895337060814	0.027520168512519486	6.687247662295554e-14
1.3316451037260184	2.3712719516794687	0.35501283879304624	-0.5049248459969796	-0.08344267134592322	-0.02861444308257735	-5.8154098726344566e-15
2.980643532163617	2.406071070032526	-0.9046676231862458	-0.34188137054550266	-0.6467373322349601	0.0037928445285596102	-1.3650867852064203e-13
1.1691657574791823	1.0141671731909327	1.2653820058792007	-0.31128763371653484	-0.13525251264948787	-0.0231365523341342	2.1792591723345687e-14
-0.96521395545554	-0.005460120414478985	-0.3752908510606306	0.6631914823350333	0.24815265426593347	-0.019523503453634163	-7.617154420866607e-14
-0.004752372339038243	-0.9982411888038971	-0.8168157450254534	-1.2286275011807037	-0.09287674859768372	-0.024364828974061448	1.2381274011081443e-13
1.310312635564189	-1.6764626136100027	-0.13158866953968473	-1.4628077581103756	-0.49848911738930335	0.042611514509851185	2.0998127164101674e-14
-0.49393420195429916	-0.8034888130363705	-0.5692619949213651	0.012262064648905505	0.0363718964379545	-0.029658466665644437	9.704962419829857e-15
2.452376258022232	0.15105004746700726	-1.1621600906050475	-0.3408766638029416	-0.7461165547593901	0.04497981306152069	-9.741329466138142e-14
-2.684662369330609	2.5838584742289066	0.5041014032062217	0.8509533940455901	1.1018320508433577	0.18243481629856081	5.950301973596301e-14
0.6894128502300604	-0.9537589330628896	0.6327055160074296	-1.0049737901334401	-0.21419022432801527	-0.006428537576256404	-1.2555264819676585e-13
-0.08468440961845251	-0.41495899376285644	0.1106524836613295	-2.0607682709410193	0.08323873463800616	-0.028588630243973588	-1.7245461145153138e-14
-0.6488133119904509	-0.36984091338453423	0.06846421252095365	-0.1520238957269639	0.17428118981631718	-0.027815868216279026	-4.560141487100764e-14
-0.3105758155773025	-0.8212379910115273	-0.5701273577542672	-1.410870942021177	0.03862570142148166	-0.028898543063248378	8.65616566008792e-14
-2.7349827827612256	0.6891485974555871	0.037460637646027084	-1.868073023189386	0.9860752658514549	0.08731544484656519	-1.1801663718003435e-13
-0.5673140579535949	-0.47630247036349155	-1.6308793670974315	0.3311015979206576	0.01690481585372842	-0.029365236756634425	-2.5607745144847787e-14
-0.18635655134664	-1.2722050511596452	0.20752946348500417	1.5265969350846227	-0.12056426122093933	-0.02419279250798658	5.167503953274996e-14
1.2519945321324966	-1.5934223035900388	1.6018977035127995	0.5047954251767172	-0.44966091008608366	0.03807971111366743	1.1914832256798524e-13
-1.724934056453592	-1.5699619358598496	1.5611337625138761	0.024886544666794214	0.4453659535389206	-0.023091735514175326	1.7401565286831503e-13
0.22016274805378083	2.4352193418168677	0.49169404382702664	-1.2890447222810382	0.2944180035048212	-0.01205635301301326	-3.413405554598599e-14
-0.7374784568017332	-0.007945567276948664	-0.7701593405542821	-0.35565640752961203	0.19823311073636252	-0.024026636137387328	-4.332221549806794e-14
0.9466125167499421	-0.7881125010304744	-0.8624273487208084	1.0942937930964254	-0.4476499442980342	-0.002030860312591875	8.942156901864425e-14
0.08433917761237854	-0.7417782701320113	0.39552610076389705	0.6834767605630194	-0.09741285817919641	-0.024668698448600413	8.06890436920053e-14
-0.9522941179190314	-0.26930083068062405	0.4932535243212259	1.872525355771475	0.21778308138763525	-0.022896608098298438	-4.885982793780854e-14
0.08443077673560256	-1.2437995230971493	-1.3821629818061203	-0.4150612313773553	-0.2127156636800013	-0.02019911983283362	5.0155855146349304e-14
0.356592532584287	0.28839664029398704	-0.3812306550750879	-1.790496376849562	-0.011729730523437834	-0.028515818906484445	-7.38935432487909e-14
1.2495198070756128	-0.4047442696490712	-0.5425362601235644	1.482182513877281	-0.49224489681450906	0.0011922746602558093	-6.89994539251768e-14
-1.8572388504429527	-1.3077269095129014	1.5787677920760528	0.032657064932260435	0.5142477778711594	-0.016999819589646054	1.1500631264291335e-13
-0.2712259516885194	0.34929308656951047	0.6489252153083164	1.0220339909799416	0.12703891535080497	-0.027036141358986982	-9.069891947582773e-14
-0.7954805835047822	-0.3611028257361911	0.6567218207587985	0.20428598043384188	0.23939687704668647	-0.026070655967687116	-7.51755426990521e-14
-1.1351393389606137	1.9150674483138428	0.02255286925371122	2.126149209792016	0.4750937616080322	0.03136469127062697	-7.262778788503208e-15
-0.44684728202636076	-1.5664411297962841	-0.3707475273531588	0.41445897076763216	-0.06445805849394554	-0.02586396152213746	-1.1002880320483737e-13
0.037632825198179155	-0.659031178713363	-0.016138951516316422	2.005124757269394	-0.15368453008715666	-0.02625661049058611	1.7577254396559205e-15
-0.22394418057418056	-0.3935370939614574	2.2818482216091196	0.018950611382156164	0.1714091713969235	-0.028373989596056793	3.7083755732238884e-14
-0.7025461665461774	-0.5938962963784773	1.5937957783626615	0.10382540353396115	0.24671507520710795	-0.028058188669856352	-3.807598624393657e-14
-2.7675262367070697	-0.9655826791755157	-0.6247820351990646	-0.3448869783548557	0.708453133080245	0.02629777727762567	6.500047489196972e-14
-0.8795174768483386	-0.4728963276566381	-1.4321262631221596	-0.07595631349589684	0.13858408221005067	-0.026290323974127113	-6.75553047837494e-14
-0.6877432663723475	-0.2963346349070443	1.1901309513367782	-0.9400788011359758	0.2933775396693997	-0.02672061154281631	-1.5929671697886844e-14
-0.98613371122734	0.37233431581173004	-0.5242405951424992	0.2653579788794	0.3032820895455872	-0.013209723452146936	-1.872330157124918e-13
-0.3619708122648059	-0.24727712947296404	0.059846655070468366	1.7491171284293208	0.02396769381177327	-0.029119295677182955	6.843509867758948e-14
-1.117582163928724	-2.9715381721270013	-0.8012711110691396	-1.1413901830251214	0.020189059017055172	-0.023698409792645512	-1.9038678711032606e-14
1.6605565380663065	-1.9048673046119653	0.604700869352219	-1.7168805727685554	-0.5691482645328543	0.07624345131738658	3.462928564514953e-14
0.17518278869447562	-0.22181055171875771	-0.6185116414652547	1.8138905094979116	-0.17540789554684355	-0.027831219644972625	-1.2940529751344362e-13
0.1286604401211334	-0.529969977499975	-1.6069035469496968	-0.37524577361953115	-0.1642239576078929	-0.02685047396322971	1.7555165700256335e-14
-0.015751368659233014	0.12612524515117024	0.6748127943102716	-1.5212735111863471	0.13302753619521338	-0.02900034339501491	3.816598167722175e-15
-2.4814226440522713	0.8929617389860546	-1.1668630372557964	0.5483082794455822	0.7609400725742373	0.07839234817407714	1.8299447183775675e-13
0.11236580743806505	0.18614145974083618	-0.6601537243237734	1.2306737293102152	-0.09133874148363821	-0.029457981701579913	1.3427061440452216e-13
0.821706359446006	1.1565315183260316	-0.6179063642219678	-1.03505992433885	-0.10057333073116867	-0.028737422596074588	-1.631976845456035e-14
3.6127199148659246	0.039931133376113925	1.8897114166474047	-0.05550897679469337	-0.9209546207951002	0.14525106240379046	-4.8121220847681664e-14
-0.7204925659448841	-0.7719112984902252	-0.18858833173896233	-0.07690704353763239	0.13335196230041	-0.029113141467712315	5.252626003058122e-14
0.10442625962119642	-0.5979364010479826	2.2543758432125696	-0.1916854211479079	0.059452369590507426	-0.02454484216077231	-5.504500491769779e-14
-0.11740652196472576	-0.15378578740071627	0.37874979298917727	-0.5263606759064239	0.07421481411765948	-0.029148224164696878	-1.244890736889686e-13
-1.4978676208413326	0.47051813347501026	-1.6438045054791623	0.49321581599104647	0.39095292973732465	0.007211484512056451	4.9488206232063296e-14
1.204798608565399	-0.8823097181858598	0.4273539351356747	-2.1138155460611108	-0.3239570391341663	0.012416984741663837	-5.973713575905304e-14
2.1644422522882065	1.64970611311259	-1.3562586481986685	-1.038330151498901	-0.48684518856339065	-0.009953428082450526	-8.768673397731857e-14
0.8437865584266431	-0.6427245428685509	-0.4125490124605275	0.5717207245816798	-0.3536828127120196	-0.008293037588079403	-1.461458722756855e-13
-1.2912066198174417	0.14049331790512432	-0.8281587893635866	-1.102482511705203	0.4069085070687049	-0.008175937481741825	-5.1884928440688144e-14
1.3722713161151896	-1.259968822258051	-0.6859197935270251	0.17594356180787876	-0.5732871588919385	0.031119231936997265	-2.2581328055780977e-14
-1.1241021792681034	1.7466494321163335	-0.8582953679470653	1.2345993845646448	0.43690334410762743	0.025666324014945785	3.482022751550913e-14
0.322055410998374	-1.038710037866025	-1.755056319961524	0.6428565375547745	-0.32635030940567006	-0.017689675818615434	-4.5805924304810235e-14
2.307214854106617	-1.5705177422913839	-0.8110733978306154	-0.7250047128983034	-0.8465978778070605	0.10975931535967852	2.953591116827537e-14
-1.3589585949024667	0.2929230968026884	1.4663960944908636	-0.1356367165598321	0.5416633730872843	-0.002885680791429958	1.2608700742856875e-13
-0.43156001719910075	0.7170392478410034	1.2432591560635846	0.9202589562312878	0.25463260618043776	-0.02132296531786453	6.278599401122912e-14
-0.5044809812137346	-1.146922018103768	0.29356137600918414	-2.2076711962457365	0.1451970066050373	-0.02856624409259365	6.559636751012156e-14
1.044096713502968	2.97150566259309	-1.3399766645066866	-0.35089897324321667	-0.04064102946848915	-0.023505058044872938	-5.383674692895959e-14
-2.208778055298736	0.364492716025391	0.49307832736199114	1.6885605920251237	0.6718160360975386	0.039188333775368935	1.3567964994911212e-13
-0.31695321250723973	-0.8038631757138395	-1.9514750030107233	-0.319507859358425	-0.08518190090166186	-0.02962635580528549	-1.6231740531646748e-14
-1.7893106774965304	-0.26449713819776377	0.2628044839210188	2.0081386274079818	0.4489476201786873	0.0007782275663116831	-1.6956852129835647e-14
0.3667978096809561	-0.6773534970977251	-1.6973926762995009	-0.7161473968577964	-0.24157463402356383	-0.02146585821313182	1.4887778310993706e-13
-1.2401312954985906	0.3045930227655339	1.5972511290457663	0.2137348060116234	0.5008793268091415	-0.006735218823865676	1.0215069341657005e-13
1.6333224783676972	-1.1469781500287228	0.6217994151744428	-1.5003865558012917	-0.48995870887320125	0.04405619199828547	3.497203967141935e-14
-1.4197447779943402	-0.34530842462830313	2.2081251314619728	-0.06887525245558189	0.5312079298375455	-0.013203404496526185	-8.053833082768595e-14
-0.5028807075291631	-0.09135262021350224	-1.1123576296369835	0.1957573507318984	0.07627107011447261	-0.02786320007594352	-8.234209990581885e-14
1.3943050655399871	0.2647577295510004	1.3741485954380683	-0.5798575319789291	-0.26389869949947664	-0.006299022752120757	-1.2934622331184298e-13
-1.809313345856538	0.12095497669673233	-1.483034741258348	-0.602634760110868	0.5003104879440312	0.011615573223857726	4.153228657561828e-14
2.1460626624902535	2.9301809998406316	-1.5323729133252733	0.27088242448424726	-0.40861192418179054	-0.026581990517563832	1.059226795804318e-15
1.0881245633588958	-1.4535667803998786	1.6365118454785357	-0.2570354700358786	-0.3539716202019552	0.02446130634890512	-3.164748688445871e-14
-2.4193961437310296	0.16625187438793776	0.3426433753465216	-0.2379287566692884	0.7832864899910017	0.044613647850170086	-1.8322982212385486e-14
-0.6164904274864282	-1.557233152474116	0.19236899873738844	1.8648520666202912	-0.03925542824329127	-0.027692962168219863	4.176329766153123e-14
0.11387944083824102	-0.5330979388820445	-0.3279348380497805	-0.019471471261755444	-0.09817120876340965	-0.026338194692253812	-2.547180793854687e-15
0.825661842273822	-0.633428985697129	0.39610873732803786	1.4044230212116775	-0.33309661698050497	-0.008448994644745616	-1.1342743517215443e-13
2.835924798553712	7.9701278632392745	0.5024819159087993	-0.7396688864273276	0.10032623375257417	0.014608874530043402	-1.0875969527046359e-13
-1.5637742267770964	0.8278735665129727	0.9877564124246366	1.306323285897308	0.574514132892129	0.019477591211896534	-3.603207214362396e-14
0.07581097515029633	-1.1989413967240135	2.3477899058207092	-0.07402944876251855	0.00417097120885735	-0.018521090128036547	-1.0330013266693711e-13
0.2607738559696315	-0.40694364020374474	-1.5006260731213368	0.646762055933868	-0.22551417034802154	-0.025999010524402746	-1.044719642218593e-13
0.23552415156323434	-0.28667990225407486	0.5831026087851248	1.2880882274640506	-0.10660275561709376	-0.026140045821927135	-4.1152774262665286e-15
0.3025369529247292	-0.41171442178726014	0.8113977424430338	0.8834509214196695	-0.10949543043358126	-0.024022902241096464	-1.7782237119592172e-13
-0.19061469506888498	1.3798787434891207	-0.6926822395977738	-0.7273723027690424	0.2071562197609808	-0.01804357404625055	9.497333534193007e-14
-0.23675757426918753	-1.047844297134479	-0.1503460215179477	0.7438000705443137	-0.07089833016326325	-0.026911222472234157	3.7545424224814294e-14
-0.17746004230278192	-1.106553883062238	-0.43787637309285604	-1.6231101474139462	-0.014747621488450744	-0.025819851861151554	-5.5999470973265253e-14
-1.659110086618752	-0.9400139238802617	1.710529031135977	-0.07328365156898538	0.507728517384612	-0.016385803487279582	-2.109259622219011e-14
1.496235282164777	-2.1364494291354057	0.3893909437633393	-1.9076944541474445	-0.550868167212728	0.07399142803141893	1.5209386782076656e-13
1.40455713853161	1.095428897452713	-0.2217704290930466	-1.8307538948383022	-0.22252542781622028	-0.020488363562578587	-8.030135860259582e-15
-1.296535289810305	0.9196722961332022	0.5994198741303167	-1.0915638883169736	0.5796169721849287	0.00974105653932443	-1.3650000443155947e-13
0.7959935191508928	-0.37149850712852317	0.34874197437365184	0.0422982496665184	-0.24339592685239922	-0.01399841978838902	7.611495624339982e-15
-1.969943845501409	-0.7708745110293223	1.6210128846805578	0.09537919127076482	0.6069540846940108	-0.003974227465861014	-6.136194815011764e-14
1.4304425675677648	0.37401464901468234	0.6976428320136522	1.6155156907930812	-0.3935414981662817	-0.007853532194604511	-2.738690757840398e-14
1.0892972716233285	-1.1334456004237612	-0.34571970013303116	0.06848415147579066	-0.45277977512963413	0.013111453943042277	-7.548452690366832e-14
-0.9445967573029089	0.46968116201600446	-1.5342608750605005	-0.6350142240618623	0.2780715321292981	-0.012710873227775778	-1.2981614580824376e-13
1.2285791430870705	-0.40190121243634325	0.5673629195536929	0.6630144215518563	-0.38564728487368577	0.0013088076022856338	-6.54477068907824e-14
0.20106185151351602	-0.7743981396891082	-0.35666247594725636	0.6663608477915148	-0.17964603792371456	-0.022809975771677624	1.6151263724760373e-13
2.070104128434797	1.3713131122218774	1.0918123059062599	-1.2916376331417587	-0.3316994886880676	-0.005710333441671341	6.797369293386321e-14
3.1915902590414422	0.6045591826229393	-0.8214636270359367	-0.07020442612451487	-0.9033918204025214	0.07738324068060186	-5.276774496968947e-14
1.5629549607741677	3.176264466526939	-0.96577050106553	0.9565652557284928	-0.2037407697048303	-0.02803785305923712	-7.349939227791607e-16
-1.428210980522708	-0.4931872642554342	-0.3496623999829302	-0.4555806258772847	0.38022088381367514	-0.015441111719377442	-4.127778815430081e-14
-0.9343980165112826	0.6899815693354076	-0.5147606048692953	1.7146064278068311	0.26384849828291046	-0.008988322051188064	-9.384397136123201e-14
-0.16414348249853142	1.7781623080593636	-0.8772201640259254	1.0503563346060332	0.15896759985769968	-0.012412471059029179	-1.2508885681141796e-13
-0.6557631621043438	-0.9535430715418267	0.20026856853917258	1.6074539762361426	0.048620620139561706	-0.02946652131666582	7.123326948008146e-15
0.3047107582981409	-0.4108910992334245	0.03848684834414613	0.1768587881868696	-0.12735536875122302	-0.024426188721176658	-2.1794045019341076e-14
2.567589018954214	3.530394126316691	-0.7332586451283302	-0.5243811505681957	-0.38774364641608733	-0.025212204247906343	1.248470833177054e-13
1.407206783011351	0.2577675550067976	1.6425336771563328	0.1036410499462223	-0.28039139116896294	-0.005523761709797775	3.972541700149039e-15
-0.40953152863884545	-0.7581454841767853	0.7395666519357849	-0.4500489696224374	0.11370686428260957	-0.02898492481165311	4.0092803227628543e-14
2.770331803026032	0.9599854302437428	-0.7991571190671065	-0.5924807285149911	-0.721434924488569	0.035754877500955136	1.811588870813361e-14
-0.15969896435875883	0.35636601959748265	-0.11683864761413663	0.7001749667483302	0.062054102446023794	-0.028160116844098172	5.532550093417338e-14
2.8594796878143067	-1.8735416972341143	-0.6870279792841556	0.04075520238306485	-1.0602287033473972	0.17908462335553918	1.4605822667941648e-13
0.4683630052249227	-0.8179222753895036	1.5420339821557274	0.1610242186037175	-0.12829347604641939	-0.014913641156791047	8.214318000234977e-14
-1.0608597510595041	0.3762500897512967	-1.2569380801692052	0.9796125852742237	0.25285234680910634	-0.010926940782320892	7.440096761677626e-14
-1.2484611396716894	0.644549459641004	-0.7081299345580513	1.7515386573958092	0.3397642141696846	0.001165600419510511	-9.801788563500391e-14
-0.12251126848526744	-1.4867838946292349	-0.21262230225500278	-1.72977085532281	-0.053845856831791473	-0.02080981025801821	-9.423468943502584e-14
-0.437984782398944	-0.2202572935279556	-0.3077737408017267	-0.20691689829251744	0.10771741595992006	-0.02877559417820949	-1.532722288202061e-13
0.6405898066475306	-0.7786679991350249	0.27278472310439517	2.0671585514989395	-0.32895131646291675	-0.0116805650585068	5.1725878897490884e-14
-0.34561444864270313	-1.833973534692917	0.0934083484031652	1.3934653192034372	-0.13534117099508286	-0.021109888581794696	5.3445702136776736e-14
0.13114766698417274	0.3599746358628293	0.276970002364692	-1.9047554674577205	0.10679155967796086	-0.029088575813082083	-9.073091489687296e-14
-1.1601413584912097	0.21926241950779965	0.33813158041640073	-1.4184200274877048	0.4591892448085347	-0.010839578893227361	-1.3178396203494359e-13
-1.7986252805846052	0.9469553123562019	0.06282493208282743	-0.9148332432369984	0.6943022069939686	0.035846637167232236	-5.869974802208198e-14
-0.9358639828723893	-0.46246798206872197	0.30133507303074986	0.4141190856581865	0.24017102506870755	-0.025088874151003745	-2.580145398902002e-14
0.5057290871896419	-1.3470304845765575	0.7038959392399934	0.5619600005555277	-0.2623217989602418	-0.004745612213057215	4.334636016256887e-14
-0.02989357731428701	-0.6110900738418626	1.8004249677830881	-0.5555045787988225	0.08536416996330357	-0.026382543424711368	-7.903223370695673e-14
-1.4747288498376707	0.7801071903097865	1.1458145666650017	-1.0996150484232956	0.6506795809969806	0.013840119552643778	1.569335904911525e-14
0.31436998053203785	0.030150332076462005	0.053660836879520425	1.4428566349585092	-0.1338113313967938	-0.027539424448996156	4.945148977939716e-15
0.3803469759595203	-0.3810676601935313	0.6518279611360277	-0.9310715938129803	-0.06417573499026025	-0.02306919782779984	-1.0490292381250232e-13
-1.54740483207374	-0.37691476837695675	-1.693004344038114	-0.1802519889452657	0.3368906774790222	-0.009929720579263526	5.218235044151965e-14
2.2918187973641424	3.3838340984478257	-0.5075168565209269	0.8181864741804853	-0.36379109831324713	-0.027231306133307823	2.499779625425218e-14
0.017254890397538157	-0.14182904832012935	1.5367280024386683	0.6730192905707797	0.055827604723904876	-0.02827857968129818	-2.3375388761539857e-14
3.1915428047209566	8.310985513683578	0.5065639811391103	0.91181487975428	-0.03619450352542634	0.008062722587986109	-9.689611329876498e-14
-0.03633111611931765	-0.9965798230318741	1.2845142834204868	-0.8706645497831849	0.02782866191079324	-0.023681798860032032	-1.150082157636226e-13
0.4786682793915258	-0.6873171277013974	-0.6442956815602022	1.3425241408127244	-0.2969134668572175	-0.018167608254505786	-8.381416499997079e-14
0.9888753074966428	-1.0861685417094589	1.110847539516232	1.0047794540502228	-0.36959699221462494	0.0086517411385206	3.10888868602138e-14
1.8848547830897888	0.48627847664346296	0.9386323698888682	-1.2338632598776833	-0.3830343291335046	0.0071263894356055	8.560087569972968e-14
-1.7848640571716714	0.606026054175138	0.5555127908091484	-1.3851449276250323	0.7009672497985538	0.023936045958959703	7.664506307187565e-14
-0.9326653570781067	0.8384273113671782	0.26062943394572946	2.0154109156128746	0.31375954872883544	-0.006154129844926044	1.8456047779122005e-13
0.675936838811059	-0.21528621150838084	0.5712455050425588	1.198276892472743	-0.22557846845083737	-0.019201644197851385	-5.918956332122255e-14
0.3839929832047601	-0.7144701504855747	-0.09858139710395251	-0.74516449782397	-0.15358899847549687	-0.019580347857220834	5.007909910176128e-14
0.006610360467384053	-1.369668049072215	-0.9163246395361482	0.7254792789215495	-0.22222975922009724	-0.020011515250266593	1.4168099652202372e-13
3.8959627467499467	-2.6503112383775864	1.1159236684705405	-1.4203012509613602	-1.2650095078596673	0.36860923195451967	3.438542778190165e-14
0.3603685121374356	-0.8889718046361197	0.22376453677472666	-1.8938401108651965	-0.09883831438595533	-0.017481613543602843	-1.9268296802350837e-14
1.2067637028620999	-0.8674185756966092	0.3200528265741685	1.908525821087102	-0.49453653780543116	0.01183958152858568	-4.4079862208346205e-14
0.8005697031516502	-1.1335923372964605	-1.1319608002700838	0.6612972557031629	-0.4400110889987939	-2.8889506930217886e-05	7.483561412193725e-14
0.6916359541317084	-0.5451740230667722	-0.09991285686385991	1.9116944526201483	-0.33496783143112246	-0.014442535402757552	-8.747005683596938e-15
-0.43400012891213713	0.0386252091564468	0.2749885264127779	-1.7686641710829707	0.23371463800476922	-0.02739409743588315	-1.2702274572974408e-13
0.2845113737828957	-1.5057765891325157	-0.6195059439189774	0.8451559996791689	-0.30541407961211925	-0.010105506676155262	1.2565653116108602e-13
0.9529639070467104	3.529116089387144	-1.3395515716847892	-0.9881290278653607	0.07381639978490284	-0.0140615845011381	-1.827106537761821e-14
1.2023027922284588	2.5822055370034533	0.5323827564675274	0.7513418649800823	-0.06318285182112011	-0.027704697375401165	-5.678795127015449e-14
-1.061797863330414	-0.5689477939005272	0.42360993394121743	-0.03987937181230123	0.29196236755006394	-0.02413708612555324	-1.0625287129199256e-13
-0.07230105665326976	-0.4031445663914431	-0.7576278889823295	1.3406584085902513	-0.11081160560050685	-0.029000169529952203	4.1227395338851365e-14
2.7301662630027987	-1.1707268657760097	-1.6543181781752008	-0.49183720024789085	-0.9871103727213888	0.12465241052822223	5.609199538520754e-14
-2.321051621589505	1.0524411988628513	0.31479285127048623	-1.7397340802041048	0.9128573719784987	0.07287477961696541	1.6398888087613097e-14
0.18745414271984445	-1.4709191096981586	0.027996170030029136	-2.061273935037504	-0.11511307522906204	-0.013089078608857338	2.6655746383614254e-14
-2.059740008071387	0.7801569861009569	0.13665647455777047	-1.1863492577963228	0.7699865409635441	0.04520981232171723	-9.703994944604128e-14
-0.7979508097066285	-0.1921633401807319	-0.9081735934935851	1.4834298875255514	0.11233262685400035	-0.024893624231374572	9.820394008496802e-14
0.6183353094237822	-1.7507833592404298	-0.2300602663916103	0.5602753185603627	-0.3939658601843148	0.008387852608628748	-8.066794891756076e-14
-0.00878789620659522	-0.22075675658820484	0.6006354099499543	-0.04775292512632245	0.028503126649033886	-0.028586068285923354	4.2120991477344283e-14
-1.2965683200241718	0.5883296785407571	-0.4783826690791109	0.6764481034223175	0.405854761766268	0.001681031079013686	-1.3526757672855176e-13
-2.3906846972417055	-2.190694161172751	0.4334833393669152	-1.5391835771315914	0.5724563527193365	-0.017089574573391806	-1.2416649123912095e-13
2.185306936938443	1.8893955112046006	-0.2154593280039702	-0.9953096388938113	-0.4007902961670924	-0.012703283944045933	1.6882610463484632e-14
-0.9795377583696391	0.16154885557048326	-1.9613771852138426	0.15041055207763177	0.1968268671273277	-0.016854707320490953	-3.041373216353178e-14
-0.36406398490429476	-1.176355598912485	1.8678412805928406	-0.14519148615447852	0.11023402238578009	-0.02645413001377498	-7.652352662133956e-14
1.8552310618553602	2.972366425878407	1.4669377769971603	-0.8607963633853488	-0.09203582487814195	-0.027656541230834684	-3.7969536011896246e-14
-0.6347914866549699	0.5345382184583047	-1.8206350330880545	0.25392542010880087	0.13909064207081853	-0.01970006734295624	-2.5833514894294236e-14
2.38697166643815	-1.322717581114048	-0.5989642272412349	-0.9224075481463944	-0.823075126350019	0.10442143013087198	1.3772838429498076e-13
0.12379628757419928	-1.44172670717659	0.42898099010291935	1.381557551931691	-0.21064141151581253	-0.015156390609004883	3.5090367089573776e-14
-2.6758190115479534	0.8956096337299092	0.23380132536623796	0.8872689398672426	0.8900310138348455	0.0921821536309745	-3.881562237175667e-14
0.17654969726370953	-0.244339624478227	-0.4004726384871061	1.157900868715997	-0.13824275389476473	-0.027572469669016754	-1.2614244849241305e-14
-1.3148046562733957	-0.539686871102751	-0.054167752290153075	-0.4141088009277102	0.3572741711287444	-0.018921966783225875	7.827098237356577e-14
2.9299157209805577	2.7287686138900953	0.6524964808403868	-1.7505790038029871	-0.4464604528964769	-0.003999386386758521	-7.298334989925898e-14
-1.1125298325342778	0.16976426295736596	1.1318564122932198	1.178069544024173	0.38044668374727236	-0.013091541985935493	-9.814997983652335e-15
-0.31154843674978333	-0.291137199987446	-0.32640613272202595	1.7400408500566578	-0.018491418130450594	-0.029455830191685402	4.681640492963611e-14
0.680747612873357	-0.19570215216162176	-0.14240340314612812	-0.8029431780564651	-0.18550571369707905	-0.019768816649725025	6.356467828230205e-14
0.871989179728432	-0.7615622723310437	0.4775704423760157	1.219709174209389	-0.3478187556943032	-0.004212428693073327	-1.5456967800067465e-14
-1.972569436574006	-0.17164270054021383	1.4608711815135897	-0.21307328563579514	0.6770889632814657	0.01043143596846785	2.1553055318267637e-13
-0.39865683268424784	0.12628632555765454	-0.6527654960367156	-0.34719863555729924	0.11884145596782154	-0.02744426757477595	-6.49229696216585e-14
-0.872474642361317	-0.30946039757128346	-0.9578023893600335	0.5668016549831881	0.15634926915775668	-0.02485355719165878	4.124961677409547e-14
-0.7504586496313712	0.35151249060916695	-1.5406936022841318	-0.022331641942865684	0.1816165328357873	-0.01957378135156298	-9.205944444088534e-14
1.7068621237151969	-1.5572641387953765	-0.18570194929777176	-1.652149556937151	-0.5963832490872238	0.0637743436814961	4.6269934306444e-15
-0.6035202659531707	-2.097474898917501	-0.04288697727379803	1.1123201957107334	-0.08436674072827051	-0.023221009103106774	5.0481114140664266e-14
-1.5152063284788522	0.7298680762854104	0.06766395604573217	-1.212822053775104	0.597385304929295	0.014559738150029833	-9.537684079336772e-14
1.1270835964852899	-0.47132853641742123	0.08142675231119033	1.4760501405543272	-0.4258653785962534	-0.0014774852838934534	-1.817784426394285e-14
2.2297873455557826	-1.5061824213711117	0.8336207760334166	1.609349493632822	-0.8147888589720257	0.10234440941063874	1.0522505902704865e-13
0.7076425087513893	-1.4791312369117389	-1.0573359104800035	-0.9842001081164732	-0.37746424592746525	0.004606448712036932	8.875686360691071e-14
-2.3252317700719636	0.09655333662154233	0.9801556006921708	-1.1245225941581516	0.8216463414109451	0.03641090344468784	-5.076313262480272e-14
1.385425824398	3.5625631202063968	1.8275141928975644	-0.33222221372696414	0.11130123958826492	-0.022688580507562978	1.3160006996400882e-13
1.329345197246952	-0.9881658878432455	0.01960782670854871	1.3932148104986999	-0.5398539661891228	0.020942283003794433	-6.936635342875426e-14
-1.30608775678925	-0.3987638711874092	0.2422989601467481	0.9917346302908473	0.3301687395047135	-0.017079769816975062	-5.956758647326286e-14
0.24183541770884873	-0.8026392179352375	-1.2138602807813734	0.4646866086395223	-0.23775975525442558	-0.02223845348409342	5.915819730564201e-15
0.8416149593929726	-0.5969822125041854	-0.0445110809692462	-0.16324878907423623	-0.29593898142589237	-0.008927429437836145	1.3415361814714291e-14
-1.1735257503701368	0.4035327031398233	0.0999038889310249	0.33542749700377533	0.39722445868427675	-0.006872167166635883	4.640971251930368e-14
0.18141218593415562	0.44897814345621045	2.1503414799711713	0.17793599330279544	0.12827940346373864	-0.028398969862038912	-8.863704890045551e-14
-4.084795127512907	2.0684830878880014	0.526116383922818	-1.421035753522804	1.566857027507222	0.30584177881905594	-5.452322589512741e-14
-2.088589734481136	-0.8584599383214554	0.6762712795122653	1.342357412180657	0.5250670846368917	-0.0014931530559094634	1.3255329120778151e-14
-0.6881202697364132	-0.5699495758280102	-0.5799415443350471	-0.5517061851956662	0.14174854894535055	-0.028663345952344592	-1.2488928411135398e-13
-1.787536772164182	0.2810002983088779	2.115485531265579	0.25412501989400843	0.6917230663960012	0.014216807769416888	7.355294876732773e-16
0.6661619710517357	-2.9545871457032633	1.2292716269531885	-0.35441874677180546	-0.40945886570959195	0.05127373865554062	1.0904217352836734e-13
-2.183987713991679	0.03526058335472411	-1.3856763554639673	1.1381884068713153	0.5378105305559302	0.027497731261593158	1.3390070694814858e-15
-0.6700582800576217	-0.04461763793494923	-0.1877498516608198	0.7149863217543789	0.16509818711653912	-0.025322441575853016	-1.1449239639726995e-13
0.6881618001210337	0.7499309159144326	-0.7153103753519148	-0.3905492061139106	-0.1373224416981135	-0.02818666131491882	2.5149444804980247e-14
1.2174571888447476	-1.6227196363004075	-1.1560656481541576	0.06945546713736983	-0.590253371166456	0.03400203568012822	2.8522403118789145e-13
-1.6628497891541791	0.9185932982071882	-1.7262911897506705	-0.2071020540711011	0.5141284301568492	0.028089775720023222	-5.853079680771022e-14
1.2511186056227437	-0.9099479708217949	-2.024277194191948	0.14313450848418774	-0.5800556315486401	0.012852798960205043	1.1059352404383697e-13
0.14553491252226058	0.1639750993841173	0.006613433876395455	-0.7384984257771823	0.017243604885203656	-0.029052882707877717	-1.1907712991541907e-13
-1.528740697050362	-0.04922536159632583	0.0001604642633406454	1.2357754120420492	0.41066132549850354	-0.0040383091565532	-5.1162714251218306e-14
0.34691465713297165	-0.664920660979347	-0.8332738174703481	1.3380256252658773	-0.26694414497287455	-0.021526745872294133	-3.0466388323925816e-14
2.113878307237681	2.948027653857708	-1.573372535670267	-0.3607367311886538	-0.3737232400226356	-0.02705509099306316	-1.433119114705703e-13
-1.0497865710845857	-0.22238886678455289	1.5787962685569978	0.13504964285932092	0.38828568512474454	-0.02035049088406584	1.7304896798009434e-14
1.936352497692126	3.0397085226055003	1.1670753555421947	-0.6402121745899237	-0.13575294318728376	-0.02757124664177293	1.181622731829985e-13
-0.9319316865219586	-0.5999707777031758	1.04919973790968	1.1768806984979516	0.237477156548203	-0.026123269134098983	4.968142344746298e-14
-0.20152010148821464	-0.6788089185114626	0.20804380756035137	0.6132070390442931	-0.01468228173595555	-0.028383352290777777	2.963074387367645e-14
0.3024995924540668	-1.2088906581078585	0.4447840072490874	-1.9830439032246197	-0.09912038178533995	-0.013897229766916779	-8.033359764602175e-14
1.3920258484962722	-1.6701235559703334	-0.7445706569988467	0.6298242367152509	-0.6442136431932532	0.04660838438233815	1.4306749282595962e-13
-1.9137385295368685	-0.013370043903376757	-0.40419856674843224	1.074421651272652	0.5124939333082732	0.012470127056680791	4.857699360170744e-14
1.953185159428134	-2.045725876337572	-1.5646469428853649	-0.6989161507226291	-0.8401544417817193	0.1026243909040235	-1.0731165600637849e-13
-2.298865661065752	1.2739097063740843	-2.0527560721656624	-0.37493263244804076	0.7333978705252041	0.08223452164590919	-2.0080923887476993e-14
-0.4639279987246713	-0.4677811566755278	-1.1902401507744325	-0.6258971458502589	0.052870473022846226	-0.029648553986480232	1.7126204600585177e-14
0.4808014712933187	-0.7256425409004552	0.46232248916585333	-1.632946280260725	-0.11314809049665199	-0.016711666421180233	-8.143374289225841e-14
0.434568095255797	-0.03811514883083994	0.1434829226144228	-0.4729668006474897	-0.09256775296337859	-0.02562476400652878	3.036932020670889e-14
-0.5745450328971562	0.5934697778661404	-0.26239937474607167	0.18069081157903646	0.2239027184207254	-0.02010521000980996	-1.6029010914440995e-14
-0.3276660096483978	-0.06181566201840508	0.21841694560983024	-1.9576724605994738	0.1956157693945928	-0.028652631290215197	-7.38418587844558e-14
-0.9994954657136805	-0.4711205975493727	-0.7293293275082731	1.528222135905585	0.1506915126440894	-0.024369296018882956	-6.235215637811557e-14
-0.8380471712484049	0.057792954958233236	-0.5095250814842088	0.9424626696932977	0.1976817243316427	-0.021414395912449	4.5276787869160295e-14
0.3377085408527356	-1.6325628461890598	-0.29420250590880426	-0.686977295522625	-0.25207457893968777	-0.005517355183412642	-5.582576152936732e-15
-0.0117498592687092	-0.9995969574868657	-0.8592617057937891	-1.493809352625942	-0.08261881044780786	-0.024486193399740935	6.452405171584293e-16
-1.2065896417090543	-0.3230894735367398	-2.1877572765647946	0.08509329048438181	0.20050829592903216	-0.018516432576755466	-2.1379344825389606e-14
0.6592867442601262	-1.2210886565801773	-0.46142915633060866	-0.05451824014703011	-0.33840828718605614	-0.0028347869997161065	-4.58137517119017e-14
-0.054194935991463994	-0.936284599239376	-0.4406561849029715	-1.2291542038917471	-0.049097176716251426	-0.025480621750592194	-1.427052386141319e-13
0.9860931916636834	-0.44255595750332116	0.24400266000450396	-0.8129356438232099	-0.277836638257253	-0.00690982628943679	-3.519816889602292e-14
0.9319903789401169	-0.06873020718771493	0.692312034213385	-0.046088553008708864	-0.22674389701844358	-0.01489460128485909	-1.059246708234586e-13
-1.0356225410789581	0.36363564536101667	-0.3598348572276952	0.5567771673571629	0.31498955524736516	-0.011931449614454179	1.4243337927708575e-14
-0.641408616750176	0.28604899612331136	-1.6721965537911874	0.32509847215942006	0.11981623383120941	-0.022675365090742212	6.169963831989449e-14
0.5715109486032048	-0.9923700044511679	-0.5205863685631201	-0.22946653931630281	-0.2847510570912486	-0.010480419176304273	2.414441554820265e-13
0.2587028645505125	-1.1795574237039583	-0.6263800610401988	1.1671546957823478	-0.2766805845315245	-0.016413460380322348	1.597577262125068e-13
-0.22674419621203457	-0.3376985133590637	1.9900524893655092	-0.21057161333252658	0.17021985308137916	-0.028563350483367306	-1.7194730550650943e-13
0.16503992100106288	-0.06621587977003968	0.5611896886592619	0.6698195144461848	-0.03797906976043453	-0.028070456947459466	1.3392114561773142e-13
2.141087163289752	0.3416560338818908	-0.25504935092748054	0.534882006333034	-0.6171927376276242	0.02195456059370871	-3.034024580352165e-14
0.12066227983050343	1.6914551514911536	0.335649983912314	-0.9985816788877351	0.22122445480777067	-0.02062899885635879	-1.2409414990961578e-14
0.5331662523161901	-0.5525073212635653	-0.2973717242402609	-0.3483272469907556	-0.20828642759222665	-0.018474582863136853	6.375922278334698e-15
0.959432568707873	2.083174528755387	0.45824713342350876	1.3758244397736108	-0.0754662765837263	-0.02816097821266411	-1.7183497768131525e-13
-0.42035238093101107	-0.2044475101701747	-0.32614996671430774	-1.9018347251473093	0.17268991839821532	-0.028807249590604034	-5.707150079810488e-14
0.9751522881704034	-1.1246130840795294	2.137129350190952	0.2802429987912742	-0.27837564646381635	0.010047902210625412	3.939618110350899e-14
0.6705450701681634	-0.9899262905098837	0.8655741640102905	-0.039827898253324216	-0.23818015523842206	-0.006186531239852482	-1.3175513437781118e-14
0.5605970537340842	-1.1795881264268466	-0.6605767121927024	1.5274694286719943	-0.3820126980484386	-0.007413759264196668	2.145481404536511e-14
1.3071597056828794	-1.1361823863819707	-0.8823129544138514	-1.332775631163511	-0.4911614929720857	0.023491368219839832	5.819286290619033e-14
-0.48649814232472144	-0.9039523402552259	0.9137385737121673	-0.3881984889163005	0.12859106065396728	-0.02891334449825402	9.847563214583605e-14
1.3346224254302892	0.4405048620670675	-0.8968416190321257	0.8175580183350522	-0.421199124825107	-0.013213551036201665	-1.4776090895749663e-14
1.8197639381300839	3.7628177735144717	-1.5872037538965467	-0.341500276033425	-0.20006977746290036	-0.027314926122458612	1.1992955142774955e-13
0.28348440614398723	-0.39310759368129355	0.4457076201590289	-1.4958050889641716	-0.02611855199481403	-0.024645836762673505	-3.1107279787206263e-14
-0.2108988363049779	-0.08156231370073558	-0.25873346449357815	2.1213092086463217	-0.0371729689170693	-0.029341054605785323	-4.904952953035998e-14
-0.13798863743102008	-0.5169981019448627	0.7617854023962204	-0.5035471458245819	0.06304689584203908	-0.028297033360056126	7.727192314590468e-15
2.5318889667217306	2.680626802000421	-0.2062528854855508	-0.19252750933041787	-0.4503917396664833	-0.015933555036156285	2.724610200263393e-14
-0.3392349573430432	1.4864508487766017	-1.1699343565206703	-0.9278226742555628	0.2428788559556473	-0.012450832244219653	-5.864207411491311e-14
3.0634501999935924	-0.06982785731167367	-0.6133671669491735	1.672764530739671	-0.9955526410699944	0.09871839189825536	-9.833402161531251e-14
-1.5154496995367597	0.06733103453396443	1.24739876085609	-0.2684080538550242	0.5559602793525236	-0.0021251395866492074	-1.058009253908351e-14
-1.9587032569314038	-0.14624614365749	-0.12609450026930571	0.6380368270265774	0.545819417623195	0.010831036258754777	1.395775715414689e-13
1.2389526085192708	-0.8696376402897731	0.18204093938301033	-0.10529837961340746	-0.42974874578230937	0.013336888627256203	-8.642914180269342e-14
0.6873648887414738	-0.8894050161303952	0.32308762534727997	-0.6185771048073957	-0.2411681762562539	-0.0080311054551155	2.350292950331872e-13
-43.481671995498836	14.380826013252397	4.126101650102553	-2.7813664956273985	-61.762334282156814	0.011480283071730057	1.779168333371015e-14
0.12620973138149727	-1.4186662213136538	0.525985849302583	-1.7841936275842096	-0.0730987166841469	-0.015295416567011458	1.6516534131023617e-13
-0.055782567645226946	-0.09278057169466392	1.145854580625731	0.9994999379948091	0.0459011101819435	-0.028807401317412166	4.75222722026462e-14
-1.2826671678031325	0.13754841864493747	-0.06820264805641679	0.4694904544566959	0.38499158943124345	-0.008540736926454646	1.9072981931549612e-14
0.38471131184832513	0.413253278600221	0.700039713626331	-1.5871684030999849	0.04988194200121245	-0.028286603180498148	1.4403910615357484e-14
-0.9718116212312067	0.08193018734129826	0.2140882906133863	-0.4682624779215436	0.34144205948992973	-0.018117343482115297	-7.962288992011082e-14
1.1591850458901258	-0.5539714397472199	0.27916849761346346	1.2153096655438016	-0.4214551458467119	0.001843063983399773	-5.828178976453719e-14
-0.5555288095473799	-0.6463638233556693	-1.7463825245366336	0.07041309944199865	-0.0012688257874904302	-0.029926726915819785	5.961236187304015e-14
-1.5422577919512173	-0.478452172117256	0.3257700463990412	-1.3358975566988454	0.4924801785545518	-0.012009450844503708	1.4148776351846215e-14
-0.7771177060205934	-0.5275612535467668	0.07668183036325406	0.7759185908638766	0.15759729327978614	-0.027541988595368102	-4.823685977663886e-14
-0.264417796347275	-1.5466648968985386	-0.026646932007043937	-0.8568606688375947	-0.043226892835731466	-0.022841409271957068	-2.0514148171970886e-14
0.10663542904417651	1.599471330457108	0.6291288149122936	0.7812814005137424	0.15983905831630632	-0.021421682334104096	-9.912095072450803e-14
-0.34166845387584394	1.4818011666420217	-1.6508046811389483	-0.181787492706416	0.18367751234462631	-0.012455509702776545	1.0659315923083688e-13
0.05842931626113024	-0.5585978196576018	0.9007591303670656	0.38560573837305673	-0.027574275368054894	-0.02619907405246854	-9.605173052025006e-14
0.3757662199393923	-0.09503882826575118	-2.110086027706371	-0.011392489619758977	-0.2353509021533051	-0.02717697711856779	6.381291399347876e-14
-0.49503973752837327	0.39917072056747804	-1.3934734321923035	-0.994383037947378	0.15947406025538127	-0.024018845789804847	2.0790947057925355e-14
-0.5498239021244616	0.2651473132106304	1.0626051630221613	0.8639799617037671	0.23192428329663933	-0.024072335643951833	1.3111261914535208e-15
-0.14847490506054725	-0.8945814928822236	0.04830732793898624	0.3444502218220078	-0.05212980859258732	-0.026800587230882474	7.515875948063511e-14
-2.2439369961705116	0.020508381022832128	0.2065729887476811	-0.9507602115928974	0.7352536071598201	0.02967482155256352	2.721894461041794e-14
-2.052679395862779	0.22884679480443304	0.12297021081946236	-1.4399478450785603	0.7159531322650297	0.02619083850557664	8.720864474245534e-14
-1.4176800308622854	-0.5411302055829731	0.9289874433005172	-0.36557337780719235	0.44467691255023123	-0.016417372043504064	-6.970377989431265e-14
-0.25312001037272713	0.04463987123075938	-1.1286976705257545	1.1369695940458422	-0.02266260085222733	-0.02912389170792376	-2.462234775301243e-15
0.02448190047897914	-0.7974374675381566	0.4320520713089679	1.9423863418241036	-0.13526082436410347	-0.025088996522411443	-6.547986310748877e-14
1.3977842146470263	-1.3496424212487637	1.3143924317146047	1.0672353036519366	-0.5067379586615721	0.03780805042163108	-1.9447052130293855e-14
0.567788581388025	-1.228606804167824	1.448218953253625	-0.7488162989920141	-0.16945160298501377	-0.0043594551675386365	-3.108756591858705e-14
-0.21979322029697612	0.004264659188707975	0.7036580678543832	-0.9656355077201423	0.15915676644263196	-0.028793654734629186	-1.3138019292636742e-13
0.21415400411890542	0.3724980692377573	0.8487777460092207	-0.8706142335548572	0.07538682886667716	-0.02880698897629321	-9.754124489431014e-14
-1.114666511327073	0.6998403267622579	-0.08415041409174127	0.9341236187826989	0.37669849657667626	-0.0026902084921753416	-4.282367975469294e-14
-0.07742116367087856	-0.1607639054989627	-1.1223474809804084	-0.8213702344700756	-0.016185812243651707	-0.029658270860181343	-5.997924031786513e-14
0.4302855668898195	1.4011605629863704	-0.4724532918013908	-0.3672527268367041	0.023160227732277112	-0.027741940775857846	-3.939498674706349e-14
0.2844320898999291	-0.4391846948808538	-1.8519054805071986	-0.22918372322545477	-0.221036696808577	-0.025556492787967226	-3.437612539282025e-14
-1.0023462055024732	0.3746280919516209	-2.218639970079429	0.0936535439292047	0.21398213335100552	-0.01269242714872614	2.3045132434810872e-14
0.14372311542577274	-1.1191262583519972	0.4113799829482603	-1.8543271135309136	-0.05020579443975237	-0.01928292507275358	-1.1254370711703693e-13
1.1651616159984979	-1.9197151155502703	-0.62169857673034	0.5630389215620734	-0.5944546404419562	0.04188452015182862	-8.708524174312003e-14
0.01611217273045073	0.2513325763515324	0.04186388724946763	1.3232229539534044	-0.017533949539790473	-0.02920304965119682	-1.1648975083221932e-13
0.934764124705941	0.4685777096066588	-1.0404161745109963	0.9544222489688807	-0.31497293680159016	-0.023085110486491013	-8.542239780600483e-14
0.5643290684621839	-0.8342925775972985	0.7109010736295781	-1.4708356782258434	-0.1410085980491254	-0.012530085648115684	-2.4106800357431292e-14
-0.6241448789644973	-0.08070501593528641	-0.8104542905684656	-1.226833152722378	0.18993813940749718	-0.026351179938525454	4.3685479345248725e-14
0.7441046122471018	0.6342233052143539	0.566309091200313	-0.30443348868450554	-0.09304229976805865	-0.02638601559003549	-1.8531400315584038e-13
-0.025430309594799604	-0.11739194983304979	0.49065650612162826	-1.5781254026128688	0.10083461169258996	-0.028915954259355392	1.1555456128755765e-13
-0.35992082535375985	-0.9108436250979178	-0.10351265442432803	0.6504523262951077	-0.013144356936165945	-0.028716821311946337	1.3540648790915806e-13
-0.9226618233947673	0.4430857051793865	1.4260585069965013	0.8818497360999724	0.3835625898834351	-0.013768035404131778	1.0916913785087582e-13
-0.12461130045338914	-0.37182728824018363	-2.074971913473146	0.15436251593357667	-0.12219143134490668	-0.02988394092782981	-1.7398633007572529e-16
-0.002703605882200921	-1.3535591182778361	-1.4517602533662581	0.03881112061428363	-0.22166738475300654	-0.020761177530449634	3.568482205570843e-14
0.8392229440861132	-2.2368098760207866	0.8174291245739512	-0.9012179222502221	-0.3866732879106721	0.03542059322811399	5.780069879787924e-14
1.776093376584901	0.5544788410022962	1.8510175938358386	0.4687803186417718	-0.35924531662132997	0.001769780929171417	4.015162299248977e-14
1.8855176670612919	-2.166079044532741	0.3640287356319542	0.9909748328853334	-0.7867760373185361	0.10563689757190745	-8.284615263054819e-14
-1.4331023093750388	-0.44588667337454624	0.6166590410590503	1.2888228821525494	0.3731207853403898	-0.014520893383131733	-2.66328443587309e-14
1.7734441758689623	0.7194507509130024	-0.25558422828218996	-0.5274383716673815	-0.42635231223076575	-0.003771207839345935	-9.964541374792336e-14
0.7427886990814363	0.7197054810829323	-0.041506768113520276	2.4083692204861875	-0.23124110171939147	-0.02728055498002489	1.3682038313922275e-13
2.2998431766783254	-1.5968046100005397	-1.5053135643052042	-0.39591323073243423	-0.9023714234560318	0.10941447241996843	2.3710443497810242e-14
-1.072477370499888	0.21576070876493295	-1.8256673949421205	-0.387395750704255	0.2607371538950646	-0.013446748516555652	-3.895855494784373e-14
-0.20434430395065112	1.7978090979671093	0.21851763709324454	1.4782711837106555	0.22117524799732446	-0.010894899639028309	-1.482235458788204e-13
-1.0507910680284132	-0.22226491932986214	1.7686484946185226	0.3102321478705598	0.3927752115661901	-0.020309075132853942	2.539244190851461e-14
-1.9529727686710106	2.3473037206365603	-1.602276617682426	-0.4516381586566608	0.7795736296668653	0.10492274487248136	-4.082596862626888e-14
0.005688797377981868	1.280731333132169	-1.6976908733219822	-0.21107259849736534	0.05643295496001025	-0.023431927120524297	1.1677629726899583e-13
-0.7279731319354177	0.679003655688388	-1.12644781263863	-1.1612264822182012	0.2824049523832624	-0.015221713904698257	-1.185776928265104e-13
0.7355476292936186	0.7961793759676401	-0.007884318237843154	-1.8862815244792068	-0.042527725356033226	-0.027650714733678215	5.765714004294298e-14
0.14322824502846151	-0.7126250459148091	-1.322524606870929	-0.10165430630126858	-0.18234440966591883	-0.024981091026713115	4.137003408780851e-14
1.4458136559818255	-2.2548167979834957	0.14676321150224933	2.148269334029618	-0.729715062491997	0.07489778273298514	-9.572497880033465e-14
0.7874573977423713	-1.1202380671379213	0.08736977396611782	0.7379913183751314	-0.36480588499164607	0.0002192026262231225	-1.6951850945461706e-13
-0.8509545425073598	0.04304025395483011	1.2705113145404499	0.08330755479504243	0.34177507408826346	-0.021135124681227475	1.7165387693298033e-13
-0.9829565789684218	0.6612600627248435	0.7633213060847971	0.5601904229351442	0.3991125866681071	-0.008054250866890695	1.1907579949892366e-13
0.06331169418558553	-1.1756521329362237	0.8976532881337367	-0.7004315511230448	-0.050858229304679786	-0.020038516296498943	-4.18794963616764e-15
-1.577173972537339	0.8244654641807927	1.8164712622915271	-0.3742383801985952	0.6967497890949987	0.01978832874293491	4.6839957958160484e-14
1.6035884415620263	-1.8620754700250162	1.0356400247669966	-0.5148709464341041	-0.571725412766879	0.07075358247371749	-4.1097377811644706e-14
1.0818810793821507	-1.1913398821913206	-0.13198641309650597	-0.7395051650162026	-0.4107430723907263	0.014618953635546932	2.2633177811559074e-14
-0.602680530007087	0.15174934382063246	0.12040616381543064	0.16352672599740922	0.20759313339884006	-0.024482415237496072	-3.580567695094016e-14
-2.6380428281529857	0.05778437887478711	-1.141246237168337	1.2286085549497052	0.6881869920364722	0.0548492814255073	-6.430314954279393e-15
1.2662560713648081	-1.259147896730904	2.0454008344156214	-0.4149107069106283	-0.3543114918059991	0.028254868430881947	-1.7569511364069355e-13
-0.4880503001736774	-0.5613775410053129	0.8638243613758592	1.4646069825082604	0.08708497591357137	-0.029074724956595206	1.9379841462605616e-14
1.3290796714373814	-0.9398251930185731	-1.0235104495595468	0.5951212497664773	-0.5644666967211287	0.018456048639428447	-7.314638888185636e-14
-2.2739800220883355	0.38764945128264916	0.9846218314220319	0.26426004636747286	0.7819485317841723	0.043611603589505214	-9.967382411550952e-14
-1.0713969618039922	-0.32786427789423733	-1.518900580100255	-0.4584210621376811	0.2220455917103317	-0.021539711625106917	-6.978705354758788e-15
1.0176811781422368	1.6577036217151808	0.9066091786790894	0.44977886597686845	-0.07394998299542238	-0.028414516358721637	8.922122876703746e-15
-0.3001866758401891	-0.6796517785331515	-0.08483400662852923	-0.5373908043926909	0.04406465689790961	-0.029067971338766128	8.696741619437052e-14
0.2974194718829077	1.582675337731217	-1.233368242322783	-1.0162537886365461	0.06348621175363439	-0.02508462712649351	6.783821867809428e-14
0.6945721062077455	-0.4520098501252298	0.5475488004150109	-1.1785156462813104	-0.16020010302405213	-0.015290610505791695	3.588075329135582e-14
-1.4504625953124444	0.3054963103520325	-0.35918069073010517	0.8542809982777188	0.42054455222947495	0.0010247839446823356	-1.6709064713876713e-14
-0.6460864140508445	-0.7941216175255518	-1.0444706533242403	-0.8176537107912133	0.08803441609382054	-0.029709548667696387	-1.1785075579409916e-13
0.23977081463906522	0.06364732381107752	1.1282946059183692	0.9376779912621143	-0.023050221885918702	-0.0278012904807432	5.810098139853631e-14
-0.9999226802393955	-3.046960531273376	-0.5996022438276571	-1.442976150862533	0.0019803216434960253	-0.02027267282100658	1.9151008235657915e-14
0.2629570325084285	-1.3716629563411256	1.770347947344692	0.3495499675086435	-0.12119892165923356	-0.011346363690215053	4.927021296031498e-14
0.5813510390026492	3.878879164820123	0.23047846844819533	0.753752046478515	0.2460739033900496	0.005720481711755936	-8.820620641475254e-14
-2.003035104582789	0.65337353225278	-0.1006562688814232	-0.7574923890082034	0.7069184818443639	0.03750843384725798	4.4398792701873714e-14
1.3610250583828085	-0.9842986981867193	-1.0748788875587996	0.548526415293021	-0.5796236067146001	0.021346004069720963	3.4792999265268343e-15
-0.31527977340347013	-1.3919614716000934	1.6705740568884067	-0.47065881187511094	0.07420662217293779	-0.02424873357971395	-8.631385139871628e-14
-1.3941545943297358	-0.4450029094151906	-0.07811151452839392	0.5417544879667173	0.3506620629178256	-0.015561736914230254	-9.891261619529708e-14
1.4797696777399387	-1.3992503421351408	1.0522715090318289	-0.17166384017260458	-0.5005907061379791	0.04424646577746108	-6.450471878398799e-15
-0.03419780652074555	-0.4402017057511986	-1.4515012129827207	0.8826053526235709	-0.14883353101409016	-0.028922294697627266	9.305139249507754e-15
0.8650046098538995	-1.5687257701754225	-0.7163011409891072	0.6607075928313444	-0.47992472287121113	0.014286970520650644	4.67563172044583e-14
-0.15016966404321386	-0.45528278046221626	1.1518345553811056	1.2277305623005481	0.025601485077155223	-0.028427395021309542	-1.725178401510991e-13
2.019920809928942	-1.720997342242777	0.3453976330663253	-1.6699631152838104	-0.6712334273915075	0.09514633570807343	-7.647133322902216e-14
1.3060324237477545	-2.2038079085380997	-0.06070056074492137	-0.3034147525999924	-0.5957647235176958	0.06265861136775665	-2.4717339811915637e-14
-0.884245881020204	-0.8822131836890537	0.5652953896314568	-1.5612621605942945	0.27602096448617247	-0.028336737749204227	3.3176825413850114e-14
0.8768671401477173	-1.0102287753649588	0.6407846027087678	0.6663119080691936	-0.34313873182976456	0.0016716427964411165	-8.052896206339557e-14
0.27622316205298075	-1.2094654214371714	0.6379101076574882	0.6555073082269742	-0.18822729344624772	-0.014552227772588838	-8.264042686856527e-14
1.0036911396429733	-1.810933288432149	-1.3921146219183593	0.3849832178864422	-0.5750301978308081	0.02800384814004056	-2.6249150448486714e-15
-1.3473354036251635	0.20729130045185487	-0.280542740732485	-1.7612177754990475	0.49089320495640937	-0.00497086508459495	4.368667522849591e-14
2.6483594638678625	2.616335666646482	-1.7328503559298984	-0.6324813448756899	-0.5648662606761257	-0.012825374283208589	3.173725083078398e-14
1.0060818479487208	-1.0000614499812195	0.8741249196568374	-1.180336805517117	-0.2899840494112214	0.007048918389793375	-5.626221741221986e-14
-2.082318320222589	1.15961179809681	0.7476379994673901	-1.2015132030275901	0.8564607420375642	0.060752981997301565	-4.7218466588689544e-14
-1.4178353533960366	0.7291563272493106	2.239309565365596	0.13336025643168423	0.6427779715382396	0.009723310539404303	-1.5151532019090858e-13
-2.9608114827109517	0.4508451281418716	-0.10751064125105547	-0.09236334241651016	0.9461482060606178	0.09378686445314353	9.102548238710287e-14
1.8098692747953233	3.673221147374392	-0.1049516271187479	-1.0624928578787327	-0.08850123386936679	-0.027311040302227033	-5.691111532391741e-14
0.507810162337858	-0.9779764898322965	1.6681057617697936	0.26454831469631446	-0.1536324514949135	-0.011028161784209952	-1.4417974995398268e-13
1.0546838312956814	-2.0378095269673175	-0.8843336234412562	0.8458845544316982	-0.6021464055692176	0.039132232487226956	-3.615031049598738e-14
0.032822884976110564	-0.17821926083908046	0.5029892983122559	-0.014470799512644654	0.01358705617483062	-0.0285318574736165	1.0801095876399404e-13
2.530956172949581	0.10956346185340453	-2.0459896412625636	0.09020655753554553	-0.8439590793190073	0.050414261556920616	1.6527483973130958e-13
-1.6137970459417086	0.879048962959662	-0.33383556591918795	-0.26990647071296325	0.5808670717428173	0.0238569536070097	-1.0253516657727683e-13
-1.9184510567472808	1.2647365544419364	0.1428800822563473	1.9532412816763496	0.6530300419054984	0.05456052251762203	-9.512793184992863e-14
-0.9227105737334496	-1.4730810384793542	-0.5839094804110218	0.9909873169660338	0.04968252692132127	-0.02986161571203903	1.0172242942464855e-14
-0.12304389111854967	-1.2521739605819182	-0.6933542773210751	-0.06728907089417166	-0.12559966080703686	-0.02381237976465615	-4.0440619090713625e-15
-0.06742518777925739	-0.08126277926078636	0.14149325593438727	0.4628685801995957	0.012452409332122301	-0.029228081812037066	1.363140224569724e-13
-0.925712473703809	3.971436723734944	1.2406020539265976	0.7204667805711064	0.7729286844441369	0.09877565078600493	9.248292359574787e-14
1.7448186783727684	3.0652742263793638	-1.5659445914465806	0.4484194682484084	-0.2847691954226236	-0.02916849485240751	2.0941172179186855e-13
-2.073766060605734	-0.09177498868338539	-0.031809995087001226	0.02097787792315184	0.6174066246382643	0.017650532218287086	8.366462666047598e-14
6.6595945323557775	9.428492064508943	0.4465273672268014	1.8144464454489038	-0.9841181312770209	-0.011176901059733735	5.6728206695418106e-14
0.37274725199131503	-0.3733181636327432	-0.5757286318764985	-1.005648869507853	-0.13161034558173385	-0.02400365137270833	-6.12777924808021e-14
-1.4323777516333953	0.020238812657420634	0.8358884185617957	0.2149999522338049	0.48141802505439474	-0.005995495411674099	-8.660099392374751e-14
-0.6143840037459248	0.2553708044938936	0.40552724231706944	0.14107848943724174	0.24039325075466444	-0.023217996954934376	-7.24648440830346e-14
-1.6341960226727674	0.005095483388072448	0.9859608206591736	-0.12640181640136547	0.5631782379142797	0.0009460158329249958	3.566811982778727e-14
-0.40228217264549976	-0.5851306651077872	-0.7648368938127618	0.02619101648860069	0.02060776962935976	-0.02971582870124992	-7.019464979149372e-14
0.6126045164707785	-1.4195922440191537	0.25693848961651733	-1.1278306952306423	-0.25869678354534054	0.0005084479054786885	1.365626090675807e-13
-0.5236277435731634	1.6535907734698947	0.25431150783705797	0.6162402471625463	0.33831677511490443	-0.0033040600149263906	7.577163178105306e-14
0.14414581200535656	-1.1053636328434686	-0.6978043644663573	-0.6787572272379248	-0.16359932240943664	-0.020216911531485235	1.420039434688204e-13
-0.6843344142495562	0.17646662699664248	0.16522404491751133	-0.5607770185318629	0.2670110605613425	-0.022868472558194717	6.396602924468368e-14
-1.0505360708982663	0.2075896145906406	-1.975216094984641	0.4079033185885923	0.21168178461653891	-0.014206129490700612	-6.814367337802342e-14
2.165643239592966	3.8368138343154246	-0.7479350492047094	-1.6224087449809181	-0.19172009063201897	-0.028631777071651904	-3.203900079899413e-14
-1.701962472340318	-0.1651947664855561	1.3823997994779624	0.8813803887161903	0.5470235439802923	-0.0004180341212524756	2.559658001330466e-14
-0.43528672229150883	0.6369241451215776	-0.6472278124676158	0.2901032317955576	0.15963917458536778	-0.022407131261354893	1.141506314224788e-13
-1.5914589839292492	0.4277851672657948	0.0477854166396799	2.176902184605752	0.44643439434570287	0.00984345842243997	4.92536468731597e-14
2.097086338212625	-1.4131674414093902	-1.7986410306904355	0.0657020198204037	-0.8614439826127399	0.08379344533675581	1.0761116687293347e-13
-0.33047888814516796	-0.6705848923646707	1.2727811524090589	-0.824252759680908	0.14711235149884477	-0.0286373219831285	4.7200705726989304e-14
-1.820236794516865	-1.2912233417178762	-0.27949922300890045	-1.1865707065809645	0.44380782638239885	-0.017756529620585628	-8.744665834454325e-14
0.3682262908023144	0.010770679088584485	-0.21459487974370642	1.6056683865023178	-0.1745448220868488	-0.027015388003383968	8.792125216852921e-14
-0.37522447038005724	-0.3892563532629672	0.32421162643795864	1.04051458007508	0.05742078045502326	-0.029234385180275057	-4.1605207390348265e-14
-0.27172698142670654	0.0445307180770163	-0.6961522064284342	-1.1881099903736252	0.10420693489702638	-0.028867313300464194	-1.1876948883617708e-13
0.23296529951123268	-1.1771507822619565	1.8537900922810366	0.1804413070888853	-0.07970008582733348	-0.01533431559279093	-1.409759953590451e-14
0.4369773016083775	-1.2726066590886242	-1.8384682146140872	0.3381955380132931	-0.37749901119668733	-0.010564314436226295	6.885738520609894e-14
-0.6646490012120867	0.19640690325251953	-0.3990300180442512	0.9175540337857521	0.16885031931042851	-0.023085734032568063	-4.0647530768784975e-14
-1.1738713689581264	-0.48298865405879243	2.1164492336279213	0.2511118190531344	0.4241522934807409	-0.020979151685659583	-7.417924604024883e-14
-0.8581498648030168	-0.7936380526031256	-0.319347807902268	2.1363395988222957	0.0731206550892711	-0.02839662257428505	-5.646860778652117e-14
-3.1237526613134485	0.9277274759472179	0.2537652891742333	1.8870738560839802	0.989928191583837	0.13063653615183238	-4.561931551076463e-15
-1.621402811447784	1.2599371309727516	0.7192671528556258	-1.49230304936947	0.7387892771691269	0.036201220925579404	6.143349438672527e-14
1.9622222260741418	-0.18031220632049338	-0.5901485453878546	-1.2883900933420662	-0.5653617618435903	0.02856082370643423	-7.505647530500078e-14
1.2049993732281978	-2.135980756864364	-1.2783403323643527	-0.22060845725016762	-0.6358690524535299	0.05169326456016467	-8.8389844076864e-14
1.2390463927631084	2.640588495861701	-1.0536074186489754	1.031095279377871	-0.17421814977354766	-0.028156734037881173	2.878113281617491e-14
0.2229488490264044	-1.1517981532839467	-0.44931670887859493	1.8542376517793966	-0.2808150415940821	-0.017633022787450894	-7.176821322139574e-14
0.1604455641686936	-0.609442680852574	-1.4564536486132982	-0.2560231097182322	-0.17801595997485023	-0.02570695964701319	1.236676632733681e-13
2.491458601197933	-3.2638015566131853	1.448710315981046	-0.5883535626812281	-0.942945442962309	0.23360368044553517	1.0763712080912627e-14
0.6532649924702995	-1.7742130814317922	-0.5883667399989353	-0.2546545868467368	-0.3946585236032477	0.010260111096616314	8.001807563728475e-14
-0.4995385627025757	-0.5590681109601601	0.16934856054962105	-0.9340931941664974	0.14761348780220182	-0.029259334170100477	6.637988462509617e-14
0.18702850445028532	2.7912414334754927	1.4269261379878593	-0.6291682889389398	0.37243396306984083	-0.00427544920080108	-1.2877155853376992e-13
-2.3552159234449506	0.2549982058929118	-0.373943962772045	0.1647890471436069	0.7144327095122309	0.044261237463047394	6.719303620111366e-15
0.0016141315966243493	-0.5726692445074302	-0.008167769393301614	1.50758128604898	-0.11286213578356216	-0.027243866874108912	9.878465775910396e-14
-0.7326678097510347	0.6706253649564314	-0.8000755453458318	-0.890008214108452	0.2912926929716209	-0.0152236747026128	1.2379964619500446e-14
-0.46981259332655534	2.9564434481427604	1.686553208752663	-0.27902313835425735	0.5890648435480939	0.02864711623641191	-2.3761897339139782e-14
-1.3269926655007451	-0.6045090841514871	-0.3100636340653911	-1.8095752570061274	0.3957682832713629	-0.019553432463485773	-2.726938714187774e-14
-1.5715365224639415	0.10772694794223577	-1.8578976577947628	0.31405716901283504	0.36743506385502966	0.0013041298179360542	-1.5481579331910202e-13
1.4632898435516746	-1.7558585732574143	0.9250944964468922	-0.12024903246289086	-0.5428795516164324	0.05654754389483816	-3.0287200574602966e-14
0.35873426866742764	-1.6481031690391221	1.0654951227492464	0.6791982310593732	-0.23445215446881854	-0.0033485737186387285	9.073483222928624e-16
-0.34353802394893757	-0.5994076652118842	0.429877046474504	-1.610307529059359	0.1404428903261105	-0.02913855096460178	9.577061684117397e-14
1.4267704148856832	-1.3684040609828119	-1.2925273181178265	0.4588059807536614	-0.6485052675537029	0.03723472461723817	-1.0784550242979228e-13
-0.10050821397083458	-0.41710642231750467	0.1847689761160365	-0.0029569132501033723	0.0076383472325926155	-0.028676602608271293	-4.682834682852821e-14
0.8886644799818171	3.6919212212677244	0.26446191077903575	-1.6526740238321815	0.23424702587951934	-0.009363015615015572	8.412154139193272e-14
1.6107307559241508	-1.1233565917727726	0.5902055878207665	0.9489564359375986	-0.5833878303023151	0.04167597039946427	2.4457187892542256e-14
2.7003097041721604	3.1222632153267935	0.6796899291255696	0.6735686335723551	-0.4350793779666672	-0.017566542958748526	2.4337708873930665e-14
-1.0705511242872272	0.8268295599535865	-1.953575066317812	0.176846455867583	0.29669337282177044	-0.0012931527631852705	6.963133677818151e-14
0.5386975140978246	1.3243023331913981	-0.6248238127673634	0.43391197150416894	-0.05936703217327347	-0.028812034963527064	1.3820962885595105e-13
-1.3479887656491405	-0.02463458475072345	0.18922763437328824	1.111732013049153	0.3757065322796958	-0.009580813324752573	-1.1739962072994474e-13
-1.9593621985901024	0.3299682699527749	0.66906764068374	-1.468441146468829	0.7329732056600842	0.024341814701041825	-5.830062283359209e-14
0.8369335435794948	-0.9834518935455495	-0.17980664523480935	0.8314954253076973	-0.38460803466093535	-0.0012205310033914338	8.630250478077747e-14
2.8082164074492395	-0.07291976060619654	-1.0790982351769172	-1.0649487853903365	-0.8377793874848414	0.07847351471851673	2.751873132619842e-13
-0.5954704196230953	2.658514494162185	0.6587491749212399	-0.14778673228256853	0.5268289069632995	0.026179194334579513	2.6254172775510193e-14
1.8175044233512485	1.532188006719724	-1.6229602290885212	-0.06824401985356808	-0.45344579146698066	-0.017919346061837097	-1.2448157785817752e-13
-1.247104979435684	-0.4395543470487689	0.7341571039039374	0.8524522567814926	0.3432731890020055	-0.019021774449759634	6.123997995149945e-14
-0.033683517908004966	1.156686252489065	0.2494447509901187	-0.9466581093104713	0.20139680016894582	-0.02374689089053374	4.278084637560665e-14
-0.616177583332403	0.45945924944307853	0.38053822592526204	-1.4343124202983724	0.3264328730999521	-0.020864824058241135	2.85829737712109e-14
-0.4959647758183215	1.3938767488738988	1.1165554750726516	0.5301571275296451	0.3565660305419986	-0.009475479293315466	2.690205696222552e-14
0.8077553935117266	1.1632790792961603	-0.6302676972431819	-1.5417612035109554	-0.07565958494094943	-0.028820093823925225	1.7128626569817694e-13
-1.0005511319369813	0.4090878716107337	-1.205814317955381	0.6583614191611569	0.2546914550644179	-0.012143934361682228	-8.40832799677942e-14
-0.1406636837789358	-0.9604291356920776	0.8161414694954947	-1.4180693418842236	0.056852441600960014	-0.025788210785050582	2.7591151243068985e-14
-0.4574376610751324	-0.7244432980744321	-1.432062605461461	0.3575462542016379	-0.03173277555747007	-0.029988213692545878	4.3609631602255795e-14
-0.6376576655277372	-0.4723999305698947	1.6682715405047313	0.3416916600886039	0.23537119467200515	-0.027962835802347277	-5.291776206530428e-14
-1.2208154512428628	0.2692149480718034	-0.015710146358539245	1.1969764640257698	0.3542767869470593	-0.007971099837760731	-1.4755450103778833e-14
-0.0841191262747916	1.303684917068347	0.03507177737589878	-2.139124334529742	0.2686025193110077	-0.021275297216536374	-1.648555275818369e-13
0.511626469101109	-1.0777367592116998	1.0993657492303262	-0.02811871327877851	-0.1874584800984398	-0.009526786832677965	7.262189738418609e-14
0.4830330540010871	-0.49823007515578616	0.7291042461696478	-0.5708765096043268	-0.11709023305833004	-0.0196533625924984	6.460140027882994e-14
-0.7527376960730053	1.2461458315951517	0.23599764736188503	1.6731336433834274	0.31745843879746766	-0.0038809250864143816	-1.3858867926007806e-14
-0.07394520102626218	-0.44498565018173936	-0.579127052689682	-0.3341874784481125	-0.035387830535562395	-0.028755489851662194	-3.251005779023611e-14
0.32055331538031706	-1.4010947233204951	0.5038560138536697	-0.12352387974036086	-0.19771001881327407	-0.010007181809314017	-1.9705511769725745e-14
-2.530214298167438	0.15748195600230175	0.606808130578413	-0.6312203418825167	0.8477077711368805	0.05096642695951035	-7.242558577857704e-14
0.5828908001013208	-0.47591358335687345	-0.9824784420173911	0.9175359203144096	-0.3077312737819809	-0.01885915102365784	-1.0487716973158105e-13
0.08721260230011234	1.8382945440721636	1.0483143926999237	-1.2441616629810135	0.3000377401950399	-0.0179240071983658	-1.228296797671889e-13
1.3705505549683152	0.8074785523342222	0.31549897365324436	-1.7059216639424275	-0.2162763715519653	-0.017069405823294928	-2.8702509911230034e-14
-1.296249264050226	-0.24036051713922083	0.011432107385909478	1.1953582641780063	0.3224430402732293	-0.014870134159419643	-6.229237315294286e-14
-1.8582463768119752	1.6606928781404073	0.6287023840629601	-0.8882052024772166	0.8249259001736832	0.0659468894378616	-7.414852211563049e-14
-1.9236797990942118	1.0677656672456106	1.0869837488897276	1.1028356513139934	0.7239627410076452	0.047074744389532124	-2.7638989293236886e-14
0.022662509551741084	-0.1536166157116498	-0.6566237741316486	-0.5091958385998087	-0.029917723510630125	-0.0291507394547256	-2.6923582166840193e-14
0.42878741805510556	0.0016135333252284578	-0.0018731996784048138	0.884036408724365	-0.15101283734819726	-0.02610943887485384	9.980361134527041e-15
-1.636789637563034	-0.40967389303955043	1.2220926317693928	0.8992727008423745	0.4902115589915713	-0.007833460191834262	3.1436439615678024e-14
0.4766467778974044	-0.8478201457918083	0.998420398807882	-0.17762886987570894	-0.15259707078211904	-0.01459948913325911	-1.2107088173843156e-13
-1.9662447963040772	1.0797087214047134	0.6079778829916351	1.1500473350475087	0.7075514968434483	0.05034462492611556	8.419503201092457e-14
-0.5822447377002894	-0.8377452767470502	1.1073946901457283	0.48679504550063285	0.1397562415934411	-0.029089225932432055	-1.1719957188940967e-13
-1.4729944167558473	0.6664058154047047	0.12183292864381576	-0.8199252517942092	0.5647806287049311	0.010902210972255896	1.964537068235866e-13
-1.0897494438772557	-0.17124267861453427	0.7457086399423113	-0.2644193315104992	0.3723141713753314	-0.018898338987433625	-9.577737751958964e-14
1.2918953114867224	1.9483997478250086	-1.9093177684067575	0.21732583652946233	-0.282746500379548	-0.02914359383315119	-2.6772493793216927e-14
-1.2884053193093223	0.05326869535254445	0.9541992248881055	-0.7823082255503772	0.4900247954658061	-0.010001745031024313	4.7653196768171504e-14
1.6880902745497193	3.754468201109574	-0.7186118851072552	-0.5916523076655971	-0.09957974705390671	-0.0257627094560941	-4.2221903619212026e-14
2.289212374136935	1.2595647132086834	0.061540805038889014	1.13707353274876	-0.5691082622497912	0.004031528481814627	2.6760766649279433e-14
-0.9928130929775982	-0.23617809328121261	-0.5964790360384773	0.6996424780705399	0.21636620400098547	-0.021898823322889838	-9.466417120353309e-14
0.5656389141094023	-1.2147476627217788	-0.21766128625030126	-0.199840383205396	-0.2897583456940564	-0.00611489161809134	9.789643650330737e-14
-1.4174623547374379	0.5461379613246503	0.3742003615944785	-1.5027269255213958	0.57792869920122	0.005369648650062209	-1.91083356703597e-13
0.7071504462453309	-0.1925187098213255	0.9256112444644743	1.502664299925908	-0.22357007675834323	-0.01856732453681488	-1.8538210703898537e-14
1.0940638287525943	-1.8109648728978143	-0.344327912080698	-1.6946068933187783	-0.45307007727137744	0.03430699897791086	8.148717404874808e-14
-2.1411438375542367	3.0100646200340373	-2.1835365254594974	-0.11800819309699125	0.8635185919555329	0.15667503307949412	5.646002748469214e-14
-0.39287244276589983	1.348760561174552	-0.7506134917075851	-0.642377798808	0.25714721010372316	-0.013296798545313186	-5.772988535458612e-14
1.3495221648846338	0.8000428985708131	2.4039045673222574	-0.06650017221388178	-0.15303175308906983	-0.01608223556021446	1.1817855910248174e-13
-0.7196627842905756	-0.6996729135626015	1.818817307115641	0.519037478930814	0.23673000069901756	-0.028281738091941094	-5.392613210316813e-14
0.15669982428261675	-0.7436768355185355	-0.3306113688221906	1.0710209155350312	-0.1783473810863598	-0.023910864790513135	-1.0284467361350321e-13
1.1821870147079587	3.515336702382564	0.9334287284977036	0.9109294360538784	0.06206948941932102	-0.01961546843706384	2.7545448750531232e-14
-0.30400150485582556	-0.8151679304496813	-1.3439172542194004	-0.06549327352364631	-0.06425653777954722	-0.02925015466929319	1.3168797011014721e-13
-0.3130768377203279	-0.16090426647415723	0.9079326524290612	1.375495350111475	0.08499494136319799	-0.028809588931488692	1.723319847988551e-13
0.7981594555386614	-1.6373211319993748	-0.1084701152631912	-1.5889384903415202	-0.3388753270201017	0.013733108157981667	5.725961922500259e-15
-0.2486235908253119	-1.1242303963064735	-0.2668077794495376	-1.6543002880503612	0.01585453071500153	-0.026534186948230547	-9.762829117439195e-14
0.3546908230861033	-0.3530810455127332	-1.585105932420138	-0.31125607760121987	-0.2131184860523908	-0.025091122603440708	-7.11892414128022e-14
-0.5242686690940678	0.1585841565440448	1.223381047158504	-0.8525491427573934	0.2927934412237804	-0.02533385290724417	-5.5711449241909265e-14
-0.8832642806931955	-0.25400742635206863	0.8901931293976846	0.466878128172176	0.28038940482012353	-0.023842399825747613	1.2317604575023256e-13
-0.7093201551068693	-0.13894603140338752	-0.6302054598141092	-0.038436707591939456	0.17091018561833501	-0.02566231580568793	-1.0519971547839489e-14
0.21269421636305874	-0.6758101197228537	1.1732308476649764	1.1564893804830152	-0.10092868514910319	-0.02272953211167091	4.9907321779734335e-14
-0.8941476825459814	-0.46297152420205057	0.09181725694204884	-0.4178308600239199	0.24931997059745392	-0.025712590655647467	-1.6395873778560467e-13
2.0612936375443196	2.6509179414820965	-0.6358721913723846	-1.043694205789286	-0.3059835284408133	-0.02510309077571555	-7.791244961616024e-14
1.4596042144753494	-2.704971248032532	-0.03881455759428986	-0.08837208745326242	-0.6997740740716021	0.09641288247996681	2.8229676985451853e-13
0.9186919412144469	-0.6955622853620095	0.4859806442512147	0.40270598517974726	-0.32041912190308364	-0.0038993894703565693	-1.427458143558469e-13
-0.8638596316739374	-0.6639174416596727	-0.02293664271124365	1.6056921613116502	0.12847248288396007	-0.027551421766112374	-7.874012678576318e-14
2.1110351276889276	0.5007476252037573	0.7540407326871132	-0.9043811718264629	-0.4720548750243932	0.016858122025902825	3.6012151678271404e-14
-0.66454985731839	-0.10720398276145988	0.3195269660212202	0.12605970739887046	0.21119035553065185	-0.025820148046654248	-7.095300645217054e-14
-2.9166685507559427	0.4895379940987718	-1.5644153326483736	0.355984363246685	0.8315756233266561	0.09310721116297856	-8.96278039798944e-14
0.7116481985036891	3.8023172198616773	1.016385335680088	-0.3036016629178118	0.2890112716331996	-0.0012277803482824065	-1.2246439587040437e-15
-2.978524118773232	-0.0016530305982259358	2.1635874999637204	0.1749419211691573	1.0254544081712083	0.0737034392984282	1.0287678517542934e-13
-0.7141773971949161	-0.3419407025064152	0.02760075418319816	-2.2033650818540096	0.27849560648005056	-0.026998682930766106	5.1402408261025954e-14
-0.05725324523167588	-0.18575593640569543	0.6096878608892987	1.2598292194745528	-0.00653012014311436	-0.028896131889853027	3.0938998444966027e-14
1.3999344787228782	-1.872852407737856	-0.6930769200308584	1.0058739091273534	-0.6800705217010969	0.054895246103192775	-1.0855313676365885e-13
2.479636654207328	3.2613511047937522	-0.4878356846262082	-0.6969304507948341	-0.36896583843012154	-0.024095127273092674	5.2609011583014554e-14
-0.3215824163930712	-0.029088491460695552	0.12338148305884214	2.056856361436154	0.026860620985750254	-0.02864141478068266	1.6920360277463084e-14
2.0781474046331367	1.3668280305474687	1.108098280466347	-1.1370876586929837	-0.3398996833997744	-0.005336147349173353	1.7691201173952794e-14
-2.498257853500671	1.6863644557178126	-1.275857972235564	0.3831055334800112	0.8558172459768926	0.1170237300334941	-6.738971448787552e-14
-0.22489198778420275	-1.062187106889474	-1.3694853236015887	-0.19370398670428537	-0.11050377984528473	-0.027293194519592265	1.3462210105113622e-13
0.7786767371504992	-0.7095327969410318	-0.8059284331825229	-0.42687565385579507	-0.32431116130740706	-0.009411246889940316	1.5581770637359517e-14
-1.9092293230731368	0.6686371546886745	0.45166809533588814	1.121326068696902	0.6362720893925301	0.032595564270814024	-6.516193477008497e-14
0.8107820486727719	-1.5330734320334298	1.0584132150780736	-0.4622181426387423	-0.30782839105392024	0.012540660740544152	9.588518112142926e-14
0.24809251083861378	-0.4811252828748192	0.9037279377651877	1.1081443042565746	-0.10461209031094207	-0.02419802475015126	-3.628292130657222e-14
-0.5264389982514155	0.10409819523919969	-1.4721921238121065	0.13690752974957063	0.08543563920605471	-0.026286608139821005	1.228431907741155e-14
0.9895084984470511	-0.02654114757583707	-1.4490353656088069	-0.39288782712199805	-0.3532286818695067	-0.015546172176121765	-4.7970510865824566e-14
2.1646016308732126	-2.0027681256954146	-1.068837850573172	-1.2855533390284952	-0.8427112646265006	0.11925531326042299	1.1992729901011445e-14
0.9632181059810637	1.077328482265539	-0.8306994019306272	0.8542179933556984	-0.24121723404189244	-0.027490859737610233	-8.29428531622486e-14
1.2807956716762527	1.492418246095224	1.5118147119283152	0.9284791414574367	-0.15285736507448544	-0.025423431366635864	1.421706677564256e-13
-0.5546085734185522	0.2175198598741059	0.623270639809296	0.3164723818970701	0.22431318104948844	-0.024515970900641573	-1.3807597036865165e-14
-0.6726232403046785	1.0383518811767216	0.058149321438981466	-0.9956360066028513	0.3695093510888873	-0.010613723363925088	-7.774759052155501e-14
0.8118114846083364	-0.7395082555880439	2.038894412192452	-0.16243550657951641	-0.17751727729406594	-0.005443855662806338	-1.7482708550554164e-14
-0.8594488193117062	0.7764857531970625	1.6831583530106666	-0.308222281846255	0.4655940304375472	-0.00978168021973318	9.00924695789581e-14
0.9275754474911941	1.3193589748559076	-0.018824786129053667	-2.303463577499631	-0.026297640321717334	-0.028369818044535724	7.6607720070474e-14
-0.6095977884323505	0.16098845944596504	0.11205424509486392	1.3994363337609426	0.15942079052510985	-0.024294155999435844	-3.637834134997599e-14
0.04859183367131439	-1.218518229124067	-1.3772547266504755	0.39064460051505273	-0.23226068435821473	-0.02131790464860365	-2.943487083016763e-14
0.1284831213871984	-0.7164404197136756	-1.3139557681460967	-0.3970776720586013	-0.16577004424051114	-0.025166270334690412	-1.0637403636698767e-13
0.5538151472965775	-1.71769556921028	0.37239792127012195	-1.6598633113603916	-0.24435833950111896	0.005402246380978336	-5.2809982054158035e-14
-1.162473918623046	-0.6576747767744814	1.0840845183360437	-1.224016597832425	0.4003907166101183	-0.023261954787333734	-1.0376460732148052e-13
0.7079706325938085	1.845089969061144	0.7351271809500587	-1.0790354985682544	0.09060359585245946	-0.027416432805270487	-1.742032449262413e-14
-1.340289447262772	0.22714981569197354	-1.5138485314013836	0.43704127270741205	0.32690107270563773	-0.004678671085427484	1.2241157867778594e-14
-1.2676354800924157	-1.022189976314308	0.3116274024759375	-1.8935619081855164	0.3730872225819051	-0.025233239435781867	6.303849064227062e-14
0.18153733025844546	-0.7000833838096953	0.4589634399500089	0.8168089324095958	-0.12322375085845834	-0.02344705597141902	-1.565100474780062e-13
1.3135623794623688	0.23670554592195275	-0.0019930286550563455	2.372549764877832	-0.4469524863544822	-0.009588416262128042	2.633967891808789e-13
-1.0195241775290453	0.657210953724354	0.49554188462273546	0.828546872991391	0.3825562909362442	-0.006925559064501447	7.202385510784355e-14
0.620498504043001	-1.2371603580285975	-1.5841730244816035	0.5794568885951499	-0.42211103557870877	-0.004872904809823886	-7.580968804761205e-14
1.0513371503947238	-1.677832946096343	-0.4460350017734618	-0.765846688643318	-0.4708883880269409	0.027379407895333708	1.2268797618576946e-13
0.31815114174666836	-0.5940193963860939	-1.05540029542835	-0.32034030730938323	-0.19611020749182687	-0.02299526988762387	3.3468828692612546e-14
1.832099703013307	-1.6276334867964986	-0.8578692954991467	-0.8715286012705141	-0.7123062007874119	0.0747765710638929	-6.724402641435621e-14
-1.058663243742229	0.19529117160228843	0.3818786460793667	-0.1458127214875522	0.3766131587048871	-0.014164031097174705	9.593913781722543e-14
-1.7921229223147501	0.2440987932372166	1.1270829560698261	-0.624539821542492	0.6659222782393638	0.013622904600087785	-1.0112740026914244e-13
-2.3326618518409887	0.7958294813812948	0.8285424703079133	0.13500803032760042	0.841336296053337	0.06288219665805225	-1.3591751407920721e-14
1.2873471478378335	-1.6057060339005615	0.33018868256630485	0.5714338186921575	-0.540226871316708	0.03914545731896354	-9.901123127166735e-14
0.7167385027687088	-0.4979205693073129	0.33684939978157413	-1.3130109327534216	-0.17871257195969742	-0.014104143243696321	-5.176758636597346e-14
1.8012593976162579	3.1237890575125995	0.6474346527815649	-1.4378382441867363	-0.08509975106882234	-0.028312586609854487	-4.4639882866057756e-14
2.1930796272452517	2.898307182783083	-0.46026471055248147	1.3355765237229724	-0.405369741818654	-0.02521566535473931	1.0819889207589519e-13
-1.402473775422168	0.5437813114477065	-0.31881922573905475	-0.4398107803214132	0.48805616802128676	0.00481955885660797	8.341406528154695e-14
2.039207561218096	-2.6237272529912286	-1.133848032123587	-0.22886729914721485	-0.9180138726334142	0.1412298449370776	1.3783703657677162e-13
0.08985011102654052	-0.26589375188052283	-1.4178633529242843	0.7795523160491875	-0.16040570049832722	-0.028714622740539007	-8.443004381254665e-14
-0.286909563030057	-0.8170664549992396	-0.11713115697507064	-0.9818038888837286	0.04161225907181246	-0.028558177247989393	-6.100018593317984e-14
0.3667743995416432	-1.2703058538952188	-0.04862293383021647	-1.9178221799006048	-0.15676781187437389	-0.01133174315045803	6.219358477955075e-14
-0.03573039864281315	-1.3367890482479967	-0.03064863947134427	1.6204056614693614	-0.1899260292393632	-0.020799453261774986	7.194321250918823e-14
0.09348382881727657	-0.43308235537936596	1.6442624533395163	0.09493197208889653	0.032087749582892004	-0.026242559762040454	4.9257753337628634e-14
-0.9404535203648802	0.4348776735574905	0.18882237747435535	-1.5492328092620116	0.4137012939616829	-0.01343297933443731	1.1898156852369498e-13
0.10714427116580355	-1.0687640054290755	0.014192853050189165	-2.0973929683852033	-0.047888272979169505	-0.02097078791130179	-7.559068668137986e-15
1.4297241720595337	-2.2966471991274107	0.05878213219189401	1.1237136977285775	-0.6926336226051722	0.0754786804353076	1.948353521734144e-15
1.3330763086733992	-1.161742938925379	0.3785220058009682	-1.7278840892828111	-0.4095535826341329	0.02701991848661654	-3.527575253088666e-14
1.5258391112007794	-1.4600953987485115	-0.6346790555614238	0.1378132532117898	-0.6342228106073419	0.04734908668735516	3.943037365241477e-14
-0.903776112407138	-0.2647012586615459	-0.929782811910187	-1.2013544351158727	0.24482084550680186	-0.02388462660539484	-1.3233458041009434e-13
-1.6768027621271364	-0.31474908668882623	-1.8187270181352202	0.4314340418616033	0.34982338362149024	-0.004301880645009103	-4.5937784390920336e-14
0.9212339252088396	1.8025226491176742	-0.4132210379385094	1.810874351748761	-0.1646704728786916	-0.028973787524809076	5.5271646940656923e-14
0.7956577769152434	1.1651882599465224	1.306191324671647	0.1921085011123283	-0.02704398874948706	-0.02807446190573247	-7.554857305522518e-14
0.780427209639435	-1.5030259326016808	-0.7945726554434929	-0.612599788024489	-0.400735682637832	0.00859068991362446	4.083355403108389e-14
-2.5184058992989984	0.20363085121842742	-1.0721788614996448	0.21361444230124724	0.7141751172334834	0.05274164522849034	1.896818076138943e-14
1.330770456094008	-1.6546829494614737	-1.586112795330232	-0.1813030813274473	-0.6420033183767884	0.041321416308417486	1.806111130168642e-13
-0.3488089270844324	-0.24490372679314532	-0.5947437377630889	-1.4709677641901613	0.11331301105972204	-0.029334652927163918	-7.014132503673774e-14
1.6379317231111565	3.7927713585103997	-0.03807722806610384	2.4014437140790283	-0.16261533519081506	-0.024691314493314916	4.667534890209525e-14
-1.7665332555182331	-0.34060827515904507	1.0958723504562413	-0.34916826673947193	0.5803562025185638	-0.0019192980495476547	9.256331835832247e-15
-1.4248720909419257	1.9340027941661335	-1.000410787371921	1.1406350860921382	0.5438294416992051	0.049264984661570685	3.0894717247380707e-14
0.5574506148489242	-1.196354123626133	-0.09708499536795924	1.3833675008217314	-0.3431781682296919	-0.006722770138979736	2.7588043083550383e-14
1.9510991490065297	3.040959856373253	0.5772462206122454	1.0809952117617703	-0.24597761043175254	-0.027782835240116984	-3.378346910061282e-14
-1.6626730918340715	0.5723199369971983	0.6516503080454666	0.8054815487774902	0.576300968720418	0.01692205112215906	-7.093171241312934e-14
-0.4472806663032897	2.5778140804313154	-1.5463127476305663	-0.8389022909797766	0.3696990495761737	0.016988873040980144	1.1227482497028218e-13
-0.9676865886305573	-0.8367463844355446	-1.2117679864808752	-0.3351058573365098	0.14895530536315033	-0.027853172236379474	-2.979634062666935e-14
2.830108471797701	0.5952903786745208	1.623395584603163	-0.7991691706873087	-0.6231895476226382	0.05564852283504636	2.5978607486416568e-14
-0.5551758769216555	-0.31494889197308984	0.05169421161405699	-0.6558599525334518	0.17214635193862507	-0.02829208341027101	-5.738690686079294e-14
-2.147063779490835	0.32407429602550114	-0.09307473430501755	2.3689617924629194	0.5856984804286732	0.03452483736618825	4.307780586432386e-14
-0.34999641130168097	-0.004223346431458256	0.22175201214291582	0.5704736880002972	0.10490466529246192	-0.028323700809464364	7.988696395303472e-14
-0.5106571703224863	-0.1639577401233149	2.0278435075225913	0.2064834981305547	0.25832214725724995	-0.027385232848970327	1.8913188078982393e-14
-3.7549510102094104	0.9741467997651698	-1.327195311513369	-0.20811284279775058	1.1793178201856094	0.1950369697242275	-7.445588119469433e-16
0.06169879343845295	0.18346043431788622	-0.12964054083439827	1.8716900361706232	-0.07117337746152709	-0.02932192470458931	-2.8116802440412125e-14
-0.4438609785513703	-0.19853531748196368	0.21563017296189274	-1.0757874347506482	0.1788429795667021	-0.028495945219137512	-5.973408030940595e-14
0.14724577311795212	-1.5345453963258793	1.4661898884906153	0.9310848520138327	-0.14675669321308524	-0.012181694558238228	1.0087484396568908e-13
1.6402533161006578	-1.876712018584708	-0.5693251532196821	-1.0535056239996345	-0.6580257046427768	0.07195224857978214	1.562147382044581e-13
0.6716966163785976	-1.771343346826307	-1.0310865336696937	1.1026170722448563	-0.4820027871419642	0.01054190591410916	-9.368028593227648e-14
-0.3260738123885148	0.08577489362223213	-0.19656135131943378	1.589889184524177	0.04068645671008594	-0.028214691633994322	6.483180640858025e-14
0.6780015939968509	3.99142133114858	0.14348734690675388	-0.47853346370872923	0.2749252960123446	0.004547461363235992	-1.7296941838065708e-14
2.6822729139079455	-1.8326701255864892	-0.6995696569245071	0.579865607969287	-1.0282039712604971	0.15859025710807226	-1.2650099134195247e-13
-0.122581443804602	-0.38701560237875837	1.1861651876996588	1.1774394670647057	0.02894624735031254	-0.0284639188811515	5.875827640359056e-14
-0.45148686578570485	-0.8485362546333834	-0.06359166382917723	-0.3007395807494862	0.062088922725744324	-0.029300249477401126	9.056628212685912e-14
-0.38936863783936604	-0.6527521365248524	-0.28778351432348026	0.7758766163626902	0.007267100288473457	-0.029501216905667718	1.8987797415962684e-14
0.18437546647650374	-0.24732007045746895	0.07058862695401338	-2.2051805610306507	0.025425448005954514	-0.02717490308131299	1.9206313258926113e-14
-0.3580025849053963	-0.2473299620450882	1.6777528557122665	0.001649796789479569	0.1914447723945381	-0.028579007354818168	-2.7635060283185997e-14
-0.850074359529836	0.028046851036698413	0.8948438541148639	-0.17647107494133774	0.328041023408966	-0.02137321508610215	-2.8227408275706895e-14
0.1493391982647549	1.5850884477334837	-1.282625187204233	0.7800747109225651	0.031117021715685686	-0.02262709262194863	-5.0542926587088255e-15
0.08470103592989536	0.1250344589786562	-2.1324174213795253	-0.24612184179205107	-0.11734056771043776	-0.030012168069248023	-1.0696331716245444e-13
-0.43403407266084676	0.6305815950118431	0.19359602750712201	0.23871843095887654	0.2110334773837797	-0.022392643852710597	-6.017687752438003e-14
-0.7202519392997354	0.548916904693918	-2.0328690560152793	-0.3754008826951356	0.17928436165716383	-0.017481945027271253	-1.113870317172952e-13
0.0830943789587275	-0.1848739704519152	0.013632673414480712	-2.4077380302052176	0.06695572867053688	-0.028375821199729288	-1.3760228391807e-13
-0.4544052582272484	-0.17332140631959086	-0.5772046146493502	1.1117766205434911	0.047412825296066254	-0.02856700652699033	-9.252658024079627e-14
1.3351328487906997	-1.5662227967612428	-0.7129894861837436	-0.7697196230978539	-0.5574605026527757	0.039466332589738515	8.012038044420101e-14
-4.132854102286155	0.21003722228858648	-1.1989470138255771	-0.38040805448324283	1.2223659458941731	0.18673698626407306	-4.844522546867262e-14
0.679530973949738	-1.6323043773444348	0.7603284434308121	0.01340349278740348	-0.3174454164495292	0.008953912073601496	9.286658832657642e-15
0.7794993945435243	-1.9008884441759508	-1.9475343075781688	-0.22300197147834977	-0.5276234305127707	0.0185022263515943	1.6410820459804183e-13
-2.8383362980744464	0.7395305770122834	-0.7058107844193652	-0.25994754028450884	0.9126384537533826	0.09810824323280624	-2.124516839471232e-14
-0.8355716047204934	-0.6016958340104163	-1.4141859853584036	-0.3165869783271678	0.12243901654158446	-0.027763251180345002	1.6795989332781933e-13
-0.7750879594701107	-0.3690767781922428	1.1506694886744535	-0.7486613455634135	0.3011741326508122	-0.02626227647619966	8.259704843894023e-14
-1.0902929939221089	1.819820870139076	-0.798651051759803	1.5246288995425143	0.4265351699143738	0.02618123120814479	4.766456092898215e-14
-0.11690455075837183	1.81105918069362	1.5561526762438949	-0.46971906907701766	0.3565685340874023	-0.013178256000771315	7.867511747367297e-15
-1.476542935496858	0.3917861711376032	0.20656554077406825	-1.4044897316583203	0.5644985651400178	0.004015212755148755	-8.375297279968962e-14
1.489027923125239	-1.9190339408219976	-1.4192898524030242	-0.5558357528829369	-0.6901324933966405	0.0619242249691591	1.2112923499228472e-13
0.7493613348256961	-1.1526677110504806	-0.24452520870163325	-1.7677620608634428	-0.2741334579615709	-0.0007149139472307344	-4.1437386010276423e-14
0.721581689821184	-2.046915297966606	-1.2995136752498782	0.9336389788355774	-0.5347855632470941	0.020558962676129534	-1.0278390716408804e-13
0.7345993618524143	-0.5944376297266116	2.2736519474083314	-0.06210380064287264	-0.1295042247349774	-0.010526177403500406	1.0361521312819736e-13
-2.4503128587756478	-1.2109540278151942	-0.6661673033277788	-0.739836717704311	0.5996371129120813	0.004525646523992624	-3.917469971214156e-14
-0.5885045653124072	0.29441885930617867	-1.0851235465726814	-0.12353458033322148	0.1585550010667753	-0.02346806331875897	-1.9177158180285528e-13
0.5325449649586491	-0.4297692229585218	-1.2700830013441708	-0.6693659251211149	-0.24008549521723851	-0.020750656352852424	-3.322967118270467e-14
-1.786258184188769	0.14736665528531032	-0.8767239930069063	1.3299163851238873	0.45326848930750596	0.011184657983154385	-1.120891135153772e-13
0.11507325258619115	-1.6239684482722694	1.6812733622182867	-0.7654432650901225	-0.0643149648276714	-0.011361061639519795	-1.0615363977694763e-13
-0.5064081960982464	-0.3039163212654045	-0.8113624258081955	1.4687818540882867	0.019958313768497063	-0.028842538618988403	1.0690439129307334e-14
2.3484139882028963	4.879309556947987	1.2964770958020453	0.47636779296897325	-0.09631598300184008	-0.024952386322526204	-3.6628837442704214e-14
1.3609540705702716	0.4299817561205008	-0.1267199573744336	0.07536879425689977	-0.3534054975156996	-0.011657659227527555	1.4655778655157767e-13
-0.08409815642780602	-1.3157137331920294	0.2637879067064584	-2.0076355816870755	-0.006848533395087672	-0.021763821457658823	-3.6527191657338056e-14
-0.593216380017002	-0.14229908010059797	-1.1465192253067644	0.09568959238953122	0.09961153298245465	-0.02725637643118855	-5.190355148521177e-14
1.065475868357647	-1.1564589797537999	0.5221929400075441	0.2927440277650868	-0.4054306022377522	0.013474180142153508	-3.0157933073317876e-14
-1.1748697836427786	0.8163266758952867	0.19439182092820895	0.32797456766461863	0.44916342349181526	0.002196047479982021	1.355498221229532e-13
2.782128451541512	3.0673337715034763	0.6528053261492487	-0.4635601312430875	-0.4198982172374333	-0.014721157233056292	-1.0041783590907885e-13
0.31364915255030934	-1.044274458784197	-0.6122822605023645	1.4844474143573119	-0.29053397436359113	-0.017044004848951824	-1.5997923699913099e-13
-0.6825326954027017	-0.4113446860051937	-0.44314035686865044	1.081141263428845	0.09850361904249663	-0.027884503038156042	1.52812616570715e-13
3.305180463940722	4.6621555337929825	0.2758434661903618	1.5846019169431953	-0.5094815350692913	-0.023538389751589773	2.653841418918581e-14
-1.6463355451903356	0.49772234649220864	0.7565532407202776	-0.35568461049235944	0.6170580927045732	0.014019661622697951	-8.925693454030123e-15
0.14480757549162357	-2.1370346341872666	-0.07669855358331103	1.4254802373182167	-0.3229405459406018	-0.0015767323753397011	-5.1513598397740155e-14
-0.38006099602717736	-0.2246631497134129	-0.41842346438242073	-0.8054401084919163	0.10801046854179452	-0.029114002881566937	-1.3770398362940009e-13
-1.0806643479713056	-0.5196866496397659	-0.30317980889864155	1.1348864604413542	0.21120728928707636	-0.0234328640629231	-7.062642932662815e-14
0.9448297910020482	-1.0581384559889417	1.9161486600303648	0.082844350702704	-0.2676383222422121	0.0068141663833347675	-3.785732116925209e-14
-1.3444112326541966	-0.4573581117980669	0.8034871839224191	-1.3524315675208542	0.4650098557086699	-0.0169831968527786	-1.1314897346896542e-13
-1.8375086535427358	0.6021905837628297	0.6637807974032598	0.6581059119765428	0.6389823346059584	0.02653356390207365	-5.702941828982624e-14
-2.216560401967474	0.3601632988586683	0.10839669378909067	0.934002665601287	0.6816380550618109	0.039622191058220076	1.845072605740891e-13
1.7105992123309526	1.2447360243425005	-1.6676337483035968	-0.47181244873456857	-0.43889649172271844	-0.016385931511436424	8.144871262147275e-14
-2.0258550499873236	-0.09865525902399574	-0.9814084757133688	1.3140690075152077	0.49232801338289606	0.015425610729971397	4.434809561861551e-14
1.0441661792251637	-2.670786938038036	-1.4014270405062785	-0.3792476812249073	-0.6460554694056299	0.06200231301595494	-3.7670371699767606e-14
-2.4860675406835435	1.3998358835952192	1.4272930752247084	0.8023518540384901	0.9641877801563755	0.10016717027941645	-9.949398859653551e-14
1.2194486715584918	-2.18837632209727	0.896115238393377	0.6521498595246763	-0.5509236745706597	0.057311426821983535	1.3526920790903046e-13
0.0475619936965515	-0.5071202848041513	0.1898345125140749	-2.0570621923771935	0.03885809473157714	-0.02698492011856622	6.873553725141407e-14
-0.6511131177528324	-0.9230015608405702	-1.1684150349671947	-0.6841472743262642	0.0626423797985576	-0.029916982741888868	-6.879573989830064e-14
-1.678035987530106	-1.4403872304606875	0.6811650229154181	-0.23037241541855003	0.40335664940969207	-0.02264109437192793	1.0545246912850928e-13
0.4072707034953313	-0.3936172575855345	-0.37243155892326757	-0.37492576128072896	-0.1576608611680975	-0.023089119142169833	3.667329956748887e-14
-0.4536462986339916	-0.7413348276352361	-1.0813951368609531	-1.1838814270978657	0.04960746128529672	-0.029821151442405814	-3.7938576927268146e-15
1.178938383884629	-0.8502556575635262	-0.4269149951155438	0.6378014657686476	-0.47722543915548815	0.009452612312318441	-6.397872794176512e-14
0.058297798450747354	-0.2567525073765807	-0.3672012336986462	-0.18014642814173695	-0.04775119747588884	-0.02848034090790214	-8.273599497594305e-14
2.051401477052005	2.9807735025245465	-0.9799075862648029	-0.9475737891254294	-0.2921066393277236	-0.027519939343570488	4.572345182065876e-14
-0.6250881279338545	-0.13708229436291589	1.2325475455346493	0.23719355659092126	0.24632681072377818	-0.026330881470690022	8.907857030820803e-14
-0.5636308007893719	-0.8079181748424399	2.0960146178872976	-0.056047958994750686	0.2189897471347209	-0.028703962887833768	-9.006102081836442e-15
-0.7133480864718929	-2.0311460121418516	0.19358617002636738	1.0421425203096821	-0.02785827889771525	-0.025518268263079256	1.0547061013441087e-14
-2.3916280864571045	0.4774202412134663	-0.43892528992082874	1.932673990650863	0.6738504431620984	0.05488166605564634	-5.686677587453185e-14
0.33208126280523087	4.047366750007026	-0.7016005032834056	-0.6985865374419457	0.3434659868299632	0.02184051213599243	1.3138412534272535e-13
0.2249357478469919	-1.56098853928732	-0.42586047523854553	-0.7091920107858142	-0.21841824642842947	-0.010756337844399683	5.223119050804972e-14
2.6199329272562033	3.8701922322230065	-1.4674526836002346	0.04721211478804033	-0.43405099086903054	-0.02722995080559054	-3.216313853128251e-14
-0.40021161123946586	-0.22440322397659349	1.2863537561740708	0.011902237394264895	0.18257380354373498	-0.028500531475312813	-9.377732477277312e-14
-0.42936635173488896	-0.7718479476001726	2.289300482757697	-0.08483213419280805	0.1959412656022663	-0.028391908228062826	2.017310248053798e-14
-0.2906980095220171	-1.3897377303657412	1.6466356720233482	-0.562048256059734	0.069524676691797	-0.02389277731205576	1.7085694671368503e-13
-0.6898508883540015	0.18959321117995007	0.14526865053963	1.6758054553303876	0.17707360034894862	-0.022636087872845424	-1.1388738647640243e-13
-1.4813694000223665	-0.4824421413984098	1.239026059655976	-0.5643854171333598	0.4968588998156105	-0.013802406983789343	-8.197693935138921e-14
0.13976965892255258	-0.31365366668416766	0.25894084801440187	-0.7896527839933974	-0.01539199725371679	-0.027174624974080127	-6.976554769988675e-14
1.898887216263374	5.685261783061901	-0.2705393133969948	-0.0987713303755742	0.05592358669255333	-0.002973944433618391	5.354258484695755e-14
2.3337021277475607	2.8038970470927165	-0.857029371359497	-1.1854451945759996	-0.37719090810739336	-0.022269987090554368	-7.052105069156668e-14
-2.003236214571989	1.1141749522698847	-0.31101264262779055	-1.9872992831438272	0.796393078001389	0.054326689426289654	1.475809922004572e-14
1.0457790204178452	-0.8721201121341627	0.46873755634484976	0.5015017953619031	-0.3813813245861798	0.005087673382109473	-7.776760913021085e-14
-0.22476583814917453	-1.640351375337476	-0.4477467529939157	0.14501564353403165	-0.13130079020465973	-0.02126855733855641	8.098231170845136e-14
0.2525356706830073	-0.2810055235311227	0.12883498129432902	0.12882857674969445	-0.09063356983967878	-0.02618674399709204	-7.256314074252083e-14
0.8875526926389593	-1.0246098900268232	0.3820263668443581	-0.07727274684303387	-0.3327703437365209	0.0022343686637902784	5.254847883327637e-15
1.497088165201274	-1.694865994342777	-1.2408316515107893	0.17228516556859064	-0.6882351492484475	0.05371477093519786	1.115266881819589e-13
0.2537339238071318	-2.151314471804505	0.9796132251936027	-1.0556178542538872	-0.1910813439701003	0.004101045830486355	-1.2809588818352763e-14
-2.1747063786003067	1.222664601338299	0.2977344473358602	-0.47478986172563054	0.8347341362238329	0.06982216805605752	2.1782401906467192e-14
-1.4998396537977796	0.8047707273298413	0.022682913359893444	-0.5886395531316586	0.5727665633944521	0.015966105063587605	-6.343863205288763e-16
-0.6033705331466032	0.5496063409393696	-0.2446961816125112	1.7632040580343151	0.16378046350500744	-0.020058849664519884	-1.262030053335198e-13
0.5020506357808947	0.7242775804899074	0.16330165085996645	-0.3920036527616588	-0.03241093058338867	-0.028786694718916442	7.306837038204717e-14
0.5514838006730137	-0.45753899125797065	-0.6675497195965856	1.1577400915872018	-0.28752530227427964	-0.01962691851051823	3.056593664482673e-14
-1.314471121440895	-0.37414159631781724	-0.13172437935851156	2.006671417285435	0.27131132630568766	-0.016512422969027798	-5.784091762935683e-14
-0.3973736632539919	-1.1776352634858924	0.9541202207649355	0.827226466965004	0.025248589827893207	-0.027277641934471984	-6.43343991738716e-14
-1.4362709547104482	-0.48181501140158517	0.6630476126466277	1.2062943389574792	0.37628517878557893	-0.015017294935275337	2.2010446511466742e-13
0.05452677488793511	1.6183035548688867	-0.3306592682023602	-0.7928974558764893	0.18457570114332314	-0.020252162507722937	-9.20138832504185e-14
-1.9717353518254228	0.310571426912968	-2.195061093090289	-0.12873345730388497	0.5081451065505356	0.025266424176001147	-1.8659568081252946e-14
-0.9430747028561762	0.7618093903136811	-0.7704983226777793	-0.4179030470402778	0.34659384285338735	-0.0072966652208317105	-1.6800364267333777e-15
-1.7594220297451508	0.5338433330614897	-1.3920289143639397	0.26085787380501035	0.5011661520487231	0.02104492288821823	2.0564784290213382e-14
-1.7638591850160683	-0.41015911878058986	2.157875583145558	-0.16534838138541688	0.6279054841885523	-0.0036220295139405695	1.1130074647392905e-13
2.164813354130603	0.9469579386278691	0.580167540481094	0.17780300225273193	-0.49542211814766624	0.007071053230294538	-8.559565430863596e-15
-1.2790697146704249	0.2737578303860696	-0.5661470025386224	-1.4806650736510212	0.4491788995199818	-0.005917655081886334	-5.0144639558365625e-15
2.302427357359352	-2.616100572138879	-1.2089242024235896	-0.5224834635407632	-0.9851229536790806	0.16635911268184106	-5.942577212762089e-14
0.2127234711594533	-0.988550750652155	-1.8134105875358362	0.12149141201908194	-0.2709625046690283	-0.0209639891129362	-1.588307253526865e-13
-0.14582067850314168	-0.7371222354616042	1.513831944198363	-0.8491299760318143	0.10086461744062106	-0.02697530607286854	1.48483152862579e-13
-1.0034463068172446	0.5031431113254001	0.0055148681574531105	1.1038618869224786	0.3201391952771804	-0.010374148523595784	1.2469287298450193e-14
0.4019159588018585	-1.134463257269301	0.7039505831526951	1.0518430335533078	-0.2293967777405513	-0.012193800892110853	3.621273435027078e-14
-1.0908447445022473	-0.3600870926681114	1.4106478087185648	0.723542725354768	0.35121377002168197	-0.021223751728268073	4.75161968930183e-14
0.6625190303125531	0.7030701715851173	-1.8778536619279482	0.4023086870966191	-0.23701342820461826	-0.02873916780486525	-5.511665451060382e-14
4.527760914887791	1.3196368107458034	0.45780693702454883	-1.297801870717928	-1.0866945863126207	0.15796554434854038	-6.505600132333632e-14
-0.516713660993347	-0.6853687317522353	-0.5312567283855005	-0.7351312332140217	0.08886855836958497	-0.02962673388324414	1.885200568313436e-14
0.8345321739800567	-1.548840818006256	-0.8443399149394598	0.16527969441921658	-0.4562794200256145	0.012197187725929327	-2.490987627228327e-14
-1.2154305719957479	-0.26770792775850555	-0.1263189770077049	2.094263582071799	0.25016992013363437	-0.017374931424205795	3.5905191133373316e-14
-0.20904540463703808	-0.33076761570099567	-0.6566634935724279	0.9972890697485808	-0.04241548061163548	-0.029593190057888984	5.893816605794782e-14
1.6513176049344689	-1.6246532587067763	1.6324726973837838	-0.41358154385786583	-0.5291212027166804	0.06494243900421766	-8.68716262168397e-14
-0.7452464530221853	0.33410988700018707	0.4257709102018866	-0.4783157093263416	0.3146255612938963	-0.019757847203292107	-5.059657816273254e-14
1.891695107076227	-1.3928007353154892	-1.6750822972833677	-0.5932583542449604	-0.7655197595085402	0.0679339242367506	-1.1497726063118043e-13
0.6743733264602921	-0.7561109532064539	-2.0932422978973655	-0.03906849571620917	-0.39180357123316506	-0.012799240388651306	2.0187759497936292e-14
-0.9925809015876793	-0.24768542393055856	0.5489599806728926	-0.36929492267143865	0.32751339604504165	-0.02189964752124083	-9.91931536110888e-14
1.6564498716469285	1.1402028835207276	0.7579006177188831	0.32928570143868535	-0.3216769765873046	-0.014485290150778398	-5.504880573411336e-14
1.0423388882382496	-0.7670987689141354	-0.8724907490681556	-0.4973043216414087	-0.40865450167814654	0.001241051657819434	-3.467952258204635e-14
0.5072978413374323	-0.7724321319049535	0.22358852464794762	0.8582210067524261	-0.24251094083716515	-0.015552915402888815	-7.503439116034499e-14
-1.9929537571389107	0.7691784991263648	-0.020697990778884828	1.4732400420901508	0.6300164404188606	0.040962933468892355	-3.8347456509643713e-14
-0.07864301609345176	1.711689655744457	0.2065957178739478	-0.637942661893204	0.26033547114447747	-0.015814400972413437	-4.825523579019699e-14
-0.37325208760653955	-0.0038740064811430817	1.7659853867336102	-0.5459732087419805	0.25017266096229995	-0.027718821428758714	1.0296845235658635e-13
-0.1159127694149262	-0.08107054477079255	-1.0330161926995058	0.5426542831616816	-0.04681637254957342	-0.02970769024472613	2.3997626406932128e-14
0.4925063124705121	-0.7833117413179429	0.7023018453258981	0.1823448345186611	-0.18288985063646776	-0.015414130733796877	2.8552094460969796e-13
-0.12441332515781287	-0.707746343724857	0.4558859839752876	0.8234717956245476	-0.03434554100189648	-0.027487512276056284	5.17288612923391e-14
-2.1622913053509705	-0.1352284185544288	0.9906449727330736	1.360636067636361	0.645387407005326	0.02043992783278785	-2.6350767937694223e-14
0.4026413080573994	-0.36699596655118444	-0.9592762675814785	0.19923218545458687	-0.2121830022708999	-0.023811226741951366	1.0642534854324096e-13
0.15830265445556593	-1.3190693012902404	0.6251616483162005	-1.0280093480625447	-0.09697914892437004	-0.015944768051562246	-3.86143342477971e-14
0.7443167611627051	-0.2408184953615259	-0.8033045315513522	-0.8112745991255164	-0.24827648074623182	-0.0181302427894866	-2.250616894481293e-14
1.31702079775134	-0.5647361432520165	-0.5455942578576646	-0.8668141255879825	-0.4326427888731063	0.008039002708371169	5.68848611456123e-14
0.8927582717050998	-0.6577455085855526	0.019080441526498706	0.9260594446553905	-0.35828903420500385	-0.006004270136529877	3.877101579034785e-14
0.012249751494675123	-1.1960773484430003	0.2253336117084293	1.78810416357388	-0.18049902669938495	-0.02135315226997815	2.7833879185429047e-14
-0.5870835514712365	-0.8878643095822097	-1.2880616429442269	0.743322397210518	-0.0182763037410752	-0.029991132945433388	-5.5106673653783095e-14
-2.0601905571747086	0.9032652754275026	-0.2937872258780313	-1.2912641046044722	0.7624437336685562	0.04994588933921917	-2.6845887002372385e-14
0.22998315606728398	-0.7873361628195996	-1.2505211263748184	0.1933558930508338	-0.22369070105597472	-0.02265982589878017	-2.2287236788905502e-14
0.1841045391060784	-0.2668244900243784	0.3854964879616045	-0.5890044012130746	-0.024079119610369962	-0.02693129387583646	1.0078856590603527e-13
-0.03008295906812461	-0.8133235312060781	-0.7598600664531641	-0.26218016450632503	-0.10180675812787138	-0.026330500217074917	1.9887128205424773e-14
-0.8531771604491203	1.8615908061373017	-0.8807202813370901	-0.44768724938916776	0.4359252750934353	0.015658454172321534	-1.545256201104377e-13
-0.48997386953870725	1.9704152856657684	0.4678800740415696	0.6552956955368414	0.3744157195797727	0.002558714185668794	-9.855615672363129e-14
2.3497181118532753	1.215234679774829	-1.4376932292296085	-0.9337532346595258	-0.5963392810363229	0.00637092090492113	-3.02726098286633e-14
-0.06886795984946543	-0.08925106904826628	-0.8949639732163203	1.0580426821823146	-0.0745126725231383	-0.02963563191815451	9.712760326305433e-14
0.04461285424857029	-1.6967086379782697	0.2541767027434479	1.1715997984371966	-0.2164893579773372	-0.013305127303398338	-7.552232320863191e-14
-0.05120702170991789	-0.21521095277167693	-0.14079284712455453	-0.9867213223888145	0.03576765810910443	-0.029095063543976642	1.5477071638977762e-13
0.6269871668687891	0.9355475838454974	0.6841977282945236	-0.16855210842748578	-0.024469374956791492	-0.02852685782254639	-4.7436574007041104e-14
0.9881910131989942	-0.7576011421274624	-0.0822495897178714	0.9093178334575333	-0.40219609042200594	-0.00045261828063822615	-1.925332011051106e-14
-0.9116383520320358	-0.24094316816324182	0.2561604310514427	0.47956750529756925	0.2517699696927318	-0.023333893106539078	-9.77682254332222e-14
-0.1429407543562576	-0.5600502891439164	-0.885373867288602	0.6019944052969732	-0.08421543447193491	-0.02893975487685531	-8.593618798066914e-14
0.6817056206426567	2.261095913301094	-1.0785562789710839	0.3098060745176581	-0.021901326456515654	-0.024605291305473353	4.4528850714602114e-14
-0.5103835645271646	0.2029501655749865	-0.39344930128818556	1.9849732854335653	0.0801831954151049	-0.0254808184975438	1.0390908463644409e-13
5.012238123280642	9.185003869414098	1.7020527856981065	-0.3953947517295944	-0.35833481529668876	-0.024861782623556285	-9.247967790567604e-14
0.2714554203904412	-0.19091158683970746	-1.131191821970469	0.24773507100967831	-0.16689811350556644	-0.027245341098623477	-4.239668216731508e-14
-0.4242304610745412	0.43808992833396937	-1.6390995342845176	-0.3199284916315017	0.10025913161464853	-0.02482798257486392	7.558938103833918e-14
1.5630150838279415	-0.6008354666598206	-1.5141707569690273	-0.5537551417330959	-0.5790859147511043	0.01967173251629797	7.283924345328439e-14
-1.8786320201064854	-0.9092531153918041	-1.9444358516107043	-0.07941701880851305	0.3581091053892298	-0.009603821000444976	-6.243718219134199e-14
1.657516727803232	3.218309126805842	0.5822845811226409	-0.16458958256822975	-0.08845503399461174	-0.027944509076799254	-7.733377414670806e-16
-0.5069321121624426	0.18617167824950523	-2.143578742655927	-0.07463137304273391	0.057067337374226416	-0.025988957956290085	9.885367782999008e-14
1.0844695599076648	-1.8618309229152827	-1.2464565225634585	0.4581676460559646	-0.598122729020395	0.03437989350031085	7.297934108158515e-14
-0.10815536234208782	-0.7164033628363778	0.9817771728374054	0.2593936546621131	0.014594447482970733	-0.027003267939845386	-2.121296965875258e-14
0.5706544431166699	-1.7036325643847194	-0.8521061401398417	-0.13967375284930203	-0.38361956681328707	0.004580994479690077	-3.8044486218852957e-14
-0.9767516707991045	2.266679308939617	1.1124158158281776	0.14869869006945735	0.6129672712119913	0.03385014245435445	1.869129432837321e-13
0.8665083283844801	0.7341405143859527	0.7633545438282164	0.44194591928622684	-0.13720917577265768	-0.025508965890509567	-9.188547221079753e-14
1.3100986821613283	-0.12058027186309588	-1.167401529881397	-0.06306477720079387	-0.45381124930595923	-0.003382461393816139	-5.88640764092455e-14
-0.09593551696968788	-0.40577118340663143	0.9363572477209634	0.18494765646471728	0.04482778965058085	-0.02835491648581744	2.404932684430748e-13
0.4728563645295558	-1.9401833197325857	-0.32420528792306724	1.5227290499798987	-0.41672192482187154	0.006797305809097516	-4.652990626189173e-14
-0.9926749823949398	-0.382137346531059	-0.1721279603639274	-0.3401295174051658	0.2684580238661087	-0.023480343003438396	-8.572563413950042e-14
1.5048841318711674	-1.054908685486729	-0.786268576475073	-0.5958877300825958	-0.5645971394308815	0.03166914105873091	4.010619906307159e-14
2.423587281284678	-1.6223004780996675	-0.4314548143308684	0.5686184654002195	-0.9157552071858703	0.12302866444870353	3.7518685129196185e-14
-0.4519192426793966	0.15148501374517515	1.2655599217559028	0.7796884728863647	0.20603709325546898	-0.026272931358551285	-9.534738142706463e-14
-0.5484009288355931	0.2063139306115546	1.2544994989454792	-0.5643177805031273	0.2952068105681781	-0.024591640362136614	-2.9996244930163102e-15
4.1615294512818775	3.324513997636517	0.5742392280819493	-2.0859406664873217	-0.7334648498324631	0.03681626167482462	3.4331261496291894e-15
1.6231310684513844	-1.2334570505203777	0.7777181747863636	0.1505651557308826	-0.5544967007124272	0.046701156031540444	-9.173533614294892e-14
-1.1638343256848975	-0.6606008611433443	-0.43295800661555	0.05586457842925064	0.25708348865263625	-0.02349510799855749	2.6840621747533073e-14
-0.7214965369550813	-0.18920973624098347	-0.4776219293829006	0.8925897630582804	0.1399615058628717	-0.025894467737420237	1.0491253340295393e-13
-0.9127723582267109	-0.8611202130228055	-0.05659230316420309	1.1675972200900337	0.13749768445250465	-0.02821870419800627	-7.517301823076753e-14
-1.7674443982083192	0.5298132273039502	-0.06439909241832839	0.10107412064909634	0.5891415304577982	0.020951888015934738	1.6382375722719005e-14
-1.4688127853363016	-0.10817555863678303	0.3869303382811855	1.105619788559097	0.41472318119033286	-0.007330695691262324	2.9803833108845e-14
-1.0357489390364558	0.8731919668522125	1.537930864412907	-0.4560849328570306	0.5263765537117342	-0.0019381077039776664	6.85704610820289e-14
-1.188377581272744	-0.04887467908368811	-0.0792461081474205	0.6090626276967733	0.3299153141732368	-0.014658302637603567	7.123875547973066e-14
-0.2063602961351666	-0.3362656075872287	-1.1468442487668322	-0.5621813207187463	-0.00914714618738748	-0.029754109547246086	-5.0235994452466884e-14
0.05396555121574251	-0.5507954605642137	0.5310701818781565	1.097554286774319	-0.07679999679359274	-0.02651448977383839	1.552724142867004e-14
1.8132062560363604	-0.8191482203359493	1.9591835811429184	0.2150651447201659	-0.4979915004778167	0.044653247479278985	-3.86910023333536e-15
-1.45996332807062	0.10200431005615518	-0.5294421669330281	-1.2529674110741489	0.4772274397908249	-0.0032045441050691163	-2.887353252563087e-14
0.39131266094375394	-1.8623996757113674	0.2945816558102053	-0.3282206677046499	-0.2715774734070401	0.0021082240041200217	-2.112962011167698e-14
-0.5822243885970075	-0.5016586787187572	-0.9961494494334018	-0.19504344823179606	0.07819170615778938	-0.029178404867794012	-2.471831169592875e-14
-0.4891551404880648	-0.717216222964129	1.4058775858566952	-0.153648191812402	0.16943620120366165	-0.028928923180087225	-2.0274422961617503e-14
0.8017235547572753	-0.42925627318696197	-0.583571179897017	1.646176259957434	-0.37297370664219215	-0.0136132517154472	-8.308263065957978e-14
-1.7160884517643056	0.019157924554362753	0.022459230563024225	-1.7756421761799526	0.5993170564881087	0.004660406626430573	-3.5362832296765845e-14
0.21785834498335666	-0.641229142842312	0.9582663846427107	0.8815727952694494	-0.10033290774812414	-0.02311665397061836	4.305495609677977e-14
0.10587723918592329	-0.32350575241397617	-1.0029381981659946	-0.5526392999109752	-0.09179493558247315	-0.028079689566929626	2.3955917117965207e-13
0.41812875699609	-0.5869393497074271	0.7337866515497169	0.720220248747287	-0.16024138122035034	-0.019965210302571763	-6.760315631679038e-14
-0.03709864201243556	-0.8455658757836085	0.33134343845043923	-0.5270125012565644	-0.02694559918590817	-0.025571884563883915	3.98664917378554e-14
2.5532413258485955	-1.793432033824494	-1.526482956072866	0.712263373845368	-1.0422512400859938	0.1425122100635382	-8.751803266943392e-14
-1.0784054136243493	-0.20233780715010377	0.08764844952656084	-1.7443117818994067	0.38687532307940864	-0.019621603660490847	1.2829795812070733e-14
1.2348045526464295	3.3731696502791166	-0.9089395493113981	-0.7126475125604061	-0.012830031110095801	-0.0225054550831991	1.6920786971449267e-13
-1.1165963019181768	-0.3097036257518303	-0.025904576509745512	0.7845822590361995	0.27587487727456367	-0.02021949636508081	-3.72786350069424e-14
-0.7926449256085151	0.03854150405194775	-0.7975631374658453	1.0045765868814982	0.16225392813027	-0.022556903295175016	3.606348818736401e-14
1.1645373438852362	3.5322658100823716	-1.039779081969869	-0.805808906825371	0.021506449760595233	-0.019201575354281252	2.310912493665524e-15
2.1847054689089807	0.6187755341986313	-0.8651772841388294	-0.9873740462887967	-0.5747504839997299	0.015433757548960427	6.550511031550698e-14
0.38566092787770195	-2.9678553871800832	-1.2202499664931958	-0.8423524879787484	-0.4563512842202188	0.031976600044542676	1.0169192478660315e-13
-1.0090273252255	-0.2439159723006065	1.0121309873551538	0.16732311239990197	0.33852964967633503	-0.021485866723997455	-1.3303693952241808e-13
-1.5032283553384609	-0.3977774183631394	0.27741355506969834	0.72333804199577	0.40226012450611587	-0.011716578438672904	1.4991883395720439e-13
1.396638359491112	1.096480088895829	0.13893721561850736	-2.2418990673533936	-0.181586798700006	-0.020424646505425748	-2.702721539635539e-14
-1.0991036991643792	-0.45731146399981887	0.3727010380931482	-0.09064895843140636	0.3143055544372429	-0.022318908464140794	1.1123787148903257e-13
0.36769035714235865	-1.0409633904953044	-0.1973305375485153	-1.7917031093501963	-0.1466611656072442	-0.015292423061359575	1.1873765136428954e-13
0.00020630067118645301	-0.5737279782509728	0.006989789681033952	1.933131971307242	-0.1291238081376643	-0.027252883195830524	1.6894820579986802e-14
-1.8695371016668536	0.841581014596974	0.6648578871962955	1.269715628443083	0.6502631026655972	0.03609843301403939	-6.774930084881644e-14
1.575238543230262	-1.2513406324243048	0.13649073105004136	0.8491786301644733	-0.6096270829625452	0.04360735321591842	-6.319091852679637e-14
1.4873866277719863	-1.9684535600274702	1.267415666920841	0.8442939911582413	-0.5911161890402756	0.06720525882827331	-8.12229048706019e-14
0.038365266734169484	1.6370733901154855	1.6474987652968216	-0.1215737194881679	0.2823401684869286	-0.019483349451501382	5.45377228810472e-15
-0.7637151787388543	-0.34122152642983666	-0.276395806919359	1.8346690646927801	0.1093057891653127	-0.026517538604468097	-5.859522009720074e-14
0.2572607906025711	-0.37166430568523895	-0.8796043408251009	1.1962865140023595	-0.20603239925020148	-0.02600239360708201	-7.090634267466168e-14
2.5656421774963616	3.408134730860468	0.47248769014642006	-1.3733183713082637	-0.2932052359329723	-0.02352181018175805	9.640319281342495e-14
0.38855448395776687	-1.0969545743284992	-1.363003940089331	-0.015777371962388764	-0.301543241037152	-0.014715746224447105	3.594344420865743e-14
1.7323600126230034	-2.0902523032188927	0.08762088288676492	-0.8771955984378791	-0.6746534597930408	0.08931712478454035	-1.0882134981921873e-13
1.6619252011650205	3.196880846981132	0.45113489974113447	0.18249615530251348	-0.11419359822062569	-0.028067782050178326	1.0880931799772293e-13
-1.3262429188105278	-0.1949342084793437	0.017841350120254847	-1.611060330535965	0.4519885868448327	-0.013293176390727432	1.4970807228156747e-13
-1.5965530192892694	0.8784655531691772	-1.562118309993683	0.33079979766343165	0.4774497010723695	0.02332940907440986	6.767679108754081e-16
-0.28822334752828505	1.342350959516864	-1.0112508145445256	0.8175417740490714	0.149659759650428	-0.016216994124672812	-4.453984224090958e-15
-0.10556051969592364	-0.15667097475496913	-0.48968999263269947	-0.8071927466809602	0.029900667199288997	-0.029462829886654853	-3.050894574082182e-14
1.263069979855787	-2.3369939385050675	1.3959467441428877	-0.902990226733728	-0.4852253727380317	0.0670592617953436	-9.528963492768424e-14
1.2828808891343235	3.4546735088426264	0.8243057468086853	1.2260468612371933	0.0059746857099395615	-0.022238686180677193	2.6384428845636848e-15
-0.17655242696074055	-0.9185765553457883	0.1748261126011141	1.0214576920764908	-0.066647730617645	-0.026912276040840045	-2.9153413571740905e-14
-0.15028695733274292	-0.25003386439171765	0.6734939508503873	0.13976042086883328	0.06383480063587804	-0.029020892558660874	-1.183622985146654e-13
1.0732130648870706	-1.1957563896849057	1.327117059922236	-0.8741057804083219	-0.3156603427203877	0.01578097655150485	-1.0488005662366025e-14
2.241882528830897	-2.427062590688875	0.9114407043366664	-0.8983195852693143	-0.8056542117408889	0.1527886983062694	-1.4237545597470837e-13
-0.6468192801672614	0.24907622415800704	0.4749813224623079	-1.981654177323712	0.34066498153206154	-0.022700998766976923	2.4465885167408576e-14
-1.159779459358737	-0.7396829900779274	-0.26612480477564865	2.13845287506142	0.17172654605041004	-0.024358518249096663	2.165086924250254e-13
0.9822291393207259	-1.0587292444651917	-1.5212495635290528	0.29520818989503145	-0.4934420889737083	0.005237796016565185	-1.2508121603688304e-13
0.5785892450239191	-0.8201638022594258	-0.6715364653166102	-1.2956575484955608	-0.23374186277102013	-0.013395308773493386	2.1450906157775817e-14
1.77374038548015	-1.6036586221413605	1.4783222830912834	-0.20476974233953824	-0.5801546423864444	0.07253056741223787	8.23424607058411e-14
2.7708451176629576	3.0868708076571556	-1.2435094533487832	-0.3219819057332929	-0.5339741503743727	-0.016645115533590615	9.428558917622857e-15
-0.7105081074083038	-0.3396415780807736	-0.9677068999657146	0.3167969094590353	0.11458122676663361	-0.027267756408794655	1.7639392830731342e-14
0.44964349474541576	-0.8019437260499916	-0.38318068203415195	-1.8814482453825554	-0.15263218040810764	-0.01695054478880122	-4.100529392548407e-14
1.0413503839901577	-1.126467313607361	-1.9273168001342227	0.1571186484492774	-0.5365397771333787	0.009193474981673704	-6.712296375241235e-14
0.7983752572818403	-0.8051139532445972	-1.0685002712106013	-0.5121699753031856	-0.35249045079918334	-0.007101589011528023	2.614866054282214e-14
1.758280248738206	1.5869623847495675	-1.002076051149315	-1.1463356253218202	-0.3487130328490478	-0.019595101881825876	7.705416046780973e-14
1.2652907935396742	-0.5933552103826215	0.5806219579555546	0.20789071416004828	-0.39717235660911376	0.007536120892391147	-1.2886882502527984e-13
1.0313947085329354	-1.218058137248265	1.4313756394967136	0.24465872617515	-0.34551062247237035	0.014478609986056674	2.6920701821519766e-14
1.475248171085548	-1.0353821197729636	-0.6024033648922955	0.006436600492153936	-0.5676333588886412	0.029551676952508148	-1.3847490592478233e-14
0.3501292111554826	-1.0813504082149792	1.2097396524293458	0.6294449083996259	-0.16088389892625396	-0.014174565531803403	-4.5676110818356093e-14
-0.002141707751120411	0.3621853175690191	-0.4665909085521818	-0.9257810094936249	0.06177163074127763	-0.029105222057344924	-5.84947116451075e-14
0.6913115948204042	0.7243257498978127	-0.2737765805060721	-0.5668823017693729	-0.1073194857546884	-0.027830708594006073	-5.924726831475667e-14
0.7430855460523078	-1.8316797190653762	-0.438406932150449	-1.2289078517921215	-0.3779167562786608	0.016256156808758283	3.390817550944159e-14
-1.546125628570855	-0.5244329249142411	-0.34531851921620565	0.8918794833827709	0.35694260596822014	-0.012693398418098299	-7.868934194100625e-15
0.01044092382799103	-1.0016478593495572	-1.2112538429750273	0.7999533656844791	-0.20463734598459557	-0.024355474463325723	1.7676573623965698e-13
0.31747481723660764	1.478419805437608	-0.6715911965384725	1.1926095306546387	-0.010888350038113977	-0.026127015252254353	5.566338632117228e-14
-0.2590607527367285	-0.565104511116207	-0.05380713412270817	1.3060842558580574	-0.029534968295879836	-0.029172019719223934	-5.937046319315912e-15
1.3195912445889888	-1.0280698458623672	0.16937144829624193	0.07942640134583469	-0.47829866054891257	0.021860023417790767	-6.267420331600925e-14
0.11794793978852872	-0.3184769113925034	1.1734615530823893	-0.5291149297301175	0.03462671531592378	-0.026914222084668336	1.68755083601966e-13
-0.5417639450856424	-1.0487504440377613	1.548890892395386	0.5758473110651762	0.12774911026325714	-0.028567614848727902	1.0531098166063675e-14
-1.6409110337454405	0.7907774858401799	0.19338397494991366	-1.186245041135995	0.64837380007059	0.02237562936867047	-3.975616676767432e-14
0.6848774229694183	-0.8032071346942509	-0.6720951424525804	-0.007474873886777028	-0.31600810424989517	-0.010543939392052764	8.830978146761891e-15
0.25285575744778643	-1.2561161465097757	0.3121192564118589	0.7505947965902322	-0.20978505349728033	-0.014680371313211734	-1.2403661278284532e-13
1.4242060731236843	-2.969034567561051	0.07895904505593046	0.49565877902943073	-0.733849999207169	0.10653448810554682	1.0499850242822373e-13
-0.5031898264626675	-0.13818213937586166	-1.5448814593199087	-0.04697694627245661	0.05532402664727951	-0.028238894178489106	1.8048901604190813e-14
0.32327252183580146	-0.10218131664145955	-1.372261518708762	0.746533646217656	-0.20754740252288292	-0.027371449795494666	4.405249541305493e-15
0.6784508477481214	0.45151993923202755	0.17781068688297522	-0.32164497889324273	-0.11592563550099268	-0.02611861744722968	1.3586707229899906e-15
1.6564102078114649	-1.1640431361777548	1.0999204635242117	-1.4278543071655156	-0.4727416283258361	0.046668186600045375	-1.3555863187653135e-14
-0.5068825900232122	-0.6949540709715303	-1.6036620673146085	0.01236496613565673	-0.010012111786552657	-0.030036790748298223	2.2926520402119642e-14
2.1887592683166712	2.901447705502871	-0.06055866016619566	2.1122370144684726	-0.4116932225990418	-0.025096828656990512	4.515857644441186e-14
0.6146339647929863	-0.5320249656886971	1.36124316974199	-0.056284161752472396	-0.1425915843399411	-0.01560825990253321	1.121166570049338e-13
0.1728927474207641	-0.25562130729419935	-0.6451545125525858	0.541543575960431	-0.12773595109617783	-0.0276549490428517	1.0248426770468536e-13
-0.6988823068576011	-0.04398998843759069	1.2446744349321424	-0.36144836847294504	0.30371559356413463	-0.02463474886401685	-6.069196104351878e-14
0.9474288246077883	1.070859562596268	1.4932987275213943	0.458704342574811	-0.081766393516372	-0.02644257961978008	6.758194273746496e-14
1.261430523446057	-0.6209990408427324	0.2956026830967545	-2.0132157466006024	-0.3248695619808869	0.007896016354674984	2.5934604793066153e-14
-1.4091831592459463	0.2545700249816608	-0.8615964017279389	-0.3848474897404259	0.42334430220809016	-0.0016555176805909803	2.670114489247164e-13
0.6611402552521178	0.7260806363471365	0.5321309938588583	-0.3094554087872524	-0.06050508769590849	-0.02770534236264093	-1.9999158567262105e-14
-1.301813322346884	-0.40353435730534587	0.6025040790583198	0.8280812655408794	0.35665623848545136	-0.017237370202064974	1.2413850659620635e-13
1.7815919558113358	-0.06822781005338813	-0.7198391242193715	-1.4983411218933909	-0.5001350682202599	0.015756980771421323	-1.251206534595512e-13
-2.1191385701669643	0.45018560810642144	0.9754261222174866	1.3346281173386336	0.6977466325486935	0.03681182557294747	5.066495233507542e-14
-0.8203283499024874	-0.000757728091883218	-0.9012381747828413	0.6467771705737234	0.17467865510762634	-0.02249800030005429	-4.573639210962845e-15
1.1632602751964336	0.9313581197170058	-0.27899508397458883	-0.39305566149823595	-0.2315985121084243	-0.023329513236897068	1.342851497165088e-13
3.806131801420979	2.437651556110733	-0.31767652512314626	-0.6418016569291776	-0.8361420525557914	0.04590206614984558	1.9442630101404053e-14
-0.47630520918664726	-0.6832463949643098	-0.003409765622033314	-1.5656774370281619	0.1428563410232174	-0.029436694079478867	-1.4722450963466002e-14
-0.8179588918091266	0.04134128575052915	1.27245705317845	0.14446561650910636	0.32936832616054157	-0.02178712136940235	-3.3520521982315063e-14
5.066554891907075	3.838610157021496	1.6366732855608146	0.6467948299261013	-0.9903345249456766	0.07739427258825245	-1.371050014170625e-13
-2.5210548988554464	-0.47747259246126084	-1.2373053239330476	0.7518676152022165	0.606929452298027	0.028996690671678434	-5.573258019670442e-14
-2.620565763671774	1.507786022932455	1.5523108306427489	0.6061461583743321	1.0327736400538106	0.11627494090219846	-6.851507353979383e-14
1.0500020478992624	0.6060601369258837	0.8151310433433674	0.7712545361623602	-0.21540377409753375	-0.021279262389237195	4.374768510526484e-14
-1.0753501094858136	-0.5362103723354585	0.9208918066438296	-1.0044283879609635	0.3689505368400975	-0.023506557182305966	-1.0953303607798032e-13
-1.076227261263402	0.8490455504118168	1.4365949302650785	-0.5889060921315313	0.5352197399845899	-0.0009786383875026161	9.435044304926988e-14
0.6188363203539612	-0.8328232231590987	-1.2313336806252746	0.9007398500446748	-0.37062297952907086	-0.012484075651174388	-1.1992881640692062e-13
0.21946044301139794	-0.28655667987432526	0.9616243570339154	-0.6520736380237857	0.00048197556352685056	-0.02609771954283431	7.520837635425411e-15
-0.7535217374572707	0.09642169069815805	-2.2287692425897574	0.03565484446470653	0.11100897138151883	-0.022805060623458513	6.090596202840616e-14
-1.8799285553226115	0.16952250320049447	0.08925214059151315	0.822262102729975	0.5625180282927763	0.015880623484951464	6.374317215370226e-14
0.612028300766969	-1.242368248477372	-0.9272616987265182	-1.2281463499271552	-0.3065896840460936	-0.0044557193176079715	-1.3274079935913824e-14
0.14514889860614746	-1.4581310147545965	-0.09239624992808786	1.621506115430755	-0.2597598252243614	-0.0146954099729409	-1.4544806047070898e-13
0.5196546737566985	1.1019910499921128	1.4122700782835969	0.18337616308542368	0.05446994579251157	-0.028502895630577115	1.6043920062647866e-13
3.0276931702704446	0.4278709103031197	-1.75909446594423	0.49548490864316835	-0.953916443714324	0.07178524889602182	-7.509982798689944e-14
0.6183675560935982	3.7621646290475694	-1.2522241990794343	0.3589518430608555	0.1495234747133774	0.0016522309551123687	-1.8010802170329827e-13
-2.1120163483816183	0.4508779696740187	0.09807504245880996	-0.22382805395088265	0.7071573777067693	0.03672592811163212	5.786387154936825e-14
-0.27681466536481303	1.2979734525505675	0.7587751947998451	-0.2896612848254691	0.29282137098730443	-0.017085364496244818	1.1985275407989138e-13
-0.41312032737169296	-0.6173834953121123	0.533955151100286	-1.5462638902774641	0.16268642137183548	-0.029204161487250694	3.925238991858647e-14
-0.001456364653042572	-0.6607656384623224	0.7510412144380998	-0.28599598035564583	-0.002314395281824701	-0.0262753486839652	2.515445199436774e-14
-0.16432028737130766	0.2908786438567863	-0.05263238852047766	-0.9259663562470877	0.12691070563648915	-0.028383162755210776	-3.217943607919956e-14
0.1256122856846921	-0.7671716263721079	-1.3094035447112253	-0.8534563274021714	-0.15136440665454104	-0.024729726340764185	1.762484763230655e-13
-1.4584815390140675	0.7429210359612318	-2.4801927954312912	-0.0010596451770743666	0.37956102101940004	0.012905880750284685	-3.6084541739522053e-14
1.5550304760963396	-1.0774250360235846	-1.838723442786377	-0.09384671640173886	-0.6652682528049704	0.03408337122583176	1.6162724888021143e-14
0.1473266172302626	0.4200664335501559	0.7987020875632405	0.6225607356121966	0.03600976341053713	-0.02891245973227278	-1.3443412247590274e-13
1.1691103877794515	-0.8568512999367096	1.5974154048049558	0.6802573557706174	-0.355415149350798	0.011117273910945948	7.712525072330006e-15
-0.38936314908738406	-1.5874632827065722	-0.37017480566583616	0.011445288210494483	-0.06706807503484946	-0.02480906166857404	-1.3523559952426386e-13
2.36940719744944	2.774444769772471	0.6680266785506319	-0.5711503182338791	-0.3246729792062251	-0.020315096735575102	-9.933768249707184e-16
0.37776977684141555	-0.8794106673552933	-0.7629912041855696	-0.9426938595369869	-0.20111916316589207	-0.017898381492465934	9.70017862561099e-14
0.25195436527101017	-0.7896207255085014	-0.9171794984928436	1.1456551715374967	-0.2495172026746142	-0.02201926309762954	-3.396863221813092e-14
0.5354439490744065	-0.8159920804026908	-1.5881923950658594	-0.14683892441123117	-0.3227550211842271	-0.015382017676511262	-1.2387778107081862e-13
1.2283124043067968	-1.2816710668240479	1.1748346326859798	-0.5859219825010682	-0.3908367530102241	0.026014188055606666	-8.618569384857202e-14
-0.7194644547011542	-1.7280592868166142	1.6031521156547734	0.5146502330203495	0.11268214537314965	-0.027010857465355198	1.4925595846689695e-15
0.5064294352931433	-0.9872213817728629	0.2908462508779001	-1.732561390838303	-0.1547778706712937	-0.011892554916335965	9.167831685851194e-14
1.7806815076511804	3.1539757705843203	-0.28144490033350694	1.551942602745572	-0.25412967964610605	-0.028687104785205142	-2.060037466011328e-14
1.3505155857768583	-1.366082456946488	0.14539897344082164	-2.4019592230731432	-0.4224141340671895	0.03448057111600927	-1.6416472112168623e-14
-0.6479822189672882	0.5947387998125004	-1.0392685226410465	0.3991922187106565	0.19044731441913287	-0.018502735643885476	3.3109774631568705e-14
1.5065961918934732	-2.020731529051869	-2.0805927502285066	0.19278908135743586	-0.776236715400936	0.06647079316435299	-1.1801162898891858e-13
1.7647172286676287	3.0292219417458544	0.9297307088369775	-1.6065664944236322	-0.06068777438105967	-0.02820622317213012	1.0993334090288712e-13
-1.71690142737617	0.821662982699435	-1.3796682584165043	-0.2572129901696671	0.5424061610745307	0.02775508047011047	2.5876334129833563e-13
-0.10761535553796552	-0.5590124823950002	0.12771527611200362	-0.7331418112630647	0.020978963361945088	-0.028203249017258018	-2.2156049773073844e-14
-0.5479528906767124	0.7750490196352904	-1.0186464232770216	0.5813796347337412	0.17414589539765635	-0.018283162034137677	1.812848060871927e-14
0.9899368612116373	-0.5153643710382269	-0.2325698402268286	-0.7139564802360628	-0.31933985001425863	-0.005698498155120866	-5.050686209581045e-14
-0.7789891630991762	0.36582885286287614	1.3685258726074152	-0.598448537680304	0.3895431882403906	-0.018511612152033164	-2.731862860611326e-14
-1.0774537709726848	-0.6965975752439193	0.5377037160638599	1.4719865737627589	0.2274444048787459	-0.02507722027307455	1.174886081228005e-13
-2.399221840662965	0.9781537633295566	0.11466262989419006	-0.635365047579249	0.8708701583800784	0.07539776980248898	9.373328082977773e-14
-0.7428795615916655	-0.1632741899935226	-1.5289169210479365	9.839254562015433e-05	0.12282910969159369	-0.025559256146781544	-3.686191611991957e-14
-2.8608116015334777	1.7072232902786775	-0.33104419368039056	-0.8364311997371578	1.0751253734158657	0.14940779297839288	-1.2775065082828952e-13
-2.2812564327833305	0.3322337999607389	0.3768068900916938	1.2919187674228751	0.6993982226634707	0.0423338293383276	-7.50840502698051e-14
0.8645167901305216	-0.5343848956498886	-0.5085153880467941	0.8545005777044029	-0.3655814754800255	-0.009772481218872454	1.0404262849782201e-13
0.2782513040606104	-1.5806703318408335	-0.5429881082742278	0.3250791027391336	-0.2856159193492097	-0.00880836533483912	-4.8272164225107575e-14
0.4596614224226788	-0.399408095468351	-1.6148543556200727	-0.10062791479089796	-0.25941473366639317	-0.02282055248001627	8.103478263921565e-14
-1.4036159604666436	0.14243461198634713	0.8495182530849391	-1.0946123069423415	0.5408669008587492	-0.004462886734307392	4.568609208292885e-14
1.3673600564511397	2.3443589454617637	-0.7543957275556377	-0.32260162232484185	-0.17087338319129022	-0.02901680540960454	6.138655669504744e-15
-0.576208495279032	-1.0039550615416026	0.4268541673559971	1.7065877855247418	0.02913044964960907	-0.029260814334028523	5.6499548614606976e-14
-1.6529805968001978	0.23423451852511754	0.7491571346647878	1.0840644438381535	0.5302959646984879	0.007327620691140948	1.0556639769247105e-13
2.227882348758879	-0.08219845262593002	-1.3666402527232246	-0.6320457042369756	-0.7057475033951427	0.03951422722933052	-8.756630884160509e-14
0.8116628298421874	-0.8849886557708919	0.693309267023554	-0.5795820216679464	-0.2564813693503837	-0.0035216938062771325	7.92120036589656e-14
0.9028046459141491	2.041591707071636	0.5400708729164555	-1.8463528835497212	0.0739921255585867	-0.027940333820278437	-3.624792498873702e-15
-0.6522306743158206	-1.2251872206192418	-0.3686002171459431	-0.07417128267575458	0.05313565173449534	-0.02943304879213914	-1.11354266382109e-13
0.13619133154672683	-0.31815647195297175	1.8230699896031983	0.0346181274446796	0.045059981199821554	-0.026408477811235204	-1.7301268017886686e-13
-2.2698102652824232	1.6223194332181008	0.15677143503197546	-0.0688831031721244	0.8834306503439749	0.0944795355262153	-3.632628473713313e-14
-0.8167265778156592	-0.815373433442241	-1.2623275254287223	0.4241970489595469	0.07227640202912933	-0.02904291583831285	-5.900396437841793e-14
-1.2715285736000035	-0.4173568301939659	-0.24968126803631058	-1.178947703424282	0.37747593799846335	-0.01821544369098962	8.579874768382096e-14
-1.5727389975064316	-0.0530462822961723	0.7157307577567977	0.7175838104281522	0.48752182988915943	-0.0026177802398804216	6.166135098313857e-14
1.6609547422646334	3.4706704154357513	0.7085497368117709	-0.08914733996765414	-0.057580578043922304	-0.026927639630172966	8.703615480496404e-14
1.0484740673566224	-2.7136151275203124	0.9615623848332921	-1.0597150914038898	-0.48206666635462236	0.06712689462629721	-5.542136137567561e-15
0.2122987178822989	-1.3355338218789405	-0.7985337541038787	-0.5688067789224965	-0.21877015102106376	-0.015280412724812205	-5.514816601956583e-14
-1.1222267384583386	-0.4404641278163429	0.584319491023207	-1.3825775101652154	0.38874569727682295	-0.021655470927825337	-9.805932437733184e-14
0.5374763903152193	-0.564958095051845	1.7606426805105047	0.5017994962357918	-0.12243565142005233	-0.016808478967725415	-6.893900127559526e-14
1.3646069677161445	-1.2476209379326868	0.08210090825858633	0.04352128560045307	-0.518261575682647	0.031131059945448878	1.3230136970345226e-13
0.5117528080062951	-1.518447051492609	0.058264895453501636	-0.5183571660782788	-0.2766453423759475	-0.0013240041262194038	4.090195631552173e-14
0.16456993867634412	0.060167744497764374	-0.36948066995126505	0.4632073598476557	-0.07147203564166921	-0.0289233606085688	1.72775528704186e-13
-0.7857733223586395	0.3500940684782342	1.8606912930095896	-0.4906193062357994	0.41488445256442275	-0.018535179095283683	9.9344236488431e-15
0.7371537071504728	-0.5791374917220682	0.07264842631433775	-0.8253194556823698	-0.22922362541500063	-0.012365073220193945	-1.5195792187304464e-13
0.42874368612072566	-0.3769821896937374	-1.8836345175884588	0.30027809232959973	-0.2804803361802496	-0.023805693438125875	6.563518755973064e-15
1.7097599866278963	0.5569670112930515	-0.17097149051971958	0.596245805583998	-0.46605063220920107	-0.002565401815585324	-5.910900649405884e-16
0.3376903822852179	-1.0783157018666558	0.7338500690011834	0.08778323758186173	-0.16319747746604416	-0.014891989696797866	5.034972044266298e-15
0.8364981237293662	-1.2963876028192571	-0.5520365370941241	1.5783752040754415	-0.47063968494889014	0.005859976879570304	6.962604725276433e-14
-0.24563926565826905	0.9129471750844729	-0.27849779809430947	2.094045764281022	0.08138724723733474	-0.02275930734816693	9.48469199418802e-14
1.0216689047328886	-1.6338843332451354	-0.3788248143565243	-0.22536348009167784	-0.4757931620547921	0.024452996997697696	2.7202906116320804e-14
0.057449845821318984	-0.4929103349893891	-1.4201566803868781	-0.6528664988741872	-0.11664787710179746	-0.027811526715264753	9.67274439572948e-14
2.1784615884217917	-1.4770902700453032	1.033900430109109	1.2342747295177605	-0.769565166516007	0.0970593576799992	-3.9701423834127334e-14
-0.8429534758436092	0.30751359146815865	-0.7670981478821204	0.41829679561517447	0.2326060948419417	-0.0179908079724001	2.264848726979362e-13
2.011663128700693	-0.9844089590106576	-0.46222172293058844	1.0780239476997417	-0.7534701727164286	0.060881204628267856	1.422120517641403e-14
-0.04684148843341047	-0.6188330004614367	0.8854422066094229	-0.06353247283497238	0.014505141314179822	-0.02699081255205848	-5.864247994006538e-14
-1.4754520776287405	-0.8330957928451419	0.11942079879444809	0.08641415084641417	0.36285247862476633	-0.019302262173416768	-4.462985890479624e-14
-0.01110752171063816	1.1479795343100603	-1.4553539759462548	-0.005822847772703615	0.05300940469955861	-0.024473223918257406	-2.3554467748146944e-14
-0.5970292496351073	-0.22685256452844837	0.15473549559880992	1.064052656546889	0.12971559612340589	-0.02746311123271697	6.876112659671182e-14
0.4276719500415464	-0.39365724353179105	0.9846011303028455	0.5059395375422032	-0.11850504921120378	-0.02190274877025058	-1.8299839449110174e-13
0.6908795742401722	-0.24201674149738925	-0.908266617415317	1.1499957683062076	-0.3195218968036222	-0.01949075929699818	5.79405862763605e-14
-0.5763914564462277	0.44653050941085465	-0.9195359912722824	0.8273913558972237	0.1424641205691964	-0.02196013736882436	-8.710665520377481e-14
-0.5588874608624631	-0.9729244761754144	-1.9911505448681475	0.08196407911254266	-0.050797464828695085	-0.0301964681127785	1.606940940404046e-13
2.2549469830746784	-1.528972280551199	-0.12537726068963617	-1.832598574890532	-0.7406221060685558	0.10436609344094432	-4.612838125168193e-14
1.9460207467141708	-1.0551905247606865	0.3247140688353445	-1.0516571439331464	-0.6072113856994553	0.0603682913225679	-1.6283028314435802e-13
0.6947778239931814	0.00829286767569096	0.21127434837119444	-1.1051114018036667	-0.1341721841495169	-0.021723456086533928	8.910988618383881e-14
-0.3394854344800296	-0.6861470189031563	1.6339040550082207	0.5824064520673343	0.11197756357752495	-0.028508884613171675	6.401364652305366e-14
0.0024726560180999384	-0.3332138311282567	1.1165902954723015	0.27353226364216093	0.030758283527037984	-0.02789122245743103	3.238318946766808e-14
0.2010318218651362	-1.2620643143392591	0.3527989129268195	0.43274579653067313	-0.17972705001094058	-0.01593785079986779	1.55717775368369e-13
0.6520482014784394	3.728323577521684	0.39799119190558285	-0.3172611874914642	0.2622336788879469	-0.0006097167132528775	1.020698947961031e-14
0.9206072992403297	2.1098267771189456	-1.9294902006095505	0.28342600488616776	-0.15923099691357456	-0.028502700717767504	3.965996914331513e-15
-1.977137841418927	1.0982760669684464	1.390617941560221	0.9016015015697164	0.7699418582271897	0.05136814979228519	1.4389562782357317e-13
-0.0686033993545086	-1.1740770236788183	0.41258673044143246	-0.9981447061700318	-0.02874460632285664	-0.02296810238864755	1.0638421092912934e-13
0.5302246201092677	-0.8202662997946908	-0.908241220455654	-0.9907445668693341	-0.2462758271729495	-0.014937856160973257	-3.1769409051356434e-14
-0.7151365385827914	-0.011294657726649594	-0.3825902259594422	0.32976666604061644	0.18629038405278325	-0.024365882921485733	-3.258518939800354e-14
2.446360651905691	0.15147866840172036	0.4249986243779064	1.4173273487588969	-0.721311149519887	0.04637435939437724	-7.307468704205228e-14
-1.8398620620221993	0.1141337431592089	1.2378354700717924	0.620985340124174	0.6213403493473133	0.012232603098775201	-2.651194892972196e-14
-0.014338329888520126	3.784375145933058	-0.7119982274931753	-1.6791980659282622	0.45809121357181487	0.031652044464000405	3.6158044266946484e-14
0.04984463909220657	-0.5027301005985414	1.8693766619896068	0.03458182930890653	0.05342357352527642	-0.026164788292570334	8.912394012108745e-14
0.9513736146910534	-1.1035012727990416	-0.8933527312417622	-0.20679744642372608	-0.430917190631661	0.0056492391426373675	2.9517504788121678e-15
3.638533387119981	1.8737111849202501	-0.3240831344063165	-1.85320306485464	-0.797234835734401	0.05664214778721661	2.402476047369942e-14
0.49430336569683586	1.9829093228582866	0.9968601726045179	0.6922135015082851	0.11205393221749746	-0.02398657341105906	3.25238396527701e-14
1.0801736598912002	-0.9045751159622408	1.8801802795764393	-0.06489346043238682	-0.28697117639269965	0.00871266159751774	-7.799018044135369e-14
-0.08433750167630596	-0.09076373421055887	0.30880586450848485	0.1582574996244117	0.038956510255039094	-0.029176583844901682	5.6120174245418993e-14
-0.3360959032176015	-0.16951011126395615	0.22394063999147124	0.13277718990756945	0.100928538972771	-0.028954565176224006	3.460719591526373e-14
0.9263256858510063	-0.7028701481669253	0.9900744052459475	0.555341227414534	-0.2994738449794559	-0.0030483948198560787	-1.7738955461053702e-13
0.12942206371224832	-1.4571778003215103	1.3357528260298919	0.0815768661994776	-0.10621643556501331	-0.014058991241405446	-3.437568670526551e-14
-2.591062531732514	-0.17054906283288337	2.0278623511445026	-0.14580237711886226	0.8944928221550871	0.042120221262696975	1.5602686327895695e-13
1.1802326217239547	-1.7651992015376083	-0.878321816725162	1.1365331154333882	-0.6215576263217197	0.036999943335411255	5.318960129106477e-14
1.4694124923202507	-1.0275855287314168	0.06925661320498865	2.2052483879438953	-0.6151121090397892	0.029607901139886143	8.897833854653705e-14
-0.9582276953505667	0.01277800010901491	2.26374747933019	0.15847845892464724	0.4268128505975283	-0.019208164253607857	-1.6042256144221543e-14
0.0316489486712392	-1.0243278822085462	-0.8251271497809651	-1.0322592416342389	-0.11495053473120816	-0.023483323629034998	-4.1291849347238454e-14
0.3558473916989298	-0.686057686114151	1.1522592485993135	0.5630050003581138	-0.12101620113629923	-0.01978005582943769	-2.6302508374399572e-14
0.2592953134022059	-0.28466884699417	-0.023606882358595455	0.025977883678224848	-0.09793232730601023	-0.026153672530107617	-4.220006445645325e-14
-0.7459769082389053	0.0925655637340567	-1.2985103388050865	0.7112712436118547	0.13631062976012281	-0.022876791200961564	-5.6816906482402346e-14
-1.1917869946508521	-0.2863074757842462	0.9168926420734014	-0.37002547524725377	0.4047092402997808	-0.018147555202740306	-2.3151038267509054e-15
-0.3398500434911555	-0.5670825887792799	-0.4424036760647389	-1.7047802268345031	0.09447072360400534	-0.029509147444290947	5.976647467728318e-14
1.264187935091299	-0.8762007765607099	-0.39867519055212614	0.44286919080243564	-0.4951262975372435	0.014113952147108444	2.1013015474402977e-13
1.3399495006040778	0.823783564588491	0.4502630307673638	1.35627280288676	-0.3231903814545601	-0.018026711224012344	-3.484546388250482e-14
-0.9980328412359475	-0.766318032086497	0.14293827662917163	-1.5283732201057922	0.29576802352652565	-0.02673107253938222	5.604660378007788e-14
0.20931967915300093	-1.6764306269947624	-1.2147912001867556	0.8418963045967128	-0.3371155485825968	-0.00976303249305355	1.1166771513337993e-13
-2.890562337285938	2.936459191526854	1.9016802390919019	0.19037482551246132	1.3158284352445324	0.2248634681656946	6.67603533270978e-14
0.6546131984146498	-1.8470989410324203	-0.7339733753808568	0.39178350656353755	-0.4380279121561953	0.012131807336123308	1.863514899264839e-14
-1.4914135457948319	2.077244000150605	-0.16042233824528326	-0.5621192495799252	0.7001241750097809	0.058550604644667305	9.098806755608509e-14
-0.9213068541923093	-0.6419835057627566	0.9340845775079603	-1.2087127694343356	0.32078524753589827	-0.026558821046121273	2.1892726045790583e-14
-1.404311898740493	0.5418264298199872	0.4541215006999687	-0.3769086764235038	0.5320735389036787	0.004721344604246224	-6.625440039670657e-14
-2.1234318899520264	-0.2003877710166878	0.048703726088413314	0.5515347863080761	0.6033092742141041	0.016888260784314657	6.739811118898044e-15
0.8379171774362876	-1.5259226496950007	1.243152332580402	0.2525175062915099	-0.33325019489716756	0.013758208263113454	4.8399370505804815e-14
-0.5520478178247737	0.21888168380227027	-0.5132160672432248	0.2580937842247048	0.15803535104828986	-0.024737906158872038	-1.6059397807523345e-14
0.07487513720903308	-0.8068241695638069	0.2239141513099008	1.3101117119798311	-0.1376246878456987	-0.024335798521424156	9.804845676046221e-15
1.0197168340849994	1.8060733151742971	1.3493733069783067	-1.149858463555141	0.033702216223960905	-0.028350579767826144	2.2884101355826666e-14
0.2602262255367432	-0.8216175707266224	0.2645243727768564	-1.0262634203695467	-0.0953857987288999	-0.02066106137240013	1.6053567759661907e-14
-0.10372112435746746	-0.4087726073686587	0.7509367108620524	0.025282398144224942	0.042249455536335294	-0.028470394485431916	1.2213094117644966e-13
-1.5019333231289862	0.8111913823082054	0.11749945427798035	0.8999234788522921	0.518674380164162	0.016243512935246625	-4.355431780262639e-14
0.9245942360704121	-1.0259481261118646	-0.94028825232695	1.2139467226175513	-0.47602756103600913	0.0025320692717112274	-6.640434235416653e-14
-0.9350538794749884	-0.39287516529606625	-2.250423911602159	0.04994261553951782	0.10966306563803509	-0.024874698760427454	-9.37447767074877e-14
-1.8437590877032632	0.969035236167253	-0.7111302237755083	-0.929264188255836	0.6646557445730934	0.0394801662599291	-4.5204154845700387e-14
-0.558918767754948	0.11935247426824824	0.13212797101025428	-1.1712634869331804	0.24654331053860387	-0.025401513354057555	-1.549623288168734e-13
1.6295046356304288	-1.0571968013880013	-0.3588257293358857	-0.6638249311795958	-0.5726033247623663	0.03943658365668031	6.656879203144438e-14
0.4167211320468793	-1.4670163526573743	1.3025547250698994	-0.4234678074196393	-0.17268608061016089	-0.0048599400572935355	-1.3911633811386856e-13
-0.29519910449117726	0.29987598742742	-2.3220706068464043	-0.05792455282692398	-0.004831560904848241	-0.027796422238347527	-6.068302341109757e-14
-0.4626919754229339	0.07631877378538225	0.27557693539287026	0.9491798515155837	0.13479579065314345	-0.026890641661926482	-2.8093293167017167e-14
-1.0001340761113662	-0.9287669133106332	-1.2327282038160337	0.062427995186776546	0.13099341547830992	-0.028105582593687554	3.0966629888333224e-14
2.1876588610933085	-1.4970616958422795	-0.4978313999311496	-0.3854089835104259	-0.7996997776311564	0.09667871562739808	-7.898542809063354e-14
-0.061031350394377036	-1.150258165710098	-0.9838618323292632	1.0968198749300715	-0.19811449485807794	-0.023967824897914235	-1.3358501202482416e-13
0.33125026534108004	-0.5789535469101127	0.4790395119956601	-1.8240834162816932	-0.0446510201450564	-0.021932584671383655	3.585351197037212e-14
1.0943234471039696	-0.7986173657987132	0.2808856084590226	1.592344414854343	-0.44381814193528446	0.0050896803215355274	2.0012086257929004e-13
0.009734563459387224	-0.6434854370574118	0.07705688163745547	-2.0638658911720906	0.02885120567917141	-0.02657934758361526	-1.0748285206515699e-13
-0.664494945539985	-0.5085471685658346	-0.32456796828513107	0.039757830389009576	0.13243057718833653	-0.028491469700089547	-5.4542376296571325e-14
-0.4839843239872996	-0.31596114667523456	2.0492121436437376	-0.3273504465356508	0.2570868517391022	-0.02814763421413215	-5.2642775463899944e-14
1.7889874690217105	3.1386518124703744	0.4531451117667202	0.12216734063387302	-0.15554310707174998	-0.028409503719820393	-9.843583465281833e-14
0.02167106390943473	0.09144267612388876	0.5890399142652661	-1.5733973370688799	0.11519923347526431	-0.029004996292413265	-1.832549273178165e-13
3.3982443038500216	3.7773824621036507	-1.341380362380556	0.9562468105929783	-0.702638019608302	-0.0105995358337775	1.6169029068113212e-13
1.9085729335203738	3.0381412290786303	1.1607660003549072	-0.12878959277840982	-0.14908826672027348	-0.027719482913076965	4.886441576708718e-14
0.6603055528561028	-0.748552545444217	2.1788694041703076	0.16165007943736698	-0.139026537264992	-0.01010378634006239	8.573745561594813e-14
0.662050426692733	1.2622890835355165	0.06300800889411579	1.8271153721354063	-0.11862605303386117	-0.02900729427894493	3.115016858480366e-14
-0.3097831204887813	-0.8059489020485425	-1.3797241882880342	0.5860867113251408	-0.09044907170328863	-0.029341877985766693	-6.517500724724446e-15
-2.4791102376547873	1.1643965770022018	0.9296054880009724	1.4372204212125832	0.8797018437756663	0.08905367304373658	4.6719891677309867e-14
1.0165923924927434	-0.6523249810389413	-0.059758052586371097	-2.307547828497227	-0.26590093448768454	-0.001605546029444883	-1.2847117403794508e-13
0.3614692266779691	-0.3505196294788932	-1.0023312295864633	-1.2852542420204447	-0.13992755151528677	-0.024649483288439394	6.201636321036028e-14
0.9041802986524593	-1.0240133913067664	0.8916620351342208	0.7042904486018327	-0.339096185384516	0.003321030557348312	1.0977175169516919e-13
-3.470177462189274	2.0253015372314382	-1.7325914918850394	0.1756011186990003	1.172454600057666	0.2325573924824021	-1.9615618472209755e-15
1.9475072918860512	-1.9650615112036502	-2.214908586352304	0.09034652087684888	-0.9015872019979464	0.09725193260012298	4.544044628733176e-14
-0.4899209179557621	-0.5129593278076573	0.144190556991432	-1.409292764749896	0.16776792804965948	-0.029208507681078657	1.1582432117741843e-13
1.193357616892209	-0.8540272557667467	-1.1538140715119243	0.7917581481454109	-0.5317378457267093	0.009499805344308564	2.6370250980873245e-14
-1.6116717887082137	-0.01234803419236857	0.8478271361679934	0.2530370449050368	0.5306561250905323	-0.00029137096064665646	5.784070132427782e-14
0.4546891773250717	-0.8116855781579776	1.3652772774793496	-0.7235820461811318	-0.09789106384458235	-0.015472840602157492	4.501617286729534e-14
0.6885313087607529	3.8330459313342606	-1.3568467512044273	0.04850144998383178	0.14281412693493142	0.0006044123090632337	-3.2320316654309585e-14
-1.0634102486523211	-0.20846105803628087	0.4000132625208205	-0.3918735472635302	0.34491684468833633	-0.020001616173998718	-3.02904471955006e-14
4.554594325416011	2.867251759467017	0.09653416401171572	2.0053338205191933	-1.0917388903534626	0.08003311199482309	1.1401464036480135e-13
-0.3073794561020777	-0.05780885837878343	1.01601409905449	0.5156570768414364	0.136272206894439	-0.02852272663041854	-5.615141167871156e-15
0.30651847202637345	-0.12273343547263656	-1.2429124295006824	0.3660582239427811	-0.1814485564759486	-0.027352172908509217	-9.281699348857888e-14
0.43433217943846014	-1.4770447828465099	1.7817676969383776	0.59267064589972	-0.19189431719164815	-0.0036589570707290854	4.549905645876109e-14
0.36916104096156344	-0.6927356106811113	0.030941075377493982	0.9795063746636276	-0.2099487195274633	-0.020148357285607897	1.0570561962992197e-13
0.04801906932032791	-0.3819705449551617	-1.1256694692959914	-1.0026602780857246	-0.06990123746964977	-0.028347654453640337	5.472129003028928e-14
1.3092481299665166	1.1961085758367105	-0.8249649850678872	-1.4161665893062847	-0.2368613915953367	-0.02376944017858998	1.5005041622476788e-13
4.684361832278407	1.90259155951628	-1.4777560726142516	-0.09104930133530204	-1.2373789251981977	0.13665870085632892	-9.72942871427472e-14
0.7821300409730487	1.4302726473753535	1.1732268484960862	-0.047603524704756615	0.007506384715185168	-0.02852944591300826	-2.5760889298415497e-14
-0.02226982658214533	-0.6317965700086138	-1.2366987613923097	-0.3117191732720774	-0.11110802043964403	-0.027725123249777918	1.098434967282008e-13
0.8782270362324058	-1.2047273977539985	0.4804772832722749	-0.3939986524738632	-0.33022480194780524	0.0063584279929412135	-1.9578774402887177e-14
1.076115479037542	-1.0567839807275232	-1.777199796774438	-0.1993887778487041	-0.5156714361191672	0.009061970515102232	9.919135897123542e-14
1.0895692858268726	-1.161865884171898	1.5326372696725314	0.5492780150811974	-0.36296386583528834	0.015750760857092313	8.588262948174744e-14
1.4684137715731478	0.7650860652657234	-1.2537695151631219	0.48950507245145014	-0.43372394145920434	-0.015063762388278688	1.9528202738741582e-14
-1.3870288923538938	0.6387584684720564	0.7541976314270907	1.1964865545572043	0.4909884333105668	0.006382205858803341	6.883809069310679e-14
1.2629841581364778	-1.974097829877126	0.5000554915359545	1.6784001168825837	-0.6070227666717549	0.05129685390335955	1.3991820967567006e-13
-2.2050764219967802	-0.7510024235732673	-0.6154846471043605	-1.8040537852878051	0.6237166199881754	0.005819914446429717	-7.059515897990802e-14
0.14273721872112288	-0.6006851441428458	-0.6609763380020209	0.47587151138767964	-0.15423754858250763	-0.02560930940199408	1.36262793640956e-13
-1.3548823598461077	-0.3643018089025453	-0.21453134494991757	-2.0946130428378096	0.44786666697582567	-0.015316712625227612	-6.290756624648435e-14
-0.2973205198581489	-0.34587691374674145	1.96319099240666	0.0442173120164594	0.17814618819389247	-0.028652461569107186	4.307296696158279e-14
-0.043197704640668105	-0.9795924552826039	-0.6974349046647695	0.7712985575066705	-0.15450787612143815	-0.025128786583088907	4.808837201774229e-14
1.1108944804649798	0.9763248120784678	-0.6978904030136404	-1.350840103556372	-0.19713177931207504	-0.024818834499229673	1.058358719293722e-13
0.4599989555092235	-0.3970866751489279	-1.936960468245863	0.02431726118547103	-0.28369872297213433	-0.02304162149139127	-9.205087269765924e-14
2.495666554761335	0.12079386724532253	-0.46421654984992505	-0.07004705200407177	-0.7310907363396008	0.04964013071388646	5.691840979738669e-14
2.594815173254591	3.180972905278308	1.6535330460706739	0.5222954199636463	-0.3332123204226335	-0.019968853935938478	-6.546488988103692e-14
-1.4497777397607476	-1.8384975809107709	0.8414715924440541	0.09204848554344403	0.28847674708949145	-0.028527751181598216	4.184484261649197e-15
1.1013657092735905	-0.6021546526422799	1.2423366507674158	0.5733160567356574	-0.32556620059944136	0.001554642413942096	-8.512928667328847e-14
1.3535202685105505	-0.7758676877980069	-0.805323832123322	0.16781188076508932	-0.5236548911572135	0.015150114625576324	-5.417420373947086e-14
-1.4185570350082355	0.7685081533594561	-1.440116461661933	-0.8189120367501804	0.4662312620776936	0.0115464212635817	2.248782795899443e-14
0.23679556067557467	-1.167367691177693	0.17227188075707936	2.1181924316964458	-0.260124078371941	-0.01662731022882038	1.727686032637775e-13
0.743780077392079	-0.5885650293964573	-0.5723020111265703	-1.7470865775868292	-0.23298763803122205	-0.012464407110767446	-1.3422417039752352e-13
-0.37516077913861456	0.10620017268759858	1.0810726597328204	1.0870452582149628	0.15464531055930425	-0.027367726180839973	-6.726504076407955e-14
5.731471490749273	6.138696194010221	0.34432288185537563	-0.9138802201621717	-0.9557747126562763	0.03105761501972347	6.273598974083859e-14
-0.17730049995998223	-0.00487905722904745	-1.7971550736908146	-0.6054566754885912	-0.019017591316436117	-0.02977464903744061	-6.915283929212172e-14
-0.5128526672098109	-1.2359737074134733	0.0194392929496246	0.8865061495365208	-0.005397463653425301	-0.028450659365150486	-2.500254916030182e-14
-0.27243630338183805	-0.05171573442392091	0.7403905742296926	1.5795792695247846	0.06638812468459218	-0.028753161927504257	-9.761429344884676e-15
-0.00037278719657490666	-0.0986361063350213	-0.0574476948913156	2.290178362575912	-0.09619588766525916	-0.029151452883840925	5.5606586140358776e-14
-1.1351277212761985	0.8932640069841136	-1.242422287548428	-0.4425797039459829	0.39138814620221885	0.002659333333991748	-5.370105945315652e-14
-1.8241635479270548	0.6971694711227787	-0.058432790590987896	-1.5088623381623123	0.6912813668534128	0.029037784077473636	-3.719257671032783e-14
1.7256556985056146	-1.0867632322644243	1.222167851004757	-0.8446586917510578	-0.5013376424197024	0.04825420014650711	-5.82456668283256e-14
0.05575986867868462	2.257611268401807	0.36844931424000965	0.28540668698943467	0.2519875244694311	-0.010372895120893294	-4.483899853271288e-14
-1.206827182169025	0.5269405038918528	0.4315218329505472	0.7044902255256429	0.42550429535819934	-0.00317688574375747	2.7486655369943296e-14
-2.6433823398144654	1.2631218539139129	-2.0198074063177454	0.3851615333285653	0.807492256297753	0.10854916585401485	2.7041426890448607e-14
-0.8200100776764229	0.2747211512785436	2.031029076359261	0.2075979243854016	0.3983653344167244	-0.01877675079854739	-1.4333293285358838e-13
-0.7560136152638579	2.147778057605549	-0.915052291326218	1.5308901599756541	0.3552278131411982	0.01928369703744	4.245350907890599e-15
1.7150504742462311	-1.2017148548881926	2.016348152763118	-0.26656908785357775	-0.48639102534512846	0.052854733880924286	-3.193753795463915e-14
0.6950333029407256	-1.4201617158431294	0.11238714507234107	0.10035123305447634	-0.34192852418114045	0.0036581796087585164	5.934333643452073e-14
-0.8441000749567809	0.3063164337404958	-0.6188194277793997	0.17421411031510028	0.25171565083137903	-0.01797207326757788	-4.360362540398242e-14
2.5825287269306534	-1.1869733698499267	2.303391393208745	0.09206802006187016	-0.7327878071232662	0.11844280101820122	2.58261714830167e-13
1.0651309115641525	-0.7547919227341993	-0.942315324408288	1.3321113028855458	-0.4933045313469624	0.0017332867744614875	-1.245062704874991e-13
-0.786161129699496	-0.5119565582080955	1.0734440460104238	0.7038099659572682	0.22464238869085065	-0.02711678790078216	1.192243919499022e-14
-3.5344132479162016	0.8242784331594413	1.1023422520363377	1.0383315548237297	1.1889202284799218	0.16190404240688935	-3.042842654778473e-14
3.0222974773212115	-0.5946001679143612	-0.17313627550723648	1.060016969176489	-0.986424655449438	0.12237096713869662	1.377175509266402e-13
-1.6638077720303093	0.8253907979773566	-0.10848035403106265	0.30710457893946486	0.579743458284476	0.024710202592356827	1.5469901192007205e-13
-2.033391490027323	0.8929086575561258	-0.8702653612986256	-1.5755525333733447	0.7303741193277391	0.04814681447596521	-2.4686686755648293e-14
1.8677346608540628	0.503911990681981	-0.4714634445777916	-1.7243800935669147	-0.4405784313506799	0.0046845759114620125	6.226719680038764e-14
2.663064417038361	-1.5801528395686195	-1.8604539110678784	0.4264440020906748	-1.0601200958198977	0.1404106041159661	3.7216547485820116e-14
1.233370564902963	-1.422473230623344	0.39856030451257274	-1.8699717371546007	-0.40095998801217736	0.030026170896913677	-1.104061879756331e-13
2.402753860073828	2.5166598201325594	-1.3621626048639177	0.1712191386572311	-0.5142246278869869	-0.017564820900906403	-1.1366716115031015e-13
0.46660904826010613	-0.8013455626006303	-1.1022298990121735	0.1479017210061236	-0.2839641224720977	-0.01708843736809918	-5.1108994650355144e-14
0.7186328415191329	-1.0170025028899135	-0.8858534342162541	0.206998649246685	-0.3702637284754021	-0.005408165429145491	1.427390627546828e-13
1.675234073096094	0.811644088155147	-1.289989745031141	0.8954777824857035	-0.5082270212529657	-0.009821285625273509	-2.5869280110506562e-15
0.3962229672960579	-0.14742936050015937	-1.880000770465329	-0.08849036105332758	-0.23006450973767775	-0.026399573649217	2.091833362237805e-14
-0.465028572018355	-1.095990409919724	0.12297248577258266	-2.319941459855655	0.13343159013752812	-0.02856989373608963	7.436620448985553e-14
-1.639102122247775	-2.6447887763562523	-0.063476929210393	0.8848132498953848	0.1703249837567587	-0.029943250304554973	-3.486774633191296e-14
-1.4104755356581105	-0.47628722426505604	-0.9012828136596506	1.0360281214649891	0.2825199401294809	-0.015651791765600647	-6.465942516955117e-14
-0.6519518259863645	-0.4495644521942315	-1.1221701300025209	0.815822493627668	0.055489346857783665	-0.028527047363898817	4.4597528416505555e-14
-1.9098374775840687	1.2669245382249184	0.8112967838883979	-0.1854547370766699	0.7784586126612469	0.05374067357500489	-1.7419842069816781e-13
0.8911268209393158	1.7291636245601592	1.6957492391287756	-0.07764493795188959	0.0401613848193765	-0.02825113084870989	-6.843794808680572e-14
-1.4577646517742455	0.07170608274759364	-0.8161952191361826	0.422600982900796	0.3872724328862162	-0.0038995304727181784	8.471975979240181e-14
-1.6678360006420174	0.02529127342410106	-0.9004667506432511	1.5263777924758555	0.3947272723024973	0.0030292030902356855	1.178279924241748e-13
0.016842770928768583	-0.47835602488299345	0.41043149441886495	1.7788517999959996	-0.09324753044379232	-0.02743225863312308	-1.2732145380645787e-13
1.4849503868197476	-1.0365712686204698	-0.22947781200132286	1.882026229635683	-0.6252195104707624	0.03044968274241866	-1.109811957855885e-13
0.4252525366477725	-1.6750859443921622	-1.1315383286814749	0.7623009270447851	-0.39189956950533134	-0.0021691219022839875	3.494308955673171e-13
-2.3946683010217438	0.10008081062907419	0.11090652347118539	0.545828133355627	0.7223938803209591	0.04089623384445974	7.49396279767907e-14
-0.9809483325795402	0.8601421566885	-1.476366643331493	-0.1344382744199416	0.3148816102674646	-0.0038951460836442364	3.5412886019452775e-14
0.9975933599603959	-0.7403241112266553	0.23209948496764468	0.082635136625538	-0.35032302240337054	-0.00018038420118099036	1.217407069751207e-13
-0.6015761501866373	1.5188513907735042	0.5174429282727084	1.7859120841385436	0.31451678540852485	-0.0034371547194730337	-1.1158162150736511e-13
-0.13992937691330343	0.31511097194893317	1.1483527884585398	-1.0374116323722982	0.19882361590774333	-0.028091597657837114	-5.748600290524572e-15
0.6426894137823617	-0.32491292362235696	2.07276202389296	0.043207689479253124	-0.090125539378469	-0.017445898511295778	-1.4949580723422565e-13
-1.248930574368376	0.3843766234156177	-0.0867559186987172	-0.3846254910496588	0.43606263755334485	-0.004686850586321849	-7.130089851019958e-15
1.9839767803218304	3.020415549472931	0.8796338404443496	1.5492189993306904	-0.25901286647955746	-0.02738002895851272	6.454378981592407e-14
-2.031297962067827	0.05653706848564092	-0.1602666660127422	0.5017470706509017	0.5936940843499148	0.0199645183188778	4.788089812919272e-14
0.3566057556029648	2.0768128177076215	-1.3133373145748872	-0.926529321154976	0.09142228915007002	-0.020838329900749998	-1.1131409896185673e-13
-0.2628501649251318	-1.2917125851047873	0.7895119609082348	-0.3513832025323055	0.01184245273138288	-0.024841266093591965	1.0643466794479809e-13
-0.8113793243008248	2.80014136355231	-0.6993107175466242	-0.43271094595745774	0.5381145837075038	0.04341458693170809	1.0362311230111647e-14
0.6289750795444875	-0.12054786845181412	-0.19875888133217295	-2.042270897696919	-0.1147303096556146	-0.021770538310809006	-1.734927626448545e-13
2.066802539577315	3.503623251742116	1.9250651874216136	-0.32586083805136734	-0.09165417468553051	-0.027695517923915076	-1.0915911364437714e-13
0.43405469884261844	-0.7459043498055011	-0.9178951201603495	-0.17282593693804885	-0.24426221739330456	-0.01855960962856014	-4.283065614542164e-15
0.037244106825673515	-0.5446126194423011	0.8787501733861083	0.5692192645284946	-0.02867937700152906	-0.026557332470318308	8.446984869055992e-15
1.3213327141220867	-1.268919080778715	-1.458527603615706	0.43121267707900834	-0.6162399707781664	0.027750013112699194	1.4205406741347425e-14
0.5744930147872037	0.5568571314001551	-1.4578265164926147	-0.04300852691836843	-0.18335040117675297	-0.028574873211668024	1.6339233612845882e-14
1.6207812579948349	3.7931520318289875	0.9499111432499768	1.3506920375484435	-0.0551673778782396	-0.02425737881698426	7.559836580609375e-16
-0.27282706064370776	-0.848130256079931	-1.0570884777000682	0.3647239226947953	-0.07749832181670632	-0.028789792715397652	-1.3538019977605636e-13
0.16688528048494242	-1.1240045206370248	1.2087707283862166	-0.6839812754093624	-0.05778961733214999	-0.01817878952808829	-1.2347728310488128e-13
1.5266425176177556	2.367100998820234	-0.5517991119360759	1.073923902946861	-0.2607112870636873	-0.028546101235110623	1.9812978426300787e-14
0.015023007525122868	-0.13264126079448388	0.046170114435438274	0.24437916792163866	-0.014225127988130803	-0.02894705011925369	-4.6494568226339236e-14
-0.8815282383963995	0.32009941546751824	1.238997490764226	0.7655221214395411	0.35135673831274866	-0.01676206937690753	5.512077899215066e-14
-1.0332188705526733	-0.044630420762914354	0.8765036113232911	-0.034937970249247295	0.36775018952294924	-0.01842839491869529	-4.927926002246093e-14
-1.3592205243848872	1.3619430016349132	-0.5661075590701096	0.057565511899086624	0.5306514188535486	0.025765287814240714	-8.674237211191535e-14
1.400342196762302	-1.9902413231158025	1.860668207887979	-0.041514072659698927	-0.49624679652522713	0.06285044524032515	2.6651576022955455e-13
-1.8341468187376944	0.1331925513421952	-0.6417292058426022	-0.9379864807528243	0.5732454480804628	0.01288876106303061	-1.1953843173574e-13
-1.1998167374722335	-0.2656993256925298	-0.0697151259256546	0.26079365341006205	0.3243920134176192	-0.01772226367983238	5.359097565709966e-14
-0.9855957348645725	0.16014811426821832	-0.02256402007919912	2.1665241915943945	0.23179899271428953	-0.016643083601902198	-5.14381188939725e-14
1.0214144800233753	-0.5870039560893071	0.25907965105469144	0.367290011689734	-0.3510790477464356	-0.0026818350765882223	4.4014442578316e-14
-0.5978848286787717	-0.26266851970032595	1.5556203918794733	-0.004240576956795441	0.2538353415141393	-0.027297755915805973	6.427585474038047e-14
1.0665012371642026	-1.365993531327613	0.7086740454792662	0.069672268473739	-0.4075049396855304	0.019724647940764388	2.0345392070356225e-14
-0.5346217200501768	0.8357752021261565	1.630861657412463	0.024370485154812792	0.35834261347782537	-0.01756129868278219	-9.65593914606939e-14
0.4766829636665229	0.05642019695827816	1.0755553949587044	1.0910924333768754	-0.10317061990120364	-0.02531996018089842	5.695641767096596e-14
-0.9596185770900564	0.4828015685185752	-1.5212806073760756	0.3721717418663379	0.24343233333469413	-0.0120334867568555	2.9516802348344373e-13
1.9951944065736784	-2.0124906208530895	-1.9198678542465668	0.3266444977602308	-0.9122366706244275	0.1038974207372434	6.934953427320154e-14
-1.8496768194575282	-0.044984204789736255	-0.5768388913257906	0.4540522364460685	0.5048893165948731	0.008802291064843685	-2.6420135643941537e-14
-0.24085449333701447	-1.2255693466240185	0.9917270520895773	0.004152909803996309	0.00999357595097542	-0.024978691044122155	-1.4248742185065478e-13
0.7423530685930548	-0.4085383125647724	0.1078276564788577	-1.4026948698789101	-0.18672975361310562	-0.015004938693180142	-8.432105886131023e-14
-0.47911129505908867	-1.9452190242134122	-1.688149396927545	-0.733608753551267	-0.127449857742059	-0.02352541428806757	-6.380566977318236e-14
1.8110599771587426	3.4515921097214495	-0.34907164023870807	-0.4078207629938679	-0.15443886106409008	-0.028242692820937228	3.6614951367492436e-14
-0.05112167660166198	0.21229481613438303	0.9342577276995856	1.3364853001620567	0.05105831920951951	-0.028822497712747284	9.700701599807991e-14
0.016951256181001646	-0.13348363821298373	0.25593558978326864	0.6857188107602213	-0.020437772429849173	-0.028854102920823625	-1.1445186915728485e-13
-0.22548702621911842	-0.07501758401143169	-0.9039139345407862	0.40206098516632194	-0.00020711298135976457	-0.029487960330554595	-2.678687164633706e-14
1.8223527884309976	0.5461232710421868	-1.5836912755030996	0.09112758776353315	-0.564073942579645	0.0007687496480656702	9.285427948604391e-14
3.1239658532661707	-0.2530505036027068	-0.9948170585241335	0.32754800046574056	-0.9996086888912609	0.11237505481264483	5.082084339697105e-16
-0.6741467262162659	0.21884469332704845	-1.9151712620813355	0.2672956247590763	0.11003551735713107	-0.022859486431771422	-4.7338353527653525e-14
-1.7557183423934746	0.582112495757415	-1.747376152557127	-0.22079867135066308	0.5039276685036733	0.02241276579977672	5.782892211796022e-14
-0.49662029368159655	-0.6683287280894986	-0.25070424648121525	2.1913365763307517	-0.018572034034896066	-0.029567970219970888	-2.7255321664601434e-14
2.550926618965544	-2.0173568841878575	1.6158636976247325	0.8648110353086389	-0.8822406366274466	0.16026668108714218	2.998491213208558e-13
0.24913194518239093	2.4318023289735637	-1.2660266463785657	-0.3914858965725025	0.1433046029901402	-0.012937123759865003	1.5660153088510443e-14
2.1649125971875764	-0.4782531935924122	0.1949765920712958	-2.2937498597024204	-0.5670812680722025	0.05210726535978616	1.4669817440630826e-13
0.7946664924648889	-2.8993537457207563	-1.1156498728955364	0.2977055029493929	-0.608353755357475	0.0546306904544506	-5.3227407152423336e-14
-0.6929277608485002	0.20818685983687116	-0.48996654420261915	0.279135634199769	0.19932183636145978	-0.02244954306182571	-9.250298168253899e-14
2.5125978055708784	2.6966867713888485	-0.9968742987378564	-0.4238990560089766	-0.48090058181432543	-0.017195284623829334	-1.6521005789198486e-13
1.3688414132898665	-1.8302084903705238	-1.6373973939246702	0.6730346529123682	-0.7095838568452173	0.050089769842781996	1.4289233992465565e-13
-0.9388353600127184	-0.645413192656362	0.11701037711160239	-1.5633398612084954	0.2912414725717662	-0.02655715284264261	-1.03433237626382e-13
-0.3681323691502504	-0.16089754945293547	-0.5115692696403205	1.8084912523241914	-0.0014938202717593929	-0.029032578405848764	1.7669945394650923e-14
-0.17490608469593324	1.197110895015905	1.604979127058349	-0.5556117788825824	0.3129800726274605	-0.02058911448885157	-6.738509836405498e-14
-1.645092628093603	-0.12595364234061457	1.263759021741892	-0.6112623732015415	0.588498316836164	-0.0016487040969430959	-8.474304714973735e-14
-1.1369917075217209	-0.27784015945270296	-0.20423323428895424	-0.3609201455093894	0.32179465410659447	-0.019363361886606215	1.0128933364477227e-13
-1.839488313172964	0.10527119792948425	1.042155807504293	0.9161874176027549	0.596414998161666	0.01202167247581503	-7.976091442166532e-14
-0.3031530073377567	-0.6179427073981674	1.5162365156729534	0.7734828750681623	0.09371639217457453	-0.02856400476143771	-3.064272754409128e-14
0.17907403304835026	2.229399666727341	-1.0670840501788355	-0.539544140528656	0.15996864357362575	-0.014389321042679749	2.362503890197368e-13
0.3799988524309204	-0.018534059180151986	-0.27395273897464656	-1.058752766353011	-0.07533984145323938	-0.02666799346752323	1.193423674991494e-13
-1.971145917920138	0.7423326573734527	-1.1332168970410281	1.18950237837964	0.5655236098059644	0.039177828827353614	2.0223087302458328e-14
1.140982226724784	0.9717385085000027	-2.0567624596090743	0.05235049464571017	-0.3455258865719318	-0.025122433283066518	9.855473883935074e-15
0.5773110598740043	-1.1900239513694075	-0.2214571563707809	-0.07500940824094918	-0.2958976646047793	-0.006222640185071759	7.775459790579899e-15
-2.7564786013782605	0.6729471686600498	0.23903084657335805	0.10951516174185588	0.9216431497409447	0.08813764166238336	-5.42779316592299e-16
0.08123104288392102	-0.8457545069684461	1.0418656561755433	-0.9050923295818296	-0.003711788418151177	-0.02332554293225348	1.3035328780103662e-15
1.8880166777872154	0.015626944909870034	-1.324998414212531	0.5073705550526244	-0.6409256228825561	0.017836253970149644	6.858478792460577e-14
-0.9202188933059149	1.6059274963065597	0.8767170318246897	-0.6770864058589929	0.5422971727750017	0.011297837022546083	-4.9907717504827346e-14
1.624388980295406	-1.4630949044045638	0.44759328799488146	1.7990658938202193	-0.6663812273711619	0.05503719845882903	2.689140131298007e-13
0.1105566096645077	-0.9536820329261364	-0.9480644954930921	-0.4820246422136619	-0.16054543476464447	-0.022879618035033272	9.155198912515155e-14
1.2889294135428513	3.9389836252702577	-0.06883039216234388	0.8052860520165241	0.021008824891548268	-0.01629446799228071	5.408779229283584e-14
4.454389806861861	7.531067733547643	-1.2573371106809117	-0.9432049629605802	-0.5273491520852265	-0.028006876480423343	-1.5527809440318676e-14
0.12029565885526954	-1.3077486745247127	-1.8883878155606855	-0.2335553209407123	-0.26788583975361363	-0.01883834500873239	5.3453486957307756e-14
0.548578861941527	0.6740340324784647	0.15511774073617654	0.10033449004451454	-0.07229348780567388	-0.028448984829679273	-1.373778179023801e-13
0.0727103845767461	-1.299650351244722	-0.17032773469924617	-1.7238660550037617	-0.08888357503763522	-0.018874534154861306	-2.8359630583012457e-14
-0.93330936785729	0.7600251003961467	-1.3162339517115655	-1.0320163478873643	0.3360164028890539	-0.007625409364565753	-1.7329780739372207e-13
0.05639609324525396	-0.4091197001167027	-0.7956411315051084	-0.8003704414867178	-0.06383113132760546	-0.02797881590570638	-9.791969132404279e-14
-1.5148577684412783	1.1657416290472542	0.9807841128463464	-0.6778081107491868	0.6784126066278844	0.027246505666028736	3.219854258637859e-14
1.140282930404598	2.1655631144776812	1.0306353625795086	-0.025050443609715575	-0.028310381223545084	-0.02837175039639838	-1.46799326201556e-13
-1.3453563789965604	0.03599175132642474	-0.7689085468146472	-0.702793346055563	0.39872833599764057	-0.008466547974525613	5.929968994406469e-14
-0.7797189687005746	0.5474535398433984	-0.22029487677490342	1.0048213542564892	0.24873417791128927	-0.01592393847657546	6.553119643396345e-14
0.7790178079326446	-1.8279971092014606	0.24963430170801204	-1.7465550521365412	-0.3254801508587628	0.018629227688539314	7.165652116935443e-14
1.9325417071523112	0.46420771740482686	0.5307395292642304	0.05335813161877839	-0.47659226513924136	0.009339573529348603	-1.9154965513543434e-14
0.793788526464719	-0.28387949680992924	-0.8707523356262622	0.43825607302686476	-0.32274600384416546	-0.01633515462948005	7.660490655358609e-14
-1.6603539102355118	0.02223633602220627	-0.24952140509229995	0.9529697030086741	0.4546494424592474	0.002553531796048029	5.88218142428407e-14
-0.5624710867183044	-0.13966075628916452	1.938748469781055	0.4772139929755966	0.25989359419225455	-0.02683341285709716	-9.243205388080588e-14
1.1416840484686326	-1.173743691977362	-0.03435828581428973	2.1586992158046057	-0.5394472361068174	0.01697799650560972	-4.4955186727480093e-14
0.7238569052404866	0.800837122530866	0.06738042523360191	-2.4410651529143323	-0.011288226186498882	-0.027724557027727824	1.6751325230754423e-14
2.0510110471809124	-2.2845308583203283	0.09194225559089911	1.805025791360529	-0.8963808563120012	0.12559272754407583	-8.959544976618238e-14
0.006172369523151775	-1.0481735222533093	-0.2805259445727837	-1.803627463361127	-0.04570608181626775	-0.023343750234715018	-6.707409733372499e-14
0.9489553349008916	1.0638279372340869	0.8545216175215451	1.3490791922984118	-0.15780403583009484	-0.026723931743909222	3.533770070644785e-14
-0.6794207279191953	-0.40805787458021403	-0.5498992228896312	-0.5219561717565663	0.15735720669760653	-0.027907757504048916	6.365064360708931e-14
-0.03792462043820719	-0.4434598115978168	0.6812319566344321	-1.2302837122909787	0.066445226022272	-0.027900857606594682	-2.4430245703222143e-14
-0.4371048067208446	-0.4210087734806522	-1.1965147874610145	-0.8009560777473996	0.056809603535570366	-0.02963444537452057	-9.195442683264708e-14
0.7554529685164602	-0.5917977112438311	-0.7975218360950083	-1.0707738498632384	-0.27802142024179655	-0.012252375393913573	-1.345050602716479e-14
0.9829043511690485	-0.8223945650743729	-0.5352756516264499	1.628861291737621	-0.46422932412061385	0.00040577307814135206	-5.936716605916408e-14
0.9892574646518245	3.6473762201566022	-0.16689440584055104	2.287816973975366	0.011696924094011484	-0.013072372246206138	-1.2147034105523407e-13
-1.4606575618132183	0.999855131371417	-0.41540526407908945	0.9052067881294361	0.4951155779884626	0.019859376056617726	1.4014225492063037e-13
-2.217967431467119	1.1497101585539304	0.9006702191724382	0.11407541071881971	0.8515279315386226	0.06948277001058603	-2.7436082379418587e-15
0.5370940480942218	-0.4495074102195754	-0.28765429092491784	1.5473753835258852	-0.2756654333150323	-0.019813311755124827	-8.337728052289463e-14
-0.5300983189662798	1.9192861509176322	-1.5557428830762352	0.3554007157354927	0.271973164449276	0.0032253222371867907	-5.4336546586490443e-14
-2.9768586775304366	0.7172068244890243	-1.4014072049597934	-0.871692808431502	0.9356951728353291	0.10859985723768381	2.8210975548195922e-14
0.05012851153018868	-0.9741593693625411	-0.8051439046925789	-1.6023169910279154	-0.09040325880147321	-0.023649763036191006	1.5373063802301676e-13
2.6086077887403367	-1.747256726977455	0.2760523250968689	-0.9365024451152563	-0.8774856670792975	0.14818230551528327	1.60086365743175e-13
0.82677176588547	1.3165971551921893	-1.3981822056375002	0.12463671378139299	-0.17912475960599422	-0.02938872371871896	4.8562579232042634e-14
0.5220489084918949	-1.3351383358249924	-2.062837657340709	-0.07667679884011827	-0.4054793513229695	-0.006683694917926865	1.0025549582463859e-13
-0.1824236698145561	-0.5606711976478503	0.34143864211866076	-1.8730035604778	0.10249499156889744	-0.02858708823483008	9.822627408943934e-14
-0.977510017160654	-1.4724055651896972	-1.5063555453369855	-0.34348825036648845	0.06550230013111077	-0.03016997829623102	2.338597098735369e-13
0.5728519637814762	-1.3623630809644858	1.9168872706654232	0.13894833545520482	-0.1934924804580182	-0.0009187656767072503	-5.773840556342828e-15
-0.4625237414540012	-0.07916173537185124	0.04252142165180381	-1.7775325037381888	0.21580198374138784	-0.02785302440454445	1.4868116737887634e-13
0.4120248147818364	-0.027156779068081206	0.7946872392712652	-0.5890534953966603	-0.04095722027549527	-0.025652456791066473	1.0555369133438664e-13
1.114620295845688	0.9823276479148224	-0.5674268641513732	1.0098840421899848	-0.286686809840968	-0.024793251499810362	5.41224840969623e-14
0.41999444664865504	2.4072424841343323	0.9122521834806714	-0.6901154210346528	0.23229670954664827	-0.017652378298818525	-6.832798126937767e-14
0.5753574259821685	-1.583337778649807	-0.24765917813760638	-1.6670813229008143	-0.2732936177840023	0.0024470593189563133	-1.7285330835741614e-13
-0.6076392886008201	-0.6272078518948314	-0.19606869583284456	-0.6868276298797001	0.14020634025837486	-0.02919033364324697	-3.292036457887278e-14
0.9838443228140636	3.5325226782191135	-1.4707643272657864	-0.7286541139461626	0.0464626956599679	-0.014838888232909618	-3.912341505374696e-15
0.6638072852681399	-0.3187305783621315	-0.8101735079291246	0.29914798223261524	-0.2789664229448862	-0.018990342538855925	6.70520536552538e-14
-1.6546338000670144	-0.5188686531310783	-1.728295937538075	0.16402078422653918	0.3370731727691629	-0.009240182674175514	2.078370790657716e-14
-0.5044861221524904	-0.9690885433206808	0.1748594440262089	0.12127541519239025	0.06168285933548077	-0.029168016917768515	5.6421866997044686e-14
-0.4718554562845593	-0.8079933418314907	0.6777884048765759	0.2604750148506202	0.09387285309212812	-0.029124439337653997	1.2346012919425972e-14
0.6317228170458606	-1.7207144370919274	-0.23077688925193518	0.39744476798249756	-0.38804780883003615	0.008199965339322952	-2.5847612803907107e-14
0.4960363609154833	-0.4310948495299357	-0.19004565770196039	-0.12206518193406421	-0.1872360786555499	-0.020824840480546135	-1.5416717888978272e-13
0.11494981202006993	0.189122447781362	-0.5987932891345128	0.04133644525080725	-0.039276401908045704	-0.02941456715121966	-3.8184939090799754e-14
0.9613609319717583	-0.4761873169800022	1.2156085845157154	0.471913491771426	-0.2686796609240726	-0.006330362968729339	1.426016466507133e-13
2.0095481732827185	-0.13537495375708164	0.40315608029838396	-1.7096588266196728	-0.497522729806214	0.030796454660041175	5.503271038258623e-14
1.222270958120666	0.5759279715268889	-0.23474584856636846	1.3673096173197619	-0.3566510636615544	-0.01783209954565582	3.5476310295319116e-14
-0.06352898385926507	-0.18137632061791065	0.33098226345826526	0.9117360851035661	-0.00660757743946222	-0.029034257608121318	-6.491829626497486e-14
-1.9213853728637547	0.15890708584989993	-1.1418508955832334	0.6912582148589311	0.5054996430983575	0.017864900210312323	-1.675677094054362e-14
-1.843917068346061	-0.35635352818277843	-0.2177454759754492	-0.7903036983809584	0.5412771368430136	0.0007909095690421786	-4.738584719444665e-14
-0.28852289284686045	0.2603328721027683	0.5006818534377256	-0.6375899385405615	0.1817446772382158	-0.027418230889776143	-8.641105902571588e-14
-1.1123284411733378	-0.33337976345448184	0.08258980462071601	-2.051338308059651	0.39493107616783624	-0.020598534972574332	9.131684294761002e-15
-0.22843180731789856	0.008121958043042608	-1.6381142696406394	-0.5892778316943874	0.006408174508444278	-0.02950027382591323	1.8073917785047623e-13
-0.792085437152859	-1.521723639460444	0.19203568638250393	-2.0574518690432546	0.17743420628883405	-0.02906943647932152	-2.463344919805288e-14
0.3251096469474973	-0.8914643210892949	-1.8139306915109648	0.2742934760103815	-0.29989676148315325	-0.01972926170183159	-5.260522138838221e-15
0.6604812695546928	1.2402758483935994	0.28823076302364015	-0.2598102489439041	-0.021375951921634273	-0.028903439922429816	-2.7948914117388236e-14
0.3663257642865238	-0.6813013033639009	-0.24230182331393668	1.9203641648412049	-0.2628950705401986	-0.020555587356326174	-7.179266305858735e-14
0.5813378408043146	0.7647964446701404	0.37234385867351805	-1.6295085824520275	0.011865031216524479	-0.028420206502568195	-1.5114918932743792e-14
-2.3444913638181375	1.3292044838132964	1.044284822390853	1.0239562245132148	0.881272898380191	0.08627780038166899	1.2053616146899471e-14
-1.4169812316663863	0.058180056658812256	1.4799693025659975	0.7167576956378083	0.4989534677485787	-0.005784535516568257	-1.1902079320282662e-13
0.0633088513045361	0.46380841834686315	1.9376139247841404	0.3111030900158385	0.1466452310220799	-0.02832411454487515	6.782300502560697e-14
-1.4538885108162558	0.6875480663574842	-0.10485563258376465	1.6935482566196511	0.4446367816540354	0.010694718783317665	-2.8466680148768434e-14
0.8065898421320542	-0.2521869657992415	-1.4422411196225078	0.7641487611497519	-0.3707511963675913	-0.01689845439302208	-2.4224195409596757e-14
1.2526238836654797	-1.7526022196793367	-0.014850018218860112	-2.0088942765144973	-0.46031078136547415	0.04200908989315199	1.2872744804150358e-13
2.078433614238861	0.3805263482854769	-0.22611700775000035	0.579492230219445	-0.5949476244282483	0.0176895908905854	1.1206643282728748e-13
0.5216388476476546	1.3516685219859284	-0.7708967635365266	1.0312539276476915	-0.08461084393458274	-0.028688516537452902	-4.129125572871641e-14
1.5291406659153095	-1.1769124693410227	0.8272538326472857	0.9033365216056544	-0.5492340273106279	0.03897089992583554	-5.987717561558265e-14
0.8985447663885049	1.1033214957890625	1.4642447348613372	0.9599781061041054	-0.08616337484319475	-0.027095919086952257	-1.1687810074615833e-13
-0.7145288792847755	-0.4091650226758647	-1.1609210929287632	1.1596954147872585	0.062024840917098666	-0.02773515981851141	-1.7512987272298393e-14
-1.148433762455643	-0.4084309484967289	-0.9555685985265158	0.17023503232622866	0.24410086008359236	-0.020901977633733238	-2.5255611967253405e-14
-0.9389146349542457	-0.8914354995538035	-1.9320977102568277	0.3633832217388758	0.0626389670634081	-0.02863570451612585	8.17042214810922e-14
-0.5366034649753492	0.019191480559296602	-1.3928643093758666	-1.0307636929889838	0.13188538953113663	-0.026799696693165675	-2.062136936387646e-14
0.3753896364348297	0.16306874439401453	1.0299170087376277	-0.9570417911403364	0.019534679468922685	-0.027154527651351085	-1.5416488489379705e-13
0.1295190949066548	-0.21697756530497772	1.355465776212256	-1.053156066989568	0.07457243168835108	-0.027256589244309827	9.911257752917171e-15
0.238027024782642	0.3610054229457316	1.1364997939943817	0.4520775262416086	0.03001765074749851	-0.028638545233232417	-1.959767471588745e-14
1.2434366673386725	0.9030315729437063	-0.7930791705360944	0.8072769672176563	-0.33831563785597724	-0.021896285328837833	-4.587219365196879e-14
0.6983381213939804	-1.8147125518701384	2.0593553517010084	0.012407369060167383	-0.26427083259459916	0.01605409420033393	1.174033010809445e-13
5.43574983771887	6.685164382701254	0.4718363929864927	0.199402708702446	-0.8499110057398193	0.0021202870753025613	-1.6213478379413854e-14
-2.0444532681332888	0.4464674630699115	-0.10607101018191963	1.700042043247114	0.5951113257537802	0.032898639250526204	-1.9820387461452174e-14
-2.963612902933045	1.9197417261642769	0.11239336646759672	-1.859361641981253	1.1991765056374784	0.1709059707121297	2.1423106371665777e-14
2.084784605747949	1.127474509336559	1.5610572741832227	0.20897696683259534	-0.39538033479761725	0.00037595943642970036	1.4972296444437667e-13
-1.9735405933703158	0.2675552645080191	0.9458492278215691	-0.11609720522520603	0.6913431154288201	0.023094329775567118	1.3597756307453035e-14
-1.1211124199034102	-1.3607389412142146	-0.28120629683577075	-1.3209263390436454	0.23368946496377122	-0.029002115542770573	1.4954915546932217e-14
-1.4842955293036078	0.500066492240176	-1.5325710349136226	-0.024596436854093375	0.4180685735955272	0.007365291114310125	-5.722259051110337e-14
-2.3539086295438576	0.8102836544831963	0.2308860251078923	1.7781469004310726	0.746177800862929	0.06524070464603375	1.1662760478415009e-13
0.07066126226474988	-1.319939439216194	-0.627870712193533	-1.6270131103876766	-0.12185198533215387	-0.01895509411228573	5.4909029470765765e-15
0.9052506047199343	-0.4679095019433667	-0.7481363766948778	0.5644451302034861	-0.3728890167653231	-0.009901054310265757	2.5156662621046814e-14
-0.3951036375671239	0.7657668403892824	-0.6085973870390572	-0.3153304835511132	0.1889390003967	-0.021670105814730375	-6.7873150704061e-14
-3.1096065044603756	1.8000352215307904	0.9987965898094229	-0.24369470859924228	1.21679619086364	0.1774969500458848	6.375138616124327e-14
-0.664900386996893	0.2797035547643497	1.51152000140592	0.14320295211296236	0.3242361663265296	-0.021903922422474142	6.148096873547457e-14
0.4079005161180301	-0.37536426339305884	-0.4255352880770384	-0.2489015662606072	-0.16424407725809412	-0.023303552485033647	-4.1265559381966963e-14
-1.9035442562536382	0.6820125103626029	0.500483785258422	-0.87531643366137	0.7209371985931589	0.03267283983686564	-1.32026278028188e-13
0.2287939553291342	-0.09529232040348934	2.0200637295950585	0.34723103168122393	0.04072367265312919	-0.026678036644244556	2.8362851329996486e-14
-0.20728971324047904	-0.33988903075965987	1.0743544349162903	0.3128088100050195	0.08788256510565895	-0.028892036822028646	-9.626963751389132e-14
0.3632655118033391	-0.9067216620493681	0.3027376276811989	1.6212403888446876	-0.24116849365982265	-0.017193787024546266	8.135537938987333e-14
5.601737016466568	9.019385681358628	-0.6011341448494033	0.3248358146697502	-0.7183566244885662	-0.026373937636169506	1.3866024388329122e-13
-1.6746505021604383	-0.33998287497392987	-1.1391582117055383	-0.1932210746438687	0.4127189148149008	-0.004982214333591936	6.489306784141424e-14
1.1403373754929316	-1.1578822755565465	-1.114116444250418	0.6856814813103168	-0.5416525943251133	0.015437033521001899	-5.614598099914023e-15
-0.12550173537613749	0.14051452752237575	-0.043316620569235444	1.0748873699807753	0.01748576416107249	-0.029073345526376547	5.616005732612968e-14
0.5170796244180549	0.8467823026024232	-1.642906117603128	-0.27289130473916934	-0.13670391766755513	-0.02965085661915217	2.2678747748270732e-16
-1.663549244351407	-0.41793683935247194	-0.6998219511311558	-0.44602557274405036	0.43747781163288146	-0.007010083583639387	5.537902365896479e-14
0.3095253336012408	1.6119092022779016	-0.05954595219840489	-2.1254847423372327	0.17891419698293629	-0.024782203995629838	4.4714271866650505e-14
-1.0863858708018308	0.40897654934085276	-1.1772752862146982	0.8007678113270438	0.2761983175483076	-0.009523342538699178	4.9643780544980737e-14
-0.41114965547924753	-0.27041048840463905	1.3355226960222226	0.26360000149004836	0.1734327900592204	-0.028566523759935264	-9.626156176109671e-14
2.8686606462877777	0.5106562954617054	-0.5772963268409597	-1.6791878024461222	-0.7390863167893493	0.058878718933670145	-5.773321046330355e-15
0.25715331757604637	3.986463095219828	-0.6041684777834407	1.4086195284026375	0.2785573855953598	0.02377236646607628	-3.2765153731440165e-14
-2.440549174427523	0.18398245190198462	2.0260081499507248	0.05979130626671339	0.8801476309273126	0.04583817064262381	-1.8409561779453863e-14
1.1739212135801058	-1.7505016937713072	-0.39914791002688477	-0.8470163663142217	-0.5080010550429717	0.03675523691147492	2.040030888454215e-14
-0.8077780025425927	-0.8686127760597111	0.11624623171176554	0.8067502417355554	0.13070673695620474	-0.028904046370427035	-1.598624365921937e-14
-0.7260775994672604	0.5054930958099583	1.764103818604766	0.5451323931321984	0.3658171759204395	-0.01775701118590196	2.8794985155896486e-14
0.5816326907984626	-1.676290736056399	0.5439624755249718	1.7066270103288217	-0.3760248859198248	0.005576176022293438	-4.1362502192714356e-14
1.1890873243635247	3.5098658995726124	-0.13338653576683282	-1.1468768105523923	0.08001300535447485	-0.01993073451863294	1.86820296306604e-14
2.735796186814218	-0.017703704887801333	-2.0140317720573533	0.08542779313103918	-0.9144295794620777	0.06948912966123645	-1.4793900341626043e-13
0.24347177401416228	-1.3564424829207995	0.03369140373762648	-1.7115553403692403	-0.1333426527403242	-0.013421762474257254	-9.686818421549241e-14
-0.9829901538921227	-0.4326190387059442	0.3384238923146513	0.6251231499673695	0.25100673321860006	-0.024082172363897116	9.9667008728085e-15
3.479877143906535	0.5122549130702893	0.996010191332863	0.16321351519000388	-0.8966414066126825	0.10698338407186868	-9.718535747165351e-14
-0.7625232544491057	0.23198918901059498	-0.2939438497074537	1.1074807964746298	0.2003888307897595	-0.020773738660559236	3.0356794341842125e-14
0.7818017193324036	-0.6129466562187822	0.08892419676521986	-0.8596244364632323	-0.24352849084950884	-0.010398942881833888	9.784300586225801e-14
0.24722056367890693	-0.40271469540768096	-0.09017861161265285	-1.4932726476531897	-0.04868613970564109	-0.025398067092613098	-4.9812157066848074e-14
1.2096148280594814	-1.2688751627751504	0.18454404162376672	0.23265551188050046	-0.4770485027260211	0.023551846606650016	5.733116607805242e-14
1.2586049827558186	-1.8108371575093267	0.3186819175173142	-0.360203889565135	-0.5158359806752633	0.044797412133893544	-6.36866237637678e-14
-0.47005075741228997	-0.9157937536249637	0.4428950004257044	0.663055137918262	0.05108077717676628	-0.029041051664871184	-5.1303347387395785e-14
-0.9395527185847489	0.3515507624569026	0.8226284801970978	-1.1024212085032299	0.42388062660365877	-0.01481713361230913	-6.675844368767958e-14
-0.1343148445432069	-1.4548388298670716	-0.37420412151211524	-0.40545322009829504	-0.11100840859880956	-0.021580926316605097	-1.0437961117109101e-14
1.2776068199005974	3.8596798947292426	0.3774869933038623	-1.3643727906183438	0.13148219509699957	-0.01715250979989835	2.2699258662354166e-13
2.1200768005683415	-1.4457382023512197	0.14823804595738538	-1.489629211522015	-0.6907813706912604	0.08984799189832803	8.43094041473467e-14
0.9094984717715195	1.10541894232223	-0.7557824955804837	-0.38229225965092994	-0.16708055114008263	-0.028050242099413914	-6.400195636719421e-14
-0.5676142266435081	-0.09865169566810894	-1.6524198104475962	-0.34531417581978385	0.08456793179255799	-0.02735124336663913	-1.2203786775147916e-13
-0.6577370879252181	-1.641861984627097	-0.5985134614474414	-0.1545784488210909	-0.0006868589159199517	-0.02797713831782441	-9.005224133945742e-14
-2.0187991914988377	0.11131276984117647	-0.3493034493823973	-1.9195752645874973	0.6841117760901877	0.020993239221104847	3.374288289885638e-14
-1.119520168167433	0.5798593168942219	-1.4616791344282785	-0.10441435708724753	0.32508288581911327	-0.004971778551800739	-5.946199526757963e-14
1.3976936093830712	-0.6957115829326941	0.7118290985543206	0.5153784023572906	-0.4513542403709845	0.016491026587321916	4.384649335825405e-14
-1.6744879091554081	-1.1469668532964619	0.3142992735956496	-1.1661060464903206	0.45087655482369915	-0.01909113395582773	1.2476465208960123e-13
-1.3866966807200174	0.36473831644260146	0.001611086981807236	0.7798340568786881	0.43263693070545095	-0.00010020157473505477	-5.970362129670193e-14
0.009686531948562687	-1.3785610120319405	0.8973056805749074	0.17319703121525176	-0.09271037447466554	-0.018596671696255708	-1.3417570353621295e-13
2.0644227529352617	0.4342867037876324	-0.3705043584010287	0.7790508293486205	-0.6020429506583809	0.01531983294395033	5.70729575328694e-14
0.5592103112247176	-0.9299246380749536	0.15865903857022431	2.0601593693981037	-0.3277784788959561	-0.011536470952200308	-1.5512411225978524e-13
0.6726499698295033	-1.4324537975818998	-0.36918182252627774	-1.9206613143719575	-0.28259147277118335	0.002678673709188469	-1.2273856790362013e-13
-1.2688415432456657	-0.22210619029791992	-0.4570473046301797	1.5703805223480538	0.27282079055232605	-0.015317291980965321	3.0106679723565975e-14
-2.5087379837716006	-0.4922098799959564	0.46521979420461174	1.710225925117328	0.6641164520068993	0.02733458037379568	3.738535429799234e-14
3.474766072534951	2.0833352355908397	1.8566758915334223	-0.02954466094250235	-0.6718630322036944	0.041021413299282564	8.028544031833041e-14
-0.815929170894286	-0.6157570897333817	-1.1898558179112069	-0.44619096069655684	0.13383178967478868	-0.0279949493631327	-6.664293048059771e-14
-0.4818173733232034	-0.19821349566482352	0.7640015849363746	-1.5845976180844072	0.24387144751254924	-0.028085176372321	3.149129125775802e-14
2.003107245609668	0.006157829622971306	0.48544844387337627	-2.0160643419539372	-0.4632420207341983	0.02600201168573807	-1.3280012355819226e-14
0.020483990929666365	-1.436482002458287	-0.31349267302343914	0.7988759134465562	-0.20033610793685483	-0.018374746028520527	5.0308953798927144e-14
0.4842571268904191	-0.4143883894524903	-0.6095714363714679	1.6210579183602996	-0.278691461513312	-0.0215793727786827	1.3716332462421776e-13
2.3246734112604726	-1.459880154593801	0.16717006111470825	-0.9977432609475867	-0.7702685555266486	0.1071410333602516	3.2413952560025464e-14
-0.9027773345142965	0.10261520828545917	-0.04616234023643599	0.2176478897715935	0.2793837223059314	-0.019426735837079125	-7.080544546508794e-14
0.9859882953183086	-0.7449989349112212	-0.4931086700758338	1.415369164051628	-0.44562439639777657	-0.0011962280126187538	-2.6170987157649557e-14
-0.3588321798328111	-0.7943023071686199	0.3357588003701465	-0.707861106629754	0.08120442785678099	-0.028863846208487264	1.9446430048718416e-14
-0.03604107387513223	-0.8080038982901775	-0.30685676409937257	2.0010731621385127	-0.16525210764554835	-0.026251380127866812	-8.571449439965037e-14
1.2146695794999651	-1.776332247842108	1.638258561290683	-0.26504806155869987	-0.42422789143486483	0.042393095200775735	-2.9321990241419284e-14
1.7920950967452631	1.6219216615516352	-1.8942499781927367	-0.2272322986354154	-0.4461132603409447	-0.01991079617218306	-1.5584573339047137e-13
0.3374703097898748	-0.8669528809055934	-0.6130606814519852	1.1876155693084485	-0.2664274767270444	-0.01899371206393763	1.0904541103046911e-14
0.6911980312245055	-1.6134352398552247	-1.4004621332640594	0.11275399775930207	-0.4524959966842793	0.006939396028947167	1.6449507027386373e-13
-0.6297276430634157	-0.13918026732054872	1.2801835999339244	-0.982744489914664	0.3004129470976892	-0.02627374803697847	-2.521502729753007e-14
-1.0439354267777494	0.4184884352926523	1.552895152073634	0.6589779836598351	0.43382745186071126	-0.010732834969965827	-1.485081795713277e-13
-1.6301464424093244	-0.013236392171948774	1.6219725177996833	0.21121896455861436	0.5841496833380613	0.00029196571467629827	1.3634480372813912e-14
-2.8836522388824215	0.36533963845610024	-0.567281925424195	0.04404933329310138	0.8800158404012909	0.0843362052976359	-5.488803474504832e-14
1.9466212547626838	-1.8601403628430284	-0.8239943782907169	-0.15803520663377227	-0.7967867657602836	0.09414984868014245	-6.7231183632228145e-15
-1.119720832702159	0.9353776687190526	-1.3324259475066382	-0.0021227986557692717	0.3679582518464828	0.003075467782928092	-9.116951023318343e-14
-0.32097886826699423	-0.022707594432553706	0.030278885093986064	0.11961690822642175	0.10133044563716413	-0.028629212495100812	8.501694308477693e-14
-0.720386572870386	-0.5655731738241913	-0.8027403802920904	-1.079824716568916	0.1601341487056369	-0.02845794910224738	-1.727255388216399e-14
0.030196164457174757	-0.7762445502630506	0.4651043475109765	-0.21359042476237597	-0.04417062233959417	-0.0251199802854997	-8.012649207578743e-16
0.4437029917012463	-1.4031957810564324	-1.7672838740102697	-0.6583702332462452	-0.3481870177498785	-0.0077340183636861685	-1.4900200860959115e-13
0.9000071469880438	-0.6931267599061255	0.742554605402644	-1.5530325192018846	-0.2190161046417492	-0.004338809419491751	1.5376702815121534e-13
-0.9277996171627003	-0.13037224003172002	-1.5141142289450011	0.11499404554452307	0.17763394462376755	-0.022014909490872626	1.8662198180549045e-14
-0.2880889225407075	-0.05791659165268788	2.295572747524968	0.018891414256897433	0.22758521905728576	-0.028193162635803543	-3.351906107188646e-14
-0.22277875907690226	-1.1638821053444683	-0.6545112119440559	1.7303940216726614	-0.15822069127192276	-0.026176903687699152	2.7182215715266092e-14
-1.1229128065174097	-1.3058194740126932	-0.42139399992651516	-0.32320317596108566	0.19083477587431802	-0.02881904005298239	1.2105922020857286e-13
3.8297010334297634	2.355689014025394	-1.2834373898020925	-0.6593688870643251	-0.9087704587915016	0.04928159870028116	5.4084814631449214e-15
0.5127653732983076	-0.44125609604040494	-0.05703411987895394	0.14503918758502468	-0.1962361317178976	-0.02026403442680639	7.937918992930394e-14
0.28496590577056474	-1.4404937671481588	-0.4796911936353324	-0.8971604767216789	-0.21867760661858626	-0.011130600831542553	-2.4774320540828733e-14
0.9775099521009448	-0.09137855644752535	-0.032291880102303216	0.2204524331256971	-0.2968910468547484	-0.013814180631379923	4.6205953303534746e-15
1.015114556001804	-1.2734689933219794	0.6432655755535929	1.0049439441601902	-0.42509334230587115	0.014451397385298912	2.350697048251771e-14
0.042344973976412605	-0.4263774536228428	0.874423099850122	-0.2950562774748155	0.017776659528236385	-0.02720413574583535	-6.074245084750546e-14
0.3759421429594065	4.012940989204239	0.7744544430323129	-0.1326980670997697	0.39155774018378203	0.018304674199853963	9.322718625556027e-14
-0.07136041867049818	-1.1684288541082293	0.9489062005034116	-0.7239665145829414	-0.006442757460110485	-0.022759497004466552	1.0442974371607191e-13
-0.6764960483918944	0.5107571201212726	0.3849481078472199	1.6603758423266786	0.2232448031124054	-0.018917274555197164	-4.94060671055457e-14
-1.1084402707194925	-0.5157408234376014	1.2896362064159166	0.800208451644314	0.3290316446250353	-0.02267615795913182	1.8540166886477934e-14
0.5733149744435759	-0.5710497589109127	0.2761394666157879	-0.19752038024173482	-0.19387492145179053	-0.01683760417037727	1.6488877801917442e-13
0.8587651677314567	-1.7226825059273463	-0.7405985736685299	-0.18889197340328526	-0.46093079347079136	0.01842429517179652	-5.902424791281032e-14
-0.5886125950800513	-1.098949971364691	-0.13060547125689123	-0.07152140604541066	0.062126817768536735	-0.02934745499794084	1.428343677610653e-14
-0.1416848863542035	-1.1043262857045122	-1.2019632714441295	-0.331104299957664	-0.1238790803766185	-0.025779409168539852	-4.9368189107655444e-14
1.3746027391506972	-1.9729235367024087	-0.49965986183382577	1.1731505875684047	-0.6784591190657591	0.057386982486847316	-1.248574969511994e-13
1.026090376743156	1.036652224947146	-0.6812577836141382	0.6725071581520745	-0.24772653475891407	-0.026473446160801602	1.0684183669305161e-13
2.3640990852787205	-2.4558512910101977	-1.8347534737111997	-0.06652239408543492	-1.0426351031829142	0.16191396162613542	-1.5710713715896201e-13
0.10212726629392511	-1.319374494531296	-0.24327467438414085	-1.2070629092044514	-0.12522258766077182	-0.01795950594307284	-8.094260969983765e-14
-2.6500304227297824	0.2023093775745315	0.27901520105296257	-0.4153645495120696	0.8604603479707555	0.06056972890967429	2.0375764579804173e-14
0.1650495433083134	-1.6321870007010177	2.084132176518437	-0.15993016353621198	-0.08054585202529993	-0.009384420507096689	-2.0440294434030484e-14
1.4332791799341782	1.3972416102122036	0.7765476722496187	-0.4256790209219418	-0.19646647964584618	-0.022728529562582256	7.440225713377489e-15
1.3383702287433898	-1.0427025373520273	-0.6241615037662808	1.5053799872117914	-0.5914410381004342	0.02238662571398857	5.714313648894042e-15
0.7194946737412351	-0.5341567570783132	0.6111723397691176	-1.3559150895180567	-0.16518304366879816	-0.013224430652123071	-1.8038897531025414e-13
-0.3674426404663562	-0.29076837680974116	1.0789808998281318	-0.7148481762127442	0.1830761213579843	-0.028825349899546656	-5.0850659638691697e-14
-1.8158476690201795	0.1171199746339558	-0.3148020686835596	0.022442327735559618	0.546105682576061	0.011560484158535908	1.8880455750522787e-14
-0.3617101771247575	-0.11034365867019276	0.5962712642512028	0.1757821696123927	0.1354833635127695	-0.02854545377910482	3.0321846021251786e-14
-0.29366223393485646	1.6777120740394533	0.09964262257472552	-2.2717530469798666	0.3814857111411389	-0.010401173940511162	-1.754622294747449e-13
-1.3722623044646822	-0.8482822036354987	0.03946900590196593	-0.08941698869636526	0.3328692889494804	-0.021682342190034034	-5.728121524181439e-14
0.6564767099301434	-0.4297485236700721	0.5578713953895476	-1.512218627453714	-0.13232180182827682	-0.016599830245632555	-2.30750415723804e-14
1.7874880696364954	-1.2219920791269232	-1.3836451859073848	0.547604059328095	-0.7468855482431046	0.05418159512177789	1.0935060722750179e-14
0.23432042638055806	-0.6586020369462624	0.3561471126888986	1.871561877507444	-0.18377069906967916	-0.023031539348658012	2.041147922370742e-13
-1.491702513484821	0.5705564112642748	-0.9495356481085898	-0.6273227906609473	0.4877419657226431	0.009404185870470826	-1.0556746819695863e-13
1.5141440550504683	1.3521692659461741	-0.1945613326898131	-0.7026880707642442	-0.2719165206520632	-0.021325184293994066	8.754070161424569e-14
1.4140680307209303	-0.6542883973009036	0.8731870299761278	-0.7791959451649294	-0.3889240677243154	0.016312290842248937	4.1321607119811805e-14
-1.2652672072414137	-0.5475021515483565	2.0663282851400915	-0.28978132736448187	0.4635216183624123	-0.01992903981984705	-1.0757538386605582e-14
0.5991193375155736	1.284267689280481	-0.4590497288415529	0.04711998003337175	-0.05580573026011493	-0.029058082818640314	1.0390200564539856e-13
-0.40104518945749174	-0.7782195349106946	-0.5419142771127274	1.6953167565250438	-0.055825281908254365	-0.02948401459874604	-6.962688240528555e-14
-0.9156357354903938	0.4905619520119514	1.585173127646418	0.14653457397723227	0.4263957777974296	-0.013171827527796132	-1.7569460838971366e-13
0.5371711554444558	-0.795258923414609	-0.16129151057431304	-0.743679905566322	-0.21101453120446162	-0.014614764475110103	-1.7643899155937151e-15
-0.4789665351747429	-0.5695842885797497	-1.0102816792226945	0.4634938782782419	0.012338134291756932	-0.02973879884292747	-4.79938995929286e-14
0.04483504375192178	-1.0519557115662104	-0.33656468907817544	-0.35568101808620745	-0.12029188270275792	-0.022663305224078972	2.63333412142163e-14
-1.6796860766414723	-0.5226928834398079	1.3662458167625962	0.2409006053134174	0.5262475743583407	-0.00865462533854896	-5.5598117759309206e-14
-0.6735396342903142	-0.060064527668317345	-0.4267919625631884	-1.784151821793475	0.2527310397237604	-0.02543800683770894	-1.2118257136727099e-13
0.6116720680394849	-0.8607791418627431	-0.4241009868968241	-0.49362548141185036	-0.2658669813975367	-0.011547841715535736	-5.945274848708927e-14
-1.470494775969764	-1.5599319726678238	-0.07898846569865364	0.9223232841075772	0.23573152251138282	-0.02698932421247023	4.292138013767055e-14
2.5884752043386716	0.047588496535199476	1.430373260229139	-1.0411464981495941	-0.6121018842065018	0.060975594821089454	3.504375687177241e-14
-1.0417030843766677	-0.7627281468761601	0.23984316359382035	-0.553672858704693	0.2749239014448576	-0.0261604900806858	1.9726887576079743e-14
1.4397744230796858	1.784285221499707	-0.09306441606343077	0.2926933727865983	-0.23837540532475512	-0.026362357980534167	-6.245890040600145e-14
0.3733868405702372	-1.7986145189647729	-1.2373623612358386	-0.2313416670104438	-0.35539933812514296	-0.0014258638801032519	-1.152967276216817e-13
-1.6715725807309552	0.9022102522935972	0.36239665870931626	-0.720035635272108	0.6609750888366706	0.02735542699706029	-6.616594617504909e-14
-2.9027109193657323	-0.24403713076131592	-0.7181968346629909	0.6611729001258546	0.782960061851678	0.06008839830251802	1.262565381184588e-13
-2.18622092831237	0.3245247091725892	0.08131034920124913	1.808055392142783	0.631011034250114	0.03667540108611095	2.985041480265732e-14
0.9085691164529137	-1.6914212514043596	-0.44696442290401756	-0.6901696880929397	-0.43394469109026573	0.020317087293037467	-4.906844223907724e-14
-0.5193683787929197	0.5118689724254187	0.34733079004826556	1.4141658264031893	0.1844059570894596	-0.022135532681504876	-4.0857414910434305e-14
2.627474309130865	-1.856768114612983	0.7736317665754381	-0.0108920820537242	-0.9022853481623392	0.15707619638556386	4.1560347066197846e-14
1.1714438217224314	3.3281133344622402	-2.0853587840720476	-0.2739242763581312	-0.08735247350091155	-0.021996977409171427	-7.166374852138473e-15
-0.8601391260119116	-1.9479857338131807	0.9254664133322328	0.17253872452544164	0.1039242927625378	-0.027490402014237882	1.5994841836994215e-14
1.4932399407350423	-1.412057330477976	-1.5875867181484045	-0.6525645755130308	-0.6444429112131693	0.04247944254115666	-4.8718568151583446e-14
4.026087845202376	1.7620419566712981	0.06368718501586593	2.3772463225557208	-1.0713204217081969	0.08970014323793322	1.415761158820218e-13
2.056447434779015	-1.6712791248725511	0.048089714118043046	1.7827700233339674	-0.8362121937859999	0.09508652656258806	6.66454387322523e-14
2.200879481847511	0.6328033802850814	0.6707550793423563	-1.5976216926935105	-0.4608215299912869	0.017371339970651815	-7.0192670792215685e-15
0.9629444115079955	-0.9984438428187828	0.38444546928387785	-1.520185104903825	-0.29262834381645714	0.0047427917575303185	-3.645569902746367e-15
0.1667544033970066	-1.294874605272157	-0.9239726657237962	0.33969030234576586	-0.2458802161966929	-0.017223466971570314	-6.739254620919128e-14
0.16732413797935003	-1.7267867272913104	0.3802665917063323	-1.0502165789206213	-0.1568754920826606	-0.008840586127725722	1.210802217581831e-13
-1.1378413618807615	-0.5338699143730421	-0.05528679249240991	-0.5759978961709084	0.3117612655885559	-0.022518560160277507	-2.63298673784394e-14
-0.9713070561400806	0.4683269017946575	0.7174967848382446	-1.5921331377068768	0.46000893961482753	-0.011979691833373881	-8.304224710238362e-14
-0.4981144108534067	-0.8823632789074977	-0.023215188386761527	0.5995864273860297	0.03767380473956303	-0.029383405789828333	-1.5890648362727138e-13
-0.3710533090717699	-0.24563771654614325	-0.3506433980345603	-1.2766695958390282	0.12647008313941432	-0.029180181903388263	-9.718879664492785e-14
0.16319217266291425	1.3844103702941533	-0.25691416294598024	1.9038139028894585	0.020357139275090152	-0.024736018325960788	-2.539011658303991e-14
0.3442015294105891	-1.2254314764983985	0.5207514891647154	1.0032011748409924	-0.23116334765553	-0.012453157928530398	8.65835130765383e-14
0.6777759513824466	-1.2912707615124897	1.144395739844351	-1.2117921291283948	-0.20747274869670904	0.0008768194860159848	-1.1403806580367584e-15
-0.1435833829235786	-0.5014773842727139	0.9532687408741118	0.7632008770786287	0.0258412917716486	-0.028322278357788666	1.4672936567802757e-13
1.3405188366962582	-1.50184952481012	-1.0727207306760371	-0.14032196738992853	-0.5996873238820324	0.037089490947311496	-5.680176952940849e-14
-1.4818056489611082	0.4144078591190281	-2.144786944016321	-0.25413179345178133	0.38061466703113106	0.00518935862770078	-1.2394422905404837e-13
-0.6482925905806513	-0.6260188481543274	0.7899138891304992	-0.2060882024203777	0.19170981712391613	-0.028706401221783497	-1.5867359572394882e-13
-0.06698558341409531	1.7048549464690672	0.25548193735657815	-0.46444339445196975	0.25191098711535576	-0.0162109750877991	-7.706322212721735e-14
-2.4852167040288142	0.7611912439512639	-0.22729981341308894	0.4976109793691221	0.8055591804138517	0.07249151791673754	6.820350107366489e-14
0.016830659054473368	0.23156708455934039	2.09353474103485	-0.12619578221972919	0.16252288532075307	-0.02846657664819085	-1.198611233673573e-13
0.612547992887348	1.2820028445087708	-0.04823722735599445	2.3033080180938263	-0.128046387420178	-0.028978055131045753	-1.731517119599122e-13
1.4153143202055696	-1.4426924164069526	-0.1025963490463492	0.7745828357153429	-0.5945668967567788	0.04051242839501448	-2.238932335431951e-15
2.5461562187224005	2.6584807867108156	1.7529436558137732	-0.4181284848099909	-0.33024917121091885	-0.01382063362772798	-7.95036620516512e-14
-0.90391553241158	1.0824428561460828	-1.4719819994469967	-0.5866076643347653	0.33518232163603706	-0.0018257854451313403	-5.893985422358505e-14
1.4354633815474036	-2.2503140651345768	-1.3602043009653555	-0.2691779834662534	-0.7174127319917829	0.07209073842942125	5.7509399441863195e-15
0.8988786959134333	-1.5826957377268769	0.6955153144042616	0.4635304549004644	-0.3985102083318655	0.01774091351347723	-2.0257913897658933e-14
3.833399894471589	4.916954371893756	0.733610773408815	-1.0150804714219797	-0.5033256505444798	-0.015550456881114507	1.0595950807782838e-13
0.6138439109802553	1.5329455285719211	-1.1043514073751401	0.8154409205027155	-0.10336900226387048	-0.028651785530983166	1.166297802594333e-14
-1.5745846548488904	-0.1691863745378781	0.6110971302283776	-1.5406478915149002	0.5617012956867364	-0.0050339240608988055	-8.397081178697575e-14
-0.593953572738587	-0.06718888820121278	0.9873903710437617	-0.45795599660065045	0.25855042184348653	-0.026243105107923763	9.369401734222213e-14
1.0715402405771914	-1.01749241952883	-1.499882262786129	-0.028712438137468228	-0.5005594033282221	0.00808229027785907	-4.440239576846091e-14
1.9568256909107862	-1.3988810612630178	0.9158092859564682	-0.24589005905954198	-0.6437943645583357	0.07628850238836066	3.6040424941438207e-14
0.808596096337725	-2.550390695272139	-1.0139678057054342	-0.551922460181518	-0.5348761828602632	0.04252688842085764	-1.7351145971507962e-13
-0.9089425969226157	-0.3404741265316269	-1.3050238722061291	-0.8367449320345189	0.20063772878783723	-0.024625485293140823	-4.576757790456034e-15
-1.2239010632663245	0.8407963445772172	0.2666629549232377	-1.1010342668924944	0.5295613457637409	0.004727315424804682	8.224749064334403e-14
2.258933603147377	3.387273194237423	0.5645986801301457	-1.8275513486367436	-0.18085417199251644	-0.026962327233168697	4.326923861353065e-14
-2.6422331349496653	0.22681779757680806	-0.07400453763815328	1.8941335326904158	0.7449243599417532	0.061257152130734245	-6.418009219352598e-14
0.018870828287222606	-0.8717808700391093	-1.2474436525050556	-0.917493042852417	-0.12482833954768018	-0.025413216924455778	9.149702594873402e-15
1.1371475657471868	2.214906130528275	-0.795456014470378	-0.7746204678336596	-0.10064680821242086	-0.028900816721690026	-1.2178696489718516e-13
-0.6972120939450458	-0.022276433674265704	-0.20327318261311486	0.41904323458831544	0.18683254310492273	-0.024720814714643696	-1.0895925029850564e-13
-2.3041067239748845	0.30652483547232123	-0.4511248579049564	0.3080620517433243	0.6942708619082654	0.04308817212370764	3.599830022480701e-14
2.2790423681966026	2.4183350348318453	-2.146642433507816	-0.06860699000561898	-0.52557841867915	-0.01963027134369846	-5.711497462901241e-15
-0.7880549934321349	-0.0095725328932102	-0.7318078433764414	-1.6671099548908215	0.269245318719768	-0.023160228590508584	-1.22226822663481e-14
-1.845875859830041	-0.05361037930606836	0.9644246231941974	1.3722412895287976	0.5573477701074796	0.008128801583099069	-1.23358198914627e-13
-3.4448427606512495	2.023353958263285	-0.49613020188083573	1.176525781167343	1.197276048816858	0.2283272001474693	-8.684426593302512e-14
-0.6201913678603401	-1.012870126021948	0.46649747244153034	-1.1066843779014905	0.15904805141918987	-0.029289079363610828	3.402273003353569e-14
1.2408761132154962	-2.3351452812965245	0.7524013495060329	-0.8437029639096019	-0.5196559291103283	0.06460220814640753	1.6174584517143336e-14
1.874537657854403	-1.0353626098585593	-0.5174784331629115	-0.5826436720375184	-0.6542196729791618	0.05375018114994564	1.0550215561304885e-14
-0.3944832567668899	0.44748143334530743	-0.8810940286381861	0.1029362257592637	0.12047125986940897	-0.025069329693917695	-1.0399924247292939e-13
-0.6111923026028248	0.4990118966970834	0.6898853766126027	0.028465629865630844	0.2877500705945775	-0.020447103636236863	1.1767104728730343e-14
-0.06441850330563388	-1.344436179493077	0.4078304629971849	1.4455413560372519	-0.14885346150939904	-0.021020289797981775	-2.4760011080287705e-14
-0.25658719201960817	2.0991964045553893	-1.4318812499001436	-0.13981614480778437	0.23764556186720864	-0.003090627861781461	7.320791151889907e-14
0.28750015937417817	-0.3103343082411786	1.414020075384951	0.2604643415628415	-0.03248318785047778	-0.024790120805226745	1.4448995276640291e-13
0.8119970039000366	-0.6687318716539264	-2.0153299678162644	0.1620647491613871	-0.4264050720415875	-0.010084221692234526	3.143537313365594e-14
1.3238030586986256	-0.9352421367494524	-1.6374019296421833	0.25202821428072864	-0.5851741950138936	0.01745197195756904	-5.244885666910086e-15
-0.6410224912918215	-0.9235796689257553	-2.344238304595423	0.055925788555921646	-0.04122942025221738	-0.030356533602297456	-4.018825040883599e-14
-0.11340434696600862	0.24178887364532575	-1.7236371881651	-0.04994144186119605	-0.029578579890212894	-0.029362214864105833	-9.258247484525231e-14
0.8311543259260886	3.6291494493489127	-0.06993873799583206	2.0611283234213875	0.0720456731342105	-0.008728688597348567	5.883072774718059e-14
-1.364347738153904	-0.15935091929334663	1.1111418373866664	-1.300513684102664	0.5199929473067187	-0.01158150852398225	-1.768242307252929e-14
-0.10949054846382969	0.31188838387104617	-1.5359711074187261	-0.5363884191675791	0.008088816193685556	-0.029075073065410396	1.9939329478432655e-14
0.23114709484482615	-0.5975257960496986	0.24828399420255004	1.9705556009622314	-0.18680955743215807	-0.023771274305517627	1.3063281417632718e-13
0.3574162487598074	-1.746736324435836	0.2970289831702181	1.544284338645156	-0.32613199327153947	-0.0019297622583397196	-8.79888997520811e-14
-0.1900298883509447	1.7586457254365202	1.6907221792467015	-0.44065819565773573	0.3795101229945068	-0.012020425747814404	-8.762812454472515e-15
1.030239279442702	-2.0112942895049626	1.148007688349546	0.9886867499900598	-0.4762303228162831	0.03906279641332713	-7.773070209554565e-14
-0.8731239693602498	-0.8418299261333108	-1.018672795932311	-0.36177600587285275	0.13299288926160885	-0.028680070715613955	5.460548987720457e-14
-0.5004290474795484	-0.8009727669907726	1.7411284794424298	-0.08710088410280507	0.18105731608041747	-0.028765386877212605	-6.746042122640012e-14
1.26479115683048	4.016336888789174	0.20998352706896176	0.7015066499701618	0.057658414464535145	-0.014480590293535076	2.82321960065243e-14
-3.9134555164575104	-0.04377213628320827	0.36284756119759176	1.3572040055875445	1.1485170064350456	0.14928804811429944	-2.255198271656328e-14
2.8443264125782197	2.4912054850335434	0.05847954270587182	1.3968177964351711	-0.6115034477025938	-0.0026465116223023167	-1.1601224530324565e-13
0.07783601583203263	-1.7970858544965542	-0.6461506909193626	-0.0972796774056579	-0.23880312393141306	-0.011195398629700369	1.8098183729368422e-14
-0.9085553274416535	-0.8498314109724369	0.18907496181738248	1.1218211853566815	0.15406830112477451	-0.0281303483472964	2.288439998200192e-14
-0.23107406874716552	-0.6151765135490495	-0.11824372074537041	-1.027269378035634	0.04871830241792692	-0.028908007999929018	-9.490635104339412e-14
2.692931097200501	3.134264033370965	-0.8686301999195714	0.045618657513004035	-0.4986453857924131	-0.018915325372726666	6.197044618955393e-14
-2.2240202074691626	0.34586416215196675	-0.808925693881635	-1.1338323575388383	0.712291946957336	0.03987219932528185	-1.0975632009242687e-13
-0.8999817357251689	-0.19569589437474225	-0.05745500630612905	2.1297529305144542	0.16671991793360383	-0.023106417611268727	-1.0838576677009015e-13
0.7108546707938834	-0.8912036872410778	-1.2330886862531727	0.21296144922013902	-0.3756671189169521	-0.00849141583135924	6.016192111905801e-15
-1.9689910494645335	-0.05689198748693821	-0.23226638934151597	0.29226339618816405	0.5666609638500969	0.0137536831550044	1.4366108821544245e-13
0.08861059700328877	-0.6337990179097198	0.8496639631942966	-1.3466461570190857	0.023497184198287696	-0.025227954469762507	-6.579236929075183e-14
-1.4408137093216755	1.1271001687943147	0.7524482321565263	1.4430513364769875	0.5511036735675134	0.0223574186967968	-9.562734405930724e-14
0.015038004588424459	-1.211302098651963	0.03517451998542151	-0.8207693776317675	-0.08723733394259438	-0.02116942734424062	-5.564053513876807e-14
-0.7572401494612607	-1.233102796818621	0.05289411916746398	1.2791755919903154	0.0530236734320611	-0.029544158788979286	-1.1149952810179793e-13
-1.9858021941576176	0.9019684035281262	-0.13864130298407767	1.8023563413964212	0.6221285477421218	0.0453355927863897	-4.370037887474842e-14
0.8421014566921231	-1.5825524475473225	-1.2085574864110542	0.8895322755518535	-0.5136236732760275	0.01309699853602742	1.4749295504548538e-14
-0.8525808294587541	0.4109783634562338	-0.7977858317890772	0.17451960940569067	0.2550041691536684	-0.01619600560064319	-1.3866285939105212e-13
-1.2529496790903747	-0.04988987777638799	-0.28949347108848617	1.4499497296459662	0.3019791489011783	-0.012875898903147453	5.608284338413078e-14
-0.19812614173859824	-0.8962642698820322	0.1869875088131384	1.8004150637456804	-0.08913356564132312	-0.027296396664796618	1.0653852707094423e-14
3.058383544355812	2.2297959556474667	1.3496052613871712	-0.058161429680819554	-0.5645551191883671	0.013840774047632124	-1.310489651375675e-14
-0.61369062804827	1.5366153232848334	-1.8854718791893645	0.5063962057672373	0.22879086851166494	-0.0023824227710077385	3.9392248627868703e-14
0.018068720066910533	-0.15925238275250986	1.0878562315722409	0.8033658558423409	0.021460141767391874	-0.028423628192415087	9.924265204075828e-14
0.30953376897052765	-0.6363644206125838	-0.545661440085491	-0.001210875771060208	-0.18066996065500354	-0.02238472921389832	-1.6147346948116445e-14
0.6412943093510975	-0.7245156355431279	0.23520862808371698	0.14927972635861775	-0.24689485094533237	-0.012574315218632955	-1.0695154588732171e-13
0.7058352692260678	0.699205487924565	0.978326411752686	0.6428451391740915	-0.08895629653412018	-0.0269853826473638	1.2618537145134347e-13
-0.47126961026355196	0.07678806545198895	-1.218384018743354	-0.318626061092821	0.09996601245863618	-0.027120378514579876	-7.12429632201023e-14
-1.8089124347807026	-0.9266554403952838	0.1320629683712616	1.2120217475268729	0.40665168619176617	-0.01212156454258794	9.7491373649477e-14
-0.09085851600097095	-0.40904793871995515	0.8247932866876974	-0.3431570576755592	0.057971325038263334	-0.02835461213993605	-2.874373653696822e-14
-1.4484110978630804	0.3696540690456935	1.8334081809918223	0.07429776313145714	0.5902870351630825	0.0021426637350825746	-7.695071480217438e-14
-3.809233517186887	1.5319586328591432	-1.6764406924076507	-0.013569010470960659	1.2309686546619394	0.2374049465566415	-4.3311305419347734e-14
0.6423965687588022	-0.11191812267744669	-1.1645810996172505	0.7630777518792349	-0.2908109553544845	-0.022278396198502557	-5.499496232117893e-14
0.40071128382695137	-1.6153122832643756	1.8279907988070656	-0.16950622297831452	-0.16268641810834897	-0.0018406269544708038	-2.9519695322220014e-14
-2.793196144185846	1.6179117445923845	-1.6181847743425453	-0.7878006611377598	0.9654191449810346	0.13938836829256251	-5.515687940060576e-14
-0.33672644744661273	2.009497402642986	-0.8181514208627796	-1.0840630210815323	0.32724343451929594	-0.002213732817724704	-5.834665707755206e-14
0.012529819526125464	-1.5824386236936325	0.8488977416293356	1.5356668387698709	-0.17417962575191603	-0.015622324338286182	-1.1452260490137629e-13
1.8680259062634224	-2.0075150404391358	-1.3779600987113307	0.3281189938908888	-0.8426203749583554	0.09404938998961347	1.0750286085441846e-13
-0.4957324145132634	-0.9102928181399579	1.366015003321343	0.9474423854248052	0.10289718753923259	-0.028766647511473467	-7.934306360174752e-14
-1.1678843390621458	-0.13257904502052473	-0.7231430970814815	-0.8393109322155747	0.3355128758171301	-0.01654643625212061	-5.6182349804996626e-15
-0.798266940932982	-0.9466945752261132	-1.0818832101471774	0.3784710820364299	0.06522151601412732	-0.029555399480223905	-3.890423578868891e-14
1.3187035547109338	-1.2558305796471865	0.5471320194147758	0.707258524177113	-0.5051432986742883	0.02933849729299837	1.1243354917777741e-14
-1.2949170083799133	-0.523073072441844	1.0949479038537113	-0.3291319718191658	0.4184846440958655	-0.019056202331596758	8.056592741094951e-14
-0.8406137174826059	0.6285824178780512	0.39969604348817517	-0.019273067180681402	0.3549924595964365	-0.012943319232494716	1.4357664787385256e-13
-0.9408340943228397	-0.40399718365999054	-0.9510497935458769	1.0558969414437331	0.14668435733717436	-0.024687577755966764	4.690886930705717e-14
1.8263020181732819	5.5227738199629375	0.9654285680577038	0.701850563091783	0.10084512087617944	-0.00395479714164994	1.2828968871157693e-15
-0.27093873170492966	-0.8240355556916514	-0.12018256744787538	-1.156833365506799	0.043147316783577576	-0.02841294548642989	-4.141443985878605e-14
1.5188539351215906	-1.5180871331501298	0.6627714311036093	-0.8910504524752567	-0.5181969669429687	0.0506924428671826	-1.564457124782842e-13
0.41591278539776005	-0.18876650156853114	-0.47871417163454105	-1.1819738486823768	-0.11144407306549202	-0.024969694785112885	6.701831318333155e-14
-0.6925883895880416	-0.5809414240542652	-0.6442449353841678	1.0789934440488154	0.07107991031844385	-0.028713955659735342	-5.881864718928806e-14
-0.5793359725710363	-0.2742924210409424	-0.078219971716082	-1.1310674806876908	0.19546587065437704	-0.02793125468862372	1.1323782319553724e-13
-2.3907881017599166	0.08491414586850106	-0.019943325824185894	-0.8190925569840327	0.7677328377498054	0.04016128898822614	9.97563870894155e-14
0.7822452215676539	-0.9916948458880946	-1.21487187599764	1.062360009841208	-0.44102636467969236	-0.0039669909460068	-6.556721350561996e-14
0.17319254710313484	0.4071237475244021	-1.3428110502129424	-0.9650800648272169	-0.036158821928370735	-0.029688367925391288	-9.58294920573598e-14
-0.306553824591297	-0.13429661164932052	-1.3939106636671206	-0.6067747738841051	0.029446180087591086	-0.0294858869626515	-7.582143872318202e-15
3.01396643466287	-2.6571890436714387	0.9926751110912323	-0.013475069667971195	-1.0810401013330364	0.2519347417219723	2.147163103509151e-14
0.3047336523256101	-0.3235279849471002	-0.8572397201386122	0.49922981391863136	-0.18488537621566573	-0.025701952264096887	2.648182815689802e-13
-1.0658916137313217	0.13928102220218505	1.0780285490426784	0.6809412510460062	0.3803574259622743	-0.014863620798558552	1.3661888214678943e-14
-0.45506708320562916	0.3179949757369997	1.4931375234878759	-0.531747367851381	0.2925988360529973	-0.024898514928630863	9.398454054000322e-15
1.2209804375308295	-0.8866701388326538	-0.38015547844152503	-1.968581598978643	-0.3835201246534702	0.012494504476848658	-2.767070957724276e-14
-0.4095799332648588	-1.0010994038153496	1.3389692586849435	-0.7471387823684912	0.13558386517717222	-0.02802374790585551	-9.040192131312646e-14
-2.2644023225273875	-0.040470991347755704	0.16190149380864313	-2.1464063986816613	0.7810336698208967	0.028803160568311222	-3.814144175142365e-14
0.44528983474169725	-1.6312573012100486	-0.5119123502192784	1.86259194033771	-0.4011298863732411	-0.001893983274116415	-1.5874067202990338e-14
-0.8925118764140094	0.21711601014173318	1.466276287407325	0.9132551245338231	0.3508803131745947	-0.01797253417623286	1.183542396578922e-13
4.4435074319174745	2.776828811672391	-0.018316864041778763	0.21946561523551572	-1.0026268984145756	0.07572546749999681	-8.447441365712282e-14
0.2752106984916907	-2.268373244563572	1.3746992004143173	-0.44631483682374556	-0.21107227187825392	0.00830356441555931	-4.4860768453858145e-14
0.6424894495851498	2.1531377035078223	-1.2373253552388408	-0.060037303531783326	-0.016349783796104942	-0.02502973232089468	-9.328571278564918e-16
0.7598123907316433	-1.9512542861553985	1.1019306679983158	-1.351881552401164	-0.2979769596025609	0.02220186794476895	-3.4258194237064245e-15
-0.05238736203719128	-0.29163393266372617	1.1491995495195464	0.5885910922141978	0.04047004162081973	-0.028379241167116792	-6.350956335014025e-14
0.6773151983649932	-1.0642275120365097	-0.02404649360387112	-1.55825036224074	-0.23905387448566617	-0.005109887669119435	9.681480694957358e-14
0.14110567876915808	-1.0821541163000992	-1.5742745272527197	0.41531505528206536	-0.25766868570917617	-0.021177030361106353	-6.443828911802051e-15
-1.441975874403541	-0.28462446042528333	-0.9538851351814356	0.6443867367474295	0.32593037403189046	-0.011482451773578553	1.3377822275582168e-13
-1.0439555714766653	-0.10798831713502573	1.1336324719626594	-0.10380396668252137	0.38222971575415066	-0.019033503375512496	-4.4663939395075817e-14
0.9611912828975007	-1.0579696948644364	-1.4436258305244178	0.8306530317223785	-0.5045496988227343	0.004382385640849549	3.074795955258794e-14
2.1802311318815546	4.5055717990624	1.8587844747067324	0.24767529158961574	-0.04401438311160711	-0.025508286926015263	1.0638190310517673e-13
-0.7768632356536036	-0.36205489330513224	-2.1977781229653366	0.18266275396865359	0.06368946202921089	-0.026899930602374268	-1.685622899737902e-16
-0.8424272865223009	1.0341225402519436	0.05864288748665056	-0.6991607050927297	0.40768614166802286	-0.005209042263689096	-5.239112025167146e-14
0.28514433141042317	-0.6488980353850982	0.1883923644137556	0.8260562096196673	-0.164811906084236	-0.022276640312508422	-1.0607484872102748e-13
3.1050949058948825	0.0803265449849837	-0.2733661563549481	-1.0025251250675615	-0.8617364896214057	0.09552459207107308	8.000373831588433e-15
0.4745121761248973	3.5606280441118585	0.8609134697891767	-0.10400917231818622	0.31585173130113386	0.002234787562830457	1.1554015620080585e-13
-0.08468924690151831	-0.2842286903607859	-1.1887068523726276	-0.45530326524268194	-0.04639540875228045	-0.029529321855060665	6.657780581781373e-15
1.2011596339616983	-1.5976854595393213	-1.9842221771727304	-0.17142052506395347	-0.6226689766886068	0.031327789257316975	5.90024078845481e-14
-0.5603143742142194	-0.8332099580335198	-1.984354718360393	0.10845963312023382	-0.03592704237951139	-0.03022560825251793	-4.9257651357799195e-14
1.2347566679760906	0.8952102182610929	1.294608051718291	0.8149841763861684	-0.21179998086113466	-0.020668100099173838	-1.7663033961359307e-13
-1.5324620694957183	0.1655075069319865	0.13717351070673528	0.08730000243685673	0.4908418234288389	0.000862423687884535	-3.025322481588233e-14
4.863414151418861	7.043773977561877	1.4194851302923828	0.0724605236296449	-0.5818405153012808	-0.019901042143888634	-1.335963642805329e-14
-0.8006579136245449	-0.9237289637475935	-0.38378905708327943	-0.4386344786309242	0.1437862631791523	-0.0292521966500342	3.633317255070076e-14
2.289492058085544	1.3121130975501076	0.09877947423803254	0.37509866752267207	-0.5301027735542003	0.0028420249846893577	6.699805090683502e-15
1.222051235337378	-0.9782987118954073	-0.21087895429265324	0.20452036796889872	-0.47258184937508063	0.01517760285922284	-1.8490694377566493e-14
4.023196307028694	0.39243290213513343	0.015915403239760657	2.1838710885783237	-1.2068226086696452	0.1615614477742555	9.399463023200985e-14
-0.33936817006904035	-2.087432695142615	0.1995213152193321	0.9993289280538372	-0.14175884819745707	-0.017483380560707397	-9.499242064910623e-14
-0.001630761897014232	-0.8474893692264389	1.759624035158308	-0.6050207669674732	0.05119166682913604	-0.02423930565249757	-1.0816560973625742e-13
-0.20248736271092158	-0.8914323785661689	-0.14287648055594948	-2.038725991177602	0.05052528247129463	-0.027462454719928753	-1.8643674190763623e-14
-0.37387851158908086	0.22302584621980856	-0.31025626684966723	0.5315530626525883	0.10645809406844473	-0.02700227026189876	7.184624422065254e-14
-0.12362629364399035	-1.11937805724341	0.15591846770882511	-0.3077069937443484	-0.05040386680260381	-0.02460315699888568	-3.1669632708892493e-14
-0.44457865077917796	0.002680923737366927	1.8904447114823126	0.202616419545965	0.2487713209708844	-0.02710941133487958	-1.1747508666848478e-15
-0.3874818807357178	-1.1498215186277045	-0.7208483765282366	-0.46379020798438453	-0.022031051107471326	-0.02813924215819457	-9.549178541851402e-14
1.300811065455986	-1.1958097578469002	-1.6964866200411812	0.5741078788270337	-0.6227143373292618	0.02407144562562353	7.087957825946936e-14
-1.7446109244536208	-0.3725023758962885	-1.3165883688090732	0.8299115747211001	0.3774523747924038	-0.003159325064393102	1.3501628136608422e-14
1.1736567116334375	-0.9496812405801383	-0.5351983616077216	-0.6882489684240686	-0.4382464979934847	0.011828295017302254	8.526991777961077e-15
2.147308384987362	0.27214298520898395	0.3582760772926949	-2.0991619935444628	-0.48139695013065376	0.025169490874881996	6.282338167102803e-14
-0.1778413871453671	-0.02062224188693384	1.3449566707703313	0.40051070045783976	0.12635930564762546	-0.028748255826362954	1.5059665525551415e-13
-2.498239510646989	1.4385247048529417	-1.011984538592536	1.215356717243047	0.8094115722302321	0.10463158642154223	-4.457371670292873e-14
-1.0260765664057894	-0.19696018697348425	0.07043057693078342	1.6491833975911034	0.231522880603826	-0.02067664075766124	-3.7428935177610626e-16
1.053923302364349	-1.4890269068999107	1.5268609370964146	0.12536445499923354	-0.37003187232435625	0.02364133210400342	8.902661535783837e-15
-0.29440186763803194	-0.4810931622476464	0.3358512499228972	-1.3776167654698468	0.12352590143472657	-0.02919835264163006	1.191001817047402e-13
-1.4547803679108273	0.1318865290374968	0.3727530321368303	-0.16012365584492516	0.48811676688284616	-0.002823994574618345	-5.99238657924505e-14
0.6517666640619171	2.333586209864143	-0.6268863289489132	-1.3957913817907783	0.09199498277071758	-0.023340428511792206	1.345480138694505e-13
0.7197552086451356	-0.9690925362920573	-0.14254439648365272	2.1479016999469973	-0.4006236061037967	-0.005809673825545981	6.735105501023566e-14
2.4667446529483983	2.712163825777381	0.6560767316616495	-1.0781494838187033	-0.3398465864147097	-0.01737150970394416	-3.225489032288822e-14
-0.3447261763591005	-0.006253499545057752	0.4652543035444602	-0.9714058011117157	0.1810070952712102	-0.028282719678944503	-3.4939331746309446e-14
-0.47186812999545513	0.0778834733814512	-1.079966741450252	0.09553304418025876	0.09155039265106207	-0.027078113589339932	5.530484882424303e-14
-0.05896338731888019	0.8687923652811814	0.42868051281748853	-0.6148469469186963	0.17460426997505624	-0.02586687857948738	4.840325977141711e-14
-1.6975259369650781	-0.51850546314488	-1.3458623235838227	0.09385570356548736	0.3757177211356917	-0.007855230123736793	2.4028589991317444e-14
1.5834771892593351	-1.4335180590905126	-1.3782377848255087	0.774034439873021	-0.7188740492016422	0.04908373523268038	-1.2511194662107102e-13
-0.5602662196199696	-0.1645574299761694	-0.03321376467849601	1.462561441786257	0.09796564138962784	-0.027494100426127623	3.5175294130846058e-15
1.1460696301778632	-1.173816833471604	0.053523784747971516	1.5758864382207136	-0.5115335445302004	0.017306775364320685	-1.1041010676462321e-13
1.1560688314506689	-1.9110130179247204	-0.8137366927531166	-0.119366815079192	-0.5744043255067045	0.04083269161849484	-8.549167972945221e-14
0.8314516067209019	-1.1706608661916318	-0.23263348568667325	0.09615245886594917	-0.37584025457339015	0.0028974690739873	1.1263809761444946e-13
-0.5040660829136344	0.23551388448174865	0.9105984849935957	0.8958686725599606	0.20466891741019932	-0.02503892259219617	1.100576938646177e-13
-0.28011722265880457	-1.5734010621298595	-1.1162199094991594	-1.0568829838144835	-0.09856169333403007	-0.023502166993607156	-1.2132611694923662e-14
-0.6295994602610139	-1.0419704950552577	0.3594458002824019	1.5123064036007643	0.04474601527128085	-0.029361750819773283	-9.865288272490921e-14
-0.887251356039229	0.7784096951535322	-1.8734600725783686	0.45677289349789507	0.22978778223097357	-0.008729995467768812	9.445930094084664e-14
0.05172876230577872	-0.77803544154961	0.7090853414861202	0.16960937240646057	-0.05181734475481579	-0.02465526860942977	2.7710413561975482e-14
-0.0016935289807990812	3.0415384928453477	-0.07717943916325053	0.45116874963218623	0.3222795225179201	0.009101858142731402	2.4403945825417464e-13
1.5449663034081742	-0.4401672949259181	-0.3146501341835137	0.5859869585338361	-0.5317382169813093	0.015278687108337888	1.2915446152284884e-13
-0.6180717947124111	0.15014780268023886	1.76873700643684	-0.011224024015288393	0.317884934219214	-0.02397952230841394	-1.2569590144131475e-13
2.234111924050826	3.173602410954532	-0.2850153517867837	-1.6207050436997676	-0.2559615799550377	-0.026476286637351444	-1.6964129827320975e-13
-0.16235365563421003	-1.0354425284779947	0.5410459960174596	-1.260161781030281	0.03220815064038768	-0.0256501928790785	3.8558898376390224e-14
-0.3640516350336877	0.0036210582113077507	0.07831090215284982	0.09950788258102328	0.12067036299634235	-0.028226587129459458	-6.979414049726021e-14
1.1271341446289027	0.3461114621788654	-0.1334631928507092	1.6385000670788032	-0.3583524881382647	-0.016789807791566753	9.595417272233349e-14
-0.6234583838460347	0.12618123545507737	-0.19949916267173773	-1.1797146825671712	0.24696842846013312	-0.02445000995171386	9.465845253187534e-14
0.6263026698787302	-1.1971743247855653	0.031237797281370112	1.4391157646273567	-0.3580080114763501	-0.004188178937237769	3.265720825287703e-13
-2.1363717839942273	-0.09272877997128365	-0.44277740218715317	-0.08591492432924674	0.6159180935211551	0.020794211084398585	7.869025516176342e-14
-0.04305238216573744	-0.4898070987211567	-1.81994358548367	0.2803904941112308	-0.1489231932352829	-0.02894140420356945	-1.023713014322046e-13
1.585077875778712	-2.1381977639956453	1.5101039407083647	-0.1924847123593788	-0.5798932978289968	0.0820785591398976	1.4002778819620455e-14
-1.614657775107646	-0.18427589968335267	-1.9539620081563391	-0.08651463079764357	0.3587856417964011	-0.003699209906211432	8.318512098227707e-14
-1.5824501245987608	-0.9226194496404411	1.0116378545891163	-0.9367553770352323	0.4803705826411403	-0.018026268257935043	1.3466937363475553e-13
0.0663275949080674	-1.2465951087549305	-0.11300791861366011	-1.977307964640292	-0.06748989767400158	-0.01968780242683301	2.3774481176376796e-13
0.17385038448428272	-0.23035213132095406	-0.4151334843108954	-0.2826426957121038	-0.0776755231593604	-0.027657199638354894	1.1166380721011019e-13
1.5613711646735016	1.6916505071538486	0.8980060609096624	-0.3772451728648094	-0.19727238062942562	-0.023386988592674688	7.018415819742064e-14
0.18156637643067453	-0.9806191099391626	0.45700867268665785	-0.16922891916929486	-0.11294573242282763	-0.02025170023659091	-4.485601447233184e-14
0.5133372987797657	-0.7854046199761219	0.5613668131490288	-0.9940476987804502	-0.1493747902738573	-0.01489172015977054	2.4131310210147696e-14
1.1398399209863184	-0.9277950733117687	-0.2875680689285443	-0.03876303247896226	-0.4378887141671104	0.00991379754881726	1.4164644758227964e-13
0.41129411137866684	-0.4028299425533379	0.08545018552702617	-1.3881987397557842	-0.09079173907024414	-0.02261535556727676	-3.406147109483292e-14
1.0571462586285016	2.335600957921061	-0.17545968225845135	-0.04003057062736817	-0.05684464206419094	-0.027968430192979645	4.085397173787744e-14
0.1329738978580272	-1.4824417572614232	2.215311979315495	0.026097876476975406	-0.05495427904430468	-0.01289421538652449	-2.1805222718264897e-14
1.835241742360678	-1.6407452175762498	0.8861491499991347	0.8557992745628152	-0.6808615779395976	0.07780860946662331	-2.900487550858301e-14
-0.061299656841290684	0.16366574874770828	-0.9369033355625825	-0.7941855086472189	0.024183047704383117	-0.02948719076064101	5.947004609593639e-15
-1.535873573952225	-0.08681304022355887	-0.45168650449273706	-1.8434455423592768	0.508011007291496	-0.004565466559700552	-4.231254216328412e-14
1.1536864520320502	-0.8508057480294227	1.8959499949709466	0.25502741676818125	-0.314917665297823	0.010563735522022225	1.142477925385699e-13
-0.5922499027687315	-0.7341248994838161	0.19837631101742326	-0.07193724803219961	0.12243148760142551	-0.029324130546822338	-1.081766515059669e-13
-2.0564901663486412	2.3283390558556865	-0.7825058656792393	0.8952380351712295	0.802616956841303	0.1119230721128863	-7.11310869348435e-14
1.6712365127939166	0.6281635142179623	0.6494346019051861	0.7356300369457835	-0.4037537510616043	-0.004778613643788058	-4.9115004155738775e-14
-1.2622528005250706	-0.7665949810818535	0.7029186928215192	-1.5923353788078873	0.4104770560588084	-0.02273161299498925	-3.855163179206392e-14
0.6391667074266492	1.2634397868115033	0.6087659309568118	-0.6796122590812322	0.023879983192831283	-0.02876317359065671	1.307211384801619e-13
0.03063673253241183	-0.8064577124878789	1.9192899106418637	0.38291997129079824	0.01510525896873031	-0.02404089859562349	-2.333767582476223e-14
1.4122428464152401	1.810193505746128	-0.715280952881886	1.5332635524240015	-0.3156796756073815	-0.0271585506425443	-1.1147865203033821e-14
2.9010475753967953	3.0015940469121314	-0.8349063107923331	-0.8226497698949851	-0.5362236925269608	-0.011380856234115142	1.3755834586029923e-13
-0.13025410034610546	0.8434000652583475	-0.5135544598669782	-1.2696305001086376	0.1634761786115816	-0.025311904564904248	-7.295241992605506e-14
0.5308948093898921	-0.460333601488498	0.1461513011979667	-1.5531690149697386	-0.12170712178484377	-0.019443070234248513	-1.7518539129284389e-13
-0.6938684776580837	-0.5617929167815474	-0.4933145183995799	1.7516765023270342	0.05496558816499057	-0.028583584634641498	-8.648688366486854e-14
0.9447789596230434	-0.32351272982622087	0.432258009463109	-1.3888103308601913	-0.21813314963281824	-0.010348947742350954	-2.741443146092491e-15
1.8716258142773716	1.5074010779084617	-0.9706908001189095	-1.333195519337851	-0.38095239163871375	-0.015692207496791562	-1.2211437171773115e-13
-1.1662108886068319	0.44101361407795225	0.2792639665723362	1.8371535668992263	0.34825499655889675	-0.006364439417195661	-1.1777724818489266e-14
0.4608163931913724	-2.0280761737072805	-1.2077392997830825	-0.3912808140493453	-0.3969043669194243	0.007783849648242295	1.9565581604614116e-14
-0.6578509669891988	0.19454836487033156	-1.732531487913081	-0.679862095225111	0.15234753233656018	-0.023405092843034752	2.0981926700611555e-13
0.814577854790678	-0.7348076276900324	-0.5117445982514882	-0.7480237820972317	-0.30669322538099036	-0.007496590822611048	-9.97477681803484e-14
1.1636249421779163	0.9248699672212254	-1.7168272246078404	0.41200438101986997	-0.3516209001945911	-0.024127806711739235	-1.0094980681718314e-13
3.884542381162516	1.9028598920132638	-0.9258246714486974	0.5760350714881721	-1.0012131540295823	0.07156784644256735	-1.1624399700379966e-13
-0.49532349928035546	-0.2711473522490789	1.7867605376312752	0.2687281199105059	0.22512451212466109	-0.02801895483134347	-9.295084705697098e-14
-1.0425906820026112	-0.903270256006952	-0.0233986559204598	1.8301993265410064	0.1462350059707271	-0.027238187425038026	4.585560451414195e-14
-0.5942187401418554	-1.0185981580016956	-0.7692894846374558	0.5374572547462458	0.009210843110176222	-0.02974675904078951	5.952733808125531e-14
-0.3620317154098474	0.11310148952404865	-0.3318850906240013	-0.11279177806802007	0.1161278705748008	-0.027795718141804673	4.65786741960967e-15
1.3776009696502267	0.2447106171374943	0.22561678430213392	0.0626307285971369	-0.35637275256297585	-0.0074094523644591195	-1.2102793689010347e-13
-0.5000916646434905	3.4026490254648154	0.010410242275476655	-1.2725035467037578	0.5884641170559359	0.0461263974396537	-8.598238589260012e-14
-1.3657845225631746	0.392533424326208	-1.2406402217579964	-0.9671251926486357	0.4267999406802661	-0.00011658556587190143	-1.0223315783761704e-14
-1.6388350472850666	0.03628962481647513	1.7367972067717792	0.3877253089091751	0.5918541937451027	0.0017555829290029175	-7.470835487356987e-14
0.605899801085476	-1.4336284231612249	-0.41487044593454686	-1.0837221592727186	-0.3003161313771025	-2.1004903632866824e-05	-1.7793574466893098e-13
1.4495795285472861	-1.8907637451502397	-1.6199785703802052	0.16303907293227665	-0.7173177639754535	0.05780894670870137	1.2233622608789624e-13
-0.8862891134910639	-1.2936398597827554	-0.9313525705316328	0.7671464107789691	0.046718939300707606	-0.029921061422825235	-3.3228605682241084e-14
-0.25949764506266265	-0.059578777712167456	-0.17458544286124364	0.12410384644934555	0.0666454482105179	-0.029098926600397552	-2.4242822548885344e-15
5.174618043404124	8.415362940224979	-1.3102594182097378	-1.0053256003262188	-0.6452900977848972	-0.027240014736316497	-1.1432905309438827e-13
1.0852108369950888	-1.143280942179919	-0.18251678900732313	-1.4903461267089673	-0.378839918725298	0.013414409864085947	3.024526822560727e-14
-1.5529537145943395	-0.2357295492274985	-0.12626552205277475	-0.48732970435463546	0.4605076016888345	-0.007069880668049953	4.475822981298532e-14
0.23361249600700087	-0.26737207808064944	0.18081667335145452	0.7092300915128336	-0.10430148029072099	-0.02649909844649294	6.95910244116483e-14
0.8925050110762649	-1.0375304227914623	-1.4277130528099362	0.1059079650016297	-0.45161381693297753	0.001119600251479631	-9.033832907674083e-14
0.5922316060925572	-0.35067631712254044	-0.8356957083094045	0.454367008418924	-0.2692587063997927	-0.02020613172071888	-2.3088702506255537e-14
-0.6782806107745317	-1.6686292371020803	0.3291703949722985	-0.04827183669723797	0.05371101944048789	-0.02756773841782232	-1.214615646434232e-13
1.1351003126704027	-0.6468457534949503	0.7910670514904247	1.114636644646691	-0.3894409124454299	0.0035468620540047287	-3.207065018713942e-14
-3.2333993193264186	1.8857117191211676	-0.486173879511379	-0.4266126072518613	1.1831613852140166	0.19670402077373086	1.0785195595127401e-13
0.5745790743154593	-0.8397085288681801	-1.6667321541560634	-0.12280799373302602	-0.34245848131231027	-0.013955047564630504	6.005205340113616e-14
-1.1686922612735278	-0.30602131300410335	0.35806147041935626	-0.4192885780952189	0.3642222362120865	-0.018991330545094602	3.4164404540213177e-15
-2.695188855829735	0.3450981607026025	1.396191375635656	-0.22340972905793113	0.9490914618585351	0.06884525556490918	1.7258944672552927e-15
1.2410651756106041	0.698322486560123	-1.4973260694321653	-0.4003165775247964	-0.35217766084599694	-0.01986274207734798	1.1116583803597279e-14
1.9931401978123342	-0.13585953556977765	-0.1289747562762848	-0.2055035874557168	-0.5864761267321192	0.029262762737902223	4.2372728428958795e-14
-0.22354371712800258	-0.0732741734404049	0.03615938662205718	-2.35563241461459	0.16893575288067464	-0.029142758910524622	3.100033256364688e-14
0.8778485562091972	-1.007684739848796	-1.4896061814590638	-0.7697582264662277	-0.4119244524125706	-0.0001774975399747486	-5.5426077501269876e-14
1.4228829559690723	-1.6585214503407761	0.26407568609517085	-0.3087842758990645	-0.5529028471446584	0.049371543645554114	-1.125731461800827e-13
1.2548998178751458	-1.260780392470972	-1.4488421764964379	0.4685906413676012	-0.5970159171377837	0.023944990259394172	2.1740068983642632e-14
1.5739579395022947	-1.4527853392292458	1.162871676011242	0.5552011331016237	-0.5567135058801354	0.0522803503073297	-5.668366129885293e-14
0.2338394875718409	-1.5521511194731836	-0.7504039665915092	1.2328378878547877	-0.31927307789308357	-0.010952870804422503	-4.981679269925429e-14
-0.10979528398163524	-0.40774318337849774	1.0475080781795485	-1.2434187696364296	0.1140104120298037	-0.028355375575074483	-9.004287733916129e-15
-2.2730799104151727	0.3949381097515742	0.25458514684753786	-0.7309083349329404	0.7796650423919449	0.044096476671149874	-8.548723512406313e-15
-0.4202058543053263	-0.10921844520208893	0.7118125433462188	-0.7150231346699509	0.19644506337848183	-0.02814601771451514	-7.562175839510583e-14
-1.0778297895647724	0.3271927678763018	-0.6176152934435226	-1.6257331658551235	0.3977581973792492	-0.011334514102668156	-4.0011211532296064e-15
1.5198485206232184	-2.8014701897037737	1.2454459722741258	0.7107936056457244	-0.682871163453421	0.10790687956582083	1.682437493784571e-14
1.117503693139318	2.294231878269188	1.096055404172869	1.3262563947089883	-0.05916191856097818	-0.028059569251805545	5.96714045414593e-14
1.7580498967291316	2.5838147990721043	0.17564393796147837	-1.690012528005914	-0.14860897253210692	-0.02750379333926571	1.3194402839377912e-14
0.4377896153313592	-0.7096150536028715	0.26103162183858636	-2.067863724209274	-0.09301416198995406	-0.01812541815912298	9.38554929674121e-15
-0.015826224511585177	-0.21045306426682472	-0.8454202337404154	-0.8883228808149736	-0.02043109165745834	-0.029259462420090993	-2.9279887617025496e-14
1.7752828788632702	-1.2376738865288044	1.5393959593846882	-0.693693670648662	-0.5186729429781755	0.0576531432486067	5.147468949809295e-14
-1.0630211862770507	-0.20750651473962273	0.574521705701121	0.19747102640563166	0.33116030739163876	-0.01998239442533744	1.395379140778303e-13
0.030198195385614718	-0.4807170537151744	0.9454543990178467	0.7503824265657284	-0.02315990355629988	-0.02699921738012267	-1.5358322850290394e-13
-1.4109161046112522	-0.4774704324457183	0.46065698885782874	0.7384874287400304	0.37628107666385696	-0.015621124105623442	8.865479062050349e-14
-0.7548121844754536	2.1431570374988556	-0.8777937203474035	0.5869395814945687	0.39533402720669636	0.01906645739466096	1.2495126774697072e-13
-0.09836719830299305	1.3464237219665154	-0.9732149931430192	1.4786828941474905	0.06862491114816766	-0.020574931797383553	3.189224532052812e-14
0.0022050680858599608	0.03894470979189703	-0.1843181168467648	1.0814447106183898	-0.04004936043105257	-0.02933856652544178	-3.73438940134444e-14
-0.9072224834682353	-0.4646951918940416	0.04094253237742401	0.007575360943530095	0.23250739906919776	-0.025560366815886842	-1.0642869018994231e-13
-1.0396476979199112	-0.005151924738004548	-0.38014675412333376	0.23503149097457887	0.2876692273319886	-0.017794998180684383	-1.5813524742632658e-13
-0.9458294234550925	2.0811981952989353	0.1830722736875831	0.48851892545358794	0.5134309723338838	0.026517227841454907	-8.282899656139085e-14
-0.18443287321228954	-0.12030023520695346	1.3446561427312997	-1.0388071626794124	0.17657945241388742	-0.028812207550671095	6.282426528971e-16
-1.7630924992984645	0.9740495537568568	-0.08147929956404999	0.7344319423902175	0.6102760409665329	0.034845632456114335	-9.551214549537966e-15
0.8675154387782272	-0.512714986928593	0.19242726550740433	0.36914745354170203	-0.3022060207736197	-0.009518528998889724	-1.4558546500307135e-14
0.9815615493389475	1.3711498754463094	-0.36059137029487776	1.4092489084887685	-0.20955530086815521	-0.028439664906017077	-1.6767661542461493e-13
-1.6960732392752218	0.940021301556665	-0.8373185323211783	1.4669062643897655	0.5109948612210712	0.030302112002625465	2.506951151809737e-14
0.2145696869421325	1.1195732772184974	0.7435445534015448	-0.6352147293194775	0.14037758793553176	-0.0270739242856581	-5.600385331523419e-14
-0.8896347288854243	0.42557578093580456	0.5919089887891616	0.27720432994458905	0.34665818081940897	-0.014956679881989562	-1.56076592172923e-13
-0.2172550256070494	-1.2186835584530658	0.5439475026723122	-0.7708515113953966	0.008767336157635293	-0.024923335693124098	-6.460562317827981e-14
0.9542942458707805	-1.8263302197321594	-1.4399938766239657	0.1871759497137268	-0.5570366566255557	0.02578257949261247	-1.5424684617247523e-14
-2.751342499918871	0.32191003050514416	-1.0940297396200125	-1.3755726966064228	0.8618174313081897	0.07310931326278307	1.3316486489288977e-13
0.062188608263021056	-0.25509695640978364	-0.45744576175672363	0.7342564082344235	-0.09166942597518972	-0.028516966789276826	2.1724132421323234e-14
-0.3518554341479328	-0.24382402807927592	-0.46067806937760003	0.8781043368877299	0.025923592158073973	-0.029305412308269056	-5.161081496022006e-14
0.0956900727284578	-1.5937676474743623	-0.0625473729086071	2.3364699950105483	-0.28729441005312933	-0.013845694046920208	2.80530657099726e-13
0.21509489629871487	-0.2653113432856458	-1.2367152605834781	0.5432546805204503	-0.1767447609091045	-0.027455862046201387	4.101890806382589e-13
0.3417798067682183	2.461193482862384	-0.7295895429330007	0.1913833197480611	0.1270582945638209	-0.014982367435854854	1.856074147933254e-13
0.41161985370686327	1.4223327809164485	-1.660879143255467	0.18297489295732142	-0.06276514185524457	-0.02776145650004561	-8.787006839427629e-14
-1.085982180976678	0.20559262847637366	0.15940544306117307	-2.237933797286644	0.4584722377788522	-0.013241252673705522	-2.7873172561835896e-14
0.7163015633668591	-1.5454893122289413	0.22083567815690455	1.113187158831323	-0.3964902686739312	0.007764304170346233	6.013258216169055e-14
0.012696050790271883	-0.12123231457148122	-1.512253598889774	0.27094409171195416	-0.10676218928595581	-0.029637279738355272	-8.96453222848533e-15
1.8556733506947365	-1.6379759044883666	-0.4103826193052248	0.9599947264911141	-0.7685442039898273	0.07746583332067244	4.406618003837382e-14
-0.2772325147650191	-0.3494375329576143	0.6741137266036091	0.24022321326470256	0.08654385008390279	-0.029130884865923294	3.055437866888691e-14
-0.036928849232873366	1.700687215636383	-1.1630495071494287	0.9825866229011142	0.09814487663975874	-0.017086259525296923	-5.6626964398725893e-14
-2.374020782944437	0.014775590004143064	1.7445923981437965	0.06660177603236682	0.8240712758314882	0.036135795185896526	5.32084301685974e-14
-1.3594254150755296	2.4999793244715383	0.9659457391099446	-1.2501999186904424	0.8032504496631548	0.06607385866808203	-4.599403322328786e-14
-1.901841580363835	0.9356952911188849	-1.2051360280023404	0.10374967489063501	0.6064852346600267	0.04192659621429978	-9.22898865633039e-14
-0.054566085783719374	-0.8094626929968276	0.8401776382538961	1.084512603255073	-0.053585828684612924	-0.02584393995491164	-7.774635714882149e-14
0.5363043083786314	-0.4533259222979984	-0.2965605581490728	2.034249840720198	-0.29636504878822933	-0.019799676298877026	4.630515776306951e-14
-1.8500402002612282	1.0308122544821814	-0.5096160785082307	-1.1541956203138886	0.6947404785733465	0.04193690176284005	-1.2361692686532202e-13
0.9634830287419021	-0.7172916885990644	-1.3058845916830264	-0.9856735766545585	-0.3862520202381451	-0.0032663705290786288	-1.5103230735968968e-13
-0.5563571752229329	0.22953291188166336	-1.5664774179034828	-0.45413700257075834	0.12664370513366474	-0.024740779364047123	1.6278452618189405e-13
-0.39590844134942865	-1.120675873619656	-1.2371736658603192	0.1793490666625237	-0.07374278348480684	-0.028621900778020615	1.063145469869793e-13
1.0572086693024316	-2.2438904853284916	1.5781955787371087	0.7574461796827693	-0.4731333724090528	0.04970292783314392	7.122510553187005e-14
0.5524773697090725	-1.38433259204546	-0.030457563669261636	0.32568698448142147	-0.3142846664788432	-0.0028684045294186354	-4.9357808991823476e-14
-0.3169082394857184	0.0814739533987696	-1.1044868625292377	0.4604031261684084	0.029487359677866438	-0.02854052367785913	1.5708776726804632e-13
-1.0168371405147427	0.5986741217625606	1.378637406532943	0.5008402161759453	0.44162349604038964	-0.008207789819382404	-1.1362838329456201e-13
-2.7747986156505355	1.0822043459600106	-0.03488596868055164	-0.24403063066768055	0.9715103924689421	0.10903265385669633	4.0650584111733026e-14
-0.07383539277470677	1.70454716500182	0.4474933333156213	-1.3366961438444622	0.3012267441478517	-0.01603603873050154	3.315884278042772e-14
-0.4683495511895031	-0.29626521923755145	0.10039440414380962	2.0128944353184504	0.041778843642519416	-0.028779151644148283	9.200991348461284e-14
-1.1231324068368485	0.6802967874387451	1.5219564180114518	0.1707587733547598	0.5045587472784522	-0.0029711689640385505	2.5417796109137278e-14
-0.6625900009394231	-0.8014835663904709	1.2541282960651088	0.4200077049579214	0.17900689311454931	-0.028920764479758995	9.569026656225144e-14
-0.08125884008888386	-0.40855000820175424	-0.9214053785988751	0.9561588940475665	-0.10277597045205608	-0.02910121868388324	-2.5361880303771397e-15
0.8286224798900291	1.9397438562691012	1.2011906301796784	0.21849495489461043	0.039752374422882354	-0.02771200409850507	1.0085945833149957e-14
-0.805051750155952	0.2650766359435076	-0.9316502810541651	-0.6479594649991243	0.250570834887921	-0.019477710861259497	-6.384726583188094e-14
-0.1685504984085822	-0.7387151266054235	1.2988030942060422	-0.9145380850931029	0.09720070403508736	-0.027288517907156584	-7.084963270717464e-14
0.4183710624443513	-0.47054123068373915	0.29173277028512046	2.046225864729373	-0.2287747823523025	-0.021681754384504957	1.89753008512779e-14
-1.363237269861285	0.518513994341242	-0.1804936995326071	-0.8546689724639177	0.498806170557015	0.0025960062583022443	1.3596217876048747e-14
1.172142789833143	-1.5907678042679703	0.47011811063783887	0.9811630467288446	-0.5136291177374568	0.032117305983670935	1.4830063280220714e-13
1.986146010625305	3.5553373167132447	1.1617395289651433	-1.169730215804594	-0.07326877061351371	-0.028012103619114992	-2.2818055502729545e-14
-0.27984897100308503	-0.6047365121951831	-1.5217014442676329	-0.7292759288078814	-0.03205612327859589	-0.02975213700028271	-1.2264672880389265e-13
0.7246315111061443	-0.5871029006285677	1.823202257585528	-0.50108421963474	-0.13477970725647095	-0.011284894433621913	-1.0745736611559807e-13
-0.040118313218162116	-0.7099894471687908	0.2235250917099813	-1.8075410560240819	0.03464375249242996	-0.02664356545000035	-4.556096185303476e-14
1.5454083081218937	0.13762058858381002	-0.20161957668394526	0.8494528142075768	-0.4747540904791008	0.0005564517887685821	6.452498866722703e-14
-0.032763762907425546	-0.8439457446204437	-0.21872356323843703	-1.7736462023159159	-0.009829639227058075	-0.02580079782838989	5.700417476050485e-14
-0.7584704664392792	0.3140958114102031	2.2943938394736083	-0.10662510151923502	0.41300818144994916	-0.019561151952990477	2.361486639789634e-13
1.295874284319321	1.175521535236099	-1.0765798194897553	0.06081297336659567	-0.310851941194531	-0.023973926341544993	7.803752237165175e-14
-1.1250686374763907	1.0466456264514574	-0.8470226443480662	-0.5140969884937691	0.4319483543311876	0.0059555431839399845	-8.415789293587112e-14
-0.046560805840100694	-0.42739494767558794	-0.8263989207768077	-0.9753841043874096	-0.03006735269846876	-0.028739509596111993	-1.135994920466673e-13
0.06522888954680198	0.15079715256919854	0.5682058596912113	1.5857274384417324	-0.02220745270638919	-0.029033030216123846	7.957643795499226e-16
-0.7736635879092558	-0.8333997393183703	-0.7099835202386808	1.7000611887888646	0.03825199226854748	-0.02922343375670022	-6.362667314255228e-14
-0.17760519551230503	-0.025924636879613255	-0.11478741473587299	1.2674801814096	0.0026765245585999077	-0.02926897171822706	-1.4263876846744742e-13
-1.1591814569561132	3.0193589629911295	-0.5970253536186225	0.5401567433505369	0.633983317560061	0.07467790923998933	-5.998882557495066e-14
-1.2625363499618947	-0.7537231399125701	-0.22410587579077396	0.07947910450123917	0.2878211883274834	-0.022711974372350726	3.166361422507896e-14
2.2844311064502403	3.5014695160217464	-1.7043851210310856	-0.19795050374371612	-0.37891110183271126	-0.028326444634737942	8.045995243726643e-14
1.2952794639479905	1.7340752784277293	1.1126596707736085	-0.788921500795419	-0.08450688950104977	-0.0269093988366126	1.4227359964304008e-14
-1.345948512120074	0.38038133325486223	-0.12928516696421755	-1.1149222663476965	0.49210712664164585	-0.0012767636347080936	1.0493346326052782e-13
0.7953135610562758	-1.8784308500164368	0.15752763205442544	2.1592211888115087	-0.5014279015205872	0.02068888769497091	1.9836883640978497e-14
-1.4175881384721112	-0.14692679192500058	1.053873518407831	0.3730974201557112	0.465136433036184	-0.009745192980565002	1.8492738385921028e-13
1.6327635038228219	0.2548211427238605	0.23403677936842057	-0.6234612229960883	-0.4012537562683437	0.0017073668802815877	-7.452362886034877e-14
0.286299275318873	-0.6502919766643782	0.3285856444427058	-1.9878232108328548	-0.04137326779934454	-0.022084409345103747	6.00042048981764e-14
1.5129068232942904	4.148203120895561	-0.5343054476556282	1.8878362049084465	-0.0951558708651631	-0.018601467852865407	-4.481093252641044e-14
1.8883897402117569	-1.3053425238440628	-1.4573210306674291	-0.3586020454295443	-0.7520121970406236	0.06431881553691485	6.929196051316995e-14
2.395854467082686	7.112741572408022	0.3506161885131362	-1.8400265799107898	0.1734760340753624	0.011252701183464666	2.7890828603067045e-14
0.398516418213729	-1.6856290751100138	0.42444807081467567	-1.784351409586363	-0.18735791175847868	-0.001515192769705577	-6.08873148432499e-14
0.6544972104900011	-1.451475161556005	0.7299305932494063	-0.4211968881006357	-0.27496923189608125	0.0033314847385174664	9.839121397026345e-14
-0.9660699085318397	0.09818413508988602	1.332131827329044	0.061907114106401664	0.3866925489112026	-0.017947765345510795	-1.0554367659218159e-14
1.3511995262790168	-1.286287688934912	-1.403829091405868	0.5037780306892241	-0.6264478325909273	0.03001330611597389	-1.4656365950226558e-14
-0.6509582384491283	-0.5221248201621856	-0.9667134482228785	-1.0611832720174668	0.13367386831390501	-0.02881556480611292	-9.849008656873803e-14
0.29999648844696136	-0.3033675018009065	-0.7336575281549761	0.5493624640375769	-0.17597459383179354	-0.02586512016448067	-5.068875626000962e-14
1.0428272400319798	1.0256679268144249	-0.1673632456278493	1.3627939090847165	-0.2513888481405856	-0.02592923833228016	-1.1365303064572377e-13
-0.30026068567903	-0.2092332553685775	0.1108696084829202	-1.4499672710375384	0.14420668079214688	-0.029170689896404377	-9.425858366750096e-14
1.4110707119028485	0.23547753786893735	-1.5315933628561953	0.1669967522206432	-0.4767808409931082	-0.007525618971781717	6.51432191179223e-14
0.44536433048318874	-1.2860089011081057	1.0285763879908425	1.1575606472535291	-0.2431517647515395	-0.007796563195756453	1.9150814233743522e-13
-2.069843523872675	1.1809651221954514	2.121216749410724	0.07086218850479405	0.8850241847284814	0.060135265414036264	6.574202451550222e-15
1.238483221625122	-1.2226169439281946	0.44931196657655303	1.9419044252248592	-0.534874395019856	0.02383375312987734	-3.256282128689597e-14
-2.0023100357193555	1.0509422422562305	1.8716467706292979	-0.3873854206748691	0.8539403642490996	0.05092586244268135	-1.9337740538483193e-14
1.8652814274688607	0.4978938265661621	0.5514119744537274	-2.0099218283108775	-0.36744572266447767	0.005676579653506789	-1.9074095396526818e-14
1.3626495699795242	-0.5995008164441967	-0.49443937229722396	-0.8777713677309795	-0.446111671605954	0.011046839857347024	-4.409532896973287e-14
-1.4319931150423624	0.38032901692924065	-1.2446202034049554	0.41873675787473597	0.3881629249694923	0.0021894696708906897	-4.2597928580405494e-14
0.4467168282245344	1.7371799845952218	-0.8855436508480468	-0.015474426529342162	0.015703681160605897	-0.025782642297238464	1.556782729978572e-13
-1.694943744868208	0.02421166791650463	0.8635686863237213	1.3210496939983893	0.5167537821463065	0.0038208841690962956	-2.718940408149919e-14
-0.3139779564763317	-0.024254206156111503	0.21756501037387063	1.1690227584444746	0.06722209504844454	-0.028629720657443517	4.4306445032087446e-14
0.6783204792109985	1.8764301230658378	0.0051043456544128596	1.0680686046739873	-0.02906010424197223	-0.027212023570393686	6.778691734560191e-14
0.2688908317302487	-1.5571528540083848	0.45835556663897703	-1.9429267732846722	-0.12722677131453491	-0.008698111825602987	-1.3350140065423374e-13
1.3509142773946718	-1.0544240053505312	0.17620108376634344	1.820245114480509	-0.5612544317234984	0.024225343530951488	6.352708321383286e-14
1.3187000482211615	-1.2864496559915586	1.4305805022051503	0.2065095340409806	-0.4348173431719759	0.03132372670010449	-1.8689157400503892e-13
1.2719922773417078	3.4917783241504767	-2.033663997853554	0.3643421766181366	-0.12249596056243474	-0.02201073823710356	-1.2626794557497106e-13
-0.6853495687546162	-0.6414579108311732	1.1248079183732156	0.6767664800928392	0.18483385197519928	-0.02847764270318728	-1.8430205423439486e-13
-1.988400604310013	1.101887316182795	0.43273495459901706	-1.5557519153968793	0.817316755089984	0.05258669068649773	-6.680616139593883e-14
-1.4633211198707297	-0.4402910684834277	-1.5663591207868968	-0.5084631341562927	0.32584327214307524	-0.013610461263814044	-3.58692134679313e-14
1.2673295048042064	-0.3611659895022717	-0.3574506557838705	1.1216052778399535	-0.46692530590824427	0.0010554071535541114	-6.796602784564377e-15
2.4817750504390386	0.12129493703253354	0.8335812737053834	-0.03736673728534272	-0.6505035115612547	0.05029053234115861	-7.848968449861109e-14
-1.4945050975154632	0.6809694231582324	-0.4816354315078401	-1.5054412290998131	0.5648791074465653	0.012382187803662185	8.602437186764546e-14
-0.8515940119776408	0.056505613794711564	0.019080083279215256	-0.9042738709420037	0.3090454462023601	-0.021096434420930725	8.632557999723155e-14
-0.236782525947107	-0.3695203250414268	0.7362792957187267	1.6449970436338193	0.018453070676062198	-0.029074975873973216	-5.85665515470505e-14
-0.09491210110975888	-0.9322551923108464	-0.17636042415016304	1.0306410827627588	-0.11360678782129491	-0.02598663831749406	-2.1638857232195938e-14
-1.5946725540639028	-0.5802857556368418	1.6567232806499494	-0.5339787848081561	0.5437026391174941	-0.012281151463578627	8.391584163694373e-14
1.2092295337893237	0.9067476116288422	0.40987019080343867	-1.7660619906194408	-0.15011190014889672	-0.021787613572576425	1.1815632629685635e-13
-0.5950198479074111	0.15064171498300727	-1.1259361890042507	-0.9374320935730567	0.17575199402949085	-0.02481621105011792	7.78167413189797e-14
-0.24671633908211893	-0.42267924579244454	0.3364057984054861	-1.4024309656727099	0.11679444334749572	-0.029158140772131833	4.084302902866073e-14
0.403294611211407	-0.7766912227327646	-0.6921054713840065	-0.5220156514894831	-0.2106519911754072	-0.018698727609510645	-1.0899957153616306e-13
-0.17760815042170366	-0.38633961722693133	-0.8174129917097642	-0.48037936685059246	-0.006691342388730527	-0.029506061103910176	-3.14874485242029e-14
-1.1093737206978813	-0.8212968461215571	-1.611741928170441	0.080915954928756	0.15170665301534542	-0.026100740560407953	-4.571818093318608e-14
-0.15197942683117774	-0.02830873873998696	0.0012952149404767248	0.3534026909078489	0.03930988451866813	-0.029267629418221638	-1.3676050954790433e-13
0.4067747416610592	0.8481534939259538	-0.30256153895186055	-0.5310739871335733	-0.01301742921545303	-0.02920041863307098	1.3374601257482656e-13
-0.4516119685717668	0.13258375137819292	-0.4297632876379471	1.9469279289347279	0.05442899671533227	-0.026793110594630184	-1.2691287042703776e-14
-0.45785945927612703	-0.1745945513043289	-0.8998462624391587	-0.6487058663694231	0.10124910580056234	-0.028620671506937385	1.0755264613651926e-13
1.5133474954995785	-1.4644206311797947	0.6869509792816194	-0.8086428410135051	-0.5129159003415026	0.04834261448330439	-7.975722847707097e-14
0.6811095146257871	-0.3461833179687476	-0.6820075541210694	-1.6594841592275487	-0.1988891178012646	-0.018057512418914384	-9.459184533924048e-14
-0.36618948634746795	0.10000986429754197	0.29210601837356726	-0.3810887699775132	0.1643262908165224	-0.0276692503107939	5.808172279790796e-14
0.4092497340827782	-1.1263919932730435	-0.009424609110104027	-2.1121316292459045	-0.14354686524550828	-0.012559739514202204	8.930699119149147e-14
-1.3074754436439515	-1.3894197316053574	-0.07767556955983397	2.354917676343573	0.14715343436537578	-0.027628475995530907	6.928715946807658e-14
1.2905966196797463	-0.8047338687815322	0.8959878917838292	0.5452480824629278	-0.42184243721031806	0.014635196802899	3.478932380015984e-14
0.20783393161253716	-0.6295882622582298	0.7163137906029847	-0.7405439621355684	-0.04403552857769144	-0.023511215831650886	-8.750912490089536e-14
-0.2876650425953979	-0.2796906081899801	-0.8842163077180427	-1.1280501853419251	0.06001020477895531	-0.029638284502849936	-3.278057133246026e-14
-0.05749418137909867	-1.2923950590280804	-0.19931252262398422	0.6429396913563991	-0.14874822782675526	-0.021862734275306082	-3.8987144906232834e-14
-2.395019178249771	0.08945073805113622	-0.3533989981318896	1.545984578981876	0.652473528566324	0.04074469791550117	5.6840379453009347e-14
-1.470644357539067	0.4451602737186283	0.1879792940697342	-1.6963557607548443	0.5795054861027159	0.005085595365192185	-5.824355569313558e-14
-2.0290367206029383	-0.31498592021256294	0.040436396909339326	0.2555600508444416	0.5738975862218233	0.009415877983461158	-2.029666641634494e-14
-0.4914312570259174	-1.2065759479899372	1.703367344253047	-0.15410854505644095	0.13506757791966476	-0.027598179559592085	3.048258947983556e-14
1.639959187898602	-1.5684290722588863	0.9311111197843251	0.4137807712891222	-0.5960120456771433	0.060935993039017027	3.0485330699650985e-15
2.2906448441358966	-1.6499373964884483	1.2556335893057924	0.27503669311164486	-0.7670741994272149	0.11538405184339022	-1.3082772254854439e-14
-0.3723841580285118	-2.2554601288931035	1.6870621735301237	0.18257868995185364	-0.027326391138063417	-0.014696333458149137	-1.7626810649327545e-13
0.5058348420413408	-0.4446716098552456	1.4768690017452981	0.6707481128958257	-0.12421591199057891	-0.019383518756356816	-1.0108237167079117e-13
-2.5557733652295376	0.45373627266308375	-0.554269400893758	0.040926631313226575	0.791576223442454	0.06478758757232246	-8.020914820549372e-14
-0.6445957004275268	0.275495221550615	0.18716537804473618	0.13381877667907813	0.23880841268959732	-0.02249702308673527	-8.207960981199114e-15
-0.8933661957001111	0.5323881871052375	1.4326295089940357	-0.020205350507016846	0.42205470810859436	-0.013089637725100517	-2.901845744779391e-14
-1.4835859405890062	-0.9277547160641303	0.12896532472214178	0.8007557754085122	0.32614949498781215	-0.02038191060483481	1.1308550709368096e-13
-0.6940969366164433	-0.7678370981757654	0.9037950456670967	1.4898342886972884	0.1270846759912566	-0.028885794318059824	2.86727991852825e-14
-0.755571029994938	-0.14700936926944017	-2.18830407339365	-0.21537467722389117	0.09773669780606198	-0.025329995111356716	-3.96558094140595e-15
-2.5095544662031464	1.0559832215189566	0.6121161766329511	-1.3407241344328278	0.9717679126241714	0.08656665380224787	7.76871510952391e-14
0.43655667457526587	-1.2424798088903284	-1.5131597676446382	0.4357793748436832	-0.35867205538999675	-0.01088568112053972	-6.71837681734356e-14
-1.4081359940590754	0.39461582351250357	-0.23611593412618967	-0.9379475303144249	0.4986534989416366	0.0014342853136203844	2.2610116851520034e-14
0.22123744955085264	-0.31198042456239783	-0.8624760254410103	-0.4882456811937663	-0.1188076335526879	-0.02686334234660306	1.1108222417019405e-13
2.717424855194439	-0.5846711669398135	0.3640509767034728	0.6937415794279446	-0.8503617166205928	0.09689121127389788	3.2107090475990095e-14
0.38580545394364185	2.985661243648878	-0.5490382166617264	-1.4724547582520275	0.2507231448984581	-0.0068897492462706225	-5.3367284053992834e-14
-3.1703249423386612	1.4859532921449434	-0.6035110675456679	1.6863511207863082	1.0245309712965036	0.1665302267990417	-1.0360494584807744e-13
-0.3591599120732319	0.09544206613951944	0.6965085269918753	0.24155527564401438	0.1604028719349682	-0.02765333227600807	-1.2894516247925387e-13
1.2598643686992426	-0.6946807425235918	0.13707787835065258	-1.3079258318676827	-0.37067097402276056	0.009570702111395964	-1.182109613936788e-13
2.003829150483694	-1.5069751561993328	0.31148660798939276	-1.451605999259088	-0.6553668722099794	0.08388375538534129	4.134757236864182e-14
-1.4301611676332262	0.771783220764201	-0.5547270867764102	1.1298298127860484	0.4430697570925381	0.011989887363193537	-2.2280128001753275e-15
0.45431491063124857	-0.5159188711137036	1.6504239814461503	-0.3414768725122571	-0.06474455976990867	-0.019457607747638352	7.167453049078141e-14
-0.4175632825869853	0.477135106457142	1.2865701772543032	0.5421597931888801	0.24235847183043752	-0.024073404866919366	5.585772273529038e-14
-0.5603297503687191	-0.6828836066522762	1.797280226504197	-0.06777364439223764	0.21414532494853272	-0.02875655578978324	4.4359025464497626e-14
4.6582288403939955	1.358008753768184	1.2202055673747267	1.106350986972861	-1.1730692749489782	0.1698180015655309	-7.909801418243713e-14
-1.8090707408844693	0.8999036263043679	0.2469090009703	0.11373289023217235	0.6609923521888527	0.03479806943109391	3.9965876530290365e-14
-0.8095335412142781	-2.014511144844804	2.028812966792174	-0.018051465484161526	0.15577449699923981	-0.02592542340030077	1.1105221177671853e-13
0.07274598604772888	-1.0806245073945	1.7605586995218405	-0.22899375021028895	-0.011091049432720816	-0.020469971700254667	3.8407969350255924e-14
1.1452815928490663	-0.8359343873358507	0.869233222503116	1.0689090695370467	-0.4058725352404098	0.008794974031343177	6.318164655911892e-14
-0.09409472052753004	-0.4999787342063103	-1.7232289456870518	-0.6658314361729255	-0.09030633221552885	-0.029200352967800332	1.3719189029863375e-14
0.15345522638315098	-0.5638743428299026	0.8699388325324869	1.3928921394736018	-0.09934693827525883	-0.02492872940049841	-2.6578503594573852e-14
-1.0125575128912792	-0.7484609424134301	-0.3587932924823825	0.208956844562897	0.2006562469425469	-0.026544602818144875	7.157985501772909e-15
2.411052359600678	3.306670533020441	0.24051997028110603	1.213751597933522	-0.3786852645557692	-0.025078153418577987	-6.234110903450787e-14
-0.9630578160434751	-0.8156636572439065	-1.4849987796842552	-0.35503738655303735	0.13433050180059014	-0.027830091944954193	6.827157189029594e-14
0.20247913156821126	-1.2711129973932107	0.6797134889244328	-1.1532609512659977	-0.09640783810397764	-0.01548157949937159	4.5462473736055004e-14
0.35440668519574575	1.4586618345010016	-1.613407318638704	0.4700403671538552	-0.050758159876307274	-0.026912184485505364	-1.4405577053102593e-13
0.8912508161767806	0.48168670977144146	-0.02167132152567182	-0.9699142249816302	-0.16070407284552052	-0.02333321884420715	1.0750195771601286e-14
0.6757111640792504	1.1164699163236522	-1.6987497318247695	-0.1511805775364779	-0.1627831749387525	-0.029615900805346665	-1.849626655462336e-13
1.0224655477798057	-1.1507774040139171	0.395760398418909	1.1034442430514835	-0.433157335709302	0.011178699736040961	3.4965504758711023e-15
-1.0073555944828203	-1.6616123084979164	-2.2797223326506235	-0.14246509680162048	-0.0007440791789505064	-0.030512714974145788	6.605368947258273e-14
-2.6019672823580313	0.2864386105133212	-1.0974344738594703	0.12398974584688728	0.7508764003648807	0.061422865645388805	-3.447916521547531e-14
1.4127618601293164	-0.8349367902499713	-0.04932772572039619	-1.4897869624339848	-0.4337484270325928	0.02062393604092139	-1.5033125298763174e-13
-1.2885752722850903	0.1778277870822006	1.1446280185574822	-0.7117292129837889	0.5122966226943753	-0.007631856619322625	-2.4080320222579417e-14
-0.7536957040548004	0.3523775996775754	-1.3010051115879824	0.07192920173925318	0.19315890122206503	-0.019470675254977456	5.07669848747663e-14
0.0832993947732693	1.6171810266798146	-0.6691804543404357	-0.5153456413326195	0.14421437285685407	-0.020894528688212583	7.230697031900763e-14
4.87484848365894	4.697463854947969	0.020593963890339514	-0.028815629729802356	-0.9140990664623811	0.030492848957610317	-6.930867098905993e-14
-2.497896054934548	1.5284771701077995	1.2195228371679288	-0.5067639762781156	1.023618366732898	0.1073848515273361	1.2635208223401374e-13
5.398741858410061	1.4450636228598828	-0.08733720299522577	-1.6584643205173417	-1.3405165400614767	0.24353355731757126	5.3605293520577964e-14
1.2914790873395305	-0.5501372458002521	-0.6907717759278679	-0.8629442733184436	-0.43250809642699733	0.0064208761527243625	6.440477608144155e-14
-0.2551594710473945	-1.0545264185578713	-0.16845911351897744	-1.0494466182232438	0.006345453755396309	-0.027052150423060896	5.853129074383248e-14
-0.26119120528904444	-0.3082994085867044	2.0088794399740695	0.31238873962160263	0.16325142138632787	-0.028623970118144354	-3.608746652984648e-14
0.5837736364352056	0.16454915416980098	-1.4451515704418008	0.920968675306287	-0.2671632983005497	-0.026090576758011	-2.443012477128234e-14
0.39906237432659136	-0.7060772337036648	0.023135826781216746	0.4612993316896005	-0.1993556305875597	-0.019302249603059537	-1.9413331984513028e-14
0.5247097815165573	-0.7947341215030336	0.43098404732407597	-1.6498906257837564	-0.13459595514044068	-0.014508534929027938	-6.150053898825168e-14
0.4700870818046818	-0.6595594220968104	0.6079279288542894	-0.6288938837725493	-0.13543206188321105	-0.017857806188488784	2.933046575736036e-14
-0.2931033765241715	-0.7939445493242306	-0.9063427405548953	-1.1633456337473072	0.006105298758068368	-0.029040650377799192	5.457998096328493e-14
-0.6298439037293802	-0.6246610860185712	-1.0455375926713486	-1.2231235000758482	0.11819755047091511	-0.029344176162664524	8.397189792870328e-15
-0.5899975677341837	-0.6653819297587263	-0.4578213405642586	0.28867855368380047	0.07510729810191022	-0.029437989296611424	2.0013243141204618e-13
-0.2467700303027539	0.029225577185114485	-0.18917235390939335	-0.3083117983280977	0.08939358425910798	-0.028906846225656656	-1.6423318031557087e-13
1.0574028419899333	-1.12681996383314	-0.4303690775238493	-1.3024919873162486	-0.3915688443276694	0.011425338446287882	-2.320344032543744e-14
0.42814534500891727	-0.8332416859879487	0.27619852651651733	0.6413296255406287	-0.2137199392344282	-0.016638028762237803	-1.168029952370804e-13
-1.4799644053399328	5.565330091818479	1.6347333617416262	0.7136652527682019	1.1473532651583385	0.24333107178508534	-1.2268011084099255e-14
1.4596474235589367	0.7518073072295404	0.7018821835298622	-1.168423428417367	-0.24727804488631797	-0.013619247967494965	-2.8862155443753633e-14
0.1874256770084436	-0.2503033047189088	-0.546022487152972	1.1326866165390796	-0.14977989908671557	-0.027500890536930514	-6.329039250667865e-14
0.07337936179735015	0.13696948301317538	1.000655344012842	1.245960054182979	0.013741697065946442	-0.02883272760200271	7.697309106033756e-14
-0.6040000672454126	-0.0523369485822826	0.5572606948998462	1.0373594610472097	0.17600444500260093	-0.026116213657845517	9.95061453113186e-14
-0.353284770872125	-3.451082533640833	0.40836326180663346	-0.55998194453997	-0.2061201458012812	0.01054631761251434	-2.1118278930767803e-14
1.7875761876079173	0.561734104939621	0.005372621139631487	1.1580355081415343	-0.5007862443502457	0.00040588310969083416	2.2343114076901257e-15
0.951402152603261	3.5445665018533923	-0.5302377699815354	-1.2768552143282346	0.13628939996333536	-0.013752507472928468	1.5552294994295353e-14
0.36304559420488763	-0.45731813333544225	0.9977065945935579	-0.9077706140044696	-0.04749489312882991	-0.02237341821285249	6.854066531414433e-14
-1.1286129064514405	0.5801763554478601	-0.7637502649241474	-0.33995662008720173	0.3792893818537391	-0.004707984554706876	-7.489207638210098e-14
-1.4903455424341805	1.097192202140521	0.1696906562246303	-1.8247040100143257	0.661951796547205	0.024074345855600154	-5.18415587129587e-14
-0.7147183416620482	0.3989131159708256	1.0406566235755066	-1.3840098572753428	0.3866278967484669	-0.019511694434113318	-4.5975749948057654e-14
1.1480609364140653	-0.33933933561551816	-1.8206081734859183	0.02105484052274331	-0.47227371681198654	-0.005125756130231681	9.570085843050977e-14
0.8431716657201632	-1.0388966681019045	-0.14519121864420323	1.1144892532772284	-0.4018585860528093	0.0003015714303061813	-9.534930935541098e-14
0.6748291691503797	-0.19944341159710463	1.053437493001781	-1.2268991619437546	-0.09508921856054495	-0.01905233673139321	3.284666786857513e-13
0.5552988286206075	-0.9248823721169303	1.2550551927383962	-1.0613230313219901	-0.13221499360454791	-0.010811613907740223	-1.8338432242903607e-14
0.3560144843641941	-0.8058458010631488	-1.8253490810941202	0.08965578015215328	-0.2929169630086951	-0.020171066141746855	-8.386815396233914e-14
-0.5744563409908569	0.6031634126950485	-2.0881209988786567	0.2907633153633166	0.11109628251631305	-0.02013839959293432	-6.73147181605636e-14
0.45689392273326124	-0.3996420200095179	-0.6191283593008694	1.011573181107598	-0.24461364137753583	-0.022281254523447862	-4.950854950805198e-14
1.7000362118371337	0.833042585589504	2.4586532057843336	-0.04758116669599078	-0.24977276786575198	-0.006423203300938626	-1.6170899313127496e-13
0.4987394494499767	-1.1582069097443315	-1.7326749519555682	-0.23696507398238284	-0.3534501573425594	-0.010641501730495932	8.155809984520739e-14
0.6999234347583598	-1.8622641090807497	-0.4604889089369146	-0.5597372402423697	-0.39736890135709485	0.014997924449063733	-7.654685777886056e-14
0.5064282094298923	-0.95444208074978	1.7903571058476253	0.040710493772096415	-0.13420017029825154	-0.011385165535187997	-8.325154162614752e-14
2.078731838731354	2.4897485956387	-2.169675566954609	0.07708380945859095	-0.46636773120248604	-0.024323683932971404	9.388100561028139e-14
0.5786600894392883	-1.7400324248372008	1.204682792902921	0.6482074020634682	-0.2988332560624093	0.007716779675269998	1.1183087032483918e-13
-0.11358823223762807	-0.1884205442204776	-0.49053850493887563	0.5920098119186569	-0.02865583916565632	-0.02947309847672934	2.4426821383696076e-14
-1.189058320421977	0.27082518329457933	0.6568124350688084	-1.1032055180323341	0.4796483730790307	-0.008997970012380351	2.1077834888148843e-13
-0.35269442976730325	-0.24855675421489296	-0.9959636740952176	0.050777166894073626	0.027559284752255955	-0.02947765991358044	5.833079603555958e-14
0.9779083883459411	3.5260012709314736	-0.007845632680501664	-0.9741207050727723	0.1451859255125706	-0.014747226621918139	-6.19177704643456e-14
-1.266772876707824	-0.42338353050468686	-0.05568916470750142	-0.8977886718665389	0.37546979426146077	-0.018401198054642368	3.296702986183317e-14
0.34468113619697793	0.8984762857640168	0.2405066207435163	1.611231268810675	-0.04459199602046275	-0.028867210866349084	6.785696261736836e-14
-0.946012019264865	0.4094007002446432	-0.6481864079257698	1.6866758280495113	0.22960311088511653	-0.013705990916404003	-1.0325983119875962e-13
-0.5965825088858135	-0.25744639268774544	0.17423417366566046	0.6351124293094589	0.14503009415368479	-0.027637117961584037	1.4253307848796746e-14
-1.9967976569718178	1.6627348533638395	0.1239961729578082	1.2694885296325318	0.7483235371665791	0.07601823853932979	5.745903861404274e-14
0.980436022653921	1.0514205224946012	0.2219335061300299	-1.3751911533325636	-0.09448504643279491	-0.02658498016815983	7.267760785994508e-14
2.1669551375694645	3.5998781279105523	1.081884097147706	-0.4768139856960392	-0.15517732904207962	-0.02790673583641219	4.511103159052466e-15
-1.843922789601532	-1.0202917387786195	-0.24160421205038024	0.018459433805999695	0.433440206988683	-0.012750685041199094	-1.1037417039690127e-13
2.5377906617189447	2.5566060501599344	1.011511923787523	0.3932434642964928	-0.416425066700454	-0.012970642785919584	-5.3730144623965135e-14
0.9568038315846562	-0.8083919212298136	-0.15041583010875473	-0.7512008852433074	-0.33432358424338376	-0.0005075295232001242	5.2447987502699185e-14
0.0008877095879870764	4.24236658609597	1.1363877895908292	-0.4477778284486518	0.5646620351178825	0.04585833980596048	6.3568943370996786e-15
-0.9092087527397784	0.422481106459988	0.7078392794900668	1.126178165316165	0.324249645883145	-0.014481303481884334	-5.1624069078939106e-14
-0.7530571016001875	0.668896991858457	-0.8142013573320791	0.3056786086669081	0.24725742231422326	-0.014702901184721466	2.032649730530057e-13
-1.5521736197540275	-0.23441583468033414	-1.6622142040644443	-0.48611565129952655	0.36841999413193954	-0.006967606599486654	-5.5580179563897743e-14
0.6986379965150273	-0.9680378085929441	0.16869696153388533	-0.07246988240426072	-0.28451158467965265	-0.006233300724005524	5.078550773380895e-14
-0.6157597063483188	-0.5991319454923221	-0.500179398193835	-0.2602606213087508	0.1099324675034642	-0.02917545664286937	1.9785699146743055e-14
-0.3264166354795407	0.0848580551579427	0.26296344975048525	0.5628952157201235	0.1103752705273912	-0.028082075456662546	-5.942483917845632e-15
1.3401211508108335	7.564653955161816	0.04941113345494951	2.0909721492068973	0.36312413909070607	0.09091493247635236	-1.342665636352044e-13
0.6183985980176703	-0.6116852172323414	0.54622453213495	-0.5899812601947513	-0.17914512009468492	-0.014834668650888281	-2.7002821335022917e-15
0.7249007530166113	4.4068888496694045	-0.7996803606357287	0.6000030476689312	0.20615051581564434	0.013456423634018635	-2.8110012966680595e-14
-0.3453217225502607	-0.7964530211932407	-0.38043019676053763	1.1102636570212032	-0.040572296111779815	-0.02913149229054897	-1.5195017020820178e-13
0.05894933685174956	-0.6867610822534487	-1.1509705421470573	-0.7789150751289305	-0.11665251395389697	-0.026322657375294364	3.39687671211128e-14
1.2402555160951525	-1.39066375852088	-1.2116059400306245	0.02333779180325635	-0.573920170696375	0.027545213471798852	-5.694877031306846e-14
0.5971972482362625	4.425053482410312	1.2068529998958792	0.8162079387887513	0.3577506389279347	0.019480232326299064	-1.0609228882165106e-14
-3.790541925541605	1.887867366896851	-0.037782596986041916	0.7783818501570773	1.3315455958479976	0.25789040824745724	4.415251395392917e-14
0.7366167545039871	0.6846450581654154	-1.2667258684129878	-1.0959195954300829	-0.16274269714416467	-0.02768709501919922	-4.101597713992943e-15
2.297050454247872	-0.6594096846837708	-0.5291401054727485	-0.8641598643332604	-0.7263928249855006	0.0673300233376787	1.9542728064251647e-14
0.9922254939513849	-1.4910523319278925	-0.2495080946818865	1.1436772452531208	-0.5006240663442156	0.018689365305857318	1.4617698494789342e-13
2.112217866699899	2.9471261890920513	-0.17446526519627686	1.4534054828738872	-0.36398841819584277	-0.02639206806315642	-1.7772660167982525e-14
-0.07311478401596352	1.1346291440827412	1.764522944950224	-0.09798670449977875	0.2666102867652715	-0.023089058971121793	-1.3693325071924562e-13
0.7281350870008169	-0.8802417434042998	-0.6239876760929111	-0.3748421726004025	-0.31891217096734736	-0.007623058922772629	-1.1892112950138215e-13
-1.1464056412990107	0.5876302152511785	0.7838856125204824	1.2816486763166892	0.41151225821502563	-0.004049964061556528	-1.474206732503269e-13
0.1366722393703267	-1.0570416203043052	-1.01035747248534	1.245435590884681	-0.2539596123840239	-0.021239059382943338	-1.684499861719483e-13
0.14304804016889744	-1.0859517260263027	0.4898357149513	0.47301166313663845	-0.1373051196006382	-0.019741640510508637	-1.0028820090440925e-13
1.599403777692924	-0.020477169870861123	0.42719001170801907	0.07162222438188282	-0.43763971461874923	0.007205163709028921	-8.312258639479303e-15
2.1984660905740374	-3.0709880860006757	-0.6555409497866322	-1.1214694211449714	-0.944154833536947	0.18451066986519546	3.2660372300149476e-14
1.1640643850984003	0.9358819563373538	1.6666626637216493	0.610070541970713	-0.15593333205914559	-0.022222263247244734	-9.413327315518051e-14
-1.0535201374569354	-0.5401144628651469	-1.7280941092463908	-0.14199836244736855	0.16798522418947506	-0.024317520096105404	4.854452663537126e-14
0.05508839760711259	0.07718339692628348	-1.1954553255584435	-0.013361791234236203	-0.06718345704903922	-0.029661857299689634	-1.3816166118616147e-13
-0.6404653652734932	3.6210706122391993	1.4891449164472554	0.02027722061239337	0.6907201510189687	0.06271405954370733	1.0191018076145647e-13
-1.0530811106058793	0.017741202989748017	1.379480634622445	-0.7939709473717516	0.44179228241223273	-0.017037818543613387	2.130588439962653e-13
-0.5015310762058879	0.15852648739543618	-0.10537325965440258	1.715299584907363	0.10102877457605576	-0.025912910947237626	2.919837795234526e-13
-0.6665133761185005	0.18643653922748343	0.020104541085042178	0.04220085043754311	0.2293514165957433	-0.023098237501544	-4.524843185870844e-14
-0.1451557638947211	-0.7093314163555322	-0.9975399814423029	0.3815743717658268	-0.0973394473413245	-0.028369267071251703	3.630411242900318e-14
-1.4273748679587734	-0.3069635120413938	-0.11920907272249288	2.118658364201647	0.30855772506713763	-0.01232355983329699	-9.104746846588878e-14
2.3167781952601136	0.9927929487050465	-1.474286331546683	-0.7608935675260646	-0.6195556425583509	0.010674056188750027	-1.1300308987696295e-14
-0.41660826005735613	-0.756153988824249	-0.0327934331746521	1.7377524936854907	-0.02007763299845121	-0.02935841961951264	-4.942661322864902e-14
-0.04164240633547322	-0.10197728747072765	-0.1108750794084987	-1.1864245638655582	0.05517685678406326	-0.02923440051730622	-9.39149843047161e-14
-0.7937982659077866	-0.5204218777302678	0.910584051736533	0.775384147786411	0.21329540568409566	-0.027133174132595295	5.636845479115502e-14
-0.38077587435974447	-1.1276147261309835	-1.7474220907910218	-0.03054346794163175	-0.100913023883184	-0.02870033707550266	-2.473348474983553e-14
0.8014854886335407	-0.8114412421654087	-0.9923784343098162	1.367931905708049	-0.4267009874349054	-0.006867627901844473	1.081086504074836e-13
-0.2567616211660988	1.8161222441656775	1.6883133288726693	0.20089048864858483	0.37929319763943287	-0.009008284073353528	4.7176226806995585e-15
-1.3471679936160144	-0.6231456773611433	-0.8989058434331815	0.7293109368667685	0.26025121028357034	-0.019400853419930312	1.738950162296628e-14
-0.678798835203771	-0.3913058349126611	0.8492618416751537	0.34565859968652896	0.20717989409773996	-0.027473817615842576	-1.4991005371595756e-13
-1.6204766755875994	0.7865572964652826	0.2765918062738395	1.1605872851392638	0.5503956064140981	0.02123764888634374	1.9018316373404908e-13
-1.5367663886046778	-0.47824964566653944	0.747360603683594	0.38343698030054113	0.4455183459352618	-0.012165013311760203	1.1888155114498021e-13
0.42856135934997186	1.9078940191126648	0.5673510162747576	1.4825179066665881	0.06524935846363247	-0.023758889794519518	1.5305874645107765e-14
0.9000205904655114	-0.770294385110426	-1.1153519104335305	0.8486799982773873	-0.43721152962737925	-0.004341746776008172	-1.0437222038345293e-13
2.561096955831533	3.5400867896741954	-1.4152702013767442	-0.17257871415443451	-0.44009920010883746	-0.025746596512461233	2.078473514100948e-14
0.20670992882942613	-0.24197632908882025	-1.845059128569503	-0.37012337773844717	-0.17071066236458848	-0.02797696995352604	-5.711368203190515e-15
0.510244374412269	-1.3566196360721485	-0.7507510287922807	-0.471407695802482	-0.3094428178532282	-0.00555824915915498	1.4617685205194832e-13
-0.7264526981857048	-0.9287121392669494	-0.4645209689941843	-1.268379792962786	0.1504863950414039	-0.029540326078900146	-2.8223220946128726e-14
2.172730007023743	2.5871123909163005	-0.39470433673336086	0.679943149917875	-0.40196379460614623	-0.022656688459406958	-1.4464359852039813e-13
-0.1632757332090235	-0.10671828505875447	-1.968561299891642	0.4019681701450709	-0.08584314285613684	-0.030028233902559754	-1.3539604063677768e-14
-0.19126504559002216	-1.0731916963534576	-1.0450444106788734	-1.1938050672011082	-0.06110015957680795	-0.026606022835877555	-3.880384607636711e-14
-0.17307731730150802	1.1501958804658199	-0.8526738630719265	-1.4085155188749772	0.19514587488018093	-0.02146409249447108	7.368668494216592e-14
-2.929316472751906	1.682421952646829	1.856713099640158	-0.27682622715579475	1.2010294120433909	0.152580952151089	3.2461318808970494e-14
0.7193962180267262	1.506805709810935	0.4633122173380192	-0.012088499014969525	-0.00961136140257234	-0.02866377487260086	1.1793630552523296e-13
1.1378237524300419	-1.6936227196579126	-0.3533338960477054	-0.31086141367976666	-0.5108077607885092	0.03276718214376061	-1.851066278933481e-14
1.049476035408734	-0.5974983894181312	1.1763156738962048	0.7645712578949674	-0.32171770210149175	-0.00062681588061666	3.005469624363243e-14
0.7914104663241524	-1.1478680749891212	0.08276252640563031	-2.1268571593734324	-0.2515465655952339	0.0011120953533197647	-2.3511502385284273e-14
1.2436649103561912	-1.0121144097230725	2.029197838540508	0.3522330325656344	-0.3541793910867995	0.01945020568510898	-7.048362911954241e-14
-0.4329605317485452	-1.0115525611583602	-0.15827945238504007	0.7097902121029757	-0.008161248806969189	-0.02884808334260548	-7.60216519365105e-14
2.3484443797533903	3.3502735299274304	-1.3597627108665058	-0.17928073159902871	-0.39423053567374605	-0.026913080122508416	-5.063376344648754e-14
-0.8703258608128374	0.08518870652301182	-0.18105291177073846	1.019821686683496	0.22679268897351745	-0.020372323303997655	2.7257318164874017e-14
-0.39162808740090416	0.11745779958641843	0.6399430997226538	0.6319123970523741	0.153022528592903	-0.02726150165509586	-7.914712770230766e-14
0.48996179240870735	-0.7794442377087549	0.47229011380026914	-0.7891060071805511	-0.15563282567432432	-0.015677745613961503	-4.59860697012631e-14
1.123934228240343	-1.158788083766523	0.9295230678236901	0.8531202048023004	-0.4212930527789335	0.01670431727537828	-6.703176686413547e-14
-0.48457671293613175	-0.5508594758309873	-1.9176719741380752	0.18565632094516513	-0.026918960983574113	-0.030001998322694314	-1.164939781235144e-13
-0.5397067743900872	0.2067143310852822	0.020426751949238812	-1.0936340587813052	0.24048893924169684	-0.024934527765840472	1.0614720102297362e-14
-0.47151605769185156	-0.8495574138303995	-0.207392738710337	-1.7540491729792307	0.11895110468308562	-0.02939615904908418	-5.803499621319216e-14
0.578130892512558	-0.6319423916605906	-1.1859555152813683	-0.22133554020638463	-0.28845403471285536	-0.016829055948315026	7.521760351535855e-14
-1.6835044214919515	0.9384502924575613	-0.2660202430152575	-1.029769586916259	0.6437139551375014	0.0293424068286563	-9.308605267256881e-14
-3.0570355494981705	1.0341139177593237	0.7243781250701983	1.2419090355805134	1.0363038616986286	0.12998818827632316	-1.404238043819706e-13
-0.6551039908270169	0.27531325674783746	-0.05135621641045539	-1.9896847034577902	0.3148115041632375	-0.02233017954360795	1.207351142384224e-15
-0.3870363739564058	2.5256704941894417	0.6663280566206214	-1.0213732877724346	0.48572868713636136	0.012233540507186686	1.4810394437780095e-13
-0.8125887639378324	-0.09794292662347057	0.1272816076100653	0.017129349569976984	0.24918887424067365	-0.023553095077376546	3.860952192935209e-15
-0.2784394996049279	-0.11082231880571228	1.4372976818252017	0.5076420304465958	0.14750673552841584	-0.02862813242975267	3.74970266467826e-14
-0.6090502361044744	0.1434089920563533	2.141790068764766	0.28956710741008185	0.3244587176303859	-0.02411292657418308	-5.290450300871441e-14
2.0929740121243414	-0.1422538328129586	0.6728198847565832	0.5928716975934109	-0.6008476645073936	0.03594034419638486	-1.6222780375590634e-13
0.1153363595577401	-0.6793539398042245	0.6816961015068759	1.599913296757324	-0.12031005231465787	-0.024607111579634737	6.880288040668565e-14
2.19046703078228	2.883328682689122	1.3770927007110698	0.05184178490352933	-0.24340448709658866	-0.02409236667694157	6.294224903529285e-14
0.44689619338272185	-0.8708253482750866	0.44238853068873885	1.8031242931111089	-0.2609758697314426	-0.015491735015364513	-5.915623751279517e-14
0.5707485143467832	3.898986997452311	0.21461615441366377	0.7695595284783012	0.24988142791282536	0.006661242614896105	-3.910402535138107e-14
0.5656949829690094	-1.7106204051073663	-0.05210821672724575	-1.9496972955736993	-0.26063038998673893	0.005347951576749276	4.6151460107726315e-14
-0.35233759646601504	-0.44311580684785323	0.3287744925677852	-0.7963001932999904	0.12049102403839859	-0.029269197136800776	2.6757634558246584e-14
1.9214208355846267	1.47653008986662	0.16892530058108204	0.5588957313403438	-0.4082284092630602	-0.013063796953398323	1.3990950048312595e-13
-1.4720650324812818	0.2648046181866204	-1.1082917864241568	0.33630808673947965	0.3989441892441759	0.0010092134570161239	3.7000257252815775e-14
-1.7962293535343707	1.0349042622523308	-0.9573461871652371	-0.1919940384842358	0.6126793171264423	0.03912575087630045	-5.46056659725002e-14
0.871757179316913	-0.6602629923912685	-0.3113081136272969	0.6908161705064669	-0.3625583665881545	-0.006934413072033585	-3.2941774217454903e-15
-0.13286868173232566	-1.2306505506863066	0.24630671731681283	1.8445771225442629	-0.14257859731232314	-0.023685051214286185	-5.178819792694669e-14
-1.4466110312959788	-0.13278739342794502	-0.5403598230476255	-1.7303433260840508	0.4662821028127657	-0.008502539861342943	-2.996407867984274e-14
-1.1038977445486073	0.36450488076763116	-0.0008199394411374089	1.271635009301406	0.3276377647334656	-0.009857957822989483	-3.979713813367968e-15
1.0751837356335403	-1.0587729150930043	0.4715782102982289	0.6311529058912113	-0.4148661820811742	0.011193472747635264	-2.045918370244822e-14
-1.7188132208232203	0.2080844127308174	0.7825597200467933	1.434157494580443	0.5347823248573158	0.009477581346109735	-6.824961538347355e-14
1.8671827802177294	-0.941830637634595	2.312840577879489	-0.15298000533503225	-0.49016161972797545	0.05308373759059461	-5.1537324644408435e-14
-0.9478357989789644	0.7162842276690102	0.3317760024851948	0.9142428253884191	0.3543011874459299	-0.008093026811438602	-1.256385366249036e-13
0.6863204543465762	-0.5397258909297817	-0.9647314096275034	1.0503716159721266	-0.3493022213694399	-0.015279195923099275	-1.028938709352725e-13
-0.7494829221073152	-0.5016441569294441	-1.742859543831157	0.2677994859347107	0.06409424267674868	-0.028092370177169035	2.027222552496893e-14
0.48298374607683686	-0.7626450048103527	0.36675008303216117	-0.13001752111219828	-0.18517581755352783	-0.016210048146134064	-1.3208286352808944e-13
-0.8003465289355568	0.03274239745641586	0.8699395308942914	0.41120301372764356	0.2881288482514886	-0.022263027233180892	-7.15303872244974e-14
-0.24274590373924862	-0.027883092777867737	0.7488811788804182	1.1641417194371064	0.07774089244202831	-0.028797806730530222	1.3038518118976062e-13
-0.15001292943402408	-0.4001749095990635	0.5334031744394178	0.8691336697227209	0.00917988466574877	-0.028834823806728378	-2.036836584539371e-14
-1.7137390362133176	-0.34435919548656946	-1.8854150149687474	0.34716477959408487	0.3570820294746522	-0.0036093530718872917	-3.6976581245066154e-14
0.6276080646622957	-0.8643508202580279	0.3171360252891567	0.18267265866618881	-0.25425028251388615	-0.010445057767440489	-9.447877864571983e-14
-1.045674837312128	-0.4867688763719668	-0.40859690002919363	-0.42330709167664105	0.26204852332114786	-0.023700286742923345	1.131993947498519e-13
-0.4123615575051659	-0.20193590798972352	-2.053339237304323	-0.36258095025787374	0.003942607876244184	-0.02936764608412597	-4.366100453938869e-15
-1.5582428845564915	-0.10146802795917614	-1.7459780374936513	0.23606879984858473	0.35024154846036665	-0.00395174998433362	-1.4166356716894429e-14
-3.1973253949816214	1.5049486497067066	-1.970189488381029	0.0007104119786535095	1.0224274639086979	0.1714359928416069	8.556943618154462e-14
-0.4091784234420995	-0.25483171650259956	-0.17540450223561962	1.8094581400783984	0.02056898011730383	-0.029023877563457704	6.230667098425599e-14
2.0962687680690366	-2.4301879578572647	-0.21093824510879874	-0.9083050352714862	-0.8311674184724436	0.1373237174469834	3.104904657605843e-14
0.517263759137524	-1.1919737225034115	-1.2387725379255192	0.1869531508243219	-0.35026830298752787	-0.009032007716850641	9.184462430401408e-14
0.7251171759522382	1.219964538640399	0.5046389560907601	1.7186660321498264	-0.1109606725480696	-0.028774342841281626	1.4289811915119366e-14
-0.6826330479948728	-0.5465948692912601	-1.1119428991729994	0.4935890941909708	0.06788068458248879	-0.028754080563871572	-2.65126949983305e-14
-0.03923674743354414	-0.17627489027689922	-0.02117459302194892	-2.3355675750196467	0.09898184333436669	-0.029056984084247096	1.7264740879592833e-14
0.24294305489231174	-1.0231222850857256	0.39407116652710994	-1.4139086765866646	-0.0881985645756062	-0.01831230431724343	-9.93871131020184e-14
-0.6698205209748209	1.89319562358053	-1.61230166611482	-0.2806138980091375	0.33372308162828507	0.008402263472339903	8.271144152141491e-14
2.5751283449235407	1.4459528393911723	-1.3052235415105953	-0.6047184869826091	-0.6432577042657204	0.0103964022374409	1.2850366243933289e-13
0.2796395295895005	-1.428270385759123	-1.7075370147138476	-0.3534150558340615	-0.3117408915756055	-0.012468872234404784	1.180814058145619e-13
0.5054211019052066	-1.0147601719612813	0.23752148872448242	0.22837050955443808	-0.2411234704639801	-0.011536556264548536	-3.306098972626249e-14
1.2811898956871361	0.9386611747856641	-1.903007144280446	0.37591616455482235	-0.3944083345178223	-0.022247793648942065	7.06492458853332e-14
0.7583446206851338	1.1700306607366893	0.11990858040351537	-0.7800489296386475	-0.04665241527558787	-0.028730551601458057	-1.0717790439594701e-13
1.4787942322534668	0.7457699904730626	0.9759674521947379	0.8039749559278789	-0.3180877422674244	-0.012836744476236896	5.338340199660414e-14
0.4634711889300204	-0.7555102781671921	0.8456014703866669	-1.1775372753035138	-0.10697731522458949	-0.016450969694188335	-9.104339025527066e-14
1.4778303702003712	3.339927521841549	0.18708324476946464	1.8149667635297717	-0.12685231261109492	-0.026101474432502898	5.676757312041011e-14
-0.41088776606565297	0.7616325806855073	0.7464975627096525	-0.7506049717639304	0.2922035838138393	-0.021252891861742566	1.3150608633824863e-14
0.05395109994796541	-0.21279884850805836	0.5008550826440311	-0.9737359340006877	0.04286715347890982	-0.028268380660207662	3.4974850978623907e-13
1.1693308310649813	-1.945081477934405	-0.26932686630101454	1.4928214666545783	-0.6153622520245441	0.04342163447115695	1.0962163903779745e-13
-1.7476595246369397	0.25033136847898435	-1.3229351728221772	-0.7913940282805458	0.5134759093286889	0.012311232362579621	-1.239781001590016e-14
0.15506761592792306	4.051358307270805	-1.826767539440949	-0.21466067979479728	0.3099913407569998	0.03156188291379264	3.3881669180142953e-13
-0.1959169265602892	-0.8099900068096624	-0.23760524818000867	0.9609842145137707	-0.07146583770497995	-0.02795265238267473	-1.2296692878591483e-13
1.9390988381047116	3.0535074781996636	-0.5773555283073613	0.5105174807792062	-0.2868309341271795	-0.02837510998352871	9.068094210278039e-15
-0.007537221718080672	-0.4918130884249939	0.8510926657163518	0.5656984114425799	-0.011294288240248663	-0.027350804138988116	-5.28982554339985e-14
-0.054470153375494455	-0.7517626420866876	0.79161164278671	1.2287539196451696	-0.05623720666084704	-0.02629051325117508	-6.828071818676515e-14
0.9212728565046445	2.0851836668957286	0.8731864538895696	-1.386889644971454	0.07434279178274165	-0.027793167500508146	8.014010962610825e-14
1.5484528428990099	-1.1745511006779135	-0.6350736352958497	1.111405258688332	-0.6508465214785539	0.038354394792748624	-1.291979209565e-13
-2.0431425973113897	0.7969620099159048	1.1256806442463687	-1.1332799441775836	0.8238529487378717	0.044412440682728205	-3.9763803587067764e-14
-1.1191491887891378	0.23882103220279574	0.4554444042941289	1.8471640307248496	0.3220524952870776	-0.011699290368876751	2.6504322188174507e-14
-0.6344633039375542	-0.8213971397840714	1.473280536594789	0.14656462540686027	0.19287243238353277	-0.0289165366515343	2.729667864639618e-13
-1.9349060963829214	1.0795819745906445	0.5261541707266721	1.424582885086626	0.6819101300948831	0.04844198344854071	-4.408954774322835e-14
-0.2511478351027234	-0.05598141311683936	-1.4778965225413723	0.25523404876462435	-0.018892651457963622	-0.02953981781695165	-3.1996699031877715e-14
2.5194220944887826	0.09213393645475274	1.6349543672192444	-0.24762103004211067	-0.6077586099538272	0.05482177527689549	-3.867073795632541e-14
-0.37686749635301287	-0.7625918188794943	-1.0350627553728033	-0.12066369399682535	-0.01627350762766526	-0.029605819937401183	3.9754670074328405e-14
-0.6125557357088104	-1.6754844004489111	-0.2963454593314112	-1.1112891121592043	0.039749536633825064	-0.027112430111979467	-1.515118116615899e-13
-1.556414808218652	0.6812190882369639	1.187779954774227	0.9444249217738486	0.5828439792497676	0.014879838780199512	-2.4545210920396328e-14
-0.3925609045312165	0.862011076188321	-1.232014715124161	-1.1206773362345495	0.1944508259978445	-0.020595805120082397	-7.596542363179489e-14
-0.3010823922497089	0.43269524567901707	1.1030690432510366	1.1499821600142606	0.16694036505929077	-0.02605234997043832	-1.2696825571869844e-13
-0.09896287186340205	0.5948347973957903	-0.25814454207725773	-1.4395723489389656	0.14935884633437413	-0.027431493541760003	-8.856345552717193e-15
1.5226811404980491	-0.7049518588553931	-0.20124325283374433	1.7562140836323885	-0.5944254389167766	0.02201227571692773	-7.034058887089706e-14
0.41147196940680736	-0.777911145508591	-0.08761595695150769	-0.9812787483109675	-0.15809755497819397	-0.018062762818615807	1.6040159655194146e-14
-1.310628216693431	0.6807753727690947	0.5952604794782254	-1.3240309633987741	0.5666849318935392	0.004281955379568509	-5.590537365739854e-14
0.2778582862675853	-0.25589802656792676	-1.7631841486331885	0.362458364182503	-0.21836186904435845	-0.027062474387951903	-7.311128613798547e-14
-0.15151821495495432	-1.5876717616272242	-0.6743763602158134	1.072943388559742	-0.1988675341262174	-0.020534291099865237	-6.431016038241816e-14
2.163397551935567	0.7266134045375642	0.2483160966091629	-0.9433768166499297	-0.4921837353269663	0.01252656991946206	-1.317163118782718e-13
1.525408629378142	-1.4106374995661777	0.2892808640102085	0.5043376064954693	-0.588543048706134	0.04656149416727475	3.4450919495564377e-14
-1.480945751969307	0.09155278605279427	-1.4387711968441927	-0.9494694595091889	0.4154641263525935	-0.0025738026769958904	-4.859218105930028e-14
-0.2129752141637227	1.6606436110812075	-1.9615669801463287	-0.1951986103904678	0.14684481089491758	-0.013049962726139666	-1.357545622012417e-13
-1.6338881296461258	0.49866498096958783	-0.9875121089752923	-0.9908225198392966	0.5351166974959403	0.013865424456745202	-1.260455310893445e-13
-0.41082513289398315	-0.16615968903231193	-1.1284507027619737	0.7033258633980047	0.01901477771183987	-0.028980009574292524	-1.05911452098047e-13
0.4776659970713834	-0.4218700293451762	0.7249977734470548	0.8129450664624169	-0.1643939506878504	-0.02075629892358314	1.6383838256272065e-13
1.3034291411745313	-0.31151484853064343	1.6426649640993332	0.28332361215540736	-0.3178693294083895	0.0031344752758845737	8.610330549434228e-14
-0.06655225769260291	0.00235032723760932	-1.2076632996388827	-0.05130571670905709	-0.03846674662804171	-0.02974470509459269	-1.5628058567369502e-14
-0.39045449733778936	0.11844181074653724	0.12768183013428788	0.22368582055337102	0.1388589060631064	-0.02738955007046891	1.2510599395388393e-13
0.13845874894347016	-0.1683786913048403	1.8891260290255232	-0.5514842357796536	0.08855361889844451	-0.027171873853545084	5.561029234603693e-14
-1.5478910262782752	-0.4713224418881828	-0.07367689414092349	-0.9659548775457288	0.4558456652354057	-0.011709792379310462	-6.806632844346752e-14
2.9712317268613986	-0.18564106902019023	0.737921062334155	-1.1099519891820209	-0.7856403215036514	0.09890378528890317	-1.1320003724341577e-14
-2.2054135309547145	0.5128299188529717	-0.21777547903355512	0.2869719920749937	0.7023758879527089	0.04449682797352285	3.0418506145004014e-13
-0.37796311976185676	-1.1628159533437898	-0.19796802434817587	-1.5611758969494578	0.050143481037386625	-0.02769857259596186	-1.4484151328823636e-13
3.265974970048948	0.39954541018263784	-2.1774368741781744	-0.10639838758218025	-1.026047826160929	0.09052663409301744	-6.642424882377743e-14
-0.17237634868261764	-0.3997449988779647	-1.766535406627069	0.052373074814623985	-0.08842256948119626	-0.029865675372461216	2.5800910012489247e-14
-0.3854526675078767	-0.2225840160267207	-0.4375457140776972	1.0286953685913023	0.03338938441072446	-0.029109881643076204	-1.2979802928093148e-14
-0.7490717911354661	-0.4147882006692827	-1.276830611954209	-0.814208181693229	0.14576622918880663	-0.02741599767494507	-6.900415743443132e-14
-0.2760387970397055	-0.049324815913126846	0.1222326572594237	-1.6151037259477392	0.16184290027722348	-0.028892446161670353	2.7956901545494272e-14
2.2398852019110653	0.2673534664667766	-0.6957987902840994	-0.0684521395422264	-0.6554169909109205	0.029080218119243904	-1.458271156627432e-14
-2.7789893421552443	1.2316562050237558	-0.712341980412071	-1.3865174692158146	0.996069365081314	0.11725460476222531	5.364083649883271e-14
2.39701884714614	0.15664920523481804	-0.13332233042282451	-1.3152522861139846	-0.6277521208401525	0.04263020748625862	1.898136914027826e-14
-1.6818430437572371	0.9160408907746983	1.152110714443075	0.8173237381607555	0.6497524474863432	0.02811032312938568	9.824500458773104e-14
-0.545690989582807	-0.3147129752297369	-1.5133227693872378	-0.8418793169454086	0.08325444636863677	-0.02878763473130623	-1.4193413298629214e-14
-0.6801121911235111	-0.07307710324065493	0.5504155846160574	0.18781431898155113	0.23083219969701246	-0.0252852101502323	-1.2481882199413551e-14
0.008947608668226609	-1.5432988893667872	-0.6481857159659903	0.08413145810444701	-0.19908538913666565	-0.017325387148544782	-2.324370495819049e-14
-2.037457391918508	0.7568810267002478	-0.6851592740301861	1.4575379817051997	0.6029555110490997	0.04342540233383197	-1.290126333071725e-13
-0.21019067923858295	-1.5470107779728195	1.4606351066614982	-0.9938127843887224	0.03554471154362637	-0.02084826858700374	1.4716424992297303e-13
1.980722173402127	-1.7429597915173278	-1.509578229455281	0.18343800913930866	-0.8496183639361506	0.09035339825527491	-2.4916494042189237e-14
-1.9013879340926967	0.3496176823149828	-0.28772929198401664	1.9129762946303401	0.5216454668037717	0.02232559821491859	-4.133378416662364e-14
-0.2737365207737838	-0.976492621084784	0.9365045244172164	-0.9519415258707853	0.08243648473986785	-0.02716928545352384	4.113171150948406e-15
0.4387709431403099	2.4070267004133403	0.28255362554119445	1.2636937222855793	0.10875846068998486	-0.01813292277089865	7.94023776700286e-14
1.2600909932168154	0.9815986837504266	0.19161778802322232	-0.6258783219495218	-0.21693695276812092	-0.02181426665687091	-1.1615678804241939e-14
0.7645627081166493	1.193368224538638	0.7592815928696696	1.5900998931779073	-0.10496813572770908	-0.02852310002710025	-2.402093396201798e-14
-1.1024509373449658	-0.229470623267406	0.3554542346484263	0.9340577451104817	0.29714900912685666	-0.019435165569774003	9.040263177282182e-14
0.5844243501633922	-0.30145982686717643	0.5537106360536973	1.7065973955704177	-0.2298330008259498	-0.020126690035584864	5.827234569507432e-14
1.5169736740467847	-1.9724494636478296	-0.2851064156485169	0.3804375190774166	-0.6741874142661856	0.06748567095026675	2.4284884116209867e-14
-0.40088830878209525	-0.24209781056460555	-0.28626048723725567	0.14574040378735956	0.08115714865385708	-0.02904041067521223	-1.6175103669504548e-13
0.7459211910366045	-0.594208243207448	1.2015896264965773	0.06881127717159233	-0.20243693519453174	-0.011010339134753164	2.1823591051083364e-13
-1.852261075722574	0.26852537907247204	0.8913453747606735	0.9239382931970614	0.6090258065935925	0.01719434098732192	-1.536796670099638e-14
-1.374249854857492	0.19158414799652448	2.1876224748357584	0.07129104804193791	0.5697390647545578	-0.004554316166300873	7.316220662844904e-14
0.36410185314377125	-0.6767310663070767	-1.5384077541447	0.6648286469606851	-0.2878841961011776	-0.021462577580454188	-2.9061573210865214e-14
1.6938211878808611	-0.8853727819412285	0.7935253502153344	0.6909117560651145	-0.5597471476333377	0.0384676115046699	5.4465371668017816e-14
-0.20739228795613415	-1.3161271805098431	-0.46868469965332094	-0.9298997856051896	-0.05875858170249973	-0.02445700556997903	-1.6409465452261547e-14
-0.7758728906520009	-0.5220960982779574	1.1500053522254368	-0.9132393941556554	0.29145626942856384	-0.027243484568008226	-7.872760861926493e-14
-0.050010049245437734	-0.1781159386233862	-1.884014393254986	0.2973261153913208	-0.11772898221631227	-0.029894214388750937	-7.552429737153851e-15
-1.509955318923201	0.7032678740920155	-0.22453924019991775	-0.5442332181653768	0.5479208693411014	0.013654261738637322	7.587885653287267e-14
0.6119735830133166	-0.5153852619493084	1.951533859664445	0.17987214219488357	-0.11434719243809867	-0.0155198396589437	-1.2460615578526645e-13
0.5904681970172087	-1.3153218676948113	-1.454331605491902	-0.2665576191397165	-0.37911349059976845	-0.004153978682964431	5.1228514283924926e-14
-1.1237489554528566	-0.7415336048332944	1.2394880753457986	-0.587797577716781	0.36289721594314495	-0.0246657208676463	-1.3922798263127477e-13
-0.7381205477933512	-0.09850118739737027	-0.9906673872646733	1.398648557358771	0.10330485992510693	-0.024946964052593636	-1.4259560773394193e-13
0.2653062156597322	-0.2925129011653043	-0.307523189761767	-1.5172651650042905	-0.05420244369166484	-0.026138600613244516	8.189594759733887e-15
-0.7506760299099245	-0.16804782572197932	0.6536089212964923	-1.4855152317084097	0.31632517328396037	-0.0250835868034442	-7.240598725887993e-14
0.027755782052848687	0.17386020459630397	0.5537310296493267	-0.23989985037874248	0.06546146707886417	-0.02905079176796531	9.824591009262424e-14
2.0288613328217466	-1.8241188869182303	-0.8152673623980089	-0.666404561723995	-0.7953575606388174	0.09910947334149205	-2.7386339372069572e-14
-0.2982157326453687	0.07081330732915829	-0.4158727988303379	1.8415198511464235	0.00732821036752905	-0.02854598298133341	3.610597348375798e-14
-0.5326364049248362	0.024894432590635767	2.1757632199817	0.13576581367897197	0.29717000825462275	-0.0260348422758436	1.2301115195227797e-13
-1.5940146482187036	-1.0612644845676673	-0.7885403358842087	-0.6220337231047857	0.3479063820999575	-0.019817830665873233	-3.4641062131000554e-15
2.601312213302659	2.389275734923578	-1.8564056532643476	0.3310782941044681	-0.6222498505902723	-0.010345064632430226	8.443156083976109e-14
-0.4103357528035512	-0.26802181849634854	0.3662082454011734	-0.5802204290805204	0.15003010286228186	-0.028861204463917992	4.0940699799830395e-14
-1.0872448520846274	-0.17918266070552855	0.5268925292681695	0.6578035253009218	0.31973425032659764	-0.01908051231586535	-1.369166529943957e-13
1.382868400309974	-1.0605426879449393	-1.4009695154244635	0.343079998974914	-0.605132805963138	0.02449817356156796	4.1376235339798615e-14
0.8445668684147923	-2.2093747425986905	-1.811185043401515	-0.515398934163794	-0.5588431649722594	0.031855221923817956	-5.33669703730597e-14
-1.1595364674686608	-0.4633587346123705	-1.0112437709934272	1.165787509946279	0.19718878108486507	-0.02137139145437426	-5.704371314191833e-14
-2.214065684784669	1.2468245082678526	1.2116495593664065	0.9663741905636741	0.8448700601921323	0.07312993191693178	-7.431549057279061e-14
1.067704570402462	-0.78934578805927	0.0939174420653374	-0.5938855387293837	-0.35651370229787904	0.0036674480394474217	1.557335114329735e-13
-0.2525537888642299	1.2987678052581784	-0.1851771884568414	-0.2168454580822021	0.22616202375342404	-0.017709622131250994	2.0837239892764316e-13
0.8138570538322204	-0.6399935146981228	1.9574827317962944	0.35827658762033837	-0.193786952308383	-0.007432639141246655	-3.4987790193975966e-14
-2.733735177548189	0.6681137829233198	1.2884694200334772	-0.3712307048564422	0.9967085326871594	0.08556475333247544	8.167097017158814e-14
0.791106893758116	-0.9542735334603153	0.8569851155157997	0.23333550643034973	-0.2813930279673182	-0.002669716145888478	2.7315218293269272e-14
-1.5512288267708036	0.5067307472946315	-1.1092284803209644	1.3522819516275915	0.40771187824614974	0.010391892279622473	-9.092138084502761e-14
2.8961049044235905	2.9942758463392107	1.701521244984974	0.6464659220853185	-0.4438271222558749	-0.009508417480795827	-1.127475347353131e-13
-0.05924390121100212	-0.18557843076127764	0.25805657302069146	0.6534591484789948	-0.0020944416114326786	-0.02903939947194043	5.022213836301523e-15
-1.4064725683754953	0.1059356792437503	1.0769540991293851	0.8219461492429994	0.4726306591783614	-0.005131856394603033	-1.4804244246466583e-13
-0.49826213065610475	0.18036952304643739	0.8441573902094809	0.1235048042592468	0.22465698269571616	-0.025580699231412946	2.4638425819181955e-13
1.273881732565921	0.3524179365928296	0.2363933397672716	0.9145881145636203	-0.34884085017512567	-0.012628787855249533	-1.3878965478714488e-14
0.03491292635678377	-0.25333887061816707	0.5533237382557985	-1.545517736726754	0.07073196000366704	-0.02820917766354728	-4.668446945006901e-14
1.023874164343001	0.1534163121195596	-1.3451495951113315	0.3808029793636086	-0.3696259992747628	-0.01735103028608912	-9.86633421894059e-14
1.753049763946996	-1.9528025298315275	1.1869746634111602	0.2392192142971349	-0.6462182184129361	0.08604167389713878	-7.564454467963084e-14
-2.2503405994577386	0.28327342350909296	-1.7880445318381861	0.7268880626061118	0.5782703336249823	0.03963282619953316	6.054821975751685e-14
1.3914266464410507	-1.7003993603232417	1.278514709261107	-0.9145084167279596	-0.4624463858545123	0.05019528101550952	-1.8676194050589378e-13
-0.041915123273825516	-0.42603570071167335	-1.5567903182974896	0.3137333825428559	-0.1279789991286798	-0.029070510137034985	-8.694434653160354e-15
-0.6841676311374196	1.1395223994552135	-0.2724448779555602	1.7676623325702803	0.25086724950599293	-0.008324386313770289	2.2791151180619686e-14
-1.7940338915275291	0.4182217997194518	-1.4000903393209967	-0.5387458565931863	0.5310650537308603	0.01930705901973838	-1.3578019936196339e-13
-0.24549793257325517	0.029588558038151018	0.4765976348087409	1.1111717283616684	0.07065992026314163	-0.028721107886664952	3.308352011488459e-13
0.9473007620027594	-0.7925853736316656	-0.42163168940969487	0.9219457562542049	-0.4148225996575145	-0.001519736367921957	5.410114369612683e-14
-0.0820547230422133	0.12479798251858552	-0.5311598816486462	-0.9896279121966841	0.05844447473503475	-0.029361107305892524	1.023284963514218e-13
1.7337090690287231	-0.899862577564258	0.029076833744724345	0.20433257884263073	-0.5987201546847964	0.040496489718423914	5.164922878431424e-14
-2.2015388963807787	0.056015997120574104	-1.7441773259629967	0.6180870444636601	0.545305811663926	0.029211885402325225	5.685893339681799e-14
-0.033066601424206574	-0.09798896586154682	-0.8637953382736343	-0.0076576814077479365	-0.0404291771918457	-0.029537847529729412	-3.983962248197411e-14
-1.0384973015335424	1.5130506384543798	0.38546986420700335	-1.1162914100470671	0.5561457377956135	0.014222195624770312	7.78298246741613e-14
1.4276653557698717	1.4046079475011226	-0.5298866648231862	-1.5679272673146367	-0.22541942285821367	-0.023643562971849007	-2.0256493153026218e-14
1.0492993518895946	-0.48759560663580587	1.7739190132600613	0.6219144888988631	-0.2683099784744094	-0.002536249520205708	-1.2788856174508662e-13
-0.49938803037827867	0.18369309748282592	-0.6347693261037866	-1.641658318620223	0.20924820643188805	-0.025820312273709938	-1.4561631744663695e-13
-2.335664843465503	3.1093184320780156	-0.17120288991935437	0.8886758897515986	1.013196858125779	0.1796167589219157	-5.458086053845482e-14
2.3505960796908383	3.3513027306469105	-1.2533115354104	0.6185067427110269	-0.4211292634317044	-0.026858582865772692	-1.0275745777221529e-13
0.30664572154258174	-0.6542973038731301	-0.19330697306145567	0.8962315805280836	-0.19747162735199514	-0.02204086627359406	-8.618355058164724e-14
0.23666240966999433	-0.6727316239175726	0.5076107972991996	-1.1791386332296778	-0.05165000638667051	-0.022676545636306358	9.694127197384916e-14
1.2909977598943376	-0.9385600531477738	1.6750263704349815	-0.7742139088390844	-0.3351944665568442	0.019326220031629905	3.4318668211886587e-14
-1.2950278485219084	0.5943487041536939	0.4996229162937522	0.5874074524148685	0.46825519631570267	0.0016264975635378262	-6.44468412657009e-14
1.5092447499884216	0.74078761557506	-0.7173378439452157	1.6315716621740164	-0.46302707339431187	-0.01316301867699899	-3.894247259901088e-15
0.902315455344567	-1.5607546409551813	-1.7744565447872316	-0.10241827937680563	-0.522076749002614	0.014826072778129622	-1.5762834503259027e-13
2.774328277092532	9.339225658811277	-0.048639164875662874	0.7865141266955387	0.17597584847547926	0.06450589672859815	-5.5813899043265224e-15
0.611533471200815	0.15134541322071152	-0.3030854913230954	-0.7541433070800552	-0.13955029626843718	-0.024909903553216328	-1.4896461592511575e-14
-0.7182215203074037	-0.0007970044309977329	-2.203547964714346	-0.12819001349370948	0.0981059215819774	-0.024495027214458162	-4.668761543076948e-14
0.25719512928435107	0.6070856381005948	0.9171778533229593	-1.304392418829694	0.10995863940783682	-0.02879989927813684	-2.3347080775383038e-14
1.1899641473603377	1.0462562644265017	-0.45779989277026695	0.13774284056450706	-0.25963005108570836	-0.024116154399332602	-1.0705788459008093e-13
-1.2170201026617349	-0.8122770036947251	0.931672329911517	-1.082158723137774	0.38477650579716227	-0.023944518473919804	-2.8418557250087532e-14
-1.2784770708541424	-0.415633599308493	1.166338190811147	-0.17321624069342922	0.423235759800526	-0.017937608746053706	2.8022113207551003e-13
-0.28559751992500687	-0.615919781346675	0.1865636111707463	-1.1024851007461574	0.08610073575676698	-0.029029678924150853	9.361750341146892e-14
-1.8389447349823762	-0.288663900809432	-0.22057962340379064	-0.7015453459899961	0.543457584235405	0.002192438113450349	-4.320401892060596e-15
0.6399804350331226	3.853605144461407	-0.7382034104303619	-1.4055079576364022	0.25635972152980957	0.0028763272874646395	-5.165005544484173e-14
1.377563685267146	0.5575385122656493	0.8412629708587412	0.09360819879163373	-0.28739577759505736	-0.012644012327657437	-1.0727576792751598e-13
-1.1613918944134103	1.0273551690647509	0.4502189303428339	-0.13990470543689137	0.5029932426010051	0.006767255344271803	1.654920650777474e-13
0.7038617809232302	-0.5615265887146861	-0.19012168504127064	-0.5251200180796692	-0.24565965491512481	-0.01382752370771704	-1.224557656865864e-13
0.4580153167917545	-0.42188054327154767	1.735544257678632	-0.6985297812638873	-0.03599845082584861	-0.02047806606447456	-1.1142095411949734e-13
-2.6141639434877453	0.17246159057194646	0.5976481161467716	-0.44799378689860453	0.8666756230535244	0.056893308902593365	5.705346784617273e-14
-1.1176407058489133	-0.15295410494222428	0.5953558390934667	-0.7468279980266402	0.3934378833185754	-0.01801185932524132	-6.145672309142463e-14
1.8568207250947089	0.09771711119913448	1.0247418838436466	-0.9174992447378122	-0.4237652458892748	0.016367191781645692	-3.6573422155376434e-15
-0.8634051375360984	1.0567790300091566	-0.4087187818273169	1.0308259990529234	0.31746625536334844	-0.003950933188701781	-6.162375254956769e-15
-0.7138106899367692	-0.06543985774239353	-0.6675720648430575	1.4058598132179403	0.1187377447614162	-0.0249546057223563	-1.3477963126310425e-13
-0.12091038241358013	-1.4409381628157862	-0.5304555020185603	-0.49157474057082257	-0.11928864618751533	-0.021570479768044628	-6.088224391789719e-15
0.1396073052125281	-1.8115252425000419	-0.796927793363883	-0.9371398678035894	-0.23299231179512184	-0.009055032357516292	8.384437570528605e-14
0.46350620367531775	1.3724428049950215	0.012887140796016133	-1.66404542803635	0.09248917067814352	-0.027991895755226183	-7.547262832842391e-14
-0.9321344445631018	-0.06316476897994915	0.17579632165613548	0.481429050704572	0.27243397233167566	-0.020924170943207067	-2.5734636825216897e-14
1.4518091598585103	-1.1346970773898415	1.135337483626252	0.7115361988933842	-0.49598890125196693	0.03340218464992028	2.552926161915227e-13
3.769927952800838	1.967467364063071	-0.03885664664480314	-0.35067682048419213	-0.8700605576123697	0.06202372850172891	-1.8364766548572104e-14
0.6466700119440124	-1.4693256208191494	-1.904304777652983	0.28629803680891797	-0.46156408040706703	0.0010557457438943316	2.3274767166438586e-14
-1.4179583759469037	-2.6314628421697326	0.8911545197236627	0.35471145356897366	0.1853365419010894	-0.02885996436030318	-1.5425576037541979e-13
-1.5318439175628733	-0.4806073811804684	1.583872281910112	0.029147579079933813	0.5084156797901183	-0.012353364516758723	-4.226474647446023e-14
-1.35227880768747	-0.15621568417847823	0.02641522941157151	1.7789014508711087	0.3253695035763824	-0.011857337967520894	1.4068348855013422e-14
0.14749336849400657	-1.1202307117233394	0.5159338043182976	0.01713772272099504	-0.12200006730418446	-0.01916229427984266	-1.1181762117605554e-13
1.3323115463755064	1.1410789182269554	1.1412488435232093	0.6320095187458309	-0.21580992613739466	-0.021655878914657506	-2.5366161109767256e-14
2.29036516017953	0.2559914197989722	-1.9223484073193084	-0.42028644349282174	-0.7304023199879522	0.030923421916467964	4.849641665449044e-14
1.5539896685866186	0.8672946482634921	-1.8313976279214872	-0.08336470884256522	-0.45901925778130936	-0.01476881377734104	-4.486216197110116e-14
-1.8059103766419937	0.9059609118146199	0.16946802129296742	-2.1576979987363343	0.7493278812776132	0.03481148989737437	1.1504270284377154e-13
0.5878995082555679	-1.7000506935726176	0.2864087610219235	0.7591280977073259	-0.35691145654051415	0.0062376396323132926	5.320490969217855e-14
-1.6685232035665907	-0.2760010801276676	-1.7523962135398392	-0.38562194481681916	0.3891344986665456	-0.003772734872108977	-4.6055343048524633e-14
2.2014126933498335	4.610886269710392	-0.7890294381530821	0.7568756992255088	-0.2183203249417748	-0.025620261830833043	-7.953177048323512e-14
0.19905945063758548	-0.34999020725507346	0.37280361537136164	-0.49112923156860844	-0.042221831935713376	-0.026213944886602683	1.531236806997019e-13
2.1062970177319413	-1.4329243168154355	-0.0939077974551172	-0.7774706269501571	-0.7292456948435474	0.08780118462271322	-8.457213319090439e-14
2.0791859806285	-4.028737846835172	1.352708798797894	0.5147420286913887	-0.9543507332847708	0.23831294236006315	1.5145215317106459e-13
1.2092932331262196	0.3994046238602324	-1.7753192827973903	0.1627373714272245	-0.4145942165278597	-0.01660185216304429	-1.2541669679426936e-13
-0.6916322383728454	-0.728269943490296	0.6246105561509506	-1.3257797070243862	0.22951962875929963	-0.028848812389562363	-9.353586879958284e-14
2.328984039664975	2.50526064112758	0.4427686890057089	0.9048422080988685	-0.41571692033824287	-0.017952907425407706	-8.822789670709258e-14
1.4813082145376137	0.1639428002044302	-1.5376150341518786	-0.7354532497330067	-0.46824724904737747	-0.00355117759675056	-8.451434758503731e-15
-0.5388688739593982	-0.1244697340623888	0.3154038781449981	0.5131397900820158	0.1558355317718796	-0.02736785328516036	5.848049228326494e-14
3.9667265633017097	2.1758293903285253	0.5988253897846474	0.9833488251292273	-0.9217701637995144	0.06784583130325313	-1.5618911376221098e-13
0.788348182415825	0.7235177934751539	1.9740277818174383	0.1577012237730735	-0.031095469768765555	-0.0257471357899491	-6.8901804619535e-14
2.398273015699862	2.7494036165608025	2.0372697050565143	-0.15922675174643305	-0.27068995561538156	-0.018529368110134337	-2.078140712006152e-14
1.2460515589261325	0.33308688464296193	-0.8780887344214898	0.004410860074675155	-0.3721787676546144	-0.013898944077876415	2.0224691245089878e-15
1.199594185315776	0.9121054768630834	1.156656453247262	-0.7010519360525143	-0.14567269395875973	-0.021594875730166933	7.612646291851676e-14
0.8018950755000185	-0.8262618432832427	-0.26826369911423026	-1.7524140059962892	-0.25687578911224274	-0.005856826218063294	-6.625689272719224e-14
-1.1363508937616456	-0.3451308439105214	0.47400297619969967	-1.6425679417712207	0.40745895670586735	-0.02020670972720281	-1.1089782874213207e-13
-0.744164081037735	0.11057626450984159	-1.6219223329504298	-0.3820371691366855	0.1632585754515573	-0.022743351143251107	5.885431333009055e-14
-1.6012714295949035	0.14299169909829315	-0.2913338370020988	-0.6318458858900774	0.5128511170020952	0.0030894832549667726	1.398015149862598e-13
0.29334823951051814	-0.6719753384704241	0.3611531253449972	1.4560833711824945	-0.18521187098734399	-0.021766445352443063	-1.4601672777751682e-13
1.227894797117032	0.05273520432572249	0.4913012211211909	-1.1954540362043944	-0.26539092262510006	-0.008359250965145462	5.123479360217021e-14
0.10262567059680879	-1.0687386790597388	-1.0655382485057268	1.3417231431278203	-0.25246369578957906	-0.021838075258539796	4.62790492914064e-14
1.7724593164863232	-1.225448333327727	0.07692957275378481	-0.36144941105749523	-0.617951322960885	0.0551647103743688	-5.598406626020499e-14
-0.02981851803464697	-0.10130157647851555	-0.4900191881271516	0.2784550674263855	-0.03110168891757822	-0.02938025738613558	2.529078920848555e-14
2.157965205559913	1.8891289701062763	0.744606435409877	1.5498096323775556	-0.4397457332936242	-0.012842183552892095	-1.1398637138991557e-13
-1.6955702579843681	-0.03499977096157324	-0.16863944913984405	-0.8432398641311671	0.5374569410614783	0.0025554232468036455	-1.0651523592178565e-14
-0.8756224679807899	-0.4966132645528138	1.171016659128485	-0.5429547802910138	0.309915716149987	-0.02599740157932424	1.2900463743421966e-13
0.33307322510322773	-1.2494924333640864	0.11198089170300486	-0.4821764879145632	-0.19398591743164606	-0.012626889484260943	1.0034018837571544e-13
0.6468674066978564	-1.1081413901292747	-0.130438901201587	-1.9650453192076445	-0.22449017887041312	-0.00534443959644763	9.49536195100063e-16
-0.351456784553749	0.10012211077454265	-0.6151305175861493	0.5400840910733238	0.06780799105600584	-0.028037423456807674	9.77499188092962e-14
-0.2645421506607405	-0.29764849502431845	0.8047512822304451	0.7156926720624202	0.07670341180431475	-0.02908047473720635	1.6240641689544245e-14
-1.916664160678353	0.7310059700285305	-1.1409973551963146	-0.8515427687996828	0.6311572045623626	0.03563047062281788	-1.3878422833794169e-13
-0.5642268606812318	-0.1282231728259763	-2.25847472173353	0.12441635750576582	0.02475674927839396	-0.02773275411662151	5.788838349849455e-14
0.712237454560078	-1.112695740611361	-0.6472328968290997	-1.0162508655439733	-0.31403370426362975	-0.00336555554019992	5.321291565284202e-14
0.033459983921872945	-1.4316897262422033	1.06066899759609	0.24281226043170293	-0.09844080375803618	-0.017167323897684675	-1.89900665390794e-14
0.0818419441668283	-1.169848910900909	0.7892134909361882	0.31258678355963976	-0.10377222332792128	-0.019806274662553403	-1.1103354355174672e-13
-0.1705339918235859	-0.4511674312103369	0.7551824454859792	-0.4258643067519599	0.07618743863914562	-0.028686370440856798	6.76011035239785e-14
-0.48984381492505563	-0.8916382124038017	0.10460276190481851	-0.2589541762311502	0.07712982061986551	-0.029281656519263042	4.308568687600659e-14
-1.065735643079325	-0.13079726984486117	-0.17309687426986176	2.0149560973859	0.22099533066102905	-0.01895702780087808	-7.633139928257376e-14
0.36264319691803165	-1.218754344802172	-0.28755350090776916	1.571807225638346	-0.30765489817754016	-0.012651792773108721	-4.749482418192437e-14
0.2522847851821024	-0.6791092903891575	1.0127958743080085	0.5167073780904461	-0.09627867275651732	-0.022049120313293213	1.2207509353698687e-13
0.28388605071607664	-0.822831181478184	0.2146741718198993	1.3022774902679235	-0.2010581404815255	-0.020233485485986965	1.187631029311959e-13
-1.2191829127450442	-0.7528062313442881	-0.7294756676630831	1.3792802330515366	0.19138946732049478	-0.023556814120224364	1.6999965137321754e-14
-2.5473453057528763	1.4605610265234048	-0.3577660145583696	0.09542598476995882	0.9119173555853501	0.10920689973672718	-9.22733874089255e-14
1.1115696184917918	-0.9157725897844972	1.0622212618651645	0.7367687913157946	-0.37927554996305995	0.009586847971608727	-1.85683029411613e-14
-1.0146187470405317	-0.5050011365540166	0.5766470043240636	1.4682336402236462	0.23216286400379557	-0.024247936330221508	2.676956671093778e-13
-1.5713771626097521	-0.4485374674587314	-0.6256649965115879	-1.700945524330151	0.46249944846294333	-0.010574418519485389	1.0943615412825031e-13
2.4261754209217385	2.2497511840275894	-0.6489212510736788	-1.4976028951522027	-0.4383335746606579	-0.012176564903233662	5.2130589520283317e-14
-0.6237799254571111	-0.0743212605399026	0.6739265095163455	1.5342370559994902	0.1660736018679221	-0.02601786677436766	-1.5837391186784446e-13
0.9283952568168219	-1.1497991925227633	0.15085517868852907	-1.1973446673744859	-0.32583264441427784	0.006842193475717512	-4.894840417663953e-14
0.4166244426802385	-0.8887541104685845	1.297336712354613	0.5381793159412881	-0.15082893924252727	-0.015367291351440932	-4.1282974456459743e-14
0.7186065431783378	-0.57304435380798	0.11403750764476839	-0.6322315820145693	-0.2285826152204235	-0.012984807271690617	2.360950153853797e-13
-0.37772618120210905	2.90363933335612	-0.805033580310925	-1.069811281369982	0.43883820516847305	0.02299205490439225	1.1469574383719604e-14
1.1605329239798896	-1.1840307553586302	-2.1714208184552337	0.12538368073911652	-0.5906952325789231	0.0161307298407384	3.5628311396070125e-14
-0.059169874137889676	-0.825259157180391	-0.3172953330744519	-1.3379649679464105	-0.023831507953290868	-0.026357560343520346	1.3593662610302994e-13
-0.4775453775008546	0.07875231312209681	-0.9145060574752004	-0.31963240489432676	0.12028573279875214	-0.026967442153600314	2.083974545179319e-14
0.08491042226635681	-0.25367694829357273	1.0936599083148937	-1.1201716043029526	0.07084583526344833	-0.027585198772519127	5.867777762861266e-14
-2.4186834892147426	0.6533166781746638	1.207490819921436	-0.25406539995391225	0.8900069948407767	0.06271940308356247	-9.080663689264874e-14
-0.45325820605765005	-1.8232213867060896	1.3966471613092324	0.9758569927119564	-0.007281727328259251	-0.022522270013927488	-1.3553747547649352e-13
-1.1938796322309002	0.6239867676411649	-0.7913310074776131	0.465568994018327	0.36894963660469815	-0.0013856443700683318	-3.02599555137324e-14
-1.2215238621567917	1.4523081524117665	-0.7363150704551523	0.7746321128050517	0.4596525244097077	0.021572543497154133	1.6590920777017156e-16
-2.3210683804752623	0.07992975131948245	-0.4090417113729862	0.4638008609363383	0.6702095689796362	0.03614910518739073	5.4112013089143245e-15
0.6403439790432667	-1.7648062185445734	0.08033229437142884	0.12974720121693345	-0.3655807818089408	0.010050624713418351	5.3568099185029144e-14
-1.0470363007828112	-0.1867821914239892	-0.4876115190770958	0.5428342749182052	0.25088798944822166	-0.020151830541078254	3.312773355881395e-15
1.2617467903144917	-1.7683351069364104	-1.0772052887044459	-1.280103689472952	-0.5582527804154505	0.0418619727946545	3.773702798092951e-14
-0.8156672236417132	-0.0775812759122207	-2.04526863695565	-0.4135481448660432	0.13990934499328325	-0.023591721911119884	8.1561900549634e-14
-2.55949663781563	0.20501417539548866	0.15807596948770444	-2.129989126601465	0.8965538168270989	0.05479669932363212	-3.5138868887188534e-16
-1.8657047348550537	-0.2937783480824217	-1.9803533161347413	-0.012978363982344764	0.4173138442361149	0.0034170976774624733	2.3872220170789883e-15
1.1205078309392218	-1.225779597465437	1.6255014395495069	-0.577391366383156	-0.3268944521929065	0.019241085943108156	5.320436499101757e-14
-0.5035313768806795	-0.4894721449136996	0.3247817775063224	-1.740415608787976	0.1987604405470432	-0.0290580377092702	-1.949403663510725e-14
-1.0371962647434498	-0.3512930346085177	0.9909905971090935	0.9128670907455078	0.30329672272045954	-0.022193525469351414	-5.346122265744829e-14
-0.4108206559613302	-1.1178239921081172	1.596584430981169	0.49996198030565214	0.0875946994979674	-0.02740373948567148	-6.382468162436688e-15
0.2838528529583342	-0.83010124996369	1.0072114974785802	1.3107340560512906	-0.15467425845528346	-0.019624017750873676	-8.612824708068194e-14
1.1713743844858575	-0.8569850258169482	1.4312005443841949	0.7349822469545062	-0.3683031597702605	0.011061816585541959	9.965817019237151e-14
1.150665107658556	-1.746005321430934	-0.8855756241645166	-0.205468545745579	-0.5562912608076691	0.03467513002493487	2.128552461719147e-14
-0.5939656806764846	-0.13252454652823983	-0.4803550781150899	0.504430283937107	0.12401706810432811	-0.02703397729498017	1.1321361214620312e-13
-1.5701210613849406	0.7993480600050764	-0.6276946614502842	-0.978404833571745	0.5703677730284407	0.019347225649720284	4.5123816221626226e-15
-1.0141521991541809	-0.6713562175104243	0.7140545222232897	0.7601379216759212	0.25116456880042953	-0.025702898892843423	7.262244288621901e-15
-0.06559704838714668	-0.803645948035403	1.145079076624944	0.7507252709378971	-0.017734438482671484	-0.025858490117886115	-5.069512888776174e-14
-1.772907701732966	-0.5004339607182791	0.26868233840615446	1.397489063481028	0.4434024858792558	-0.00503810074067638	-9.289336533568525e-15
-1.6744878838930108	-0.3693552071278712	-0.5307950378922636	0.1708895978654691	0.43090076605244765	-0.005651418283130524	-8.110246322162482e-14
0.3587250244955157	-0.3378158435354031	-0.3953348974628854	1.6329981659087933	-0.22119041195619046	-0.024526353728481276	-9.95972203924481e-15
-0.5756023019446411	-0.9406207195384019	-2.0835591407963108	0.09302297984403371	-0.048345639542524785	-0.030273464081682005	8.935784500664558e-15
-0.20552576147515067	-0.5200985459733732	-1.710255551442428	-0.5427234374620313	-0.06383222922848691	-0.02972509350808627	8.750410148080993e-14
-0.4906571140513356	1.0869016536683342	-0.4704167121332935	1.65795525107973	0.17990888346965822	-0.01494976591974741	-7.13031636542898e-14
-0.5840764125064042	-0.46708019508382265	-1.1730153902751064	0.7763536965817321	0.032023880047375566	-0.029101593795684878	4.451034654201742e-14
0.601513088026775	3.413486274331881	1.9714242729761007	0.4448809360495443	0.30552520382423176	-0.005629352143368597	1.3537734153827218e-13
0.6508802402558159	-1.24739223844951	-2.077554165754577	0.10692492738666681	-0.44226313575711856	-0.003950821738788597	-2.1891413443675883e-14
1.0847538286713834	-0.8035431499409685	1.3002501420205401	0.4602349531507268	-0.33394486517357563	0.005786460347338151	-4.522843714905394e-14
-2.7072691474421124	0.32189685981141786	-0.6929870342047344	0.5320068342410398	0.7941564647344271	0.06984806454248318	-1.1735250709725676e-13
-1.5498018680252013	-0.18572078221934066	1.6767909720480296	-0.08912139700447774	0.5566697292100752	-0.006282269700609093	1.0175715757394855e-13
-1.7623549916674535	0.9691388412642395	0.670529752919298	0.833061665661097	0.6504550646031524	0.03437294780317323	-2.5836073177665146e-14
-0.8112090167525029	0.28389738937172515	0.494579453302592	1.4986167134116601	0.2517455900186266	-0.01897397497549393	-6.49181504556725e-14
-0.0942424744103991	-0.0074581539572555295	-0.4330801395516712	-0.5519586092494602	0.03562354512760454	-0.029450073292055387	-7.598575323980812e-14
-1.8993836148690197	0.6117178459879451	0.7298690083538204	1.412203469847174	0.6316694439226394	0.03011003773224541	6.72653526660104e-14
-0.9298852678440661	0.7823718583881222	-0.6994210341108634	-1.0123523018851186	0.373573583751264	-0.007329969888252434	-2.581802136446836e-14
-1.381485219125777	0.21542215146228066	-1.9999181035463895	-0.08329085650095633	0.33020512192266477	-0.003414206463878997	-3.9617410099667525e-14
-0.2687784230974467	-1.0090718400172274	1.088301458985377	-1.3892506884302978	0.10451356829079468	-0.026838669087216434	-1.0859228216478754e-13
0.8704362588950959	1.240255465721377	0.6285165909850542	0.9682056014878767	-0.1134941686536859	-0.02821119339476482	-2.988610698189824e-14
-0.043557402282922784	1.7410697429730846	-0.4481625949969492	0.29597811650963174	0.175546685313434	-0.0162782530896545	-6.843115062483678e-14
0.7013125213260571	0.6989211542268033	1.3413385550823451	0.27865612225024095	-0.05094942627777305	-0.02684077725549212	-1.484697035945492e-15
0.09900134518995594	1.5327116742701132	0.2116300243448697	0.8868739173479624	0.12547265772208094	-0.02209305180897361	-7.921726361697312e-14
-0.908844815960237	-0.8742837443869845	0.12550130684598304	-1.5286702020201715	0.25650052524145717	-0.02824226627735645	3.923764391245778e-15
1.4397587651569985	-1.7614844296298924	1.0308354920151162	1.1818506323886568	-0.583771243812945	0.055275144692714884	-2.7609420999088927e-14
1.254318081748785	-1.2998269849064326	-0.44506700980553476	-1.6494009962037157	-0.45379879980481014	0.026297671964081483	-1.4275849934815084e-13
-1.7479182758673886	0.43860161928417873	-0.07348360572821805	1.9512915619477478	0.49663625967881597	0.017351229428696432	1.5979625894872183e-15
0.24723411744559884	-1.7187426827179404	0.42793226385567995	-1.3437948640549229	-0.16450368759175923	-0.0062804579717673165	1.4885472409637982e-14
1.629696485618714	0.6488343235570991	0.6448554502322498	-0.6077905520046265	-0.3345157481960436	-0.006585450214087774	7.682878368949743e-14
-0.3559183715749135	2.345910903315133	-0.9264991793521165	0.5083147810609125	0.29833766330298395	0.006517745331413154	8.895279192993188e-14
0.26365359631754165	-1.710535763935654	-1.640989128985584	0.036146642268452905	-0.34912275503799545	-0.007615290858566929	2.4181544104755305e-14
1.4965107964408626	-1.3785243664046065	-0.7317573551992138	0.06205074320220386	-0.6198820626717187	0.04242858342963147	1.9054874503794668e-14
-0.7543536090204482	1.6402952630753747	0.4269297428610835	-1.9143744921894628	0.5202051794458566	0.005174357005827367	2.2144748141833427e-14
-1.4470380285475408	-0.11148784692224552	-1.3513100453832936	-0.12914442906026244	0.3544745984982735	-0.008017996733130452	5.5569248971650876e-14
0.9588629732827357	-1.0164523106074066	-0.8118931059955141	-0.6919516021811664	-0.39908010737875527	0.003895034056415591	8.00974127108944e-14
-0.3041125188827765	-1.2832763015609605	-1.1893939399392914	1.1073366506999238	-0.15356659251220442	-0.02661795269461485	-1.0005071992494071e-13
0.26098972395849185	-1.0040530615722456	0.484163551538658	0.966737809319775	-0.18379907865724265	-0.018152040473783968	-2.1073789823429217e-14
0.24423384131860118	-0.5035545936016953	0.36565547282076627	-0.02033560783645306	-0.09179960252369289	-0.024337309971538733	6.841214263343586e-14
0.3759280589884784	-0.37116767295672776	2.100256828721041	-0.1528652743691697	-0.006960292313636566	-0.022399149073867135	1.8397662761335462e-13
-1.9939895972846051	0.10913631449243356	0.3167591979793817	0.3123369862151032	0.6246450496322877	0.019553615117170034	1.4036110357689946e-14
0.6303640339176948	-1.594469115843552	1.2941290975485031	-0.3346801219148425	-0.2527951699062492	0.00636046860184164	-1.829243280307019e-13
1.3748151541692888	-0.6615654886170143	0.5777398007177486	0.26541381918013013	-0.4388600280671557	0.014311216897568185	-1.197578081521582e-14
-1.1092270506370858	-1.352856036825528	-1.281679855619093	0.9949529189700175	0.0760169021708824	-0.02935868824269738	-1.6186851025075144e-13
-0.36155764960250464	-0.5504057452036357	-0.004574399739007958	0.9090730990381356	0.021616237443070833	-0.029417630674866888	-2.511053887131171e-14
-1.0154421927764838	2.284519633815216	-0.8829828211641999	-1.2374550544792382	0.5641236894153869	0.03732059408261324	-7.877288468768061e-14
0.04074345766861116	-1.2456860623602828	2.010663580391874	-0.22578285957203603	-0.0045044354902668195	-0.01891401614473531	3.875890013045033e-14
0.03390054843150482	-1.4111830518713346	1.5864959396133655	-0.2053929070125327	-0.046459431336685064	-0.01707796970471521	-2.873970623178044e-14
-0.2655197990215018	-0.3683957878149874	-1.2845437548462644	0.02469688791728966	-0.027464802996169282	-0.02985776771657061	2.1413634220065633e-14
1.2893068288460803	-0.7080324436823542	-0.0009219171399150187	1.3104893182344226	-0.4964494365628593	0.01101872806521368	6.172443744630515e-14
-0.33467765621618006	0.20500858605143452	-1.9170024837491435	-0.48016875522872654	0.038155174355006316	-0.02789862483402463	-7.967647113142272e-14
1.3814612674780198	0.8431816567258039	0.4240676393597068	-1.7559986039276125	-0.20709918061535765	-0.017239039939761204	2.7929427611404937e-14
-0.41568044903217455	1.9184672889681829	-0.17963953336154817	-1.9330538691814287	0.41391301010379283	-0.0014041994621596015	-1.594319396071368e-13
-0.46325524283468045	-0.7414241088556339	1.3610003211536545	0.014059094446303285	0.14957961240126652	-0.028899927428984822	3.385579934837905e-13
0.5513983770317046	1.3254353561737182	0.36221081870809024	0.8743129732943503	-0.021964173651441078	-0.028557938534765948	-5.169918177597747e-14
-0.41194474763765376	-1.3038791948758968	0.7712664444437584	0.753428707489722	0.008021017162417935	-0.02675079650505289	-3.9913223393902746e-14
0.41383403589877654	1.5671847227027842	-1.2668489550581825	-1.1492780324186749	0.03065047336871978	-0.02673862511425477	3.5063953806739515e-14
-0.7087548877990761	-0.9193392138612376	-0.6173388583325654	0.5998226495084085	0.060408130235339766	-0.02964187148902457	-2.966406021181801e-15
0.8695615726538225	-0.6652160812990107	0.5463294497435256	0.46679811999046456	-0.3018304645460491	-0.006204622274934167	3.5050486570568995e-14
-0.8826515610855536	-0.44908847397999213	-2.0128603113789696	0.2938851645163312	0.09215045327975867	-0.026157759204051386	-1.2070645092715165e-13
-2.100666706242037	0.6757335051910817	-0.6214776623085815	1.2852032080216798	0.6238434253635742	0.04426458965110368	-3.590162463266527e-15
1.271575631745943	-2.2441305951015424	0.03626346103600827	-2.0006404846661106	-0.5145005807906103	0.062144104370125394	-3.1037978673836034e-14
1.1720218720641593	-1.529300530351308	-0.07644690107828332	-1.4298342650797393	-0.4409219227939721	0.02959551833954139	-1.2352519141975508e-13
0.33059238139998665	3.9016348945068504	-0.262144131640893	0.11897923216920499	0.32045711476678734	0.017539004055950498	8.10452151178515e-14
0.5005025430874581	-0.9477305033305827	0.4445987353671323	0.3156153692890248	-0.22370328745220727	-0.012697681326516119	9.12309810532415e-14
-0.45551148990549034	0.459272637671565	-1.1814739344651022	-0.560833437875781	0.14917625436539994	-0.024036455889837077	-1.3149407165198368e-13
-0.17608838880432373	-1.0230721549334247	-0.13981208040625592	-1.373746026118732	0.0014505669569296444	-0.026293741146746586	-1.2542582996420551e-14
-0.14809682125370147	-1.0505121552983376	0.015842726309121407	-1.4325462473175437	0.001991992979983388	-0.0256172917350119	9.46932638098106e-14
-0.4567178400366271	-0.2149629340599541	0.029424070591000287	-1.2912474000764365	0.17856261442512988	-0.02853234271302602	-2.041709563647204e-14
-0.14128623334041124	1.7503645271243	-0.10765428604947434	-1.2227936139698066	0.28847912462736525	-0.013538409140620499	5.306528816657565e-14
-1.36330819433861	-0.5669555907613386	-1.017093520291249	0.4675251356759275	0.2748971025815295	-0.01823461920918347	3.211369225832993e-14
0.8336358054170473	3.737281347507021	-0.030442280568132824	0.7568101084257624	0.1391265475091958	-0.00672169620241257	-5.071141777162709e-14
-0.7608567761215204	0.8350129889793296	-0.24396843819379044	-0.07893723742773366	0.3177815037438412	-0.011639108140729134	-9.103995279636298e-16
0.44937689930728014	0.8757954738273903	0.2561135064767103	1.0753022404015944	-0.05511401914124957	-0.029016903585185896	-3.2879639027203966e-14
-0.2903962660004797	1.3466559392802955	1.1532871371651092	-0.08600684438629604	0.3174762624318923	-0.0160085626441362	1.2658509242852542e-13
1.7862037323040343	1.1907068194346675	-1.2660709745558476	-0.5399732776990483	-0.4399747059121726	-0.013154468134774592	-6.865182688269499e-14
3.4553016404373964	2.003251921591204	-1.8852508572169702	-0.2879193170579641	-0.8884511938959853	0.03842192632561712	-7.262445924977256e-14
0.12197896698217442	1.6682929910250202	0.6545462673462185	1.1665613934843615	0.14850571686883493	-0.020905501855266535	-1.443581508498026e-13
-0.3363371042601583	-1.2224850671453045	0.20173462501453748	-2.2139988942181215	0.08219235164814499	-0.02665372356229372	-6.466334962062522e-14
0.5391672551819241	-0.4499245144147723	-1.4975552347114778	-0.2196160087687064	-0.2762882370060216	-0.02051095594822661	-1.0137172093526748e-13
0.4153310080133546	-0.5725095740843232	-0.8377012652172611	-1.46991294307415	-0.162139734058899	-0.02116318235700581	-3.4544853756525384e-14
-0.18036471137967652	-0.5486172908097308	0.14953292362475215	0.4688580144564174	-0.004454569892441622	-0.028738613588345018	-3.051193501176897e-14
0.7980969189785747	-0.609196210379699	-0.8345462259731536	1.2231745518704222	-0.38877338229921593	-0.010740692982525899	4.484137461762029e-14
0.5508830718711726	-0.3297285087543119	1.1673323036795469	1.208786136881848	-0.16578758160114024	-0.020079031115777517	2.848746405441481e-14
-1.5909551132920263	0.5671651352968254	1.389336783015241	0.472844964806864	0.6119868028728962	0.013264386623051171	-2.3873942851516492e-14
1.7019678614324822	0.6100867017290116	-0.12277812033616259	-0.28703835009623013	-0.4189738485467008	-0.003918145136487697	-1.4743046744282984e-14
0.546860773846955	-1.3536280852577856	0.6601573571242122	-1.2451865116136756	-0.20348152801190852	-0.003101219367356196	-8.131068217569775e-14
-1.3868011051260898	-0.4140408553230681	-1.043788277071722	0.020288061857176565	0.3154574956665872	-0.01528356480713453	-6.204516427525266e-14
-0.3434546687344868	-0.7684787752531888	-1.8614084503144575	0.1424153813465406	-0.0870951216524635	-0.029815286804475385	2.914160551261739e-14
0.36005186419774926	-1.169354275236097	0.25411864804413026	-1.974626004822038	-0.12355327966414484	-0.013062821134522432	2.383621514540649e-13
-0.39771294715625977	-0.2081062228504589	-1.1863186799599443	-0.6163953626695844	0.06128288008713009	-0.029214337086491547	-8.561256059091194e-14
0.6659602669085797	-1.6402085992028412	-0.6902383911563275	-1.1616594534859137	-0.35305581100112265	0.007243050981564687	-3.531887916974689e-14
4.134132208714098	1.11073085871406	0.23579052613729007	-1.4189125287642932	-1.0036214177289338	0.13207677955285005	-1.6562803675694356e-13
-0.9107550874447364	0.44706716302425076	-0.9241172659967707	-0.0468116088448037	0.2778587814178897	-0.014059735075560137	1.7206846786682548e-14
-1.9702587164500271	0.3250989412147743	1.5934738940732929	0.6276774203708123	0.7049792616729752	0.024508327235469623	-1.6079867095819676e-13
0.0016285936465636043	-0.8418252606804354	-0.7056296684749469	1.067566199839289	-0.16555930164416513	-0.025663774711517817	8.090891155933594e-14
0.8747184212930776	-0.39545092417314726	0.6882261709003334	1.6845891946150562	-0.3161084056854411	-0.011095154190500419	-1.0231827552165201e-14
0.5489546964231641	1.434139549634156	-1.177927710505481	0.5338228461500727	-0.08770876172823454	-0.028656961270212663	-6.8638208352777e-14
1.1986500180814037	-1.6409946693918993	0.7365991960991455	-0.8945633607104487	-0.43361052335673694	0.035704026714547525	3.157625040780081e-14
-1.9480968348341299	0.186812113609858	-1.1654375364672083	0.25934225577304065	0.5329515984615015	0.019992998722894628	-1.6154357718406325e-13
0.4307221031725337	-1.0849039329911527	-0.18463686285356787	-1.3312691243269477	-0.18797921040238874	-0.0128009486181453	-8.546781351364018e-14
-0.8825573323418299	0.04553081764882165	0.2348493973442271	-1.958523833442149	0.37327019476983314	-0.020575122221473226	-6.085966873944145e-15
2.3588477871994518	-0.3257907970223281	1.2221418086347942	0.983137786932693	-0.6802361074875003	0.06005287497500765	-8.391288638769324e-15
2.08914443916309	-1.4243945150806867	1.3532415374548523	1.057974161325595	-0.7119379775881706	0.0879682954353496	6.39010005012475e-14
-1.0159929194293735	0.2139996049865744	-1.211474931101347	-1.0238040462119449	0.3065743177510292	-0.01504316187097166	7.338054321814376e-14
-0.8071438301644672	-0.01064948759146007	-1.2880372378979406	-0.4382577054705023	0.19105249452822437	-0.02290295272751889	6.994313275799508e-16
0.7649280316754166	-0.9393853892596866	-0.2026448730158232	-0.1539199019955568	-0.3197808608098141	-0.0048105087921979355	5.966659927174087e-14
-1.0854163136720354	-0.8845696662134267	-0.5112074569229035	-1.0217574342983424	0.24886415755973107	-0.026702147303626692	2.3012726091138144e-14
0.7232502570215936	1.295865828598554	0.9103723397682406	-1.5391061077090151	0.05586137194083817	-0.028623212457833603	1.244077266943014e-13
-0.5552322450657013	-1.0443551294385323	0.20632830655550133	-1.986489147879478	0.15696643553987438	-0.02916147974146499	3.5147892860013794e-14
-2.3413049447818	1.1732199393217997	0.7284832737735162	-0.9653974373255775	0.9255273136399325	0.07928761308749396	4.5961675287835675e-14
-0.06425459533900031	-0.1160485733545427	0.434372830588768	-1.5218504874273435	0.10677846150312705	-0.029047454083225805	-1.3258267368239873e-13
-0.8061189580933518	0.3782207972270216	-0.4531268159186456	-0.28656775844802546	0.2771124426139633	-0.017828466827803455	-1.3027456156055301e-13
-0.3390905306220122	0.6424934089741722	-0.584656522885046	-1.3892922544152169	0.20430737262928428	-0.02401636850064964	4.381611343125359e-16
2.052281154601153	-0.18274342393576545	0.8899402107475614	-1.180815378425809	-0.507434788453531	0.035302854862488006	1.4386051401038202e-13
-1.8731335951129726	0.13219186337522063	0.8423799724098404	1.4665278195117393	0.574957620987736	0.014344547388044412	-1.1696359736088984e-13
2.0634480777137365	1.3761290818609606	0.8064608977555079	-1.5852960571372439	-0.33428873247236796	-0.006254544237589617	2.856228422307608e-15
0.10335242027220067	0.8519490583491431	0.6988686223149683	1.12072859073084	0.06949939140284876	-0.02757850735891535	8.704420379662123e-14
-0.39894185092070694	0.020429437347069146	1.0734598305094172	0.5930938766760252	0.17219343615305732	-0.027614834692044742	9.418036792388862e-14
0.5172068303587903	-1.143847542171902	1.6438733378931267	0.5813632719791066	-0.18851403421289725	-0.007680270717236096	-5.287607080367512e-14
2.465587620454788	3.256083001511762	1.8819035899748695	-0.4235772830019997	-0.2346081861917131	-0.02291617099543956	8.957129722671017e-14
0.6034183966352489	-0.4931900022709308	-0.22248206251038	0.9936468961436552	-0.2731803778646018	-0.01760441780385951	9.492223026077366e-14
0.8622787640812498	-1.0068893148658684	1.515222460319421	0.2529999112763744	-0.26912506015716076	0.001804263193312534	2.7940415170278378e-14
-0.43551335459123036	0.04999760355025006	-0.9690024412649583	-1.1022955681127349	0.13353676776017515	-0.027618695615203113	3.6071163366022237e-14
-1.1784438229986145	-0.4563138758383607	-0.6898941863491711	0.4758733703095082	0.2511601533484142	-0.02085727925789778	-1.0730459411700342e-13
-1.5722164034707105	0.19639770808167104	1.8243895823791791	0.5426708623187523	0.5884713424449484	0.0029112375330133953	3.5944265271838645e-14
0.24866799870515402	2.5324116381017188	0.7743951989570604	0.5263742166950642	0.23898831353491648	-0.0111777675182873	2.6359556168920444e-14
4.296941331107302	0.06250940092256242	1.6515947149859085	0.6743587621538418	-1.1586194768684108	0.2142339547905014	-2.207686565430231e-14
1.424220809418048	-0.7688384719206992	0.288389378151314	1.0867180409145454	-0.515646839351385	0.01947087206143527	-2.707372755285091e-14
-1.686442146531526	0.7017934650262375	0.8043290037780093	0.9828004960603146	0.5996919291392642	0.021836868908963195	7.836100553167962e-15
-0.7784636142428312	2.146129778508057	0.7570794843173305	0.22632241532498937	0.5154195839934874	0.01986936893984221	-6.334454724224041e-14
1.1007028520158268	0.5773675445705868	0.4267590444654257	0.8468471986214755	-0.2597647876310073	-0.020150908673114316	-8.025529961595388e-14
0.5009531870383124	-0.6160714446896823	-0.6673269455350271	0.7713245449940015	-0.27376708710793773	-0.01863526114232853	2.2285880340202143e-14
-0.010634451579654407	-1.4147563514372699	2.1924355642187585	-0.09360913080473376	-0.00203502295051868	-0.017692769666501594	8.202015680042658e-14
-0.4145226272195475	-0.07599055020710956	0.8062685440723014	0.7666447154207912	0.14320061033321324	-0.028028385968199482	5.150886439072445e-14
0.09046657230264195	0.4500450561837678	1.4187273195038268	0.26509421436261527	0.10791369580902604	-0.028588522389519623	-1.485810057691614e-13
0.054512259229240474	-0.7935624166619901	0.21109317089416077	0.6285509056640399	-0.10299017138284021	-0.02476828339864436	1.3059184354196822e-14
-0.4894429710911489	-1.1129816807700417	-0.8262972079374715	-0.1360561487582798	-0.007726510960280901	-0.029132906083496453	-1.1174508309389269e-13
-2.8217374582440966	1.164901549261638	-1.4328124076563753	-0.8874188752509468	0.9379410594147187	0.11802810177288446	-1.7698930673897485e-14
-0.5918374344696381	-0.4387961085197091	0.8134000496745858	1.2901543092114156	0.13528984714004552	-0.028372900212777438	-9.425408821072088e-16
-1.3866347912964838	-0.15084836410679245	0.2855345846521795	0.11197276288092148	0.420173156107811	-0.010743947319519777	-1.0090047199533976e-13
2.065169543951055	2.954470571986175	-0.3250896540976245	-0.6392231198832791	-0.27242959754271906	-0.026947506179592576	-9.52986621766121e-15
3.2185138905108244	-1.8786694430145157	-0.7247488154728006	-0.9182883915174582	-1.1261533967667672	0.21848324166470584	1.1053851631619306e-13
-0.18662493803782595	-1.3058409012379186	-0.10728955042757395	1.6895639820683752	-0.14965388472020597	-0.024059537694286696	5.187890699860936e-14
-0.2487610845628699	0.35365199994958596	0.7969667070032318	0.8308909443760487	0.13755781579210183	-0.027188636846138866	1.3202190002891756e-14
2.885783430562911	2.4663028150622255	0.006736836332747673	1.5325383982157337	-0.6349448684887256	-0.0006089920385851311	1.7232812314316558e-13
0.02932234416355235	-1.2432333094401817	-0.565018188789912	1.2531779051100405	-0.2159761481260494	-0.02091729309175913	-2.1048583132982138e-14
-0.16166085860132592	-1.3743607747109015	0.7764561552416306	-1.3963937673681863	0.015305691338635255	-0.02229609318170026	-9.775295574211674e-14
0.4047198147269747	-0.9143049400426081	-0.1772472255160117	-0.7580677968859059	-0.18523153572633583	-0.01629657351527652	2.6786305792629886e-13
2.1743949576009505	-1.47469037567505	-0.690956472563099	-1.644960416305376	-0.7534287006621062	0.0943459069815634	8.835619105545074e-14
-1.7127476395228953	0.05473799815675372	0.5112866810593858	1.0737444789492199	0.5145375018173107	0.005350576471243465	8.711387331737871e-14
0.3355248942792015	-0.6903267914713401	0.05912703217755367	-2.031025122645982	-0.07451470899241536	-0.020800165104177638	1.119177244805497e-13
-0.028156621943612393	2.3349564396185603	0.6486539202989308	-0.020946263839906696	0.31495059907989525	-0.0062477333963998835	-8.41823317953708e-15
1.748600331823985	1.4873269234635498	0.7348025143224921	-0.6797227742996772	-0.27158760739793686	-0.017318020055175704	1.3287077557015692e-13
-1.3713530429609315	0.04109153349627294	-0.2969522037904075	0.39341466683548054	0.39031762927629765	-0.007537806822167162	2.3463077633596093e-14
-0.47828850330728917	0.26984256029626946	2.1661841822258023	-0.07369674986418795	0.31575219723375586	-0.024856537080191768	2.907314671267923e-14
-0.5077156861298805	-0.1503386989036522	-0.32636568924899645	-1.9399700724427498	0.206043458569021	-0.027940020512136593	2.0336871449430069e-13
1.1595060735440095	-0.5251846222614575	1.5904542175693077	-0.21791760123168613	-0.28103236392406566	0.002394846661449357	6.364054554401478e-14
0.9966040925735274	-0.7319294455071025	-1.846274642211715	-0.3331103821004936	-0.4566811036851702	-0.002193431099954871	2.7814714689085583e-14
-0.6702301348475702	2.0663129289389524	-1.7071985275733663	-0.5787896568643155	0.35960169820286564	0.013073028490941977	-3.566133564331692e-15
0.788211301351003	1.1112996134465691	-0.6782279473660293	0.32791269792592065	-0.15513346273217762	-0.028828644738753094	-5.94283690931271e-14
-0.8319041092410264	0.3617997845506508	-1.6385277256172455	-0.5183198986493013	0.22153970878760326	-0.01750515910246647	-5.658314873996982e-15
-1.7054082735265812	0.43549039555852737	1.5353285873422036	-0.1399893500280971	0.6656521994163961	0.014841945564128357	6.237776377891867e-14
0.5217961805001359	1.3542034376065877	-1.0833736709789465	1.1959830364753303	-0.10986222580201505	-0.028775142089826167	1.0937276678995843e-14
-0.7906897133400532	-0.6325998271954781	-2.1975452906310737	-0.13024734419103137	0.05117882521491034	-0.02858331505679926	6.867582979207608e-15
2.1239990980092056	-2.4464584337301596	-1.5718590644777541	-0.6280928812314787	-0.933994534370099	0.13863709087299744	-3.194575522461088e-14
2.212985102884769	2.5467493790119162	-0.4216963705477587	0.9698576896065989	-0.43165657882044745	-0.021497627659142662	4.769930122107821e-14
-1.839143911920826	0.5003787844614088	0.013036484516089332	1.4226019392980414	0.5578186246462615	0.02366887553792708	3.608231502312453e-14
-0.6768139597122684	0.2890747661572499	0.5824977782772314	-0.8809035338941926	0.3152195034498542	-0.021687568328138788	-1.0807321934477861e-13
1.8539605752713266	0.5001241579136255	0.35214448898304207	-0.056721006970366174	-0.456044652717948	0.004893500725069351	-1.178830792195304e-13
2.039745025721876	-1.7732992014422715	-0.4289932167982938	1.8985177122960184	-0.8753593408874074	0.09794019568588191	7.599301546255245e-14
-2.065355637484342	0.6931786595424846	0.028772544709069932	0.46329763216022457	0.6877856657437498	0.04250181752743835	-5.098537828404251e-14
-0.06395119731009075	4.844346538895388	-0.921782944552682	-0.4555062618638474	0.5289173233272648	0.07476486911071135	-6.42083759080214e-14
1.962598909883954	-1.3915294773873548	-0.6118703811842378	1.17651030312859	-0.7947571755302022	0.07428902901948974	-1.136792442364586e-13
0.06911329344122906	-0.9120121604784424	0.7677152911194635	-0.12776699064624963	-0.05559999719712884	-0.02304599385172965	-2.01976316970318e-14
-1.0297454924126173	0.5090375628629379	1.0406984096366432	0.08821451341732872	0.43231972939275326	-0.009490847529694646	-1.269078104131792e-13
0.1498813370067442	-1.1386845978485505	0.8661058305940441	-0.2565773514924124	-0.09245103400484807	-0.01861734293270908	-3.4022376843564955e-14
-1.3798468211312027	4.842818278488513	1.6231154088035114	0.6174529336464831	1.037235712619062	0.18616361687516073	-8.476960745988925e-14
0.09037220643487513	0.044953963554407186	-1.9623797656319262	0.4583331512609924	-0.14641720095912047	-0.029856387660707664	4.321177879192496e-14
-0.22216512682908515	-1.212720657036606	2.2293876009701084	-0.005262311608372688	0.08042349172418954	-0.02411126379521532	4.8158630464641623e-14
0.5273986453206054	-1.47244360715195	0.9156760057886365	-0.6931866429323255	-0.21775246386195865	-0.0010141702116957696	7.476557986435264e-14
-1.3762024364368228	0.32525091888251434	1.3869015369830318	-0.5520398848094801	0.5627319323215568	-0.0015503131273470472	1.186799915092736e-14
0.0920287096994562	-0.16674459434493705	-2.156226571804475	0.17886295022338336	-0.16992545712688056	-0.02941260947772048	1.8055284100987506e-13
-1.4832273650251067	-0.10374859205481674	0.7630791490037293	-1.3421660807086593	0.5425303597570769	-0.006801009745791319	-1.0003076245155487e-14
-0.39884186945278777	-1.3430287774308616	1.4290806604664996	-0.09974199175053604	0.0743883913618943	-0.02596007290703008	9.277502059186878e-15
-1.3004986387688735	0.13331416221159112	1.307823480923701	-0.3047648615234451	0.5040211911761867	-0.008119565954250311	1.8243378293541293e-14
-0.46363965748711805	0.17669023654582675	-2.124444744255173	-0.14785629807799727	0.04731478259081909	-0.026654443513293696	4.5057331155177946e-14
-1.137314403704693	0.6618279747986637	0.6781179901266542	-0.46135852999702176	0.482202880712232	-0.002785385353816889	4.365284151828392e-14
1.4474783193755154	0.7335165776140331	0.2112380323675321	-2.166083250267843	-0.23411069348420901	-0.013987884955788983	-1.0460203357427815e-13
2.3682070476036023	1.7925930383700968	1.7041718246112596	0.7446995600557738	-0.4210322041619638	-0.0035462866861856917	-4.3050560218872074e-15
-0.8807013810091071	-0.9035555030484909	1.1195113750249774	0.8058328442431957	0.2086666841124585	-0.028314221399392908	9.641820872307034e-14
-0.8464085379726771	-1.5705455595219548	-0.03775844195937506	-2.2686863266583606	0.18311741136523849	-0.029291409797205965	-9.093168370275337e-14
-1.7047621751367916	0.9341658103946653	0.6670929200743275	1.0369098977638547	0.6206341129188512	0.030073745479603734	-2.40777446835339e-14
-0.38026593992811025	0.1071319229125867	1.251651251759981	0.7852053025118346	0.17887075309175743	-0.027271638258131316	1.5593635404029853e-13
0.6972187237295117	1.2350395891156587	-0.3883411995976934	-0.32300332526760867	-0.07075204984819404	-0.02914072154849239	-1.0051944302178929e-13
3.4997457887979686	-0.5174815264195924	1.7296982506845127	-0.5755314913239802	-0.9340960103412675	0.16632388708546877	1.0374117385854305e-15
-1.6832759363941898	0.01513365140540778	-1.2401964883289764	0.9017656824839865	0.4035401122899275	0.0034525438186294396	7.636453730180894e-15
1.3887392386975905	-1.3562584701452365	0.4390255376953748	0.3455391267933765	-0.5276789234854815	0.03655365927412241	-5.049528859944551e-14
0.8945257904873478	-1.0524810021388509	0.13075007237622463	-0.8756300643430581	-0.32004953934730834	0.002985573471029275	-1.3435648414675554e-13
0.2745502248947435	-0.3009154205520431	0.3253407147727763	-1.1648697308062952	-0.03437508691575392	-0.025616083817001523	-4.745099067108243e-14
2.713988662875705	0.15330615301379893	0.11883313372034313	-0.43855994559895894	-0.7408114218642501	0.06359280499685359	-8.402058041929679e-14
-0.19260657030133438	-1.3177367194328162	0.1871449623373143	-1.88130266320388	0.015078793255225124	-0.023787520146063224	6.62780519427171e-14
-0.06458432015363345	-1.1098622520210337	1.9159776671176092	-0.2738421986725927	0.03732314569648265	-0.022677034380916946	9.964342235058611e-14
-0.07811741920036593	-0.08152609925023784	-1.4429016214646655	0.6770776365893056	-0.08812485064234958	-0.029851524123203767	-4.7974647506994264e-14
2.1877422724770312	0.5486893408663814	-0.41004420005549475	-0.05035088466798032	-0.5942111873866432	0.01801178522848525	5.096273323943014e-14
0.7824105821702865	-1.4948606951011325	-0.1994472327101285	2.1057099928578014	-0.47637157404618974	0.008923720959158159	3.127820968418018e-14
-0.7082942962144748	0.3727550187433221	-0.44896717721793583	0.4058132272877583	0.21917046051667247	-0.02012798048444247	-1.0983207715531757e-14
-1.9364347577969414	0.18255611026723895	0.14695657934306233	0.035192204684325656	0.6167144538710494	0.018939234404550098	1.129107200868066e-13
-0.6476732569513256	-0.5722609854796193	2.1162351410888283	0.12036501943438961	0.2634096769717308	-0.02813745540822789	-6.689319888900292e-14
-1.3543696921906792	-0.20102274305815138	1.7634064639787668	0.11572338908924511	0.4933396109024177	-0.012594266764726046	-1.3239796493501475e-13
-0.07992254184967948	-0.06320079405581028	-1.7149913400757382	0.0815806099037122	-0.07745823293588248	-0.02994800166671109	8.245877844826453e-14
1.4210650099148485	-0.7848817562642013	-1.0207774142819026	0.8915000914719506	-0.5869141814301951	0.018461525081421543	-1.09391644320297e-13
-0.7313415330640554	-0.06913393549991428	1.341515016430162	0.9421112729735034	0.26290697672523344	-0.024372943005390103	1.8868664736383704e-13
-0.24766821160965094	-0.36457385570347545	-0.2200615051040347	-0.40209312955376864	0.04895897586399399	-0.02943569526001141	6.402550026505086e-14
0.045744193255247	-0.14587272138482235	-0.8787514455595892	0.23943148079095541	-0.07994510883114252	-0.02916856543577325	8.172931064441528e-14
0.5074184289444025	-1.3310464574298975	0.30374907648349575	-1.7462784569964336	-0.190337372411727	-0.0052729809321066775	7.057938073679717e-14
-2.8833024335713677	1.1735067415815816	0.05387221478413651	-1.959590582582104	1.0905566030241687	0.12257005075790872	3.785865905477148e-14
-0.7407888750849554	0.2846413192402018	0.317977694374607	0.8283296534267655	0.2477813535286535	-0.02049942834544521	-5.41568833240105e-14
-0.25702882430588747	-0.9887109232308914	1.6333609972592036	-0.2955814263394856	0.09100028617019475	-0.02658145780017758	-1.5628368486113655e-14
1.1219613076678587	-1.1542304585090801	0.8888536973208262	1.4082653737608104	-0.4454688124994253	0.0164151264712829	-7.69234667070384e-15
-0.8048174988232711	-0.10337317368516052	1.2337551994930738	0.09609761760881023	0.30930322130395005	-0.023566946421630573	-3.057783236183153e-14
-2.527624995825912	0.7076283465375232	-0.7497367955729362	-0.5482853539262477	0.8240632521095614	0.07347718492560432	-1.3178505538620373e-13
1.0406025429393815	0.0795007566387273	-2.004016518963567	-0.24082291265119357	-0.3964039391007181	-0.016248208505281306	5.004263345528498e-14
0.003662955657180294	1.6508011273694965	2.2304860194247693	0.14494712066678223	0.3181540486314103	-0.018508614963417887	-6.273878022892134e-14
-1.4011206497366475	0.7143250237680902	-0.536279027307348	-0.27207976535964973	0.4866363482526744	0.009147458903889863	-6.031346477184282e-14
0.4752557680689134	2.368095847944314	0.14094061427787477	-1.048844775100648	0.180073816641148	-0.019474581265618816	1.0684737243715621e-13
-0.3645684817981034	-0.17852498429771607	0.6420877531379747	1.316576790972214	0.08483562958256206	-0.028742199587480248	-6.697564172371781e-14
-0.8796929283324026	0.016966726206160472	-1.0152514810620974	1.381940085715784	0.15729343338767687	-0.021125368428821102	5.0520472179696846e-14
-1.542159213223926	3.263585094257925	-1.746744440025707	0.28690584919507905	0.7193553932754447	0.11642262666036882	1.0604068164661459e-13
0.7918606324333656	-0.9623289085185294	0.9661354142720004	0.9428733395233954	-0.3050565266404058	-0.0023983596982210644	-8.75627761835894e-14
1.3350071776075674	-0.9603664789823932	1.7169538457870923	0.7202942156686257	-0.4091529801727285	0.022174096285566335	-4.83471934683565e-14
1.2511421672902157	0.36765927982776964	-1.3580323467394597	-0.6452397159342489	-0.37207828625752803	-0.014657424183854599	-1.1799489121118164e-14
-0.5674261678237306	2.0121198983730575	1.333445776368721	0.4164476284122806	0.4638692796878435	0.006567718781418653	1.801576263819216e-14
0.9582050151818453	2.076946634332578	0.2570543221877346	-0.7754362107475475	0.0004885488724933884	-0.028213291814523207	-2.1514011665274464e-14
-0.4348847206106536	-0.7543338401640769	0.5704587624620717	-0.4448055030856448	0.11126948890494358	-0.029132516934694534	6.239786283987611e-15
1.4403464473793335	0.8669174357776783	1.0238552855153935	1.0094692020712581	-0.29943849217175955	-0.01577467127969604	-9.656686579630188e-14
1.457222792593573	0.748670533727821	2.221239270947069	0.1246210645768405	-0.2089164698205365	-0.012556839422763123	-1.2798617739319381e-13
-1.0010798168143034	0.1654520651989148	-0.6192823534975032	-0.5573327599446937	0.3130970046179555	-0.0161937454617619	7.612944841602197e-14
1.7681214246942114	2.684199793194708	-0.7695169662718387	-0.6186900616029486	-0.2413600876987795	-0.028264577890246063	-1.4762584249861114e-13
0.34969602986955695	-0.6661460734602356	-1.7305074709874047	-0.3199263709447803	-0.25359768759833784	-0.0219837123160646	-1.123777193445099e-13
5.034745532762943	4.763361714272327	-0.20540013560935888	0.5462814601767247	-0.9908005127302879	0.03702734102729358	-7.878951896956691e-14
1.5448944503563173	0.70815751969638	-2.257658655974977	-0.11666632002551432	-0.497514145639549	-0.012664154576550799	-1.4317060758714234e-14
1.7603398830487638	0.9130788945024172	0.17979042305537404	-0.5777458890192343	-0.37375756947753336	-0.007795445473915694	3.661161775635238e-14
-0.2448398984132028	-0.7150670518263641	-1.6427247350546226	-0.4488839846632574	-0.07308626481054936	-0.02935778350647254	-9.76436561603106e-14
1.225449554096428	-1.5240867037553865	-0.6563345200976191	0.21116526125071475	-0.5580568456506991	0.03168806212165787	-6.526995194859428e-14
0.03507086399558806	-1.0438849136837183	-0.40646349812006755	-1.807968090918717	-0.06111801912152703	-0.02294114935139929	2.868318420822747e-13
-1.0182199433699295	0.4929454717074894	0.34681983775083924	1.2502288874894667	0.3378572622597533	-0.010119486060450003	-8.970904519470013e-14
1.2131041557803826	-1.540942221212403	-1.2801650887227005	-0.11951927427525505	-0.5800792404102288	0.030884969247912054	-1.6589166014617445e-13
-0.194914549650006	-2.170516043687121	-1.2167934185935922	0.36947046099491426	-0.2520429346692866	-0.013239359331980038	-6.381526622870255e-14
-0.6630211106876911	0.01368547505951513	1.5639712078676056	0.2397669164180322	0.2937873072576923	-0.024587712745741945	1.3831322858007297e-13
-1.1543967860684288	-0.7580149173442927	-0.3540204902449578	1.5115878081964533	0.1885939895280438	-0.02463501982136792	1.3097257959854988e-13
-0.1609750919763158	-1.0961042486308976	-0.7749512860764344	-0.5916885838164082	-0.08102541664893158	-0.02588167384358342	5.437356260445365e-14
-0.026660513144165683	-1.2951674706472192	-0.9891370014119126	-1.0860711993343217	-0.13446123645813618	-0.02166402410758058	-8.282702462374968e-14
-0.2601154836457374	-0.9725994863550761	0.9957153960320775	0.06475576209449081	0.04064484508031375	-0.027043086606352407	-7.81293991983572e-14
0.13092931956199122	-0.6249990241468429	0.09052522290482166	-0.6091760951533804	-0.06379202398407087	-0.025132271729461506	-1.2615185709807983e-14
3.159572147531815	1.070728556810122	1.5134539440901011	-0.155851614558109	-0.7019162996155907	0.058636471630533954	-2.7958250248499984e-14
0.7678452067367851	-1.4794632676628894	-1.2228716744386368	0.948211641112472	-0.48433542790171785	0.006963427800933124	-1.3868628497687567e-13
-0.197967480296225	-0.8921381065834066	-0.8664243262857059	0.10524590891092095	-0.0822600094373978	-0.02781679125067831	-2.694136839032145e-14
1.1915870419933816	-0.4351451995808738	-0.6158011120927791	0.3854122756017306	-0.4379036238677791	-0.0003970870840876942	-8.424713039261904e-15
-1.436434592028816	0.23494077879594447	-0.32471105590673893	1.483516554346937	0.38477587112940376	-0.001128197594735351	-4.6178809538514766e-14
0.3645798405562382	-0.4456893599096872	0.46291710122182156	1.4864724244179244	-0.17704567608274382	-0.0228499642098899	-1.7361157662374394e-14
1.5326412298226824	-1.9830844363527513	-1.4816558425269708	-0.6835536461750665	-0.7079281587909623	0.06755374351094451	-2.2903926568929762e-14
-0.2759125469090013	0.04650436354137174	0.11401110940767983	-0.0020359340811625074	0.10549727515698461	-0.028608935891900406	-7.30460998179331e-14
-1.3857506960292156	-0.18026257841596577	-0.7422120967490898	-1.542657788752891	0.4230693511862916	-0.01128954903868653	-8.950528781575363e-14
0.2928344848532515	2.1229763013221223	-0.3707153462404703	0.1995012141193173	0.12570280987708332	-0.018779141401757793	-5.638730727565997e-14
-1.6757068820895544	0.026433961037208846	1.4304669990232766	0.42676275427671134	0.5818776168802002	0.0030123241508807786	5.246368219312516e-14
-0.911097667925065	0.44666409568381676	-0.7628117574101079	0.059668570007686876	0.283203114126163	-0.014055278896879866	-1.7739806956751993e-14
-0.5700901068516693	-0.044018575671103455	0.5060027905665446	1.5723334651614815	0.14180313495130706	-0.026473764867792248	4.010291603502225e-15
-1.6451073697244731	0.9108557975691712	0.3678687401807889	0.23474508866755397	0.615103354581402	0.026255227985255942	-1.1486675575749348e-13
0.05164512337917603	-0.013179634576954926	-0.13705767704354926	2.2169840490992425	-0.10409883577219535	-0.029159991380799898	-5.799910894698934e-14
0.7104567894498208	-1.141970168975542	-0.391938107458694	1.6328351078399748	-0.4100795493460993	-0.002667462727689819	1.1535657684247274e-13
-1.614687612934989	-0.41453826579333153	-1.192215858333119	-0.7673460649294804	0.40694951277443614	-0.008527663481009414	-1.3046413278296863e-14
1.333905121091642	-1.5771209235326769	0.5262453287451617	-1.7751671359964942	-0.4426345564538583	0.04125191715300414	-3.448322245811504e-14
-0.23798470883626657	-1.7407805500110116	0.31694174026112254	-0.8123773562406109	-0.053033681796627014	-0.019762691980383888	6.131310454354401e-14
1.0931520487530029	-0.8446916550354014	-1.7694188074015087	0.16099983458575062	-0.5125241264922905	0.004358177781212622	5.061217547486293e-14
-1.0823277127806856	-0.14055596947996107	0.83125802661681	-0.853021350706391	0.4027520888185701	-0.018638266300942348	1.3913660753077968e-13
0.6659475241809393	-1.07591147099414	0.5514871060096352	-0.6599572557366201	-0.23934717296014743	-0.004820643062296817	1.310714788060685e-13
-1.1848549508530584	0.8532663897893777	1.3379254710312158	0.8605814245184897	0.5028257303807082	0.003309593997761629	1.0811934839624924e-13
0.926190223912169	-0.7245487506031122	0.6863086990371371	-0.9700525202114225	-0.2573210227456244	-0.0027906532535576754	-1.0091379769524186e-13
-0.682498089790845	-1.6289265861803657	0.44780150975615873	0.9318524829717085	0.02610315414778596	-0.02778872114441717	-1.057170021476738e-13
1.0843332305095712	0.36963782282688423	0.4045776821494204	1.7404461184559383	-0.3152066763311595	-0.017811597317456594	-3.836412984760293e-14
-1.9128771974730905	-0.15190148395763362	0.8862413235485801	0.9146389021365627	0.5806716570794833	0.008475814596738327	5.805003855368347e-14
-1.3648027052380676	-0.016559711231706586	-0.6083292586755368	-0.8295751976381635	0.4135725624895878	-0.008869938932412147	-1.6029863346827167e-14
1.4050253801246075	0.7932607351415332	0.13363166996781123	-0.13373567642763715	-0.3033653934598877	-0.016165341373209546	1.4260994388900694e-14
-1.4208073986647536	0.0395700748048019	-0.23649544259978242	-0.5254818106437998	0.4462889252140821	-0.00591978714350324	-8.953087975089036e-15
1.0004045671675794	0.4688732922618736	0.9187097442729001	-1.3651231688404415	-0.1216047724270771	-0.02054678969408185	3.5097072860161354e-14
-1.612358831809804	0.8680179726241481	0.6245866605532607	-1.310072558516979	0.6792631853855556	0.023151456106653947	1.0116714899003538e-13
0.7770483010638546	-0.8479809573286498	1.7626960287568714	-0.13561205683536195	-0.19653829696793784	-0.004656821563007603	-1.4006746507124944e-13
-1.4905357840685658	0.7055829578060923	0.5967753835765486	-0.8415122337710584	0.6037043025385561	0.01264423589654123	7.565651719412059e-14
0.5618316299729561	-0.48421375533601313	1.1966213246482797	-1.0426718823976597	-0.09134866403681335	-0.017712118290638987	-1.8766521842008692e-14
0.7866739143819212	-0.31543510083182497	0.1907257388362332	2.1428730586349167	-0.3303894892590484	-0.015325667736107565	-7.261617286392293e-14
-1.3596528418069949	-0.5576746671445325	-1.6692646920777678	-0.506103153617638	0.2757460078561246	-0.018223657297004356	6.808601729277715e-14
1.825957039285994	1.5343779848741514	0.013147725807703348	-0.05281678135160677	-0.358262698328115	-0.01661320580623719	-1.663780188407864e-14
-0.03138864302818394	-0.737228089886884	1.5385833680817362	-0.18177398087365537	0.0411928996164781	-0.025681927152010123	-9.677119786430095e-14
-1.1830600949305439	-0.6590283323028144	-0.8444299644752676	-0.8687785724156123	0.2762979675288765	-0.023189761119347695	3.2465604871999646e-14
-1.4192911332357214	0.22678893425736812	0.8517675905309989	-0.3206948927054244	0.5232331774325543	-0.002086316651931499	1.0400118034269554e-13
-2.531872697251504	0.9219432950562655	-1.6031209486145344	0.26339850897740874	0.7650895205575775	0.08361495748167969	1.1041496768529766e-13
0.21009842082251962	-0.5868842928183114	0.28393297022040126	1.4921433899969097	-0.1576924339238998	-0.024189030737232352	-2.199751977114981e-14
0.06315960409189623	4.207890879042246	0.1423445029010663	-0.9953408756791378	0.505027317385245	0.04132955918529158	-1.2413625723811793e-13
-0.06882651255822758	-0.4412318646026674	-1.2358405517172402	0.3833050178387304	-0.10529795118050038	-0.02904662826304529	2.6760874968203104e-14
-0.32274789863575976	0.07950414587474364	-0.1362214722033397	0.5965938412906187	0.08341095173523018	-0.028243680993065144	-3.02277935979366e-15
0.5759801073019503	-0.8326640018268411	-1.3114631163402801	-0.22899489915089508	-0.31646241037786166	-0.01376661070812936	-4.1065498211170805e-14
-0.8257724676883019	-0.6798126803680943	-0.9006188402871081	-0.16612640777927035	0.13560688946937938	-0.028204047321778017	-1.0900472920914741e-13
1.4983771970725455	3.3163998101945587	0.35052038529954427	-0.7399910636012077	-0.020836495429454586	-0.026410527572513703	-1.5217343563787436e-13
1.330509559373462	0.316057539897951	-0.6322982016473224	-0.06923950329010067	-0.3809962121630802	-0.010929835659525032	1.1551263554898071e-13
0.8709445462884108	0.5584237656143736	0.2305630762984026	-0.09677749490091435	-0.1672167745578683	-0.02427203385620371	1.6591102884088674e-13
0.2112125194775939	-0.5224596608081908	-0.7396684341361905	1.2037871442313057	-0.20060056267013268	-0.025332044366506323	7.637996048641414e-14
0.41798851318053803	-0.5230124678247966	0.9496586912121966	-0.5976997027192232	-0.08630635820904778	-0.02058746567905247	2.787390826497799e-14
-2.199154641915978	0.32896985597281014	-0.01620649447667786	0.71684047970652	0.6743672122579739	0.03758160291231001	3.520741467699496e-14
0.6386809805653719	-0.8925040502589416	-0.052486302576383786	-0.8584179558219224	-0.23990735698155266	-0.009833528956615158	-4.001846552457499e-14
0.17543292529494017	-1.3149311696102106	-0.30607585463048453	-1.4866751547019135	-0.13855087782139064	-0.01620882002439058	-7.527297904550699e-14
-1.0935203091117476	0.7718328679000468	-0.13004018857310126	1.3548300077425441	0.35829666099548224	-0.0018703902639385143	7.038114038430488e-15
1.5779053758281616	3.2600565494351086	1.835181476978123	-0.10089221561969186	0.01211917645229413	-0.026981715460901085	-1.2553582078782224e-13
-0.5464001767009173	-0.8756215665535141	-0.29158835897513297	-0.8879454023584988	0.09767821684522489	-0.02956723838353785	3.862098879564757e-14
0.62218107530562	1.3259696394573912	-0.38199765842569144	-0.07384789937596616	-0.04853158180137385	-0.029016542767160515	-5.24940681654273e-14
1.1297891608665838	0.9730846200241241	-0.7598306160530479	0.7438023537969908	-0.29275307178158144	-0.02458212497527229	-2.16828383055286e-14
1.5062069947251033	-1.0610637164168986	1.2504795990275062	-1.0305286932257676	-0.42562436279797394	0.034221373920082974	-5.921989776945913e-14
1.040241347273992	-0.9965822118585668	1.0703283564030883	-0.2569487761387222	-0.3257308026924433	0.008592035538547075	-1.1401051982229306e-13
-1.6863316376633866	0.5391259307095966	-1.8752734726416382	-0.4054294333959361	0.478207739817546	0.017726182904330996	-1.0220846705792511e-13
0.42478654001203087	-0.9129630461178001	0.1564143914960359	0.9211448914959187	-0.23991943792368986	-0.015600775318081373	-1.0553848953928711e-13
1.260512357996327	-1.2563067348126686	-0.21717012011899334	-1.8659632941994346	-0.4284596722256168	0.02550553833794536	-1.4011128708965675e-13
-0.001025602949903943	-1.0294659266736454	0.43168259548949	-0.5688368432887306	-0.04959374469008304	-0.023265809797444505	-5.498961791689032e-14
1.276552779178067	-0.6137864869121039	1.5045817686528529	0.12876570769460244	-0.34396987497778775	0.009428701081507788	-1.6600689558174395e-14
2.083223201481336	-1.5133906632688898	-0.17749367210182695	-0.021253561825869075	-0.7670113242758216	0.08956873086117025	-6.457385639904279e-14
0.7916893056073603	-1.2987939596609785	-0.25519977114614756	-1.417776657982454	-0.31700249993314455	0.004413935874601647	5.762382761769342e-14
-0.15218460176095597	-0.9272057323216382	0.8926299090781665	1.4599494891254703	-0.0497518737379455	-0.02619779293832249	-7.5354122078418e-14
1.3881403354468893	-0.34259108985327735	0.26783957761520577	1.6301091676768924	-0.4836248648981178	0.006104524831681386	-1.6768769754387789e-13
-0.04129363669183148	-0.472639915723723	0.9951171519641109	0.33296379449616176	0.018919868458993558	-0.027672877119248047	-1.0232986988695973e-13
-0.13880152447576835	-0.3258235965821911	0.9861555083252681	-1.3882544349776003	0.13370522439627075	-0.028723653003784794	5.3462597814863717e-14
-0.42113272804840385	0.11986224305022657	-1.2350029810136214	-0.32373000770168353	0.08898090383802013	-0.027386131696001792	-1.4637399333519535e-13
1.038169815061696	-2.1711537586828267	1.020630338922463	1.1520196489007741	-0.5096410273395059	0.04512207903802799	2.2435820983461227e-14
-1.352329278432936	-0.176286291720741	0.48230548862862155	-0.3372648692123152	0.43734630418803505	-0.012221798142484157	-6.663671293005516e-14
1.4431948309113836	-1.4170651257424647	1.0147694848184068	0.7320712415338728	-0.5312024370324965	0.0425712329702755	-3.2298641669662215e-14
0.46989649543465606	-0.5217865929660307	0.5087398375085518	-1.2453928913298107	-0.10126644879383889	-0.01976573636957582	-1.4983621553766104e-13
-1.9370030482231821	0.40197016794469337	0.20600348664995072	-1.0270073932345765	0.6884244859922428	0.02556512550296188	1.4627031619918156e-13
-0.6677317357482315	-2.109729342968746	0.06732088284878975	2.265641896597876	-0.10753096396249512	-0.024183985594448173	-1.471817346249209e-14
-2.5036648186344914	1.4186616317075367	1.218483040725032	-1.133450725429925	1.0386322233930803	0.10253680989977976	-5.2812390004743253e-14
0.6575605861105287	-0.5365979068728792	-0.19576520757755536	-1.5226781449445244	-0.18879860646017135	-0.015475163864415652	-1.8807359417194126e-14
1.0155880036505727	-0.5704480447108932	0.2835346349158404	-1.6047355768761784	-0.26518531952459634	-0.003165706586997238	-8.866872534942571e-14
-0.7469212480021368	0.23783776763617268	0.3198747386666854	-0.4138023554967762	0.2955911422116007	-0.020953360239786153	-1.731161075632187e-13
-0.12183346375575069	-0.5770868182896729	-0.19539802372410905	-2.0067805821782625	0.05615647051835766	-0.02836234268975726	-1.2911423076610465e-13
1.6099712742741161	-2.1878276608157576	-0.9811937491274462	0.8129300630467612	-0.783002798964444	0.0827663458134178	-1.3999118367611033e-13
-1.1205775672915774	-0.6365405479682855	-0.5939872296078301	0.17368381121640264	0.2323591532453944	-0.02400935308456923	-4.2134882785285823e-14
-1.392921226714282	0.42177095226004097	1.5741914509485904	-0.2198653614517558	0.5759782840358366	0.0012421773747198332	-1.1018026206486805e-15
1.2741887744826192	-1.6225755467470122	-1.0307862151531755	0.3360420671804484	-0.6101444787487643	0.03741987043611203	-1.1243065603573289e-14
2.1666646919150705	-1.250038019441054	0.19001533586383587	2.1714154546017017	-0.831704148133181	0.08430713330307024	5.766030195847874e-14
1.3266799200001687	2.1616300178680663	-0.011553276925804365	-1.515338302368873	-0.0851444583683543	-0.028618289512372694	-2.4879673133271013e-14
0.909549818626228	-1.0421974199900974	1.1033854898860036	-0.6198702094576733	-0.27553095982987974	0.004221055026146921	-5.363970402449358e-14
1.607299744956972	-0.7404568284488814	-1.7610618447597224	-0.22569538342343606	-0.6349569167743291	0.025999423126196422	9.66768011821276e-14
-1.1267390087401155	0.02101051882602493	1.4215886426655828	-0.2827753005028901	0.44566452752289654	-0.01513631785669468	-1.2524459865203398e-14
-0.7672516891570291	-0.0494136467027778	1.6401414426095653	0.7629967435002759	0.3009798380659425	-0.023579455495923794	-3.369085768090252e-14
1.5764176957133975	-0.4667926608450629	0.8781349080751942	0.7022193658077572	-0.47695416250614836	0.018767249016781708	1.6081534571663933e-13
1.303338176505476	-2.016241500061754	1.0254622654108132	-0.7013243503931184	-0.49389505430266184	0.05633092178753243	-1.3554351502462693e-13
0.5502553050513699	-0.5618329789658195	-0.2064394418910195	0.13804340499107529	-0.22882071638652515	-0.017884620672144233	-9.423017806352468e-15
-1.000675970863869	0.5646523609694242	0.013388991874330847	1.57414605935837	0.30724805957670276	-0.009307208328353158	-2.7931100553257806e-14
1.8749082630404068	-1.7878573841175527	0.5899825559847358	1.556558511202434	-0.7541529988649442	0.08699878336946354	-8.556468153038504e-14
0.4107632620211729	2.035391765077359	1.192510860079595	1.178859867240947	0.13438379910860832	-0.022063076191368568	6.74119989363397e-14
1.1296806020919892	2.7017475738534005	-0.14638040236237942	-0.3543463966222484	-0.02388649214183015	-0.026652446729551166	-1.2085645323534493e-13
0.4999679098414289	-0.04465209690470612	1.9670343091575166	0.4461320267619871	-0.04099253362467362	-0.023603610267685746	3.018215517483041e-14
1.6454896281869864	-1.1507978429502155	-0.0267272973512534	-1.5950124808960247	-0.5289041324924761	0.04418896442192434	8.808096723192205e-14
0.7712360139626088	-0.9174241758828144	-0.3460291200119168	-0.8303035164622439	-0.3001179156842643	-0.005142363155613557	-4.75315320124374e-14
1.2072328494749198	0.9122520195375665	-0.24347739832825116	-1.7242443130599008	-0.1898062695352595	-0.022288411352376542	8.717478051066275e-14
0.10011694774005826	-1.09071285572942	-1.2952658993259314	0.1725684101745138	-0.21984825552519843	-0.021743847993619256	1.928905176840261e-14
-0.1890837605596571	-0.4951207782260799	-0.47331549006273516	1.7457102273230887	-0.08583640325736938	-0.02922359756618707	-6.654038123019139e-14
0.33184229026059914	-0.8720785931674978	1.8076907531260311	-0.058833208767257394	-0.06905778224010568	-0.01737972661164846	-2.84977033804406e-14
-2.2307524589995484	3.0620612850110414	-0.47670096100101583	1.7472580731722678	0.9222603476712371	0.16681875357447504	1.0604169724426939e-13
-0.7753112157833634	-0.5978527914134464	-0.32746521354492264	0.9376767845177592	0.11856230601773902	-0.028062110778929075	7.604077012762664e-14
0.03173955465018621	-0.6044761398118367	0.5378963404186464	-0.4550671859813936	-0.011873044634841174	-0.026375706440503983	1.24084848109904e-14
-1.4517067102577725	0.5410065947221621	0.23502933761037828	0.744523958861935	0.4870477145655297	0.006713577395462153	-7.625196289708138e-14
-0.22417991268892837	-1.3961285828285142	0.6934417048721869	-1.1971887858867085	0.018211665817039712	-0.023257952879214196	-8.213613079764182e-14
-0.10445866869396322	0.30210400023351713	0.3182979424143133	1.3230139662848448	0.04026720944309762	-0.028605193352506084	-1.0618857480956232e-14
1.2466591636499493	-2.320030530510255	-0.7276915290806588	1.5915463338048896	-0.7085348074309398	0.06237277081004005	6.921143468841399e-14
3.573599398801671	2.03693276834628	0.08011621348208349	0.9141178544899108	-0.8507103098286727	0.046602477804376825	-9.332386987463321e-14
0.369607557637579	1.7772254829065046	0.2886670150361705	-0.11562076970566938	0.11743533453911602	-0.02412185142801116	-1.2342842419482965e-14
-0.323732626685711	-0.197506267382245	0.6157108308985278	1.2435363324764153	0.07209307116746477	-0.02894783654499472	-5.4880943635224605e-14
-0.41967850117699057	-0.578991155159532	-0.5053448359319449	-0.7033436155317702	0.07191767714129421	-0.029610707663273585	8.323705690455808e-14
-0.9900741851361254	-0.530998628641837	0.6402043676166496	-1.2092007874568227	0.3357489345258107	-0.02484032058970093	7.990899005374806e-14
-0.22845154183095698	-0.8978467353766189	1.7071954807404994	-0.3310849118995364	0.09824096223014017	-0.02679267050363715	4.118042367220808e-15
-1.0274966429608343	0.18381724109366862	-0.6251767356704208	0.5549877222605897	0.27698175071262493	-0.015209552019220161	4.8252637569233896e-15
-1.7343421773074779	0.023991173277562224	0.795012743584011	1.0640423528049467	0.5349918939224694	0.005430446563364284	3.6609437969960475e-14
0.26957663891654166	-1.1816168122725983	-0.21722040257373684	-0.5164209351771202	-0.18644546635304116	-0.01575627952560991	-4.1083554931776164e-14
0.18373969402540544	-1.318726724527402	0.8357453689980732	-1.4331137653408494	-0.07515233200224711	-0.015115295329010296	-9.75304226991607e-16
-1.1301029216864193	0.19521267558500432	2.1519492652549994	-0.2521235620539058	0.5082817741017117	-0.012161981206515671	-1.822046018094368e-14
0.7763138541999717	-1.0202274886997573	-0.704084605807851	0.5315742572052822	-0.3899074457146479	-0.0031169118631843157	4.4000073893131373e-14
-1.493485209947436	-0.905074702985556	0.5773940620969239	-0.5056987253532408	0.4120710976996358	-0.01983074065514868	-1.145699622382347e-13
0.21607239195618577	-0.3524166322632684	-0.6858555724787109	-0.13095744105467932	-0.1257222176349846	-0.026555309357124874	5.061815746771274e-14
0.5860309063609005	-1.176272329164481	-1.7267828034457664	0.6250321280548993	-0.4159719333721546	-0.007453007630443688	-1.663445042146544e-13
-0.35534435475914017	-0.5843383804484635	-0.848257484006651	1.5713350546793832	-0.06162793275661971	-0.029727296513127104	-2.2681270476225505e-14
-0.6531011700486477	-2.324863109698326	-1.0010581557656697	-0.8480575173999652	-0.07110453911162971	-0.022166525676660914	1.5125613671397354e-14
0.4306066193819215	2.02410532949142	0.8875557664752567	0.948635497579786	0.11843277552853723	-0.022573568716775218	-5.73283695840469e-14
1.6639995632323854	3.2287447336604735	-0.48793749583724605	1.8211752277967412	-0.23487522225833063	-0.02829614695669562	-4.348100793655236e-14
-0.3027273559730853	-0.03726311365656805	-0.2730561315460932	-1.225292581697959	0.13138232902881367	-0.028856876925745695	-3.890589968106441e-14
-1.0198951252522936	0.17722274267186985	-0.07221700214858409	0.9825846847514311	0.2895416888343263	-0.01550097864513374	-1.0587797718120443e-13
-0.45255077792550114	-0.35031445228472097	0.39504062380693516	0.10064384839905376	0.12738200820845674	-0.028907137584687752	-6.658271391537273e-15
-2.124840797489739	0.46205815929713717	-1.3134725332701709	-0.2732831468922799	0.6298416562033311	0.03837524231232865	3.007508091652994e-13
-0.7671471566568585	-0.0995176653724749	-1.3882019752657955	0.2504173602042156	0.13516137250306903	-0.024557000896745337	6.32739348981945e-14
-0.8119740688928707	-0.6917641725463768	-0.459299185403425	-0.0001239461372651895	0.14982914486341153	-0.02827371394509771	-1.5579663418165726e-13
-0.7839816828452546	-0.7146298588793784	-0.19932482104373223	1.1406913674778711	0.10777268334337863	-0.028539331913956686	1.8202023628813254e-14
-0.21924296786708528	0.2086958731178156	0.42154804397052614	0.24844426159206368	0.11445553201184863	-0.028239905115712585	-8.46942397700201e-14
-0.32072533311435664	-0.4494168396297974	-0.6711808711650307	0.8045038556192332	-0.015172340424908204	-0.029659850757679195	-1.0432948188374417e-14
0.70320073434257	-0.07696599146337074	0.6973762712480153	0.6186714289632732	-0.18742386336411374	-0.020275540127963086	2.5434948120574364e-14
0.5080473619240051	-1.4084816041113521	-0.200280275511784	1.4481250206731062	-0.3601205774375064	-0.004151823444281327	-5.953354257824787e-14
-0.7739521623256268	0.3515621372153423	0.6934308161851362	-0.12642937978899169	0.32667589062991487	-0.018872035287351308	-5.1247630757932755e-14
-1.6435507765714872	0.38365116122323684	1.2789500515975738	0.10084846042381256	0.6160944262607854	0.010694442671146786	1.8524171458944884e-13
-0.9897637273250665	0.986915438465169	-1.3994540469846395	0.5444201746732346	0.30825658241691944	-0.0007667753537278346	-8.721173860006944e-14
1.3166813553022982	3.4326336410443026	0.8569608022042364	0.9935910550211986	0.005006657964891196	-0.023021118806920243	9.431135223849957e-14
0.4416688609659193	1.5762061343875928	-0.7855891520256072	1.3129170389776659	-0.04889415533566488	-0.02689732482191377	3.8848601318907206e-14
-1.060844290447741	0.19427313315048342	0.9942679916772209	0.5586208449219301	0.384898603746605	-0.014110316723704025	-4.943352444366766e-14
-1.8818355805537077	0.1959099239387747	-0.5274838575234422	0.7030361808965107	0.5340058132366582	0.016875555406058198	-1.2976911928687993e-13
0.9210878190293165	2.6581235660705684	-0.5888215759259102	-0.7813142600105988	0.024376465275236934	-0.02446179591487699	2.24330249773044e-14
-0.11827501346494688	-0.7126981691936536	0.15787599358712565	0.05014077598935536	-0.022797379924802446	-0.02753394612450109	-7.72069099861899e-14
0.466990778290491	-0.7588400182325813	0.7823693917321397	-1.3713904809840942	-0.10419745016177605	-0.016350596307578062	9.543543099439713e-14
0.38608385830667113	2.05131832709297	0.6018899131094148	0.3534267796448565	0.14199216649499766	-0.021508718367592456	-1.4148122213451352e-13
-0.5091546144251432	0.1627201123381689	0.14269485476913987	-0.2663997863344411	0.19996581294859436	-0.025717537385708703	1.5330148419073851e-13
-0.3100776855976626	1.8598018310302193	0.5457549042036226	1.063694140526429	0.2962278501339137	-0.006393274376944463	1.257156857526355e-13
-0.08882367205505164	-0.08840232427462053	1.5576435599060139	-0.6660317177202251	0.1491962189988467	-0.028687772038918567	-5.98119630998568e-14
-1.4207453979248386	-0.1978232546035618	1.1031533182269557	-0.21259581243354173	0.4874725536413728	-0.01059088368395046	-7.367834091722343e-14
0.05080760325020823	-1.4461193481573313	-1.190823633038669	-0.1899516179172123	-0.2222580747922071	-0.018074205571255074	-6.540188360007003e-14
-1.283963525801074	2.5988651559679234	1.9703226880126798	0.3664097458041538	0.785241219051417	0.06451172162103727	3.580393150383399e-14
0.9940397731382714	2.554578174240807	0.670757143183325	0.9852080782151612	-0.005686777354776239	-0.02599693246404843	-8.836667697541091e-14
0.41044024184129224	-0.09939680882963604	1.538247154361178	-0.10649958707135367	-0.023513976266997506	-0.024705331177348314	1.0083284286457743e-13
-0.327534323816134	-1.0630439870592931	0.4086961071633811	-1.2143540776226691	0.06812902788187611	-0.027469322192185692	-1.3568926353876354e-14
3.4462820201097197	-0.8252319010094565	-0.5696181279651518	0.7836003266861998	-1.144181680348259	0.17550029622154165	-1.5799209456133411e-13
1.2160793561117897	1.0889735672005068	-0.32835433293107436	-1.4115578885924598	-0.19136632941763218	-0.023985988737803304	-6.263994562288127e-14
-1.0763118213335614	0.760344001765805	-0.4601574861496799	0.6094337582780899	0.36271385953309665	-0.0027225906768239623	-9.732960123459584e-14
-0.2818423650844674	-0.3112752794678104	-1.3509455991144788	-0.38815467091058053	-0.0034730474729584575	-0.029849131266939527	2.1138001700276217e-15
-2.3759327909325405	0.6879936296854201	-0.45103024074466397	0.6500420258646508	0.7446360969792163	0.06210297142479988	-2.4391208571920566e-15
0.03236694730756957	0.22694488151688152	0.929895266163755	-0.1950990879612595	0.09054278117234535	-0.02889839187549683	7.706914895194178e-14
-1.4836626309973682	-0.3900325924023702	-0.9708928813738118	0.3957210366171131	0.33597967396165507	-0.012139281293618484	-5.521430386676193e-14
1.7618579144518187	0.571701623212607	-1.1906081742131818	1.1759576565423333	-0.5646508473825296	-0.0018401897598193761	1.393826802947525e-13
-0.6670867599278876	0.28258178496943825	1.4260883403190256	0.3993767496408347	0.309569134758843	-0.021843106061149774	-9.588679220482859e-14
-0.1823337514498701	-0.0985959018870921	-1.754742964044459	-0.17351135048659658	-0.042884302734754215	-0.029908632359434452	-8.046791303334627e-14
-0.889825217086017	0.09628350248882915	-0.3068180674404464	1.6829503574813005	0.1990652432936081	-0.01981991542991119	-3.574645093566698e-15
2.909364913249657	0.49585412313181176	-1.3495967747312116	-0.22432589483653564	-0.8584803599595081	0.06119286581495537	-3.5246206990773265e-14
-0.8187194790964086	-0.6288277459199481	-1.4208550539228955	-0.8508769104414621	0.13601556905203377	-0.028099517917657194	4.5789375473267916e-14
1.7339946394436625	-1.6844678763950982	-0.7370309725699573	-0.755825276355979	-0.6873744327014837	0.07025393428101093	-8.904795579593342e-15
0.6486931774033682	-1.0293647459816675	-0.46386077410973975	1.7391007597522987	-0.38871453313864374	-0.007277130912297445	-4.7143876475160406e-14
0.28961498707066663	-0.769125862794866	0.974053219985185	-1.3976506255562062	-0.04062993184362336	-0.020222601391545674	-9.006474657944814e-14
0.9787556841039947	0.6807653254948642	1.4683434773472694	0.3669713151400952	-0.13068208490531133	-0.022968675643175587	2.6391142942379205e-14
-0.20370144719227645	-1.4053485712556502	-0.3670888282218734	0.47958260210479364	-0.12120137272826335	-0.023476108716344764	-2.5583704743202058e-14
-2.25658930114486	1.285108268432872	-1.66921400330283	-0.7128877075686868	0.7586625478618827	0.0793934141459205	1.454674778442951e-14
-0.14440940079784123	0.43007250798665797	0.3935117150621401	0.6500839642915598	0.09815935288778335	-0.027783464330321573	-4.565662926306916e-14
1.502436450492329	0.3261416549293216	-0.5650116737781213	-1.3008157725506808	-0.37566907072328326	-0.0053870155881798635	-1.0430109391051749e-13
-0.12196791156041253	-0.13923007210686575	-0.18203792304581234	1.5637038962343677	-0.042262707478118215	-0.0294052921564314	-5.1625237821444265e-14
-1.7773913024565318	0.6448297176231421	-1.6233882349354396	-0.045664507696062416	0.517657897571555	0.025429059258483735	1.6372843556570585e-15
-0.6255127877213543	-0.9564520397848594	0.5264731932784258	-1.2613948910929897	0.17667475938276805	-0.029298066278666827	-3.3704193828258885e-14
1.4225630921640986	-1.8842588822425643	0.08657440404201908	1.2018352617191446	-0.6490904027222915	0.057804546569292	-1.717763623492311e-14
1.4091528375624889	-0.7875121849863692	0.8499130943216885	1.3776081518116443	-0.4914979623835055	0.019830965034238545	4.890484569767833e-14
-0.5772875015328092	-0.8489426291242821	0.6189879803513169	-1.2266662061327867	0.17816312981019292	-0.029247594640218273	9.214569104264967e-15
0.8473460294288139	-0.9968163312550311	1.2421249206537464	0.3883518941388142	-0.2856240513558916	0.0007382168956353377	1.1380449370161195e-13
1.4749673453361818	3.341412687711657	-1.108112259801427	-0.40321975399001675	-0.11234702860227372	-0.02633426918267056	9.618805401257707e-14
-2.0176569372314512	1.1228983004914965	1.1339660729466072	0.3285863672833677	0.7931049967809614	0.05496790709742112	-4.11196731122769e-14
-0.2964953041895815	1.8459955006381021	-0.8365622955985969	1.5536323167487056	0.18777661359602713	-0.00703241105340229	-1.1991969768158166e-14
2.4349173677719307	0.15093487330291902	-0.06382106589922121	-1.3773444250800437	-0.6326268560292104	0.04524441345586202	1.1488312360194682e-14
0.8825708434359252	2.121339305285508	-0.4855313825480149	-0.47573739748472993	-0.02903756061769254	-0.027763020793839664	-7.801628629630797e-14
-0.3053105448074223	0.05970542442081627	-0.09983521972642838	-1.6779114099362755	0.17164329151460286	-0.028421962121294553	-1.408856980907901e-13
1.0173001456956643	2.444941032118128	0.8775352166358791	-1.4176899112832475	0.08650099272521489	-0.026838616436870688	9.521879188819293e-14
1.60575400950627	-2.043098659597729	0.4294660804263942	-1.80584783509037	-0.5745667525616017	0.07803022539481784	-5.284741217646034e-14
0.1631795301456424	-3.778214641069763	1.4137147387160003	-0.663349028778347	-0.3261340803129996	0.05056299735146562	-1.444555608332199e-13
3.135998237476732	-0.202395938054372	1.32436608657353	1.1323251579967344	-0.8916931007779803	0.11422420610601383	-4.7139756250987224e-14
-0.6321312743627512	-0.7381276166154328	-1.522783032823972	-0.8664896037881176	0.06332807989065962	-0.02979454288468815	-3.705759635089664e-14
-0.10009841432461189	-0.9748669786623898	0.025970524743256427	0.1734044817210491	-0.06934225594347024	-0.025587996409649465	8.953805533237956e-15
-1.948434735024194	0.7116763647365469	0.5951205849796445	-0.26379175741461136	0.7183306737236128	0.03614637136267258	1.9592603587139264e-14
1.7064135457838765	-0.8195239281216892	2.022293496250597	0.047699928918538644	-0.45638097522681587	0.03833901848889434	9.207440283498141e-14
-1.5059061080365046	0.47370520346582784	-0.7581074849879724	0.7387797150690129	0.436648998325593	0.007474695691212019	-1.0891065064110785e-14
0.21092091540119262	-0.22752919752519976	1.1686446842068072	-0.9264558647759475	0.03302479752289438	-0.026477951403501353	9.04161949222724e-16
-1.614885481980696	0.13383945257546656	0.6788209569581078	-0.8263062407382797	0.5819737566994839	0.003265744326608806	1.537674641303825e-13
-1.59808342643741	-1.1909465436875333	0.6131276374515693	-1.727449775572284	0.46422691776332836	-0.021267007937972014	-6.712022830229509e-14
-1.155286352573309	0.1921571089648278	-0.14133553833019122	-2.0154949256577392	0.45056209710992184	-0.011467713245946226	-5.506627962729223e-14
-0.5897631559287856	0.5174898980236972	-0.7810525966769788	0.3081388164137624	0.1838260260427007	-0.020806915303413585	-1.2635501008627392e-13
-1.3119159074895121	-0.9020169542733366	-2.0804299806823443	-0.13799961342848624	0.18406810051280514	-0.023704919935493625	-1.7983135033358403e-15
-1.076970469438676	-0.45872588985442264	-0.8671548512981774	1.0711624095348085	0.18561696189736027	-0.02290830977902713	-2.4984741017309763e-14
1.526391123309529	0.38637978205859835	-0.9294508232290677	0.000545636600860466	-0.45155122907463485	-0.006131678574421802	3.29940146329994e-14
-0.5723513926531343	1.8944098137178342	0.3430241041741292	-0.19557328484767045	0.4181623626902698	0.004025954358811949	-2.209869982523319e-15
0.3041696560696672	-0.10762062349257492	-0.09571339450505129	-1.6590920344591307	-0.02724433768591525	-0.026844529258789725	-7.41205282529964e-15
1.210340641708864	-1.0221135406304493	2.0910067398378516	0.06254052868289237	-0.32992837133539377	0.018172802322814346	1.082265710243732e-13
-0.9450553852831733	-0.2831867222905796	1.2387167467246643	0.6715610333522507	0.30805653350026824	-0.023059177062927056	-4.010571933273624e-14
-1.3673391871342657	-0.5229195918295065	-2.006497895163782	0.44649228552055953	0.22255377472343896	-0.017530730931822176	1.004428935056142e-13
-0.8974208950714347	-0.9917087396097615	-1.168586376504982	0.3769210742590836	0.0845987249031852	-0.029214474533156384	-7.719258599644654e-14
1.2216966968317036	-0.9712323676644455	-0.6723048640751786	1.2233408976802773	-0.5412323681229515	0.014463169829251938	-8.565768420906144e-14
0.3093806064778231	-0.05874113341050212	-1.2905821762029377	-0.6801341368225706	-0.13530430249308525	-0.027717404805131733	6.744340785541516e-14
-0.7782095195277409	0.009936399131042177	-0.35912975478932274	-0.36272451204015715	0.23721534443032208	-0.023076915283149257	1.3928956640997507e-13
1.2992094963562184	0.8592608352192195	-1.694266528933	0.46978381752465154	-0.3995583282484721	-0.020801400596266784	9.844571081453958e-14
-1.3099960148817436	0.6542980359896519	0.582059928853556	1.400852006401012	0.45091246216804937	0.0036407893003947687	3.997025890225596e-14
0.5621188503647522	-0.8328658200914479	0.07802876758735912	1.6283735912298785	-0.3053866062972914	-0.013183113415327505	1.4879952918817433e-13
0.5058531522903753	-0.23142100516961162	0.5868756232679485	-0.18126093685885095	-0.11972569790447976	-0.022440114017963808	-6.928092201664671e-15
-0.8118418754324701	-0.6232188666644921	-0.05013771557829837	0.13535873881700056	0.17619420898207905	-0.027799958418611288	-9.24578625341664e-14
-1.7454038652179318	-0.7722291444675065	0.9836993550561925	1.084103018537323	0.46090310676149887	-0.011253398989997495	-3.253542801220336e-14
-0.4495852471346888	1.5253862066850996	0.8401912440579425	1.238960048096458	0.3115371792075371	-0.008430874691242375	1.0476790718483801e-13
0.3138976365261924	-0.8332923228397666	2.2918345693853635	0.027690474843231176	-0.034172889340383476	-0.018016792346690777	-1.553245114246936e-13
1.3244301318117386	-0.9368386487759782	-1.5524542965124908	-0.26100575106331886	-0.5593672436123296	0.017636706199054615	-3.074219741047397e-14
-1.1325234516200526	-0.31429048259606834	-0.7944232351187686	-0.8736787986932686	0.30217843859466764	-0.02000035372682469	-1.810023450551256e-14
0.10872274078182959	-1.0128022841061428	1.035571440368606	-0.15493631107314718	-0.060891682973273124	-0.021009136438889586	7.340306864220002e-14
-0.7265137739364697	4.338536011745844	0.19325266709636177	-0.02936978118099279	0.7220278579709601	0.10107832755686685	1.982760466542629e-14
-0.7326616410299778	0.23403088086219853	-0.09673128709234748	-2.232818375794386	0.34065669634042517	-0.021326949330946143	5.2844612174786795e-14
-0.1100487194187864	-0.18821536036369557	-1.3467361004444782	-0.7931591700345938	-0.024106476413298415	-0.02978251504672675	1.659273747945402e-14
-1.1157303964187073	0.46927118371981685	0.8117391158141267	1.0495024232264345	0.40048044014408185	-0.007507118798665503	-1.1590029783959005e-14
-1.6832186663592463	-0.4332107379762505	-0.18206872413091804	1.9222466213452136	0.37544956960748477	-0.00668081310294475	2.3647154671366574e-14
-0.8288544221047892	0.2904420072800217	-0.08751025877307675	-0.6169763806389791	0.3097223283050078	-0.018523008533819184	-9.242542730335904e-14
6.011824897524118	9.292254412223711	0.5293363897348131	1.3995090529133085	-0.7863037565386507	-0.02312151765515264	3.1505832578635323e-13
-0.23012615166601158	0.026843870065336055	-0.6211857802672648	1.0493495476575199	0.00258531913662193	-0.029139410180839986	6.808670538715003e-15
-3.0560155690067856	0.8720371516757865	0.7526049597714835	0.6789705902231672	1.0424310474495047	0.1214696001217906	-7.141333334564923e-14
-2.947015655348354	0.7022438767203137	-0.18060976301190632	-0.22587187303613815	0.971438232656287	0.10463183045969726	4.8240822308809454e-14
-0.040763139383459684	1.4092707299048646	-1.989268066840356	0.07144819928990856	0.05527349550183033	-0.021077763638576934	-6.187883382189566e-14
0.18005578575939654	-0.9056955962439632	0.359735068961408	-0.6625202710412731	-0.09005235571511977	-0.02124886359399042	3.0691282082425945e-14
-3.618774771428669	1.3810297765795854	0.09262559701348111	-0.3637754113797265	1.2754203161712494	0.20486161244584575	-3.980296802357885e-14
-1.129393532701639	-0.6695034484040533	-0.674107726884925	0.8856179123936144	0.19735460335809485	-0.02421312348738205	-1.3107987828506926e-13
-1.153292402253047	-0.6464356606686825	-1.042193739122066	-0.8944736507569793	0.2580253657307645	-0.023611441132273352	4.447531592857296e-14
1.012972835114715	-1.7740123221634263	1.784714644905652	0.6445895822960281	-0.3939725713701096	0.030748169723825537	1.0554284187023837e-13
0.14421304645368763	1.1710044665080974	-0.5346162258268798	-0.714186044935912	0.09356494635465336	-0.026280434476424072	-3.538215123472345e-14
0.1334370093275588	-0.824853042712687	-0.9627852680176812	-0.5039269535526042	-0.1534386463811048	-0.023835785850751946	1.1282062066709146e-13
0.13237903415650132	-0.2019612429174127	-0.36355220503139474	0.48432578738956505	-0.09077295433928419	-0.02816051670800222	4.399731930764755e-15
-2.839289678863335	0.9207256217157093	0.2793022355176681	-0.14664139893571324	0.9876493627025663	0.1061940116567353	2.2184915002845697e-13
1.8500153195322686	1.1339370995121754	1.011361255527546	-1.254049275183143	-0.29888840550875845	-0.00842875972368052	1.8605254159904874e-14
-0.23601655482613937	-0.9762339439991442	1.092196123251398	0.24104970661243916	0.031688690930750475	-0.026717818746184726	-1.184534567182393e-14
0.0033123281835416123	-1.3603708924648357	-1.0012546022559357	1.062009625287711	-0.239172262241739	-0.020271733965918054	7.033378526131976e-14
3.5502559224946335	-3.4116598161448723	0.310151683581535	0.29848090287676654	-1.3626473448540877	0.382188663202932	1.989469818966915e-14
-1.706006938272556	2.7155872422178904	1.4479149437658128	-0.38270194541727826	0.9257558150509588	0.10078469297729413	-5.482694674340839e-14
1.6934965565104276	-1.5250298504899278	-2.0777194639194034	-0.2215816673623615	-0.7613934004346191	0.05908484543074204	-6.265654223355179e-14
-0.8681334313892705	-0.7381555791916529	1.3806517182316107	-1.0178349282897812	0.31343578693832097	-0.02755711069339798	3.772119238003936e-14
0.28056373897739806	-0.27076985814810517	2.064761526085577	-0.1636571053755602	0.030222198887575023	-0.024841298028619077	-5.2182460708973526e-14
-0.6206611433861104	-1.0267857626634358	-2.211570075126737	-0.16743264898880397	-0.04131866509887185	-0.030332669999033317	9.107657603681869e-14
1.621899528301453	3.7826497875190355	0.885586369012617	-1.3172936236437183	0.049033332296454124	-0.024358290384046525	-1.4867149091534354e-13
-0.6745555449260328	0.305857590820783	0.6670231809103242	1.381742447822346	0.22855499726468928	-0.021530663153606928	-2.2281551364415e-14
-0.1007046377444625	-1.0493580343745617	0.5251226257737117	-1.214164772944835	0.009708917442216873	-0.024648625917740412	-3.9425473561435705e-14
-0.011668785939029808	3.9403290527858292	-0.3253081444091334	0.09286446763078103	0.4250684877044377	0.03659534073021764	-1.2027095590423184e-15
0.5510425964348564	-1.0022030746070874	1.0423706484312574	1.308851769877915	-0.24926724885129492	-0.009772810799479711	-8.971716709967171e-15
-0.963620370554171	-0.6020823700509437	-0.4000313986097703	-1.0675015626697186	0.2520101696229811	-0.026017979684504356	1.529956745253232e-14
0.8214958787661215	4.285764252566081	-0.35575324587528784	-1.7553874023431033	0.2870009437777869	0.005990101846381999	-1.8130577425813256e-13
-0.7606572547574357	-0.17449951919435017	-0.31493731251483414	2.01955964469967	0.11668678876733862	-0.025192525539123854	1.0265634484598705e-13
1.600416747469304	-0.48386310077624717	1.1798939129745276	0.6454302679388138	-0.4653147379772579	0.020781009671147013	1.5326916281907784e-13
-0.7937587260645913	-0.01733782016187763	-0.8638486316647683	0.6933050711078461	0.16528302516923346	-0.02316884114420454	-7.33958569703482e-14
-0.15423023172049924	-1.2324955719659472	-0.3352695802906751	0.3979061251304988	-0.11194721093923567	-0.024335960954315432	-1.5452921668598215e-13
-0.8610193872343576	0.4124959111179018	0.4056365145539663	1.1987336326644236	0.287696168618077	-0.015911559939704174	-4.7104854252108806e-14
0.650536942804362	-0.8640963670865278	0.5321702539201616	0.6402291960110571	-0.266835780774154	-0.009577798795150501	-1.6690569654418807e-13
0.8596156079495192	-0.3647791056860829	-0.937751228033874	-0.19980068563926454	-0.32851154855787235	-0.013248449956240159	-4.8680607916995366e-14
1.773422008117246	-1.685873266084495	-2.0612832539079537	-0.2744327378291191	-0.7981336106973429	0.07139828447737322	4.664262334529394e-14
-0.23207613463427382	-0.013335965817671543	-0.9309024781824676	0.8041896367332049	-0.00968658240299876	-0.029336838903974715	-7.044306858788381e-14
1.1029174188029078	0.0978437319326332	-0.26165693438575605	1.993195071420917	-0.40000744871810084	-0.013637417581428474	1.1378867707979667e-13
-0.16186245310501626	-0.5585368461593134	0.8847646506437666	1.036977330330088	0.009735641987126542	-0.02827128029007048	-1.8179509809912218e-14
1.2004118141937066	-1.2239523312442855	2.286822809806868	-0.01397211751061568	-0.333435044926582	0.023901058151802684	-7.229544402663035e-14
-0.7411109331759664	0.5705287656223803	-0.06751392925079149	1.870928993808453	0.21333723096968724	-0.01654418200301736	5.352250162851283e-14
0.9775299603405208	-0.26440803088053827	1.349854122259319	-0.9161862656649006	-0.18582999610570555	-0.009717140794248352	2.055405170168734e-13
-0.18029251776349658	0.15456586246344825	0.4539305326353025	-0.7141889064747114	0.13848477930344621	-0.028636117339002485	1.9126431224787097e-14
0.04103610540920495	0.20060839841423028	1.012730191774147	0.3300432041009874	0.06852666951424857	-0.028881788492138866	-4.9013053943923807e-14
-0.4803807903626161	-1.0744997996224246	0.942400958045879	0.22976654932004673	0.08470321448131221	-0.02841969334811021	1.2901079963133698e-13
0.06526710700539415	-0.5672483344932028	0.9249944041506027	-0.7159524577111027	0.016156102691916994	-0.026018567653338365	3.8122326893779295e-14
-0.28243664715862626	-0.272584405674599	-1.967945474918722	-0.06822636575817799	-0.04919879790827868	-0.030030498501257486	-1.0485293494708913e-13
0.28921886307230094	-0.09534973622155596	1.0537050174452207	1.0219427089304352	-0.06271082120320393	-0.026550678039361102	2.7697116473985106e-14
1.2795263678332371	-1.8125403180962165	0.4503381659625384	-0.6229900951655651	-0.5033951429650249	0.046326813435742416	-1.3156491363500846e-13
1.6482539215115448	0.23518784394692524	-0.05142824904673832	-0.58330172487859	-0.4266253309958968	0.0025342874739272404	8.774081314410294e-14
0.9002668666740562	-0.7054446279451997	1.1861594760899448	-0.5174595687469884	-0.23632377017865067	-0.0037345455995328866	2.872779360556465e-15
-0.3899879947119425	0.45454373446471763	-0.657420861725091	1.464425499576639	0.07740625480385867	-0.02503944955305584	1.1336920505571255e-13
-1.4392150363354403	-0.14873990632641013	-0.25020386139162504	-1.1693031101945723	0.4566512464773806	-0.00905899660856094	6.173274344353382e-14
0.48340826121407643	-1.6236575735047372	0.9313611928085435	0.7253974248407593	-0.27824420280208906	0.0006949440972305091	-1.260429014416545e-13
0.8219077263032448	-0.896639602243181	-0.7626988511505592	-0.24882053528229212	-0.36158632049903394	-0.00413749569161915	3.312170297679925e-14
1.949797026932981	-0.4682883646981193	-1.0763064856120117	-0.42362909833078516	-0.6566790687702438	0.03692112296654961	7.099002309843243e-14
-0.918401115080367	-0.024697426291375543	0.059671413172620744	-0.5240668933882427	0.30688001351430866	-0.020736456672434046	-9.211994968706621e-14
-0.5330920580751511	-0.3237949519362957	1.5265099619426115	-0.3893408086042814	0.24203142496805707	-0.028062321583111234	-1.541552494479936e-13
-2.561224626419791	0.030504770467508695	1.036976119813626	1.1809842754776074	0.7942081033782697	0.048017332966307266	-5.1683601352174685e-14
-1.0390362548240113	-0.7491221667977188	1.5374441185134151	-0.027538820953996925	0.3317296651053781	-0.025824302953698527	-5.823606158350058e-14
0.7283226024584292	-1.316721660976374	0.854845048640513	1.2985223787877018	-0.34536472280544894	0.0031459485247655383	5.2869153318244186e-14
-0.7042700867803121	-0.06887366569913218	-1.866239101215484	0.08050100078672337	0.09815091946948165	-0.025331199109036286	-6.277978318661029e-15
0.5538891867894037	-0.7905496652231444	-2.090165645699253	-0.01025274646892385	-0.36114602909821175	-0.01565464542246573	2.1644130750661658e-14
-0.1853300730877882	0.10218593481496444	-0.9789928084959778	1.2256334083884806	-0.03118181177527567	-0.029234585966927823	3.147241018837304e-14
0.42414598773236445	-0.18483359012510941	-0.7773213889008443	-0.2434031415446466	-0.1698740455651846	-0.02506954112705629	-6.331141751026151e-15
-1.490524758348501	0.4688021189536891	0.34015037411916776	1.214925841333921	0.4776788732182897	0.006504967666378213	4.732098562154266e-14
-0.3025146005206791	-0.7587436626116976	0.9642581993979608	-0.11629220793716229	0.0817749852706974	-0.028395388027945816	5.923938352036461e-14
-3.9372432415782397	1.594107550411969	1.609375005192331	0.6166263587195411	1.4479025035750022	0.2526272622764916	-1.5621048952288561e-13
-0.7770354381823041	-0.9147119709269804	-1.7165830987218895	0.48682284188312275	0.01993359455547968	-0.029757285341256996	9.110175257114193e-14
-2.058006956932361	0.8100434865551771	-0.7913379740720543	0.6631739419647111	0.6413564805017871	0.046620361726754656	3.9525075154301717e-14
1.4563333327164276	-0.6374472927431212	-0.5007697727444649	0.5189265946671461	-0.5351492194489511	0.016448842076389032	5.701460115047465e-14
0.4077195426076919	-1.3401853072745975	-0.4726346736575577	-0.7791583106208073	-0.24837429401172229	-0.009116253962268658	5.980625491314975e-14
0.10814514600428643	-1.072518142547453	-0.6498903646743246	1.07210626785196	-0.2185114432999353	-0.021408859758063156	2.6492517529708325e-13
1.101278094177162	-2.006789578055158	-0.9904156872173566	0.720410850326752	-0.6136264815729494	0.0407071057809556	-1.3907090414247762e-13
-0.8481832516403128	1.027963877631528	0.9569476667289256	-1.2102230108416823	0.4834860409119095	-0.0052100967648043145	7.270821637674378e-14
1.2175895702191106	-2.320133216632697	0.49743796463058837	-1.1127440330372367	-0.5156009653723114	0.06206808697838306	-5.815646703804593e-14
0.8802986039569453	-0.9621320662279813	-1.9110848890614776	-0.4390512439851384	-0.4466542222486359	-0.0015016843225831775	8.437008034943636e-14
-0.2925747485486888	0.0597952991088355	-0.1796256474458466	0.2741234558531408	0.08295669387545711	-0.02854635601375598	-3.4342249016224636e-14
1.1298573617113326	-1.0169363750702671	-0.7024663794413705	-0.08438282801973912	-0.4674079525288408	0.011457344962446178	1.184935540906995e-13
0.8503048310059687	4.267798141069657	-0.4667141590132223	-1.9536446804510865	0.2778706099028584	0.004390365354957271	8.92655297382026e-14
-1.4772544972298254	-0.3901662836388408	-0.46723250610802003	-0.4899737930723709	0.400564877054566	-0.012339405344114497	1.5783866411552125e-13
1.204822263150487	3.514129080199397	-1.441738614537038	0.33831440950744257	-0.06352614364260226	-0.020336811260970332	6.258284573926749e-14
1.2621337149744318	3.4416026383962977	0.36321230163793855	-0.8681977824867758	0.06908538038380901	-0.022073082148132545	-8.628690955003929e-14
-1.6100542192981353	-0.008322192374370421	-1.1799717750922196	-0.64522928746266	0.44611027604978964	-1.4642399185695661e-05	-1.3496831251840534e-13
1.1607795764224633	-1.1751086766586714	-0.5184356531215708	0.5656032894694406	-0.508773971051109	0.017530860988965374	-1.5252888287939477e-13
-0.49267441512992194	-0.21131968538086257	0.14720814370549976	0.7719045149930376	0.11197792307696139	-0.028260330957284693	8.318794915870552e-15
-0.18451166325702636	-1.2538515401713513	0.3214361634829761	0.3143580808793594	-0.06254108972299868	-0.024243528548385667	-5.182089152270532e-14
-0.3371476373990224	0.8658654034264328	0.32921603588511883	1.1249567639221703	0.17966143393022113	-0.021507225762473336	4.271411141597625e-14
-2.2770566535703134	0.9690436531646969	-0.828594802003793	0.5328258735830906	0.7284882935516522	0.06701043020496082	1.787710811512453e-15
2.1261730719036374	2.818905097101127	-0.15457916191127405	0.25721824042873914	-0.33160324889691106	-0.025305569031794928	-4.9178568512980827e-14
-2.646184726253079	0.6109189483929995	-0.5344046812864868	1.963107753910049	0.7588814515334477	0.07775560957173627	-9.116758388003673e-14
-0.1298553369651876	-0.08427036703520645	0.5147029540599148	-0.8523425896602987	0.10695354043512648	-0.029117154547501262	1.093623904196902e-13
-2.1637439085854187	-0.07807902722011162	-0.39513529592030255	1.3169301787310268	0.5710419767256755	0.02261735925153477	2.3412952929519497e-14
2.1148441816781616	-1.4246894025755024	-1.209900973915941	0.9051700024365203	-0.8669073364975202	0.08644907677437733	-8.489145773863643e-14
0.5682518476461919	-1.3872472438339722	0.2259451871686756	-0.5998704942793897	-0.2658341899662456	-0.0019668137758112035	-7.095108754674983e-14
-0.3032802187367631	-0.8048551099044642	1.316085102749125	-0.03536678327654045	0.09478015407632402	-0.028076118720131885	-1.0832108954396653e-14
0.3148350495748367	-2.6781316806250173	0.04617556666363707	-1.5872243848519867	-0.29872280562543485	0.02036637627861826	-1.8558923687184506e-14
0.8666953470793605	3.599671303608155	-0.39540268921431154	-0.3995175899555116	0.13970859267746355	-0.010367327439422964	-8.692835026848907e-14
0.5858307858269376	-0.4787834954833992	-1.3653108425420357	0.01650626213438367	-0.29485458248592333	-0.01898509250363578	-1.13025165030369e-13
0.13787800749199627	-0.32646644374924444	0.27232951265816663	-0.9397320482245664	-0.009250578243897271	-0.027108417239442708	6.558313172528746e-15
0.11428179532793435	-0.5374864559822967	-0.12913232056209958	-1.1656635976995566	-0.03979178965185214	-0.02617016325040101	9.031522892703201e-14
1.186690343832024	-1.2488930268801042	-0.3866946884601678	0.7824113704651012	-0.5251007006821862	0.021141859111684685	5.933183382513548e-15
0.2712348815179496	-1.4094691268452095	1.7532508745202857	-0.26641444529961256	-0.1033902676291327	-0.010414717131854627	8.157756564601117e-15
0.14640244897803797	-0.5521834864382584	-0.2819968577041346	1.654590808159194	-0.175785371985166	-0.02576973720002636	-2.0541487110913134e-14
-2.0464398299184565	0.9340388033158303	0.8203310166710416	-1.490484495308775	0.8365698162520364	0.04974628884313742	-1.2322553118915986e-13
-1.72380851422791	-0.3885526121925801	2.032331510449592	0.3387441385912528	0.5900912111293987	-0.004550713283488393	-2.713616622009832e-15
0.10125286287272724	0.44595388441289924	0.70454435668476	-0.23912175441716804	0.08219337442932578	-0.028855404115545626	-1.3314750232950397e-13
-0.09381802165836217	-0.430626784338864	0.8662315754017367	-1.3281783962555576	0.09943847671553058	-0.02826272187569038	3.0601150525966e-14
-1.7287445003258965	0.04436913445734244	1.316483791712204	0.29806115517713805	0.5982267204899077	0.005611067655065441	-2.889112101061649e-14
4.579705595888249	1.7369839395223285	-0.08539160832843157	1.2470133017156035	-1.1957628216082885	0.13818169606584713	-3.655846194772135e-14
1.6040352569512304	-1.119652975169195	0.5218884665360021	0.718303263212467	-0.5756840420090223	0.0410726474517998	3.998830215492721e-15
0.2644782657405681	-1.173402516138625	-1.7713722728995611	0.27672260381344066	-0.30978998459863066	-0.017142290609976008	1.283362674688757e-13
-0.176850707643161	-0.543174895063225	-0.34233689564752623	0.18000344854294892	-0.022515694086090363	-0.028948826512297292	1.17308134441537e-13
-0.6844698862168509	-0.624464681357309	1.4657019524071724	0.2995794277135906	0.22232382163833297	-0.028317784529840302	-7.044197059987542e-15
-1.2137412698623584	0.394067919246297	-0.30458608595655207	0.29248273119319845	0.38576241005685047	-0.00567970305751446	4.466967360393174e-14
-0.10317728079609687	-0.42613127580434407	0.026492586763055798	0.8538997505393146	-0.03720905282470565	-0.02874779597607599	-1.6926327936603494e-13
0.10465829959144066	-0.525806364266229	0.46706651500933943	-0.030207753374230067	-0.04658939465489405	-0.026083142798492016	1.0055206914003771e-13
-0.8659563762761064	1.8016725596975742	1.7197805586538684	-0.05911138068602551	0.572799607042204	0.013980301079318528	6.521919921721193e-14
-0.2083660826045163	-1.2904351411658788	-1.6327522711671778	0.5593513130797838	-0.18661293083019767	-0.025417489853134047	4.4372026935888895e-15
-0.10995641428773895	0.15750429938179084	-0.0994887591774669	0.4546361310874087	0.03682276448390402	-0.029098427262967918	1.6520200211505497e-13
-2.7937168223359388	0.3245981586427377	-1.8368471147427974	-0.06742574018979362	0.7768177664568678	0.0767000634981206	-2.7029316303075042e-14
-1.0192926529626576	0.5029432300530605	0.9189657708179589	-0.0036968413061809887	0.42500943696068183	-0.009922871075657876	-3.370625719194574e-14
-0.5230920161674647	0.12661715176258104	-0.4358814002268238	1.5274605262320076	0.09187418276331857	-0.02595154786082465	-1.8066638101908565e-14
1.852013729960894	-1.6139070782974578	-0.6041887704243989	-1.5691799677251448	-0.6727652817255111	0.0760183241522577	-5.633321143441493e-15
0.5351031735469856	-0.5694257435121114	-0.08127143522691023	0.9331439405602587	-0.250324721632613	-0.01807896451270912	-9.052126421360533e-14
-1.6985492250515686	0.6000117552095997	-1.004303916867184	0.5364408679612406	0.50210505662985	0.019893769147314153	-5.378035617713374e-14
0.5787813553836972	-0.3100858364532225	0.21987937964879395	-2.0100753813563004	-0.09651454626848481	-0.020260891329861756	-7.591924386427392e-15
-1.7966850699911336	1.0045530049012157	-1.4490392181613558	0.9909040186666196	0.5314483294936487	0.03830886965315343	2.7175433169603807e-14
3.905416292430697	3.765377690256953	-0.7882555300568878	-0.6623658234063367	-0.7525945988917824	0.009068261297210521	4.002489470490612e-14
-1.0820350702760198	-0.6812067649039822	-1.4154871194393444	0.9589883314166094	0.13457544921101167	-0.02520657301463933	-8.377819066162704e-14
-0.6443755727404845	-0.9015320320400744	-0.320528097001028	-0.24978074627094243	0.09593479519928537	-0.029608561308402507	9.352876002929698e-14
0.8741087903759018	-1.8805065533893253	0.626657291142384	0.5569226429961242	-0.4306546634321649	0.02540014102045411	4.1632139543958616e-14
-1.5497574136247199	0.7432142262011175	0.16799918932992128	1.121593072129769	0.5194207441811638	0.016563255037138097	1.8245176141656708e-14
0.9800827574099956	5.26638183035316	-0.6649941333630673	1.1438108591423628	0.21066753276769346	0.02615179942826615	-6.136523504896014e-14
-0.7159714269623356	0.2281611030647628	-1.467080347425379	-0.8766738106776755	0.19730873649853545	-0.02188518034414908	9.162791211720177e-14
1.641868346388789	0.12770149510218162	1.5239931315073543	0.6074353339399027	-0.3905791120087444	0.006275410933111062	7.585375010452204e-14
-2.2646346258361794	0.19964181797430194	1.0905743321909689	-0.20816464199530138	0.7838721084539206	0.03646097861430955	-1.9666913692955336e-14
-3.54079364359191	1.7327284112051982	-1.1549340191697504	-1.1802343212384698	1.2507419899270353	0.22033945311224137	-7.838956392585095e-14
-0.8614041997393088	-0.3109169259515584	0.9752859249623146	0.5664070022212131	0.26868196757340046	-0.024700977577003864	7.741898323481039e-14
0.5955570931503033	-0.4846158764767562	-1.4341629762542258	-0.030980011015653734	-0.30051222691273544	-0.01871888638196197	7.914904966192282e-15
3.134334877435425	2.195528627620742	-0.25222265287960177	0.6607883990702533	-0.715881730031951	0.016789019103520667	-1.0755783507899079e-13
-0.85877803249699	-0.3170577969866441	-0.9385338844742267	0.7407301433449702	0.14545897827398035	-0.025133370216653017	-3.967979639301409e-14
0.8003544611516903	2.333189548952258	-0.8025238776537031	0.3939839979053452	-0.03623598065060312	-0.025607386265091035	-1.5073714058009858e-14
0.7602336050475911	-1.6612508171838745	0.2941549478878391	1.604428905361681	-0.4373163267815056	0.012886460669305825	-8.57675296880842e-14
-2.0925388991676157	1.4305177312621131	-0.1682122033667709	-0.18097353556336068	0.7932773065328479	0.0730528900858103	3.8152278689294896e-15
-0.6965881450793672	-0.2366270613847445	-0.8708374196537899	-1.2018497207977867	0.1898222490779702	-0.026656782350434616	4.837563907117121e-14
-0.13337068714118727	-0.7163946235531482	2.1950181961414392	0.0052963424766656	0.10516250936939438	-0.026645698155540194	-7.003472162509352e-14
0.5030685314640878	-0.34688100576088615	0.2763809200752078	1.7578191052169063	-0.22950584946443323	-0.02143871651807746	1.503103367302949e-15
-0.9408421189496294	-0.2944825989952729	0.779962039843504	0.11011093724529404	0.3011449377005473	-0.02331416814598807	2.2982223570126163e-14
1.9015130753487526	3.063049559460287	0.7602121235159975	-0.8852221448845579	-0.13725248751591268	-0.02796958492956064	-3.096698497170251e-14
-3.1815635396730815	1.3418356919418966	-0.9258810384337255	-1.1135995529479457	1.1072194326295088	0.15948594043561073	-1.3874278823227094e-13
-0.9047211541797016	0.1396101601379557	0.06615600107146993	1.3142125227853516	0.24572598737753043	-0.0188710084860559	-2.099525046768531e-14
0.04844571937403943	-1.158591440006937	-1.5900474001605056	-0.48285129707435503	-0.20268778462808676	-0.022157365452714888	1.1584314834936113e-13
-1.7032995400345063	-0.3872777289424903	-2.2251487715364235	0.07054293563289134	0.3402380346689063	-0.004879359066964702	-5.299113056051967e-14
0.04139267055326624	-0.14512165813900943	-0.38367162313511816	0.5529482041581499	-0.06178788370906253	-0.02898215406377914	8.874767461457006e-14
0.17453864217467813	-0.8988092646132188	-0.18062005003650292	-1.4496364543698215	-0.08776068745409556	-0.021761971615137325	-8.156384602616179e-14
-1.0181191076557825	-0.9282157976152843	-2.324705909168034	-0.110467994058201	0.07808908383263342	-0.028180431598711135	-1.1566582049527358e-13
1.389459962150312	1.8210648698398226	-0.8472378409571155	0.46575017305882443	-0.271865700158339	-0.027484746009290253	4.9380617144912356e-14
-0.3458966200924403	1.8783692472418418	-0.3702332694275163	-1.3998583077460014	0.35529466827110845	-0.004744544635478814	-1.019631656598872e-13
0.5382347498485934	1.3790787486784244	-0.09182421389185086	-1.5422049135162978	0.05977468328674358	-0.028452675420566242	-1.3788976969451692e-13
0.3738154369694781	-0.9943961353619611	-1.0961836571471955	-0.953122701169584	-0.23179058083136692	-0.01652192847864107	-6.856107279442862e-14
-0.24174861820120333	-0.8641905933194876	-0.20219888158124347	-1.2195349693459714	0.027859420466627555	-0.028028277842684003	-1.703464567580946e-13
-1.2214239438027281	-0.5766004769829535	0.21395875910735654	0.8080624858595984	0.2912805653813573	-0.021380301959366178	6.403413666313439e-14
0.06891346497981514	-0.5144144968825272	-0.09238784358605755	1.5754722984942378	-0.1342700258317668	-0.026917946085137333	-6.513466212725054e-14
0.8175608491308114	-0.49470479667798956	-0.32871114634464493	0.10641256696784161	-0.3061025618893452	-0.011783976924779142	1.3930869412260916e-13
-1.6477682366250779	2.6884674281585523	0.15233444169572652	-0.16170295361729412	0.8184616320893209	0.09579369748421916	1.0251249104019005e-13
1.1579108515608054	-1.0086446185340303	0.053235319605577466	-2.2733565100154944	-0.3395215358875486	0.013351972658829377	2.2572360448433475e-14
-0.4207024773409143	0.06169650051287402	-2.113527238749471	-0.017031616039375815	0.017308020862168625	-0.027976219638067245	3.76374818100156e-14
0.44536808612078466	-0.3994019930873886	-0.5354355804862936	-0.6346750712859367	-0.16859399350350532	-0.022413156253323536	-7.26982986941535e-14
2.328452549269988	0.8518409800090698	-0.2470045979774662	0.48135158811931583	-0.6152590773516758	0.016271674754318084	3.959045211750143e-14
-1.7603412768477469	0.628727765861403	0.5456867131958091	0.5843737194495685	0.6146739758319508	0.02341512727492233	-1.89192151480638e-13
-0.7273264550669009	0.5498874377847921	-0.9544358251052643	1.4174429042905092	0.17247115111159655	-0.017240207072990312	2.3031194382737467e-14
-0.18999280756815232	0.35476664213049525	-0.72426116636688	0.18078510143959942	0.05580995913543451	-0.02808538224729397	4.786618906270215e-14
-1.1146263893389616	0.11795164351023223	-0.1409822369273366	-1.7156429561725923	0.4179665969354907	-0.013921358475637566	-8.676001721682963e-14
1.655795843128658	-1.5488357285381569	0.8817305659206655	0.5221807509522096	-0.6059628130135405	0.06115578665940454	6.612951976696779e-14
0.3532962053712246	2.7652293885957344	-0.45135802560558363	-0.22714967205001577	0.19088914181263886	-0.01008004246138733	-6.76426017886837e-14
-1.0413628638729888	-0.36078339382224184	0.011140388691278716	1.1060688447140534	0.2368907984388448	-0.022349244595575947	-2.905889849225851e-14
-0.3479581427611715	-1.1702067128042484	-0.46441589760553637	0.5144255749101164	-0.0606839190847396	-0.027522314150389138	-1.8138863678082918e-14
-1.630792706277309	0.37872294402654477	0.23677848406736104	0.8847709595382184	0.5171605871122847	0.010222479555722225	1.4644829838829863e-14
-0.882353543366678	-0.47245230863885107	1.802162876903234	0.18585915215908613	0.3224296498711521	-0.025603154197346933	7.870986892471232e-14
0.0074496868818858435	-0.8021560811720341	2.1942923412902484	-0.1142013195485974	0.05928572854264709	-0.024264421193554896	-3.7993840475271795e-14
-1.2570972735879316	-1.3056424021146713	-0.08699501376282592	0.23916097291854257	0.22762019405267309	-0.02759913516149681	8.09958328229138e-14
-0.5142137832129412	-0.6826356359634035	-0.23885460536395245	0.2819540206662521	0.06418502442619671	-0.029535322013608447	2.9691613442356526e-13
-0.7838523550545987	0.010706275387805511	0.2902011378586139	-1.4224584465538221	0.3213701955438438	-0.02287458269743443	1.0245952957791142e-14
-2.252411119575914	0.19904172104796697	0.8010157857444392	1.2724912463718985	0.7020115274718671	0.035882816262149966	-1.456839468218924e-13
0.13158030046052524	-0.6511601257979902	0.04885079317962189	-0.2456644850005067	-0.08421693588033788	-0.02492773360856712	6.93497544843008e-14
2.4924344809008283	-0.2443302281320434	-1.4764220899498905	-0.31015266490765014	-0.8191844559927627	0.06254724339029977	-1.6556478463391817e-13
1.452456854104475	2.3449834872284234	0.4834593026165261	-0.7872726587186822	-0.10273835127241406	-0.028331285864654155	-1.5584676531287103e-14
-0.21322018716236982	-1.0032112409675693	-0.802374073004494	-1.0079975342077834	-0.04018276966850867	-0.02724051896841127	6.130515971933145e-14
-0.3041403999065074	-2.2957547558962177	0.7979170869128145	-0.7586063947973679	-0.06629571106265392	-0.012733153650006298	3.859929411015815e-14
-1.8945631407727892	0.13195792267817033	0.7989232927377066	-0.5175254421304976	0.6602188717382499	0.015318943097695284	1.7021150871816604e-13
3.7204163659997787	1.9500180943263805	-0.9921045622286929	0.23325947342157025	-0.9387125550101498	0.058151457249404216	-4.2548856662440363e-14
0.1542024082922859	-0.3210772510205553	-0.4704590103949319	-1.5957439859939093	-0.03106012428976597	-0.027333124213244218	1.6727263320242176e-13
3.188648384088437	1.2907621048776603	1.9113902124027529	0.3073292884737854	-0.6824760373502334	0.05244584637132723	-2.7333939870836907e-14
0.3567156594096846	2.4571623790786696	0.27229249372453296	1.0359378730533764	0.1474726303688031	-0.015402804694356351	-3.4349694084155396e-14
1.8259651113645259	-1.480310133200816	0.07276860611818914	1.5918883129945853	-0.7404932730748159	0.06909780408917471	8.194268405701467e-14
0.5830793653339323	-1.0650659755232084	-1.5251641042544721	0.8608893572646807	-0.400869208543366	-0.0095720123203404	-5.252676471140671e-14
1.082058705875256	0.3703343381250794	0.5435749027616991	0.7355173072561201	-0.2648747945905378	-0.017754019879983027	-5.723234460030634e-14
-0.10991684138027615	-0.8444666482436054	-0.3899746378094706	0.3111601078009639	-0.08299917824262261	-0.026915740984970734	1.3459023410109706e-13
-0.7777549481155107	-0.7305711737195113	-0.5872533791533077	-0.87284328039831	0.1636205785833584	-0.028741946708775255	-5.965492998762673e-14
1.1080978856234711	-1.231927824558529	-1.6257368861406614	-0.19583684706241566	-0.5345639034784568	0.015520474781945817	-6.587802304885584e-14
0.11661425507316063	-0.20467360590009698	0.5429481539142138	-1.2720546787667286	0.04001127684553528	-0.02781329492949054	4.120946387190396e-14
-3.0609796228594863	0.04863396184780581	-1.5599024329269826	-0.27121476585107857	0.8516796461781236	0.08398892026562742	3.912217903680591e-14
-1.8502969042210582	-0.21460398879682707	0.46582631587456336	1.9080719143912233	0.48900854587806303	0.004357625480060734	5.651905728836956e-14
-0.5382833242900696	-0.5028411782594218	-1.131329812558035	-1.0694184925945773	0.0928365414357898	-0.029431957948129892	-1.7376873939828788e-14
0.28922852222309975	-0.36130320482827544	-0.12171591313804099	-0.15920172185302453	-0.11327032237202768	-0.025184957635589138	-1.2223904527872213e-13
0.9697658740315337	1.6986339115880724	-0.8002496747594072	0.5531528717742246	-0.16184657518409684	-0.029204716174045017	-5.4715053905308456e-14
1.0197490458676044	-1.4114709303495476	-0.9950283983356014	0.03515895479669559	-0.49943879908520267	0.017013827911021292	-1.0172667895987683e-13
-2.7338626285288448	0.5692026049613993	-0.7338402292965559	1.0085722815217728	0.8080081335772863	0.08241952772237483	-3.6241299391027097e-14
1.3330398582837932	1.8095370682358012	-0.25641729629935006	-1.4223185369608062	-0.14354168008099163	-0.027601863057797105	3.2456772116929377e-14
-2.382302018379594	0.8318161857185685	1.2850631117167435	0.06552325893080863	0.8905513456730106	0.06746833194324288	9.852349448025807e-14
0.4388135130158462	-1.2443238830995276	-0.4619185494017372	-0.34185942212684584	-0.2645848239215471	-0.009935984026008426	7.748760560341728e-14
-0.29325909726680005	-0.2870787824220034	0.7577169366975155	-0.3048808184411966	0.12543111278760324	-0.02906607675315897	-5.941550768988862e-14
0.42320246894066355	-0.38590406472880057	1.133293168116688	-0.06215324428090978	-0.0841241899720059	-0.021967659797022795	-9.385302587873458e-15
-1.008282283918982	0.5090078034618906	0.0038844913115383237	1.842953478655274	0.29179077874560233	-0.01011422202796653	4.460565274645361e-14
1.4130990968447106	-0.8327272618195144	2.0307497428338555	-0.3416219914578811	-0.3560116320764527	0.022674575168202097	2.015266656943891e-14
0.25235792587469563	-2.218686221511559	1.0980152019245644	-0.5348640471584006	-0.2120976519771074	0.005798914405521923	-1.1646835421181775e-14
0.7730516786260483	-0.2568449082145882	-0.9697608002615721	0.4211117991656509	-0.31900080590091673	-0.017339885531802764	-1.3652713231290637e-13
0.34184000507150253	0.8339712448058828	-0.7623670353301752	0.7568296268311453	-0.07574586712052868	-0.029299840948899328	-1.4882127213143636e-13
0.4435501635834641	-0.7857409763929459	-0.2606242651363646	1.5540379863776594	-0.28281341473955107	-0.01735232562291916	1.4960631433519217e-14
-1.7035469571573494	-1.0740551056466123	-0.03202819216063757	1.8212166606855777	0.3241634955686552	-0.017378475223737266	1.336583550469005e-13
0.9757314766820078	-0.5763559095777466	-0.284775489439866	-1.6078780404758095	-0.2880961027219061	-0.004948212936496378	5.805989389327799e-14
1.0618298433692452	-2.3652792599219645	-0.28995445572609363	-0.24131556233401935	-0.5582324179761787	0.05242505625429687	-9.701606132736e-14
1.0772594917061018	-0.8997522242857132	1.4199839304718807	-0.03776383915861184	-0.31431819932087507	0.008028817783550518	-8.895835366521244e-14
-0.09057982398880436	1.703532680146642	0.44519324771647767	-0.7757808709784018	0.2829468580975229	-0.015627001528463042	4.792627891997479e-14
0.772890295160207	0.32060426338383896	-0.10916653915898393	-0.6907706230230696	-0.15986186578697442	-0.023805410399482738	-4.3810857660254826e-14
-0.9737699030427283	1.7280778748885641	0.21904244376244505	-0.6672635387889791	0.5321730374554755	0.017293787180602378	-2.2407004105108546e-14
0.22674941796089762	-1.145079150540325	-0.9303507416583625	1.4089899587641617	-0.29176441712735324	-0.017957049833920286	-1.0666377917638534e-13
0.2392132008795734	-0.7823385709872765	0.7522364295408419	1.673052924444018	-0.1665920533319711	-0.02132056610756203	3.855857377984137e-14
-2.323428541530669	1.0529809298422308	0.2569239116667558	-0.3296274154995542	0.8522897779872098	0.0731337841460138	-1.8613442737830351e-13
-1.6426694397315296	0.20204492732707882	-1.9674290222646378	0.48843094417304483	0.3854915716185203	0.0065568057822826525	-7.631410875515221e-14
-0.47063096383038333	-0.1573251876414539	-1.9784128437431086	0.30087335858400605	0.0033297067957405017	-0.02873840552217085	7.060855967900596e-14
-0.4120880687963118	0.027345487128572283	-0.22057521316074466	-1.9910808787023395	0.20543143275718817	-0.027781028959538042	-4.805483620435778e-14
-1.5689045863658315	0.5104434718943186	0.5583844959183066	-0.291971996008622	0.5807395062605774	0.01091033652520787	1.2383608300336639e-14
0.13624829293506865	-0.8253322991600786	-0.4581535693036131	0.6656397090756676	-0.17209293877184145	-0.023507003911612454	4.654502449286876e-14
-0.06328661669812706	-0.805438806703844	-0.22209622581244945	-1.1969841724230168	-0.020568713089108424	-0.02650576031380996	4.128829090502365e-14
1.6410037219434508	3.224046273793308	1.2342238051032846	-0.2603287932200206	-0.03995504243739249	-0.027648357905682153	7.131644086198569e-14
-0.28364739835541297	1.4395440030216198	0.08517656295858626	1.0593999597225936	0.2146861441235767	-0.014768514124527485	-4.181514524247908e-14
1.1358305865511271	-0.8160946094408101	-1.6851192308824376	0.5066190208986171	-0.5310895714496711	0.005513369709978831	1.0961063862502323e-13
1.5809333728510855	-1.4845506787610119	0.7785703430391564	-1.475440673047755	-0.5017362143516718	0.05359166718651187	-5.4770961092586295e-14
-0.4896516513567203	0.391994895719771	0.781245664091385	1.5813067669833087	0.18158029598845718	-0.02384983971531738	5.0069312336177965e-14
-1.2403224568623772	-0.5739156475506424	-1.3082510472763675	0.6530280195558413	0.2124183176874769	-0.021117831957474714	-8.884958561231382e-14
0.3477996458617342	-0.7038996059869982	0.6318704347630171	0.6440906979513007	-0.15507948726953205	-0.02006904045314775	1.2223823912026303e-13
0.06670435599036831	0.9947305599304995	0.5619328846388749	-0.7815868020986733	0.1658213853601447	-0.026400962032921405	-1.6047464769964566e-13
-0.35487458087873425	-0.29259018861124375	0.00961940307391279	1.3931604305194571	0.028553693628726645	-0.029245960180842433	1.4585351169477005e-13
0.24299965372224577	-1.5120845370447373	0.09915206396312673	1.2059328398217337	-0.2656562658567026	-0.010742758359469326	-4.7799791522387505e-14
-2.056571475021093	1.5972899224132093	-0.30758777628188855	1.0606204115121989	0.7418268113466133	0.07773038466665314	-8.861988538273516e-14
1.0676794792484519	-1.503975697009477	2.1347480348649333	-0.3532726754995365	-0.31950092263866997	0.025483759966183503	-1.4188790174847997e-13
0.6145392878310287	0.7951215355397858	0.31997530871538143	1.7999618711859917	-0.13860353496226477	-0.028411381904249175	-9.104019209607505e-14
-0.6435265559202131	-0.06179238490351995	0.37150676272266514	0.010049889974795254	0.21777064607631166	-0.02571929778151844	-1.5082553126347162e-13
-0.4610284031530786	-0.5875899613199892	0.43415852091127666	-1.689453518861579	0.17999259308685053	-0.02924275179083551	-4.3922925773297854e-14
-0.05716565551737652	-0.07911444660141131	-1.1161833150722986	0.5987030136666007	-0.07127225952901223	-0.029705079358245165	2.71144251931079e-14
-2.3107867127993544	0.7208374069540708	1.7285522499412453	-0.4878297987244173	0.905727044058587	0.058017617296746066	-5.5929961282178975e-14
1.5658909603609077	-1.1081604297332304	1.5474965047467464	-0.7543623349729028	-0.4414253637373897	0.03963410930258673	-6.1619528495102966e-15
-0.12264740315613766	-0.36017842189825455	0.19800535995362176	-1.7417684138677727	0.09251068380925609	-0.028911792972524785	-1.1974377834072744e-14
-0.04098011223171756	-1.2861054535772636	-1.7698333421786263	-0.4246599869782353	-0.2032226824174169	-0.022567889364953284	9.594885428161706e-14
0.7498894562504003	-1.1694907258884673	0.8166684714863738	0.09940203287815799	-0.28910895799438047	0.0005506381098977923	-7.230069774602886e-14
-1.0501408969240722	0.8624386209073487	0.02582928012980072	-1.2443014235126746	0.47134211692031336	-0.0014927151604248107	-3.028195294941947e-14
-0.2106641546785813	-1.5810184028040428	1.2304991073793385	-1.1967395914216044	0.026578924684659982	-0.020588682451814812	7.171546780474741e-14
-0.32951480424261453	0.07673427128341406	-0.20735840013667603	1.379082391809337	0.04873195877326719	-0.028232592556385213	1.5376902567018573e-14
0.2901523357296435	-1.680549159700104	0.8479771611356437	-0.512920333197494	-0.18193311923140928	-0.005254805387816722	1.2256703549733587e-13
-2.8252218901250927	0.8967675522274378	-1.4871844919570976	-0.6039485937674867	0.8937969935873302	0.10508600506012686	1.0957997662294281e-13
-0.28250594018220987	-0.3079890895770692	-1.560363483842426	0.006487633842058503	-0.03166759077347822	-0.029925612351027274	-1.0293163811489373e-13
-0.7443596739774311	0.24347390539928596	-0.88413757754119	-0.5012351122643884	0.22693686076026923	-0.021061513238487324	8.963649358160544e-14
0.9755336628983321	0.4890472160413786	0.1902787740613731	-1.3374495952118575	-0.1569208392002106	-0.02173525764713134	-5.064956076276485e-15
2.3921586598162268	2.7667480089610845	0.1308960308106557	0.20588080691109212	-0.39627993068912715	-0.020117812640268073	1.2603525542890492e-13
-0.9788788128167779	0.14731012699314183	0.08213740882524787	-0.0795246591584137	0.3268628953180027	-0.017000252600279382	1.0653835861735e-13
-1.0732301341888564	0.01205049331170947	0.5026586958220307	-1.9343257725874863	0.4414937389939421	-0.016673308580318402	5.005439702354989e-15
-0.25090148425717435	-0.2184049527025323	-1.284638404107224	-0.8289524196554919	0.019501383443304793	-0.029768818595930537	-2.3273433553211232e-14
-1.045877469443178	0.5244571183521648	-0.5258125379632373	-1.0869503298503655	0.3933027498935039	-0.008630977905463152	4.3106952531449406e-14
1.664092686152746	0.6339839620486883	0.8813433420165097	1.487307617042083	-0.4180028204564238	-0.004982014297911907	-2.901945295462129e-14
-0.34884709654921275	0.30630378809344155	-0.34622630470211213	0.17701274785838556	0.12049815286319063	-0.02671266379665513	-7.907395037735175e-14
-4.069347459535213	1.1167923490670493	1.2434719672021506	0.47767771914947704	1.4174644764067617	0.23555020686683445	5.871153350822027e-14
-0.6550630393381632	-0.14269382313455578	1.921843173795402	-0.2102006376235825	0.31427103684857244	-0.02587077569750256	3.03143610789969e-14
-1.2166349471413396	0.6304116877359305	0.10094517439781556	-0.06831563277834178	0.45180518121975494	-0.0004970951782414827	-1.503632954623836e-13
-2.4988233366579786	0.11504858732840315	1.0980164937632828	-0.12045601283074102	0.8419048745551287	0.04724999737566078	1.007989460493931e-14
-0.6467935565217667	2.080566248885997	-1.7900891474525367	0.244560879022562	0.3153822503173059	0.01242334583012078	5.628513581040875e-14
0.09710716579053297	-0.17820312086902484	-0.2551938885193107	1.1538745213897936	-0.09879166121924499	-0.02849043680100274	2.1099276255083826e-14
1.2659389326356754	-1.2534521176026214	-0.4810316114619211	-0.5984678524633873	-0.49760248502596693	0.025369040722715293	-1.3614546811642788e-13
1.0988586851895616	0.9808973764881787	-0.36682241654099645	1.9614293828443619	-0.30924300712726616	-0.024923800595806855	9.765390846597296e-16
-1.0838550199047372	-0.33259451671909795	-1.636260369358818	-0.42121721774222565	0.2166845493323467	-0.021354317400699544	1.1513231987823463e-14
0.29426743091454793	-0.7029690253285205	0.7236316489110509	0.6130360411288062	-0.1324684349962058	-0.02113874519755365	-2.7956361333841928e-14
0.8352009445966475	2.486785607309095	-2.155387358886812	0.17620188919138813	-0.10191528915724932	-0.025024527039866004	6.335927454528753e-14
-1.1141065345584973	-0.11056727451333515	0.302414755950176	1.5163504870850615	0.2865815709199478	-0.017501254515371906	-9.58673226149537e-15
-1.4012042164712692	0.6204673102133674	-0.4726405988901126	-0.5075638535305435	0.4897397730738242	0.006714003291278519	-5.659963614295818e-15
-2.110579176620814	1.0860470031597635	0.48872865656528525	0.22260685025436894	0.7828064815703373	0.05986632014419983	-6.290320638609645e-14
-0.5878747566104757	-0.009409978716977357	1.0262791624826557	-1.0715655361755303	0.2905631706714592	-0.025877566239201944	-1.9399241508893137e-14
0.14334598656530761	-0.21599388156953073	0.05923912966074482	-0.6980875293436741	-0.021646510934699277	-0.027774564915196028	-7.587313669863105e-14
-0.4502910742525614	-0.5591885140187403	0.13671156205204849	0.5592490152553504	0.06975319772482917	-0.029367143401595394	-1.7591042728882615e-13
-0.7368288354543187	-0.16808139379470466	2.137521146573056	0.05267015762154363	0.33792691026445276	-0.02499899647969792	1.0454038792856352e-13
-1.2557188263358419	0.30667740153807144	-0.419128218812779	-1.817915951792716	0.46846779851439757	-0.006049490346546179	-5.618704636050204e-14
0.24904556989871585	-1.171168279837839	0.28224228951589886	1.7449260221190834	-0.2422091499220468	-0.016165607512727716	1.8847898862541955e-14
-1.6193929999628056	0.6887246825630801	-0.706558665859029	1.180314429786216	0.479549692775582	0.01855803706385103	7.011725118135461e-14
0.6355244640957515	-0.9190093019957417	1.213684733729387	0.3062095608725978	-0.2137183221205322	-0.008475996834201244	3.8131266501068667e-14
1.815350907293772	5.612920071387737	-0.1079977541601036	-0.4591977901476486	0.09747691302719813	-0.0015644893992869194	-8.268237208213987e-14
-1.433856918438151	-0.4845129759621238	0.6262816376726597	-0.7675446034033884	0.45409950619003386	-0.015128281374127353	-2.1554381370144297e-14
-1.7855920413910369	0.8656958688030725	1.4289749951663469	0.3424596554339526	0.7114472899106344	0.03195756813168888	1.9263039547883846e-13
-0.9351365804163198	-0.3213355294372211	0.09278448818714174	-0.5142540946404711	0.2809928068254822	-0.023786854825320954	4.426082241376602e-14
0.8644926260105301	-1.023151697056746	1.3438752214025544	-1.1255284545778872	-0.22517176013520293	0.002171431271649189	-2.859066450436567e-14
1.6005990650000574	1.3014219668452218	-1.0172563322279307	-1.2966134208240745	-0.3276880342808539	-0.019385666598230714	5.086597685901867e-14
0.6853963139041758	-1.3995916446604684	-1.7426799072569081	0.07653125652127128	-0.4471801707645696	0.0011088647543682436	-3.5279781575604575e-14
-0.020172533312804917	-1.3854776792518226	1.1811018180779904	-0.46487775833673894	-0.041472717926574816	-0.018983600101776348	4.204132086549184e-15
-1.5765231797107382	0.19557080361975454	-0.13999840421942653	1.149851090327077	0.44716260587881373	0.0033600640593290107	-1.3848329483283674e-13
-0.6312679595843561	-0.23976449708112718	0.8838733510679663	-0.47547931437245117	0.2453512398382895	-0.02701671254469407	-2.28398818017467e-14
-0.2966137442694446	1.4895514486659567	0.2760576740747482	-1.997353539449331	0.3609704493212407	-0.013601865279446798	7.014275619164198e-14
1.394423423184467	-1.022940175247754	0.42241802767699826	-0.647606973945362	-0.45450575908985164	0.025905802051738563	-1.7852825567520606e-14
-2.1978501323204447	-0.5939165431882072	-0.16049567469984263	-0.5728419279550427	0.6156385567583191	0.00949059666137921	-9.558382931254088e-14
0.9698782531161829	-0.6771423368757964	-0.06362703476447307	0.05862593176635907	-0.352256547524023	-0.0028843513027403166	-1.0538173818427986e-13
0.9425449542348578	-0.7078775379129846	0.5943369789124174	1.2160010939824244	-0.3555992163051946	-0.002703944456097573	-1.3488094627566195e-13
1.7875648870992653	-1.565114631180375	0.3719590287014541	0.9976086089094675	-0.6958803397799149	0.07036917755744601	8.559071761348994e-14
-0.758467375016436	-0.2806163138906349	-0.6675301717782798	-1.3592110151173817	0.22205166447276567	-0.02617255556452619	4.507861543135386e-14
0.3352512826096735	-1.2560105478843606	1.5947408777788425	0.33055715943297365	-0.13980522665975845	-0.011352970218468237	1.1040522897297358e-13
2.231887789311212	-1.8826485687915924	0.47224054022097894	-0.5513112644425441	-0.7873082255998649	0.12118892062115613	-1.018094739500429e-14
-1.0455395636510472	-0.20911902536293203	-0.1892122511766254	1.337844151860357	0.23322498707944006	-0.020447886301227975	1.0157966480317033e-13
-2.028533044064853	0.5950324813453228	-0.9357815819002853	-0.8542911875607642	0.6620981663235339	0.03727415143576624	-4.0500963475338666e-14
-2.698876372463957	0.46935091197788403	1.0606007375095912	-0.262062686014799	0.9456771544329651	0.07449599381754432	-2.905145676375867e-14
1.2654490021157658	0.2548166439073313	-0.6455718288720411	-0.6202187003047994	-0.3466315001099632	-0.011802854584039237	-4.1900957068027756e-14
-2.7401675652659887	0.382764468378078	-0.1343827641003553	-0.21306782740083474	0.8749554150181291	0.07440466326852367	-1.945875824095092e-15
-0.596931750472931	-0.10276378054566052	-0.4881589525414654	-1.8548213284134298	0.22453111681051624	-0.026776269810074946	-3.709062253871798e-14
0.6067215452633546	-0.15507258059602422	-0.40197696251240955	-1.2723796685129016	-0.15567447636233983	-0.021956822330196628	-4.182199918910583e-14
0.03850201512479899	-0.4879288750462192	-1.18911569861553	-0.7980715174133576	-0.09071618513891273	-0.027913224967288534	2.9131087438949e-14
1.211084428888997	0.9061332116971411	0.4045704717597347	-1.6320595125856245	-0.15654259182680413	-0.021752009034432213	-4.7261263370044476e-14
-0.7857255625004071	-1.9782155578446248	-1.8001780334958741	-0.1685721213464786	-0.07059696992633743	-0.027896998413284916	9.806535080697537e-14
1.3356361251559237	-0.9667171458060558	1.7577593343069606	-0.7667860210706611	-0.3465024362479787	0.02250387701126381	-1.1258625915544654e-13
-0.9362847839825198	0.8215417994246488	-2.1071710030550768	-0.2294342116282357	0.2633915538575578	-0.006219064630199078	1.1448798549621146e-13
-1.2065931176176474	-0.33951919266824426	-0.9540413797755926	1.475931934765637	0.21547953147261936	-0.01867904722808081	-4.245818652933098e-14
-0.9123014275875125	0.4329822244206102	0.09170179200114584	-1.8336221508495638	0.41094642360028977	-0.014242441697480353	-4.7161663760937004e-14
0.8538424624961319	-0.7046009451249282	0.47250292134504074	1.6926124023315603	-0.3561724672675661	-0.006047509862612483	-6.93803997031411e-15
0.7817807487312329	-0.9719937241308009	1.6548706329859038	0.482758502188267	-0.2429529648648645	-0.001958181272989858	-7.896804445714981e-14
-0.03525291058497086	-1.2545747307622053	0.1385027533697789	-1.4479796032092385	-0.04514451699679167	-0.02159585239921961	5.859533770572372e-15
0.4977429135578474	-2.151466380790589	1.2145071643211924	-0.6155711525550388	-0.26625742422174326	0.015174645202837043	3.318180225798566e-13
-1.7801588073158636	0.06211567903829922	0.051304626941760106	-2.347013348516435	0.6484784705166712	0.008430056676424503	-1.5741280827281047e-13
2.572278707470321	0.14293775069050838	0.6089999040168536	1.5175018083531306	-0.7517758564603737	0.054969044042893545	1.4922299695773044e-14
2.659043001445279	0.6372627546746205	0.6675932240394695	-0.5039443024923962	-0.6386543295306893	0.042140413017756825	-1.215908566106589e-13
0.4465034329897652	-1.2057826180832483	-2.022487407819379	-0.20965119740262225	-0.36170915895325584	-0.011622388933008241	-1.0249997187484306e-13
1.0526455223415718	-2.7024805059930834	-0.5461946814734345	-0.19309137397713777	-0.6081509721930088	0.06497496192380406	-2.297021701329889e-14
-1.9599327164088278	1.061893422341857	-0.20444157539816868	-1.8722090487871976	0.7791139042261962	0.049579232606369185	1.1599930514350423e-13
-0.8845235930182065	-0.19179186888689476	-0.6028561402434651	0.058595424816503795	0.2149131080230641	-0.02340631443982367	-1.171705936484103e-14
-1.47570840346566	-0.6014421402922906	0.6046717102715455	0.20461390648532393	0.4125458588211923	-0.015882359720938058	1.443930963780282e-13
0.7196957996190194	-0.669052581001823	-0.02475128992647183	-0.10701292293176182	-0.2690226531630552	-0.011401624046717893	-3.0975567601850895e-14
-1.623960809121931	-0.022137214105958418	0.0460768528047754	-0.6309994581099796	0.521556279052925	4.2663462270743584e-05	-1.419876627023596e-13
0.8770780969115954	-0.4854126872349036	0.30993963358118515	-2.115788536447587	-0.19303211369298717	-0.00955548185981073	4.638604676230205e-14
1.3310385626751469	-1.2725253740698905	-1.6602410795675087	0.420189389559143	-0.6310863490617243	0.02817876792039771	-1.1983391290287224e-14
0.4182490436211436	-1.123792471413115	-0.7415804801818516	-1.1857036595797406	-0.2278314183789663	-0.012918697916171345	3.398285163381717e-14
1.0428811136179732	1.0081312059052385	1.6790339316199827	-0.15150470690110984	-0.08047908795477972	-0.024763040398380842	3.8067277876670477e-13
-1.153980132725277	0.577429582255239	-0.9513169122399096	-0.848064914240624	0.3962114717080389	-0.0038565588311169755	-1.7864227442537936e-13
0.9246544393152244	3.6875612781939644	-0.8156233480026193	1.2433497113051701	0.03945594015556781	-0.010499056910722646	-3.165609296650169e-14
1.1824110327843187	-1.194757212119476	-0.16938980946753654	-0.566071384069905	-0.4497503117705411	0.019584486692859546	1.7101100116466088e-15
0.24224895505685218	-1.6354339848156993	-1.0456352447435049	-0.2849273143529148	-0.28599060143906685	-0.00930980866314181	-7.267544527163271e-14
-0.9451763120579894	-1.5522837595264465	-0.5340810893788497	1.1824295029291454	0.042879748170456214	-0.029840441085318657	-1.1179812020491009e-13
-0.11937728106855461	0.843447790848636	0.768989095674282	-0.9649110616888661	0.22454866866149645	-0.025217661523805036	-2.7984646127476925e-15
-1.3408252865081016	3.126739889007433	-0.24272587067337592	-0.28530536810946494	0.7561982679266798	0.0926222166056933	1.7994227377345982e-13
-1.5782200344106703	0.13698396928494538	1.2656842264872397	-0.8157949222493343	0.6060272118340594	0.0018106612998462642	8.378044823158643e-15
2.008082711977206	-1.3780087578081823	0.8268675277047945	-0.8098115511825291	-0.6386102283627921	0.0790853403276862	4.5701388599921196e-14
0.7784681888278803	4.627504463728093	0.007627851005373574	-0.9685019888860157	0.3272486143671044	0.0169149141862271	4.3325810710292593e-14
-0.09492851897972385	-0.7222908108372001	-1.0819770237323312	1.3389098714392116	-0.1579204378502629	-0.027891558121602825	5.044987781452589e-14
0.9220850975292888	-1.030537378713749	0.27318963611739505	0.5663497074501636	-0.37643546207303114	0.003658269033340125	2.184903321041265e-14
-1.8069245030789614	0.18003169317433426	-1.9381457661885797	-0.4154919103816088	0.4712262509294976	0.01323413457499128	-1.207077653037878e-13
-1.410378498575411	-2.869654355546441	0.9348463600344934	-1.0822093127638537	0.21901548534256685	-0.027680355718364694	-2.965913532262637e-16
0.45263979735997784	-1.691817029669147	-1.8358383199543125	-0.319141170399605	-0.39950647441726966	-0.0013211383321334422	-1.0671545580221907e-13
-0.29460658625909836	-0.6083981664081228	-1.2803442386737167	-0.26085162692194275	-0.03286015699967196	-0.029702564857516517	7.916533971909227e-14
2.6648717174762546	-2.518635283451242	0.29904412552297444	0.05409885021762762	-1.0119072259694264	0.2009557998710633	3.688754149660689e-15
-1.9616410804038074	1.0983534236512154	0.22699662172629453	1.4969112015635244	0.6712148049239096	0.050931292029890766	6.479579264308248e-14
1.2714973631608864	-0.5720776946563102	0.2470580015310271	1.618772024686706	-0.4746586274614208	0.006897150324753388	1.0055004340478698e-13
-0.6824078076495613	-0.7704833713151465	-0.7880001959703944	-1.3050712389539612	0.13673531939795347	-0.029447152381593275	3.4406442889874656e-14
0.9247513015598878	-0.476472556258474	-1.1784596754227326	0.775689866622179	-0.41398220187058654	-0.009461223905093276	1.1731667316527367e-13
0.7485114406406256	0.05999246005199968	-0.8720511461928341	1.2579950491854572	-0.30637662460906556	-0.021997865031159466	4.1099417801719686e-14
-1.0818561755462177	0.014883691989680262	-1.188800516989055	-0.5552484043013337	0.2864867426436955	-0.016480460983169326	2.3586574502495538e-15
-0.25822666803395516	-1.0455412104383357	1.1988310758822782	0.10616684404597171	0.04270251390571194	-0.026460252543744855	6.4294962223447186e-15
-0.979175496702068	3.28217728643768	0.6754033271376843	0.4768153628428992	0.6877337853199327	0.07239841090387175	-1.746062242245911e-13
0.18056440100901322	-1.2616560473410072	0.8006120842873611	1.1646862436904142	-0.17688581821097898	-0.016179858714593858	-8.471293945136946e-14
0.30952584496070956	-0.3151393133687708	-0.9917340729768309	-1.3885348096824137	-0.11595166116975951	-0.025737071044840926	-1.1446717304829718e-13
0.6837940663088925	-0.5435935279372286	-0.9796817183316989	-0.3933487943118594	-0.2905964530106053	-0.015255332658145836	7.195424656080671e-14
0.7166219941702234	-1.462742124106139	1.9187431427692374	-0.28102109324802027	-0.2287753448972654	0.00729717505228811	-1.3497435090068697e-13
0.17027803913225334	-0.720069886071779	-0.6817547384124568	1.4884803540513718	-0.21799204809056355	-0.024130635866918895	6.488336011763557e-14
2.274368048636473	3.4115270306897187	1.4320701422783315	0.5115523068766852	-0.2268503239668842	-0.026576509837717654	3.445085352532215e-14
0.24618753495225265	2.659985175642395	-0.0877148302401384	-2.0547526184702862	0.308121067364228	-0.008749509718919477	-2.3734841694399693e-14
1.0540450021927326	3.5888789353711092	1.0057083501511774	-0.5214626399997592	0.17147132353714212	-0.015678963783387376	-4.06027895751527e-14
0.8848727267384529	-1.550686938943135	-0.5738939672669826	0.9121456030579107	-0.48559315989597973	0.014856367771657763	-4.92246211375592e-14
1.5425291492589515	-1.0737394675760212	-1.5568977014221246	-0.6831145338538199	-0.6201522799621048	0.033583611388517086	-6.150877791916037e-14
-0.8298309951663662	-0.8200605043025078	0.5662353267481898	-0.49724085231212234	0.22301081084334212	-0.02844774934178283	-4.294373617961724e-14
0.025358150151980424	-0.14779261693829734	-0.763886056953592	1.2696251435314734	-0.10954082399500441	-0.029227525960856423	-4.792846189682196e-14
-1.6226464593022236	-0.40949642479026466	0.002509538217879678	-1.5100796320801577	0.5119004484094842	-0.008236743726186744	-7.828452308840545e-14
1.1823254790682747	-1.0020863671047342	0.05839995597096744	-1.1224907419720274	-0.39288636947022826	0.01427697585503313	6.542288672613183e-15
0.6895400168533721	-0.5587837711447309	0.9465288538305041	-0.23636665287283282	-0.18488903391324898	-0.013447856044811081	-6.349376001369492e-15
1.4920515053222503	-2.3553647111672733	-0.9999855559533488	0.8580664730470712	-0.7693624454812386	0.08133069892486239	-1.28082493617286e-14
0.8499530209603005	3.695481348120133	1.4092173472824208	0.33473840799187893	0.2331566456125521	-0.008126026522403787	-5.37521023011322e-14
-0.9706151826277112	-0.7036142209903536	0.0575091990244381	-0.8260669040709855	0.2605077224628145	-0.026623185999381495	-1.1122180972135395e-13
2.874951756991975	4.184582347314846	0.33281780231530383	-1.4260986428750806	-0.30704646357875726	-0.02550996645195517	1.0638190310517673e-13
0.5822720384319743	-0.7133959855818324	0.05123909385555955	2.2895679424516953	-0.3272995624743116	-0.014631333179158858	4.73180381951184e-14
-0.7055393067870271	-0.6892148086819936	-0.21170807555941207	2.1712210422585136	0.044220722263175145	-0.028949076602441597	6.931091285361361e-14
-1.5319641887695237	-0.3747969289089633	-1.4808325197799241	-0.84239113718441	0.37239238405401887	-0.010384734175652248	1.2601140445910923e-13
2.5966836311707495	2.077737429428298	-0.1547829588522027	1.477498692314595	-0.5990987924914953	-0.002963284853038703	2.665670302157872e-14
0.9194743972218871	-0.3479943876269898	-0.7468725988788882	-1.1282976574367527	-0.29470567592180136	-0.011596328150183547	-1.973958671883034e-14
-0.2967897393015019	1.8431527519160986	-0.10395325082776562	-2.1852392096722206	0.384901053724326	-0.007142084366564503	2.1689253573630174e-13
2.6667151751738687	1.0247550699947197	-0.7295923649775947	-0.34131262188192657	-0.6906547521065609	0.02787725145579826	3.9593963050002104e-14
0.8513830271956884	-1.5439417247167249	0.3579954668776666	-1.4356237470175148	-0.3228466686959314	0.014091029718328178	6.761349668066935e-14
-0.2582724282868752	-0.8431183420877187	-0.4739374277396381	1.994001454988067	-0.11320470931264111	-0.028454755011097062	1.179895405633685e-13
-0.40264803182497677	-0.9416442537900812	-0.3176157323908724	1.3182715542826962	-0.044094321427573274	-0.028981689937073923	-6.0135921509130556e-15
0.5852288838770121	-0.4783557035621237	0.013714220006169196	2.3091474993140895	-0.3061051343404986	-0.01813072514803162	-8.065236007834395e-15
-1.0159781466526163	0.492212656713092	0.05258179721400317	0.9430983931219039	0.33209959264120176	-0.01019437973840204	3.0573141724680014e-14
-0.020775981924964645	-0.14706851273162774	0.8350322527254944	-1.2077811514208219	0.10167741251249708	-0.02870527054670238	1.8699120602854136e-13
-0.6861304561674514	4.57263823704678	-0.5790833559339963	1.4787569628569968	0.6281022651699513	0.10969210678052876	7.395836814465302e-15
0.913034003597782	-0.696439363339534	1.507733332188478	0.9452376699780618	-0.27987607214885046	-0.003245781252790105	1.0405177889773943e-13
-1.8438727284655874	1.0035148600221233	0.3274436961520369	0.6522536195456836	0.6657580985652143	0.0403195948053255	-1.542260004203827e-14
1.5296804423355945	-1.1843007830529833	1.790155720316491	-0.45901038390844934	-0.4364751228627195	0.040427086628396586	1.6470027042096643e-13
-0.2748623523420555	0.33684415899019454	0.10698489423846866	1.9920378904601541	0.05448120139595253	-0.027214637855542692	6.879631585881167e-14
-0.8045714185208768	-0.8947817381265281	-1.6532620484149476	-0.2531118205214066	0.06443180299775148	-0.02953095151590138	2.5428031886259157e-14
-1.1148888157156347	-0.3104071377161474	-0.7062435322110213	1.6536351103620548	0.19887260790373562	-0.020328082675803723	3.602091417553875e-14
-0.7472777230240524	-0.551446823794221	0.6678658456153467	1.0228091324201154	0.171413089575516	-0.027797526964041162	-9.648715336079835e-14
1.1185321066318634	-1.69697087896001	0.5927764856553072	1.6297353831781565	-0.528486016672033	0.032746531639812886	3.0234243547091485e-14
-3.4421207544171937	0.926829886136386	0.126495848175946	-1.573846146137391	1.2213131289100072	0.15970082891670978	-1.1844335966516053e-14
3.4947788234409405	2.6276543763104763	0.36855301952394653	-0.30260678049388173	-0.6984809108121337	0.022672157665693225	-1.6577013137810072e-13
-0.054055319751000905	-0.9893626831700495	0.7348245656236251	0.15378581708357372	-0.041178183417253975	-0.024376136812003787	-2.1264002663346068e-14
-1.9475350380187337	-0.15544255411202618	-0.5746293010816408	-0.6846182548802683	0.568899442363267	0.010167324867092719	-1.4054969464821878e-13
0.07834132606570328	2.879949435708477	-0.7898068940274828	1.234020633264728	0.20559769136247005	0.0019345702141261086	-9.379396693903145e-14
1.782988512420131	-1.2279289084899117	-0.64365874354243	-0.5030428586233938	-0.658674170973288	0.05507851739053141	1.6553496978652914e-13
0.7837418704929242	3.753441165490214	0.8529368652042908	-1.6430642043230699	0.30724072085401344	-0.004798822459562743	-1.422964283242171e-13
-1.6713387505405195	0.18977561919299424	0.6544404711306838	-0.948471309021173	0.6086517752226063	0.006968764441755266	-2.106913625194999e-14
0.9012816164636215	-1.3641977385931425	1.102389702063541	-0.913818594293047	-0.29518693381425753	0.012169444283248483	-1.4419232486434348e-13
0.16256986012955868	-0.6270462932052006	0.7068527400750625	-0.9276894384554911	-0.02332004968675588	-0.024275758244195065	1.164972630402176e-14
-0.30416696097078705	1.8655893722709713	-1.0226170568494934	0.9458768854232533	0.2060438972594443	-0.006371944647255136	1.2311263718237968e-13
0.031343715898339404	-0.5798298754734879	-1.1479740610006113	0.1537774490113869	-0.13511823375776122	-0.027433245371223595	-5.62307944222393e-14
-1.3238500314491002	0.3680230006324042	-2.0931733379757205	0.37727849022307053	0.3053049547704252	-0.002140482531984366	-1.3062069724710486e-13
0.9618938749991403	-1.2308885823774043	-1.5264803864898804	-0.6649466552960912	-0.46662123138058176	0.008813946867350392	-1.2836236028691608e-13
1.1369184139474342	-0.8443524085162544	-1.6548604310036024	0.17425741828939	-0.51893866169955	0.0063166600122866665	-4.5757282415681857e-14
2.6977607072042655	3.125175624321037	0.19693879302467454	0.2236359850079091	-0.4444805829029892	-0.017978069963765227	-5.94062603467378e-15
-0.015721854983953898	-0.9758750605124443	1.146547597094712	0.2598667621094485	-0.030697820370968704	-0.02364684172943176	1.461500641188667e-13
1.857959985518188	-1.2847519554595264	0.2205537704578749	-1.7679150555365588	-0.5825342607763732	0.06356891404152495	-2.3121280847598583e-14
0.1275728118527553	0.1549257873479928	-0.3027255687959979	-1.585311147446458	0.03780932345818568	-0.02920542641710041	-5.505028108822698e-14
-1.584228029275319	0.4341230169433314	1.6514225911234435	-0.4425359550787354	0.6484816942181499	0.009348928070881224	2.948519425633209e-14
1.3213033789028505	0.9860253280528455	-1.5387685229759818	0.5773153329261342	-0.38756691635942836	-0.021778984328940418	2.2148790363987328e-13
1.5810622916756456	-2.5290194668605253	-0.05734086299472963	2.2617488350165367	-0.814139611534306	0.09762527912746935	-1.9452280556242385e-14
-0.1461293858754651	2.3789893180247	0.9034826280715091	0.1297476616190621	0.3641902220914882	-0.0012136971548742078	1.3167854339220114e-13
-0.882659144079466	-0.6221335049702432	-0.9536744933883693	0.085346422203443	0.1452785713446931	-0.02728700539182877	-6.541146674848251e-14
0.2163986040417251	-0.7734992591659309	-1.0972872391165978	0.06504495939811968	-0.20375958552901557	-0.022973056080154215	-4.080506221041356e-14
1.8189649358704771	3.126186172172408	-0.32448578983179527	0.43819992603522584	-0.2253250711474946	-0.028695159291330246	3.3835196527710754e-14
-1.3326045566586753	0.24810645573087597	-1.6174311685970395	-0.46904703752313237	0.35790982289026296	-0.004500121659564708	-2.332709385975264e-14
0.8878598321642714	-1.3911946218861502	-0.8392339221547838	-0.9973140319211339	-0.40712598809451267	0.010416707703560133	-7.026514497667958e-14
2.4422229766617307	-1.6479101151481819	-0.8284268363140052	-0.7024709202296643	-0.8953897803369583	0.12552174437401883	-8.618901447556811e-14
0.18030778863155006	-0.2379565904423504	0.7077372292937505	0.6315404681755683	-0.05065066267283446	-0.02700583518584499	6.046469242166144e-14
-1.1524080147023466	0.38595244563446657	0.4363312322302835	-0.38145720093028745	0.4385408516068426	-0.007936028063510759	-3.302961568096206e-14
-1.8018922453859016	1.0008546921561234	-1.5095684573571264	-0.915532315726717	0.6072461029198397	0.03846811327018419	9.840941584878098e-14
0.11045184817168548	-0.5319247256394523	-0.18726641606109307	1.0185601480736357	-0.13122229709045902	-0.026336448368601443	-1.7960922455264903e-13
1.0144969851037393	-1.1391326725077202	-0.966321619140542	0.5963183379992756	-0.49045537366734737	0.009224526012046484	-5.808499436660228e-14
0.34263153420604314	-0.6928887934178598	-0.32353773765105287	0.3750256382171427	-0.19859497089431724	-0.020926610579096845	1.6969677943608635e-14
-0.03468678678883648	-0.10700784753235998	-0.07101541665825029	-1.3053210796759849	0.05984490334618556	-0.029192566536702252	9.281771866549363e-14
-1.0280564643745063	-0.23230991084094027	0.7461228640455478	-0.49557197346140225	0.35675332008613275	-0.021000441259982964	-2.27026761242862e-14
0.10745997747234397	3.0256927052609246	1.5549965319046204	0.7664604445916445	0.3725343319372085	0.003907160367083029	-5.965060212134045e-14
0.5816963384255566	-1.2165164039150687	-1.6493270444459587	-0.42603365401647325	-0.3711871312590195	-0.006689853701009401	-7.032282041966622e-14
0.971116532434596	-0.7279143985788281	-0.25179462010392684	-0.7743061860264827	-0.3350942585041119	-0.0018560781848412453	1.5340841536534248e-13
-2.104031805300583	0.5072709112025764	-0.4988499846270614	-0.7864784344444854	0.6984246372529481	0.03842069235715161	-2.0186746924773037e-14
1.3021357274978034	-1.825203569805831	-0.5772042682774631	-0.6152129927902579	-0.5732337191573438	0.04699477943807564	1.3550626518808199e-14
0.4424032076793259	-0.7685844334862683	-0.13566284247139127	-0.4405193919227621	-0.1912639260214389	-0.017489424103742855	2.9390486310758554e-14
1.477948519946097	-1.0430260462983947	0.8065197501999697	0.7689435612992297	-0.5160274121668149	0.03145570555077873	-6.820920359499663e-14
-0.3691633932678197	2.893477775388358	1.1287180037044633	0.8567847548697891	0.4717656890730486	0.021741334963291767	-7.744999327498442e-14
-2.3495803024525816	-0.39057248539173967	-0.23494227546290572	-1.2379751456835495	0.7066614378372414	0.02243414993363871	-5.043543125150757e-14
-0.35554557762397715	-0.2879178849623754	-0.8707911537612104	1.0489698277713542	-0.009349386715470602	-0.02952462778411725	-1.1423327026504438e-13
0.4692711856693567	-0.5207550118815636	0.9812017458901137	-0.290438740864455	-0.11186221671828842	-0.01950774151114617	-7.258830251271547e-14
2.758379747996904	0.11727588719183901	-0.7633743894533772	0.8897934192272589	-0.8648791086688163	0.06698316202386831	-1.1839517683596945e-13
0.7622626116810097	-0.5859968630591686	-1.2024106055350212	0.8689926487410508	-0.38330925904574464	-0.012516522563268927	-8.638484965576105e-14
0.6392553568538089	1.6543862295658824	0.46787749346559404	-1.9367020559238952	0.10945572470196693	-0.027847646892042197	5.751979899877554e-14
-1.709476814647805	-0.20645287287709574	1.0728006753743737	-1.130198440963419	0.6087651664013635	-0.0010450279900200816	1.0715851050967876e-13
1.2365773349790348	-1.0816503012323975	-1.2781702183406398	0.795514000069895	-0.5759886784486692	0.01776371861499222	-8.664545034609697e-14
-1.5746686632713902	-0.15930284489415977	0.5297478079418165	0.8765990430869578	0.45871192354477863	-0.004803365889731606	2.658414352026744e-14
1.517603584453036	-1.5476750354427105	-0.08253615015066393	1.3773624799503894	-0.6587766481636509	0.0507272321551639	1.5878456533891977e-13
-0.33989684566907424	0.08943339757020248	-0.9150758894588432	-0.8733911847822956	0.10327783552730714	-0.028256507203443342	-1.5572163280929018e-14
2.5299497763065935	0.24397013515012425	-0.07532675443593635	-1.8655957989192224	-0.6310826516413856	0.04774166136364401	-4.9258418209086514e-14
0.7583899973421946	-0.4510237102219418	2.1422392449022176	-0.11546798184079467	-0.12687128882314308	-0.01241156001273031	4.049208025572426e-14
-0.7151353188556683	-0.8924582733560463	0.416191983169832	-0.24317836980721508	0.16173502881660645	-0.029221463783392645	-1.0076165178300327e-13
-1.019275482913994	-0.408588788747414	0.47503623468068196	1.2391297547251847	0.2474045278723225	-0.023211318449565355	4.0306859215617494e-14
-0.7189209684961707	-0.3965679882631556	-0.80989795136265	-1.3431839620556347	0.1884789599819438	-0.027507399911557102	8.484445355120069e-14
0.1445078938502687	-0.9087791206058888	-0.3839911624992685	0.5072951088360471	-0.17252908082717533	-0.022409024473914973	-6.40181802654088e-14
-0.5838558324801357	-1.2057765693502323	1.1208470123450043	-0.9071682220664914	0.1584623191625179	-0.028502024607360076	2.7208733212252416e-14
-0.757824024089375	0.2547621435844149	1.7754014403453173	-0.014139684098743058	0.37144354891084197	-0.020370298351436854	-1.9857125374934743e-14
-0.7725417074937269	-0.941100898918581	-0.8251911466661745	-1.1364007431592982	0.13577354210970852	-0.029544181658022018	-2.4882480432018803e-14
-0.5541718903297541	-1.2077974905875366	-1.0571171986620924	-0.21948253404592966	-0.009248387539459635	-0.029304944152759273	-6.355023049772154e-15
-2.419207367694176	1.5955726187184387	-0.8187074594464337	0.29875466883605056	0.8523318337806006	0.10568768746411036	-1.2618389969396943e-14
0.31177738493634183	-0.7021533314636934	-0.26302184820608854	2.020022193122086	-0.2544265360676239	-0.02145374410988441	4.1728473483103826e-14
-0.38900450539632314	1.8978028380209064	1.8244235848766035	0.309411375338995	0.4315506674981141	-0.0030026085746432335	-6.941517427611474e-16
0.03135619295815779	3.051189968040216	1.0438602132043566	1.3284128079580155	0.34451632045217595	0.007741266644160039	4.395724602672454e-14
-2.1697783423523576	0.8092495514716701	0.6002682094635495	1.5780733450993452	0.7207165765845689	0.05294617399513293	8.526357022029301e-14
-0.19532577139066712	4.376959634894057	-1.2886833490425744	-1.1477897025063488	0.5226619694677446	0.06463328308205966	-4.139451706704533e-14
-1.732878674497454	0.6136473325803528	-0.336525388550529	-1.8770176226897204	0.6529858599327613	0.021788450129317162	-4.1358880998476103e-14
-0.031925847213542066	1.6979682261307734	-1.7875292397128442	0.0374705561501926	0.0977628887118596	-0.0172812063886229	-5.728091092727548e-14
1.4882699839970142	-2.3531595324137906	0.6062566658379236	-1.2809574088514928	-0.5838385834894781	0.08324688189386728	-9.281740910421777e-14
-0.6882141856442936	0.19315535357988042	1.771997220026408	-0.15714169562669836	0.34964082367699056	-0.02239678691524301	2.577613438542852e-14
0.05511986643690308	-0.3706395820603322	2.0729981202443333	-0.1340427336572809	0.08522115523327747	-0.026797935193862983	-1.0758908243846641e-14
0.25207529955428354	-0.6704180131479888	-0.9834752515909954	-0.539063791752281	-0.171575264809133	-0.0233402828341298	-1.5539365324710938e-13
0.3587139764507722	0.2022738108361148	-0.40005454592811446	0.9669317490402234	-0.13598481261810913	-0.028210886714624028	2.6694652054047404e-14
-0.4058706526158073	-0.5227537069554206	0.6871232455301117	1.328863912291243	0.06192800132694487	-0.029183146748850714	1.4384610294552686e-14
-1.8572515399143876	-0.03622013783465776	-0.5515246578538482	0.33193603808416716	0.5146625538348153	0.009356822735110895	1.3424335488137466e-13
1.838212908095123	-0.616459083288239	-1.6880430626931398	-0.2274792416007513	-0.6845782315432358	0.03484075368565827	1.1243515476094838e-14
1.7606470725753771	-1.5583524692055524	0.24385011373918192	-0.40504195661455106	-0.6374876839867798	0.0680738922014736	-1.349801989934216e-13
-2.012930416960151	1.038805870126472	-0.41707845890029815	-0.23035058210894782	0.7124122871928695	0.052158788154028565	5.954204488124041e-14
-1.3666605911971208	0.36152950507766046	1.0651194089588871	-0.6912445185902931	0.5503332086388465	-0.001061664335655169	-5.909476937438626e-14
-0.4866485364729384	-0.17908689199686828	-1.3195367010538825	0.9828499059913081	0.01718180349093351	-0.028550669138294432	1.6121175733105088e-13
-1.4442542990434153	0.03148438585611158	-0.8324961603317887	-1.5312530407489513	0.4580253047526871	-0.0052400754799210615	-1.0931257945545599e-13
1.42854955631112	1.0987841049642162	1.887293645252903	0.5465417960188256	-0.20041616548601934	-0.018705136930047862	-6.187246624573834e-14
-1.1532786076960122	-0.07601300601470981	0.7281333638763785	-0.5205565626726241	0.4111733177686237	-0.015990025506577774	-1.191655964617772e-13
1.9171780424583702	-2.125353699034897	0.9877198904228637	-1.0482831629961786	-0.6705168430522844	0.10729797471435483	-3.793030052440342e-15
1.7630422589034858	-0.03687957827807279	1.7274648249999325	0.5253096960314968	-0.4277498527650507	0.016327894333665206	1.6518019249923947e-13
-0.1984567113353862	-0.9223137410285486	0.25566377632894877	-1.901127324932686	0.06424110829171852	-0.02703282926512329	-1.728260124693821e-13
0.7815062091058972	-1.3437165324927893	-1.1180497160406535	-0.3839513846314087	-0.41296951394037273	0.0042708487126139425	2.4622772135440446e-13
1.2659599480100856	-0.6839719271226307	0.8015082081766726	0.7198739125230507	-0.41473113117854793	0.010113957391943346	-7.24179818378979e-14
-0.5518467525265514	0.44312200524362194	-1.798115433393123	0.5906877047185569	0.09188706788878907	-0.022577148523197196	4.372645349446769e-14
-0.9264416913492922	0.5075844210962995	-0.5370861929206948	1.9402851664154783	0.2307934452779976	-0.012573226911218115	-2.1465466510758032e-14
0.26019199766476614	0.1559139518133163	-1.1800531456898393	0.054367547348749524	-0.12116112981666782	-0.029043199845535494	7.958410762915974e-14
1.4417177930395335	0.14986717031747923	-2.063280469123928	-0.21039174060103807	-0.511234145997641	-0.005139255396739634	1.0104398196834398e-13
0.34364699220018674	0.15395506180920376	-0.5386342233838262	0.6091940508935386	-0.13036532955176428	-0.02817198238759228	-2.467308956011649e-14
-2.26936898982514	0.291256473200626	-1.5970031609825006	0.060114440630949166	0.6237037287379034	0.04094159861266614	8.717927432215237e-15
0.9733814468887031	3.657585112221211	-0.5492375749239529	1.7647664449240448	0.01614234912558682	-0.01245640038014954	-2.2948951999891155e-14
-0.13092864412044922	-0.05390788066095865	1.3682449066609428	-0.6593546766542946	0.15377003991463836	-0.02879708119199217	5.961898224189035e-14
-0.33537921168951873	-0.4295431942878821	-0.20967011053270862	2.2334274385076163	-0.03969905764774882	-0.02950607666110148	-7.930501690259365e-14
2.1805593938082066	-1.2228882366349478	1.3556443499493307	0.07726847087959161	-0.676968480895373	0.08585112483115347	1.2152782351535781e-13
-1.8027573728812867	0.5484447844767933	-1.6849084041054039	0.07532273040625853	0.5059168538987869	0.023766562979638264	1.404529303342898e-14
0.18309695785278893	-0.9903659375140897	1.7739857243050858	-0.28098321133801407	-0.03091953988622118	-0.01923048235586482	3.376770314492847e-14
1.4678102989621964	-1.2621886885789873	1.3871356317127297	-0.6426202260304595	-0.44332313657220423	0.0390420575939809	-8.563854174703106e-14
2.2307982622804885	-1.8521578648117574	0.8832749031979404	-0.00537057845699682	-0.781592841485547	0.12008767143132125	-3.038544833652013e-14
-1.2562139845221871	-1.0898002119187666	1.20752700829738	0.40293752012022577	0.3216894757728386	-0.025796251091311815	-2.821716247849576e-14
0.6932872518048312	-0.1619861258688477	-1.0260030440406374	1.3644043189238235	-0.3275206592052671	-0.02055976785168489	5.977171878845137e-14
0.3504175257811798	-0.8830126632003453	1.1585489066151216	-1.2835276850873363	-0.06430794280192212	-0.017184101527300245	-9.567761208262446e-14
0.9431878541210122	1.0570636192442795	1.3028613482935352	-0.6070953982866965	-0.04965589862910373	-0.026480261699599366	1.49790828775438e-13
-0.3106294039784085	-0.30930639959521367	0.5062282054716644	-1.4685483852431271	0.16087330071898942	-0.029142022092264994	-8.79023587499791e-14
1.055447731226898	0.6023342470979461	-0.3249955685426307	-1.196039099810767	-0.2049649476841112	-0.021793669104897804	-9.763341199416463e-15
-3.4908559953119127	0.9635310029401601	-0.21501268222414194	0.7054818325479291	1.126382154880248	0.16689335856254148	9.395601714771294e-14
0.47823514204812984	-0.965652675535917	0.37850217553945914	-1.6354000383685263	-0.1429468441764351	-0.013028288206592218	2.909029804118123e-14
-0.4085693886016984	-1.0949208935469872	-1.5216355552614431	-0.5358677835565883	-0.05490765720502589	-0.02896204427089128	-2.4025410630836698e-14
0.5198640317342931	1.3687979505305397	-1.025508301487088	-1.4004662931755085	0.00235833002446633	-0.028667193306784907	1.6212605663363437e-13
2.0433642604600077	-1.6734479298253437	-0.6540716964420084	1.1978549128523575	-0.8507834559863311	0.09318802122379023	-1.6202224737921165e-14
-2.3468911372205565	-2.2187236581738956	0.6796847177319876	-1.3503759513309654	0.5633081099140592	-0.01854641964875074	1.6328298746850776e-14
-0.4768975950101704	0.17964218998282364	-0.29852135043665734	1.4916768832240186	0.09362319625893557	-0.026101451851301555	-1.8052748516725058e-13
1.6734911763340155	-2.1677311562728767	-0.9077170859284758	0.3227686453186133	-0.7747111531718797	0.08686499729838619	-1.1464701621107452e-13
-1.070757560142594	0.32329300430897284	0.08626509832213167	-0.17232372589305653	0.37768961342337176	-0.011622594667307534	3.1415608536614454e-14
1.2458613388255064	3.4718657402638122	0.45788565720059693	-0.8954367789194934	0.08402732431106576	-0.021431092054505312	-1.7225096124397556e-13
-0.7507718072229599	-0.9214696945219536	0.6540007022031591	0.07712293685801072	0.17024028772677524	-0.029102554069796015	-5.074011492008562e-14
3.012624936251429	2.85988544445299	-0.9341066666203475	0.24840378237477834	-0.6339106534443839	-0.005187347264902212	-1.3566624826547937e-13
0.8091168697597338	0.7674347492040786	-0.10588006101248819	2.3361406869031556	-0.24655676965424114	-0.02691190806937524	-4.1131338619839337e-14
-1.7044687019112856	0.5313919412812497	1.6415094876899534	0.46176300742497867	0.6576679528755028	0.017488732210472164	-1.1242351015953822e-13
-0.6562330961354333	0.26917111254759374	2.0349521876283285	-0.32642139561528505	0.3711289813862085	-0.022105408681747964	1.2055098750363804e-13
-1.2032554903432444	-0.4571555433171745	1.7591520718668592	0.2850318590483365	0.4129463388001137	-0.02010890465453226	-1.154217631359591e-13
-0.5570177064943613	-0.7953141262654206	-0.22174723151904513	-0.034174627990648916	0.07864996764441562	-0.029563950857126594	-1.7872464201655177e-14
0.42483665319563924	-0.3982709511113943	1.1231362754397476	-0.9125905911272629	-0.05162449360342392	-0.021785531483775142	1.5134248531032883e-13
0.5282355913967848	-0.22341130662098668	0.38375909090185867	0.7960685189147877	-0.1777489940935046	-0.02225860708175343	-4.795964115467819e-14
-2.373643458570122	0.7113208060264422	0.46324413443801277	0.44596870292647145	0.8096322602056858	0.06242332524070607	6.956983315479225e-14
0.9495063830125305	-1.1093240827862623	0.9282344070475941	0.9907814148773043	-0.3709350049476415	0.0073621793707749055	6.005440518605075e-14
-0.373470306127465	-1.316568576580354	0.39739634808312296	0.6513088966049204	-0.022898655394738027	-0.026398896736933002	-1.4300347510527154e-13
1.0098005682403404	-1.766682490427688	1.937219049477185	0.5269871176091317	-0.3783046227113319	0.03050424125728854	4.2479844865352786e-14
0.46295728920099244	-0.4113085602374388	-0.2683223203157675	-0.45803857648824975	-0.16628737731516677	-0.021774731302672903	9.032519843318203e-15
0.7746507562414172	-1.5061461091145443	0.3868498744259774	1.2410805857823612	-0.4046468576314763	0.009465139414894573	-2.8394225266867033e-14
-0.13534798651862467	-1.4687606251651644	-0.11233933181879012	1.0630388524615075	-0.15679248108991217	-0.02130522636624779	-1.712923736468984e-13
1.0681888689230055	-1.6331971554256697	-0.6398598989577562	1.5672169209417228	-0.5785060050156862	0.02655264431914892	-1.255660151676221e-13
-0.3565577099066079	-1.9796471480630882	-0.19430089156616	-0.6426569680822641	-0.08137231455605282	-0.019623412718418377	7.671985823276194e-14
0.0047922439436570725	0.20391252571270005	0.018924540948352227	1.3496580128883755	-0.021781866125623592	-0.02924328145555418	-1.547477411085769e-13
1.9926162804186645	-2.2711114579964766	0.17031911257527232	1.7993588857287295	-0.8732727312369298	0.11982371047589753	-1.4490681973335802e-13
3.08647286524427	2.881477167570946	-0.20811675180895675	-1.118739355965099	-0.5535654138972826	-0.0023526119436531297	-1.1533647357195858e-13
1.8069701167919063	1.5406895081823841	0.8075107381745413	-0.16699520905097348	-0.2997136176195942	-0.01662333530338716	7.726114327473281e-14
-1.6718304821411185	0.5143667502991379	0.3257100341132914	-0.8671688510890162	0.6217773693476525	0.015765658325264616	5.663832454405959e-16
-1.2423757679913099	1.282960727026612	1.144068758026141	1.2058183211405564	0.5419361135275617	0.01713562658852032	-1.9115191667339606e-13
0.5581164348043713	0.15772905058050926	0.9603788984142118	-1.0317188749388992	-0.036019509392713665	-0.025026372938465533	-4.850194897238865e-14
1.1191856454024567	1.4622302705828134	0.4721348298439885	-1.7575526089876476	-0.060458414972886274	-0.027383615990131262	1.2016814736593747e-14
-1.0438388637006248	-0.19902488562502244	0.4645160292246118	-1.037424016747299	0.3704825850011801	-0.020288338707588074	4.9645618717866064e-14
-0.44717116988716005	-1.1491442433731949	0.7136540075417968	0.04085367064807938	0.060892222485579135	-0.02797808639391514	4.5838477875220904e-14
2.093369891877283	-0.514103814293449	-1.4280965933717376	-0.6092252995779252	-0.7166223937318151	0.04687352595687867	-1.6489872723678867e-14
0.5585680469240618	-0.8405463397886321	1.4897412779336432	-0.9426163782629293	-0.11498725397537755	-0.012022564393008613	1.1677758886331073e-13
-1.648721984714041	0.18702447154183102	0.42724488600952093	1.6245666348211676	0.4823339329374635	0.0060173381201336995	-7.120808842094107e-14
-0.4453902613999577	-0.5144695895465881	0.09788714569540385	1.5807856465287824	0.028884933098172152	-0.02935623913934625	-8.04670354406633e-14
-0.1519074555451553	1.76492997095562	-1.1899477220003227	-0.9310545049413244	0.2164771629228923	-0.012997394566260784	6.694384860491165e-14
-0.46231021415706114	0.17131169605768512	0.07033473589407888	2.289956946029598	0.07769827068277599	-0.02627716597056829	1.8901001491723604e-13
-0.965025306368632	-0.5666481764417975	1.6574288570443492	-0.6752035280904678	0.36340918297557473	-0.025307346237012356	1.3050802104935378e-13
-0.7348292541095728	-0.06226963648454249	-0.6006510508075974	-1.0494322071074367	0.23014320265922927	-0.024576606449355734	2.2762737661506723e-14
-1.846777173579941	0.13347573226917703	-1.0749276246442085	-1.325709892683627	0.5670611744135231	0.013570828906629976	-2.3927445791817712e-14
0.07385291004697031	0.3897941801284859	-0.38934421183947837	-1.2019847994384738	0.05821989521748889	-0.02924428189991818	3.011079410616986e-13
1.5392549089982623	3.997863831294232	0.8289800340080512	0.8141942435531481	0.00624197377024078	-0.020887504090686897	-4.973092102828392e-14
-2.4447636588784687	3.8276578328620743	-2.414498278664258	-0.008099533456367963	1.0315203698920667	0.23926609100023066	4.444798351819848e-14
2.16696313520525	-1.4701876160309189	-0.27057634938410635	-0.9764806994385424	-0.7530405581528854	0.09409178567434312	6.845441460257962e-14
3.0462094407880795	2.3533790363461584	1.242522364886039	0.05667433557367673	-0.5590735530318681	0.009874837919933504	-1.0084693116699481e-13
0.5995654907133223	1.9226996224176796	0.011770156746967755	0.39794531443334097	0.027279087195043846	-0.026081838914747774	7.857349532272625e-14
0.7200861441240174	1.133852471046539	1.3444385233846867	0.04981741061000251	3.918438206090456e-05	-0.028301384289033754	-1.0806165562816495e-13
-1.6785227906876865	0.20778968617764693	-0.13543434290638076	1.2837658928691447	0.4738870675770439	0.007903354669916469	-4.3013980198165647e-14
1.1922712211130617	-2.2879744481681867	-1.7087723732096054	-0.4617566132589723	-0.6639945946392186	0.05627007709266618	2.4536612228374594e-14
3.1833673230341177	0.6101382766018469	0.19835855332783595	1.7360119617424863	-0.9134083099643727	0.0777894484970884	6.484917785893587e-14
0.15497967278288308	-0.21551215186665373	-0.957465253946407	-0.375683080450078	-0.09918292455297942	-0.028173036043679545	5.438784962455028e-15
1.413819963344288	-0.2272874775444689	1.051018648130256	-0.74620356004864	-0.3343859059261204	0.00512441467926467	-4.185424498808909e-14
0.6821222839778655	0.6680768275837008	1.1915314327099527	-0.463692648100309	-0.02711049045484455	-0.02691544886423748	-1.5671262204774973e-15
0.24467167349376817	3.860737822184657	-1.101114915732904	-0.539279297782433	0.31855763881800114	0.020724602451448682	1.0327729152108479e-14
-0.6618844515363019	-0.07114446260862717	1.355149368287376	0.953637973364178	0.24237964765518066	-0.02536356084145987	1.7004104552573054e-15
0.21951492365678907	-0.011347458138580246	0.5407241395740124	-0.582319020211809	0.002037683234829811	-0.027881087315850803	1.49776095424906e-13
-0.39242456525754754	0.42666610424294316	-1.7126570804466588	-0.46552734792849876	0.09112338612019497	-0.025433160575654045	9.66816608273684e-14
-0.19470167729444593	0.18483448806445188	0.22207462617173732	1.876766281901283	0.02578623607340123	-0.028557038954081317	7.346697171155373e-15
-0.6189886431659015	-0.8268600943735226	1.3846224479217641	-0.9421868393260471	0.22708599586378186	-0.02895405203433906	4.3905265798050844e-14
-0.12965690692501503	-0.047700663481156126	0.7782175028056741	0.19412897180540245	0.08368016915691555	-0.029022971424529028	1.989290314536925e-13
-0.25717654687925506	-0.5909014927912505	1.2706971930770081	-1.1201315830336913	0.14608196039884017	-0.028500710589972264	4.3565481589637766e-14
-1.2429381268140398	0.6500488158045297	0.3636950527923868	1.2269319604036621	0.424411027654933	0.0009322388393853416	-2.6504406200290613e-14
-0.9881072975169672	0.14252715629411025	-0.6335002229049871	-1.6427749250047727	0.3504189143720673	-0.016876831841366076	-8.850859860435803e-14
-1.807977958053032	0.272214325243304	-1.2966434420488133	0.11911193975907312	0.49822145230857207	0.015728451448282055	5.3965886244491514e-14
1.8260935986759177	0.5390501020230601	-0.6071906382547902	0.46981388113047706	-0.5229173763546885	0.001935400622299893	2.514965248528278e-14
-2.4722394992183165	1.4373397316563523	-1.0641192613219619	-1.0460641963936472	0.8910963099368016	0.10245101665016156	-1.1972894273885304e-13
0.774158680650324	-1.6409419618170344	0.09040941192974057	0.9205903684377418	-0.4233707235632423	0.012803933813834673	6.147499501495413e-14
1.4972723421893477	-1.0182036723573307	-1.02094621102155	0.5123029173717005	-0.618100736757681	0.02972784988088225	-8.449422673495155e-15
0.8594810359528745	2.141511421220555	-1.1180709081900775	-0.002989563769229486	-0.07728518341026071	-0.02763370808580317	-3.460368854264226e-14
-3.215755798893054	1.5815252202163077	-2.454286895257635	-0.055629939053333216	1.0101593408792346	0.17824666040149637	1.2070588761747156e-13
-0.5951590567111089	-0.09710422574899961	1.0307624363180778	0.03995530390339134	0.23780468869329918	-0.02643383717096022	6.860717991721759e-14
-0.10976382063723414	-0.05763814740225036	0.7882290170240884	0.8310811711408317	0.0511655589902164	-0.02903117779849054	3.13596055100684e-13
1.0961839386268788	4.403283321864297	-1.2572875721720271	0.7103567190721914	0.06247720516779998	-0.0017972534041493149	-1.3131557092885655e-13
-0.912557379492436	-0.2655737891592607	-0.6821458256482269	0.9582075270490679	0.17351047199028366	-0.023715317135336644	1.1883119181718394e-13
1.2485636594834926	-1.7944351044591689	-1.5830543897682738	0.2639203853525249	-0.6509009976477277	0.04134039202868862	6.974485311137392e-14
0.3083298599525954	-1.2044889264813645	0.6040418225536178	0.008098612990300803	-0.17256320531626793	-0.013747344248103616	-5.6401108059696166e-14
0.4781607240392375	3.117498975869855	-2.1841645371427383	-0.2268215546759238	0.08860195588539758	-0.007208278111365708	5.3679002343309736e-14
-2.26715460031566	0.3990755852677907	0.5447772391203393	-0.6261601908068868	0.7914023337028494	0.043774319506966204	9.908449874742418e-14
-0.5445336705125812	-0.14401230232306758	-0.8577274936368009	1.5185176606225579	0.04385051343384989	-0.027723866762151658	-9.034226458078572e-14
-0.5927792764639982	-0.492601856220425	0.37254083937145926	1.6362888964930151	0.08910510690869958	-0.028699218240363023	9.912538775459257e-14
1.2851790396405631	0.859452687133058	0.7348871632863759	-1.272714275884698	-0.17828655038940405	-0.01948258511289665	4.58229284371306e-14
-0.6482767075268855	0.2714807740391956	1.1701195667508983	0.11885017035090356	0.29894302704630915	-0.022342604663249804	-1.538532118799891e-14
0.44392600737167665	-0.62552044226365	-0.8037298529288892	1.2611584190965783	-0.2863115277868841	-0.01992417086766236	-1.981186572308084e-14
3.2400103372347093	0.6545759061315646	1.931070446639912	0.21354043132792172	-0.7586689884532212	0.08246990903100804	1.8315441100938096e-15
0.6034550294045274	-1.1014260418553827	-0.2231749473959748	-0.256238541617481	-0.2867880479100472	-0.0071104413785529515	2.7327957674309874e-15
2.1233972349414856	3.640933526426546	0.4793665227821264	-1.325863305771658	-0.13908855803156026	-0.02824822348795431	1.331408406536369e-13
0.5309076127214281	1.3321563790436513	1.196090405816504	0.6914827545473252	0.04229500423572227	-0.028189399914129172	-7.45712954993608e-14
0.35260900128577366	1.4456363378553447	-0.6168815821103216	-1.5680772846334996	0.09171405814428006	-0.02674561105547197	-8.771788250457974e-14
1.0243475344510886	-1.2775295253291672	0.41358596240784135	-2.127036370087722	-0.31339510532693826	0.014902677885128437	1.4886356158135749e-13
-1.2858898656991402	-0.6179038181702379	-1.694640409708853	-0.3721587083370277	0.2401300568118803	-0.020751597855475794	-1.0486238486603283e-13
0.007307824209287882	-0.13373699661406285	1.1442110418749496	0.531108113608648	0.0419510184562819	-0.028513895184338705	-1.5412024575189226e-13
0.5729456504455734	0.7487770519970893	-1.2505916137707143	-1.1282525398017154	-0.10519963435932768	-0.0291317172463833	2.7157249990699636e-13
-0.675813288392342	0.10365695150790702	-0.29507136193617634	2.0106026968429225	0.12338613618709623	-0.023856319305699425	1.1944206118451007e-13
-1.6854785776535217	0.713981266100125	-1.3780690481246944	1.0758584670352607	0.4663344806339922	0.022781953346804752	4.064656873681466e-14
-0.0008116273214522896	-0.9239732651206445	-2.1229526397930627	-0.3087209239789335	-0.20209886755755185	-0.02576172222163517	-1.0188631592967646e-13
0.2883072503551228	0.5891608057148224	0.15129744530572412	-0.6206500738647351	0.0248563204301728	-0.029096280344374278	-1.1429057224902467e-13
-0.014499088434859387	-1.3586211956435008	-0.5622108900126321	-0.9499150770962134	-0.12483572350736694	-0.020346657666224864	3.122286447598492e-14
1.216960891313857	3.3789600607409707	0.4523949285438083	0.15341225454822174	0.039082591777603586	-0.021939554707305953	8.559136094706278e-14
1.0809892429998993	-1.307972718900804	-0.6856084492538483	1.5523266414925383	-0.5500906970158619	0.017263621616887347	6.846746343177641e-14
-1.6389489213849335	-0.5156913224663008	-0.1428470912242483	0.05428268798189386	0.4321542006806114	-0.009745318495353043	-1.5930573778238526e-15
1.762282800135097	-1.3314891829768127	0.03457427847579504	-2.2059491539885516	-0.5528956417059729	0.05871885782708381	1.3507976100741108e-13
-2.0992966258009065	1.08345156116594	0.054544042677549955	0.6543030425081346	0.7354084593969581	0.059243106579809454	6.490745571254573e-14
0.11494261931508327	-0.9410516763326147	1.153931546417261	0.5230421354964576	-0.07577126878966692	-0.021661094356238444	1.0851035541930343e-13
1.0165184073858828	0.47162009899293555	1.2655712024310106	-0.16429072000432832	-0.15456065146484266	-0.020054540505058307	1.165066274412868e-14
-0.7147672467767657	0.853437209128357	1.4819953427419161	0.12127848290006508	0.40115388456913803	-0.012655174351245767	8.152394029865508e-14
0.29520391453195605	-0.6506777797577744	-0.6451548738562134	-0.8025744880928828	-0.15105190667410393	-0.022540774236155067	-2.545705290172519e-14
1.5076018333616028	-0.6778515884331127	1.889285698169201	0.05177819159440721	-0.39183008890963306	0.022656684895880234	-5.887467717506186e-14
-3.1634901356949423	0.5980911334649311	-0.7910852649482284	-0.13901710776046491	0.9853747605915576	0.11776978821711463	-8.311728622517713e-14
0.1245915028169299	-1.122016962090693	-0.17210585803995576	-2.16185634043671	-0.06723876840580471	-0.020049198078392394	-3.229885884016823e-14
-3.371843745414136	1.056251171738276	0.07050904775281064	1.5175123534153436	1.0843496085457032	0.16056245946129083	-4.549682510822161e-14
-0.1740119114146755	2.190506840501677	0.4972678958615055	1.6186634458814422	0.2662939908329636	-0.004229890058952629	8.061787902144598e-14
1.7381148403111328	-1.1924670611588506	-0.6703595880166822	1.4328838182550994	-0.7230517082119223	0.05065514934799393	-7.902445607744714e-14
-0.8105358801750829	0.09902923006957862	0.07916823902646533	-1.3821453484071575	0.32468614944237445	-0.021392654868455884	2.2514055016206187e-14
-1.9321899418874828	-0.22556722651938543	-0.8503389663372163	-0.39469929109368224	0.528118228748315	0.007715353637570921	-1.324021219435758e-13
-0.3454817920087409	-0.14166775113933688	-0.7561625050414522	0.5699165740027448	0.030077717250561763	-0.02914533026649165	-1.090665503668165e-13
1.9673595277971352	-1.828576389168208	0.3690511740049141	1.590443898013644	-0.7996908773672411	0.09589459391994645	-3.4673856840990505e-14
-3.018280442891251	-0.22093947256539614	0.08107101666729184	-1.8103772410456493	0.9697811000137257	0.06836983009942142	-1.7222542537830028e-14
-1.5717873721076174	0.10128966834228284	1.5768762899691786	0.0005175539003752975	0.5852698171795478	0.0007002508710059848	-1.5916165136925275e-14
1.764670815042527	-0.8211253545546833	-0.29539001257198916	-0.6832550446958163	-0.5824656500330291	0.03923041158183553	-1.3210148793936373e-14
1.9089369914626046	-1.4117244965343994	1.110423209818107	0.43600798452530415	-0.6476159151807473	0.07356034735787265	-3.614289767450156e-14
0.6909514007986968	1.3895531643930519	0.9641082510985756	1.0788464041516146	-0.028689366763242317	-0.028606860123986007	-1.7060894471632814e-13
-1.9119835627709905	-0.008105084763916777	-0.49353322230013447	0.10037907974510996	0.5471909043213183	0.01254237000117828	-2.244109833936215e-14
1.6569782101087394	-2.402755318878242	0.7950914198341368	-1.3843262851899483	-0.6220686366248396	0.09913726334689935	-6.347570193514107e-15
1.8459259530081098	-0.9169071335129717	-0.1364051881220092	1.6167203850540184	-0.7009740381871231	0.04775205347533594	-5.4079857279965854e-14
0.858664155461789	-0.33204155619448095	-0.09351385392799011	0.24632041782700373	-0.29245049586005245	-0.013215306046523547	-1.6698468725349467e-14
-1.7057802306373409	-0.7962184205271445	0.017848508674316383	0.8437740943636075	0.3984658917833708	-0.012828435847378637	-4.7439449595856166e-14
-0.1306866095577435	-0.1418522186644962	0.2974419160179453	0.2966080290437373	0.040778065744177056	-0.029211643666890306	1.606123307615457e-13
0.6082309522277207	1.3581933948518972	-0.9200004844360011	-0.7704195760576118	-0.04453317115317633	-0.02908219185623101	-7.107472160254892e-14
2.4695506641449545	3.264171736072622	0.9342519384978546	0.7625828350066993	-0.34039382152410896	-0.023497256029630126	2.4206111974852526e-14
1.0246402335338125	-1.978619551015566	-1.5715389892918783	0.09703707182140914	-0.597682524480105	0.03457125075490129	1.2282749259341607e-13
0.35333472411494843	-1.6511427903256675	1.1040127583535977	1.0130026801751648	-0.2445915015097756	-0.003458393764195854	1.1656502107420963e-13
0.8977022815404481	4.250804085166015	-1.2383428629892892	-0.004001931666865693	0.13555647880788427	0.002231162066955501	-1.5615616391501565e-14
1.2439989061059158	-1.4011966248689045	-0.16810952437152357	1.3128657336365035	-0.5664780728670861	0.02916058622255533	2.1280211860892216e-14
0.10199665988638558	-0.7157307125762425	-1.5844792082690773	0.5142459878549646	-0.2115191579830051	-0.02574742642933958	8.384731720969378e-14
0.4386150749847408	-1.0477876653073757	0.25185249187656095	-1.1090942928764789	-0.16929164055631304	-0.012886791995849068	-7.264145634485853e-14
1.520182111002796	-1.162943026197604	-0.5704198089257242	-0.3272567274431005	-0.5784734956881461	0.03643191566055174	-1.3827225763985893e-13
-1.9346173624511853	-0.36089813933879755	0.8641749843836861	0.317233292853171	0.5872578026608352	0.0041268715180143856	-3.5237419488681207e-14
-0.6054168815037572	-0.9622279620188009	0.7045048527193934	-0.41970847421593377	0.1462138086421026	-0.029218116830509674	-5.4937640328769646e-14
1.4973092913238761	3.8636108097287503	1.391698680830739	0.48088105296503664	0.05142776851166444	-0.021544605773651627	-6.386168547330057e-14
-2.2337697445809863	0.34803203984047176	-0.597593557353284	-0.3822694538014136	0.6972662720820241	0.04045001663412804	7.422678055553037e-14
0.0657736159464263	-0.8225955582992408	0.19934592658931655	0.7314981220644102	-0.1143558182069949	-0.02433575209960414	1.3124895379207327e-13
2.6778698672509598	-1.6731220312843993	0.4022929756832851	0.8726739047240987	-0.956430220534604	0.1506919713588598	2.1360589090289168e-14
-1.5625655688019062	2.229237736426144	-0.5424035792708107	-1.1852240073891132	0.7414226396186158	0.06966144058941832	-6.484473327469861e-14
-0.10647455489477346	-0.15552572652003904	-0.24298829961733293	-0.24324875509323685	0.021921938295200637	-0.02937697372438538	-4.7213312984966594e-15
0.2745037549063454	-1.193974347146265	0.8598140348465314	-0.9109898756212325	-0.108453486523506	-0.014641865641721447	8.133173002962234e-14
2.343236267022591	3.5752525655544183	0.6442091222548766	-1.306940255824577	-0.20206713283594652	-0.027108268877925563	-9.314392959565916e-15
0.7874747081755952	1.529248816644471	-1.2274597709873254	0.3435597526014877	-0.14322550696621736	-0.02935424629294297	-4.13997452555541e-14
-1.6603850264079512	0.5754690090939297	-0.5079774521942582	1.3581279064689102	0.4838754101318886	0.01720176842933253	2.636784557753028e-13
0.08441415562390524	-0.5130704237477977	-0.3382522311863337	-1.032130420627259	-0.04637234273489666	-0.02682396683720325	-4.570258365944361e-15
-1.5017861428715615	-0.6028574405028035	-0.025885206007579077	1.0082427111062315	0.3494287736504144	-0.015239410662292717	1.1813168897611545e-13
-2.042808099717323	2.410863444130006	-0.23322641138940128	2.2667216860817483	0.7843388348782591	0.11454603967682743	-1.3082375523896713e-13
1.283097813293078	-0.8621028277427667	1.1844035961300505	-0.8178157550294606	-0.35245627296069915	0.01623717557226524	-7.49709678021875e-14
0.8777214957932434	-0.9986252533262121	-0.36976210463789255	0.9133107036723899	-0.4128869245924169	0.0005328910012937755	3.224596592790906e-13
2.1649899601474956	3.447345919006702	0.08852856649265223	-2.144224847728173	-0.1621446204878959	-0.02799657300265096	1.3552424589897094e-13
0.20722608151500121	-0.26031067434436883	1.4362766212743923	0.35298215775800446	-0.005906594436731238	-0.02619316289034265	1.5901384235712614e-14
0.8249848362281709	-1.3576294158054567	0.1886548450010429	-1.1947955099713654	-0.3154920850744189	0.007719145652395395	-1.6684787239879228e-13
0.3546452771017906	-0.042823916828656126	-0.4484399488813654	0.9933465037563944	-0.16518425530136246	-0.026930852065294036	-3.818984331372884e-15
0.11686771342724721	-2.121972981973523	0.5157154347255997	1.8102791783833958	-0.29345390542256833	-0.002465107696613212	3.381589310534878e-14
-0.6893794752451627	-0.4376346167114252	0.2747913235463195	0.18035769205402577	0.17765642120300537	-0.027780358283207636	1.6469007170327957e-14
3.541889011773329	2.608065424811581	-0.18211616588853213	1.294986083375383	-0.8128714052986036	0.025072332410016863	7.215428411149845e-15
0.3156919553884355	-0.3549645301912305	-0.5942928182898427	0.3218169830787835	-0.1684516006098153	-0.025123264750415465	1.947762052662252e-14
-0.11765857373043617	-0.778978102876762	-1.4872497556118207	-0.660511697956897	-0.09951971935651617	-0.027957494480979693	1.7397361280929343e-15
-1.6273562447601306	0.5586259592429146	-0.1817424397166516	1.5746098859642357	0.4827167297829365	0.01508172101857574	6.803035059624971e-14
0.13523513451588137	-0.5982771744463496	-1.8323140396859248	-0.44306074906333665	-0.18423258519782862	-0.026362389070425127	5.06468011739714e-15
-1.150663446890434	0.21281021419559887	1.1752197112008713	-0.20363384208822438	0.4558920719865172	-0.011249851691437551	-8.295553225128898e-14
-0.45067360360328107	0.8051510592009407	-1.9857809339702408	-0.3692556986174585	0.12955748565781253	-0.020155840209834953	1.5504295224468116e-13
-1.269819321968399	-0.06619359934066914	-0.3380664662441277	2.0471538424638083	0.27780053750223677	-0.012672012613721726	-4.037085440468238e-15
-1.4586955304477736	0.2860269014397234	-0.5349209264072233	-1.1494757738950645	0.4925996895384997	0.0008962258508149664	1.5227222959713288e-13
4.124795201003172	1.679110184928919	1.3472760176582121	-1.1912901311219144	-0.8848313001504711	0.10360980527375219	-1.1735604939721584e-13
1.2563790681794436	-1.2695087261026752	-0.12957547431272495	0.6182393060168829	-0.5253894886348366	0.025686474882163184	8.562615740737013e-14
1.5150362233299057	-2.2669032241293894	-0.9797518832492558	0.7865449824844785	-0.7626474646763354	0.0791376515324083	6.361996835334258e-14
-1.3177234167080938	0.9506726435974971	-0.24427329863175123	-0.5552724172197389	0.5169027555226529	0.011684966219379376	9.788773976871237e-15
-0.06885624112738947	-0.3307154611608466	0.9492841642486778	-1.080849693926897	0.0976757435727205	-0.028411612606641795	1.8895435059368031e-13
-1.5625459532784738	0.7421272051850418	0.21341353983783062	-1.1449106455612506	0.6189063302883084	0.017098865559051168	1.041447767266357e-13
-1.20330966446903	-0.25909516107489483	0.13301215245055442	-0.4463728864698528	0.36732868749163794	-0.017530026471983113	8.911285515455195e-14
-1.290128760817536	0.16440361111726115	-0.8314589493247034	0.1093652819529495	0.3592735323277355	-0.007732559472231224	6.700267480406745e-14
1.3055447611288775	-0.9537084464324421	0.32167561459857386	0.028758195525877914	-0.4551551553576429	0.019085758317521306	3.370674393578399e-14
-0.01845180656159293	0.9021822950789848	-1.6474055997975676	0.3395632552216675	0.0026847970884005946	-0.02655326096075748	8.271574427837378e-14
1.155404154825702	-0.7585049521724555	1.6710299554693548	0.7384253066836083	-0.33898671746646797	0.00800221114885313	8.431263411500672e-14
0.7881240880804818	-0.24777643535760924	0.6013463535370617	-0.5699104914658344	-0.1875986492039161	-0.015962602864920194	9.680046838428007e-14
2.2181082473126543	-1.9547504722023938	0.5227231366958318	-1.9331721060929568	-0.7310234192880907	0.12392621799354735	-1.8945576209632047e-14
-1.9455076784530274	0.5853841031734941	-0.7086947009072213	0.5439483728200071	0.5921891002511924	0.032232024890738856	-7.764848433935617e-14
3.8058630519784074	3.1773142948846567	-0.22271318420385314	2.0157160587524774	-0.8617356251282792	0.021241298850382694	-6.636879952649763e-14
0.6286356249230654	-1.8889029076060335	-0.9877077917449935	-1.3140474713376589	-0.38005068384926516	0.011894273860660741	1.82301949499393e-14
-1.3454651186244673	0.2574920214874546	0.9138552388613872	-0.0536143788780408	0.4972700991724056	-0.004069459188277205	-7.333544900602048e-14
0.5376361078275418	-1.6600507375737357	0.8810946492289767	-0.6119746459269061	-0.24604978567818842	0.0037350262005675376	-5.06342618067565e-14
-0.10524847711333983	-1.1199010841574282	-1.541465623228083	-0.08116595666869056	-0.16689036404241708	-0.025289458449683985	-7.046140557115835e-14
0.7675758917373932	1.8209321991588594	0.1852590513700946	1.3430091868115677	-0.06207521962105626	-0.02810621520323735	-8.026744586236244e-14
-1.986606522336534	-1.2428138175130312	-0.3239924756519743	-0.3399689906362329	0.4613758074925456	-0.012512032718123876	-3.4432710730663837e-14
-0.8336017177384188	0.3990697427261066	-0.9364624014360425	-0.09503252581357557	0.2507959023242966	-0.01686770709139381	-6.880876716947134e-14
2.097703906698178	-1.5350592834204404	1.7747450436649488	-0.11394474788612159	-0.6524858264204908	0.09446689315685407	1.693554192236462e-13
-0.5736817616326627	-1.0129413839183996	0.2674973844193697	0.39933457564845093	0.07153325119901485	-0.029286558602141556	3.246315229937444e-14
0.3378152218596635	-1.421883772274042	1.7359263618625693	0.23215446362654465	-0.14572442221035953	-0.00810476570243609	-6.890704212994871e-14
-1.3090848127605803	-0.1772667926478283	0.4841690217940015	0.12990007486845095	0.40525394497213396	-0.01346884582624645	9.976320341235979e-14
-1.2080822559857247	-0.020683422447443277	1.2330152415579412	-0.06664852767580512	0.445205492913063	-0.013637497327879928	-6.122355150218384e-14
1.1467477170994171	-0.8336363188087694	0.4410481565924536	1.206699004437503	-0.4373890225566269	0.008391134336487503	-1.252607669950431e-13
-1.1289272656449416	1.6116881153864877	-0.2774012621035771	-1.8972627101902957	0.5866732138929056	0.02156407507863932	-1.8763419330755225e-14
-0.6567115912756638	-0.08149981543716589	0.0893278149664201	1.226348184129314	0.15270638728485453	-0.02576805010892737	-1.0720610594012744e-13
-0.2845852363156774	-0.6105586764126641	0.39443476701354896	0.15864119798164336	0.04705944681786272	-0.028969316475121378	1.315114885928191e-13
0.7458949318018543	0.8741731608561892	-1.720567969090669	-0.38540362607072604	-0.2014050223846354	-0.0287479671503994	-1.3843636981669059e-14
-0.5302321072172904	-0.48410901529217076	-0.04264036277882113	0.07519933556449572	0.11070623277469106	-0.029084898634111588	1.610747450151299e-14
-0.21021336088446502	-1.4437539950117648	-1.439978379524542	-0.5979996250951215	-0.14346247318904487	-0.023812964160708695	2.225575123724916e-14
0.5859816508040488	-0.8223089008536801	0.01789648511620385	1.1276387498543574	-0.2943030780934747	-0.012701283686454375	-5.29444350688861e-14
0.7155442763716366	-0.6785641744844633	1.3164681103359683	-1.0463734043561264	-0.1498539308408481	-0.010299320851926475	4.602732199231922e-14
-0.9971288878800569	0.8576074577335161	0.21056739060726756	1.9494171917437437	0.3348815717385046	-0.003517483751673986	8.186183807201535e-14
-0.9754529455691626	-0.9575113936793487	-0.05375722790286287	-1.4807618153096886	0.25450824237920194	-0.02817425928942557	-5.1218106622970634e-14
1.2490044707449734	-0.912232743385126	1.5203862091295595	-0.9494488538497443	-0.32226301089655573	0.01636359955396795	6.439917617697894e-14
1.5807254329752938	0.3058106528598661	-1.8346744978547844	0.4246017825988682	-0.5476894924209061	-0.0032660715621052566	3.7822615853044395e-13
-2.2520892939743677	-0.18824265158681922	0.7128096845438174	-0.1839262689642186	0.713282835734525	0.023396651899569416	1.5280637769341868e-13
1.1412005706938135	0.9629456617401092	-0.04570992385105777	1.1239226535773221	-0.2700135774323396	-0.023903720769910444	1.6379649380255148e-14
-2.5513220875121947	0.9516059245427682	-0.6922713650703655	1.693428959708057	0.7701024476874065	0.0858845593440002	1.5713190144404444e-14
-0.5467923930089159	-1.081418019665766	0.5151201708319704	1.0064998073557772	0.04608890561748885	-0.028959887542837886	-1.681074668789611e-14
3.8845859288695035	1.8271101311503062	2.050475418069226	-0.25232223811642857	-0.7965313495861981	0.07883239449533616	5.251081281868073e-14
-1.465649268671891	-0.08180880677527265	-2.268166577252977	0.1560527903021924	0.2967192189763836	-0.006733230535788062	1.43615907595868e-14
-1.1966613397971986	0.11269409644876466	-0.18383396135590285	-0.5951381204388722	0.39332847553531264	-0.011659299764558102	1.654124376999605e-13
0.1673190958261027	-1.6904442458706992	0.48140096795157344	0.4400171765177772	-0.20812517554197982	-0.009497165897651217	5.345661591991768e-14
-1.847328970647719	0.9597419886631134	0.8747224305662393	-0.896669225428697	0.7582451873355538	0.03875828511593759	-3.208372692493257e-14
-0.9528268011253599	-0.04797069227872931	-1.8000336164311108	0.2522823797293943	0.17135850058234914	-0.020482344729704952	-9.761098563619786e-14
3.097466306383004	3.644776183455364	0.6565940976914121	-0.36148124193019904	-0.45471396861636715	-0.015340747315955893	-1.036704086765151e-13
-1.3019520481717228	-0.5847945765443517	0.2029660560987054	-0.6614957690677397	0.3740513689832022	-0.019800605194995644	5.964220532769402e-14
-0.29982418174163483	0.05443566543400164	0.15955781035754585	-0.6905825398350547	0.14444629946968318	-0.028414882303576448	-5.295666482799396e-14
1.5363817352004343	0.6861968671931055	1.9004157645327666	-0.3466836785841267	-0.23866227949853067	-0.009339622001485437	-4.1741291545057556e-14
0.5831688455247723	-0.13292323271374784	0.6153377690204755	-1.0353126621357405	-0.09513652697619819	-0.0220329275951628	7.409371809305498e-14
-0.007352108533085413	-0.7961407174202334	-2.263466961868484	-0.06495232724447185	-0.20485536708601518	-0.026979463350450258	2.9068237229839206e-13
-0.519814891341148	-0.07478535721865694	-1.1370379581057461	-1.0235299064112637	0.13168228840330798	-0.027587198801677506	-9.248432330466193e-14
0.22365623614821348	-0.6079313729728119	0.6214635244005384	1.109935775460155	-0.12802462229079536	-0.023555564061072967	4.634406359542049e-14
-0.4869955052373662	-0.541157771387353	0.6297721012645052	1.5911811697779976	0.06974786500492311	-0.02913238925888798	-1.2299711103061076e-13
1.7485959061041343	1.7234810045585318	0.3806466337435658	0.5490802609193252	-0.31797958534627674	-0.0206470694417226	5.2135607666152804e-14
-1.105352261317762	-0.6347439828857909	-0.6332825182963709	-0.04980529583957034	0.23484669697534366	-0.02424962182116666	-1.0992666094094429e-13
-0.2372483180100345	0.03529925191275917	0.8854040521684814	1.2369158379497187	0.08816040979395187	-0.02861481011422126	-3.186132651380397e-14
-1.5791774260185663	-0.07548264813657315	1.5500645331790135	-0.7558295370949095	0.5974054073972103	-0.002964421759922424	5.2950990572833e-14
-0.2172119131008654	-0.33515666879511646	-0.19591328371267894	1.8407387218842275	-0.04749946754865618	-0.02943517708986315	8.077582382090846e-14
-1.1183664722310187	0.22216464552146045	1.666542234882861	-0.369010430921011	0.483476416370572	-0.012031045463682156	-3.378401034791604e-15
-1.3165078658941003	0.6556940302740242	-0.37505631518546245	-0.24174385360086087	0.4631629280680359	0.0040712729008907265	1.6794904497220773e-13
-0.8829374613319471	-2.1883617696590876	0.2590338560224639	-0.35764100175491936	0.06659677018016061	-0.026521978941418615	2.0920633016586457e-14
1.1616375341975294	1.354397085212633	0.10786316814113833	-1.6037596728411234	-0.11274631027942741	-0.0265633443494996	7.506315188317121e-14
0.838194461405719	-0.6397331475288046	-0.8059982788613717	-0.19792150009183254	-0.3437143518314693	-0.008822855226547806	1.2943277274696415e-13
-0.4390614397508356	0.33402802613440846	0.48713220588222317	0.8495760776174517	0.1726319493013335	-0.025182930321714918	-2.149070760622688e-15
0.5689913291666364	-0.12192432142786538	0.7475772649197014	1.170771787411198	-0.17243332716963347	-0.022388937160605575	-8.844196323686033e-14
0.4149364414873561	-0.7491032858784946	0.254462411842753	0.8387730096876812	-0.21025494396443659	-0.018200597149741458	8.417845736367956e-14
0.32416550657784027	-0.6170526022260905	1.0053148679069694	-1.1401733217154535	-0.04319024489185992	-0.02132484073823707	-1.4634103295787813e-13
-1.505462512377693	-0.42740895956282243	-0.20229849671312822	-1.8115852350795456	0.4750141656050334	-0.01217932850204598	-1.0676202707306037e-13
2.0643222781116477	2.982073105511819	-1.9894361905305284	-0.1753379347765462	-0.3879726661053916	-0.02791558994204476	9.272892087865296e-14
1.604444118794416	1.6823230993495295	-1.2342883403517682	0.6129829113530381	-0.37939134259749097	-0.023856632879990854	3.891343589275924e-14
-0.4094826892482997	-0.7655221191419728	-0.2630300464901539	0.07872357766142736	0.03111982103505993	-0.029392553839112268	-1.3712232582136529e-13
-2.486273535288044	1.3628497261010153	-0.8197253623980331	1.272750570010206	0.8063768213174384	0.09992617164513082	-2.1547056042863717e-14
-0.10462913404214455	-0.6575739034001029	-0.873237731147543	-1.5181414911018631	-0.018278326633401534	-0.028177539978499096	9.377775298637484e-14
2.1579483169961216	-1.849316372610584	0.3751946221543537	2.0287777772499416	-0.8743576899553005	0.11273108087979027	-3.7629523598874577e-14
-0.9449166966851956	-0.7151601296791196	-0.28336426056300923	-0.38986115304145624	0.21329115918520802	-0.027078839488873643	-3.080385798521428e-14
-1.3860599048103255	-0.4944700149488893	-0.42530577897074756	2.064682337643616	0.25950491562066086	-0.016555926996100114	1.2800967654349104e-14
0.22956676050305494	-0.6269875503466602	-0.3518922205457015	0.5162509832543594	-0.1657671088963123	-0.02382793739241595	9.220216813455283e-14
-0.07757079354396482	-0.9879148081177889	-0.4273302169151154	-1.3552024246647145	-0.04178749015972362	-0.025373796630777892	5.675963088156237e-15
1.1101506319509333	-1.1590170005746432	0.7275471967005774	0.7421492358637276	-0.4248571534469654	0.01584879834589319	-1.1797513688161463e-13
0.664428175820057	4.4114964448394565	1.6931849483055528	-0.6608264217924427	0.4257827787088026	0.015777285683479095	1.3026021209345296e-13
0.1821699404577248	-1.5712835702303323	1.029392293011089	-0.8612490028833274	-0.11350612145465953	-0.010762372545656818	6.18989933084571e-14
0.15674548451606893	-1.2926214106077414	-0.2915847938659947	0.36228756778112636	-0.20572487789038124	-0.017068920678659404	-9.75971280327851e-14
-0.5333568530629791	-0.6301427759415985	-2.1259617344417077	0.08466457260014673	-0.02940044796827517	-0.030084880647372608	1.499919011850321e-14
0.24067227705255465	-0.4847991178206844	1.2592110216296812	-0.47425491072326603	-0.01655263545738809	-0.024041536278817683	1.737341703487635e-14
0.5256964511308384	-1.7098730776473543	2.0541612348448886	-0.010963506175648341	-0.20218267249483501	0.005506205127694529	-1.5586762589909336e-13
0.6227526051791363	-1.2061978132905593	-0.1347589111554789	-1.806516454767845	-0.23462529033472612	-0.0041539645698089	-2.777811371839224e-14
-1.6220107283811234	0.19556897821226504	-1.5384104892506738	0.3348226655371495	0.41056091868489475	0.005444471666006872	5.229270790596411e-14
0.46044203072020773	-1.2989483585774313	2.244062792388162	-0.24243891868526635	-0.1185969494988897	-0.006010164158165511	-2.192886617285109e-14
-0.08867856776394151	-0.06170728253709291	-1.1122324845997151	0.04552851758543166	-0.03711556268163833	-0.0297247194533769	-1.3335891188165081e-13
-0.48693861743127187	-1.037112212107125	0.9332103675317333	-0.1739312312898815	0.10670104991595639	-0.028579162244870386	-9.097734311231482e-14
-0.49975198533280196	-1.0549373431557993	1.1067033882914554	-0.9150769022765952	0.14938373918734812	-0.02850638043780821	6.70457939603768e-14
-0.5079061121183243	-0.5303448209569359	-0.43052049701707457	0.875184216147333	0.04299461396956229	-0.029409474993541487	2.2160366012129753e-14
0.44380353758313384	-2.2690952554519725	0.8606268368205233	-1.2245184024141154	-0.25917979954527337	0.015596555196417497	-4.982250755582871e-15
0.7578652336730355	1.410707172057979	-0.9332907190365066	-0.04911407215343592	-0.11356378809363653	-0.029314388572790544	-1.2804109148118813e-13
-0.26372368135271407	2.4479111694426137	0.09015015892056426	-2.2764949369539575	0.45714995456160773	0.005044074994137377	4.080186642613841e-14
-0.37912431423010884	0.3263241411086204	0.035142628457771816	1.128600470742291	0.1154510174456851	-0.026126917620179536	-1.16789545748723e-13
0.1324162983809239	-0.2503416059919945	1.7397865411390254	-0.5124709400122301	0.07095084611439828	-0.026874577229719546	6.02497264520912e-14
3.4598843614382138	2.662296572661999	-0.6107716719692091	1.4519545106056762	-0.8154359909431284	0.01880937605133069	-3.4077447019156904e-14
0.7018177328931946	-0.3837313119301672	0.9025660640402233	-0.17859116503472403	-0.1748059275295894	-0.01592731699765578	9.011506912799272e-14
-1.5188916188117825	-0.3927870889336612	-0.5677909204504694	-0.7009885886062993	0.4153614603803425	-0.011146337942879761	4.725641592232725e-14
2.445502583226986	-2.0324091094927734	-1.099157159440638	-1.1733584677604754	-0.9328597145255815	0.1465760677655599	-8.006445318919276e-14
1.4841245070725577	1.7599651099600813	0.09129568847844713	1.4042954665886052	-0.2886579027759553	-0.025578322151614565	3.6660602864606494e-14
1.4832007552504167	-0.737280442607359	0.5545242537859821	-0.5570762282526049	-0.44603984152255516	0.021851028987834878	6.624587954809688e-15
-0.20915127569277003	-0.04249350790944417	-1.2315492456038684	0.26778485566191645	-0.015631623853128603	-0.02957806243842536	-6.402079174670946e-14
1.0832363818840396	0.3944456425197995	-0.7817919448811096	-1.1364469965595858	-0.265223112931069	-0.018905209067000762	3.793828817477401e-14
1.4144068809538939	0.1690022461399287	-1.6125110016204713	-0.5084689530589456	-0.46194677958589	-0.006114060851693938	-3.527031446683283e-15
1.0669908124339504	-1.2890885559386676	0.8298227705668344	-1.5117811157825647	-0.32733926592974594	0.017682658099951915	3.093666664023325e-14
1.132115411451339	-0.8167141849960838	-0.3953684908653785	1.869317233729991	-0.5086856330703757	0.006514172097250991	-6.314985524153643e-14
0.535129992438119	-1.3468857998304349	0.2914345963943492	1.7409312020418195	-0.34403980525672645	-0.004082856146764341	-1.2457054995975023e-13
-0.9310164991457641	-0.7979973960556364	0.29548151169651293	1.6048976349370396	0.1529171001778225	-0.027627706744356866	-2.0389253866969044e-14
-0.8331212452787156	0.04751748110262324	0.7765727463997608	1.2441044332367854	0.2597203299522923	-0.021489915203362873	-1.1434263349789012e-13
0.33752057948397574	-0.32924122782209897	0.3332802300002706	1.6381241875755026	-0.17057254342827433	-0.024519694830406284	-5.4020910036468554e-14
1.522410676880139	0.1556734767376294	0.09974926352286885	0.05472841220139325	-0.4154196680923892	-0.00045388328733254765	-1.5603629307048886e-13
-0.432032368138516	-0.19856078378639397	0.2566544309434885	-1.6050111595208285	0.19951671681681377	-0.02854967283574987	4.495522325035913e-14
0.9620366416974712	-1.0826075680292035	1.2933856612507697	0.19017974416623493	-0.3169985835374784	0.0075920072221065124	-9.157660009913135e-14
1.003028640157148	-1.9928686307571826	-0.42940945877561953	-0.9302453612730016	-0.48222074967903644	0.03513846701809268	6.004473241677245e-14
0.16264910097708782	2.578773541859759	-1.5909342892148433	0.41788422659708196	0.13265572310194923	-0.007554970652575402	1.0320906258223771e-13
-1.278094329675414	-0.016450792451208885	-0.18394099018695428	-1.1237598536689692	0.4251485092426291	-0.011559747206709624	-3.024662698504108e-14
-0.715964609718051	-0.9127442532125539	-0.802019028153537	0.845678554667165	0.042102587351967584	-0.029677960371888867	-1.185927818029973e-14
-0.9869302256582207	-2.485285718168133	0.28845876254266384	-1.1393961557821906	0.0991653044668161	-0.025562742874649026	3.3088599844836955e-14
-0.9901917251678766	-0.3873237378710652	-1.4710072354508887	-0.24228568782286078	0.18535178745942937	-0.023765251588188853	-8.059680498945687e-15
1.2248566642022625	-1.3752726941874223	-0.2604387495227391	0.05463302665701651	-0.5120623428601853	0.027238440660326657	-1.3477524239500014e-14
0.43447047773882047	-0.39221028161494276	0.5499184608650771	1.2665289011970542	-0.17762694930425077	-0.022076275489019873	1.2901983809922056e-14
0.1606334985391305	0.13791397143032535	1.080128463287697	-0.714256603564036	0.07328298646437253	-0.028496733360218077	-9.855270157683282e-14
-2.266194617260108	-0.05913979925511967	-0.0856625475766417	1.8621162752469422	0.6001224295356166	0.028447237545598428	-4.085283231407773e-14
-2.0799215103486155	-0.08320517009268066	-0.6187834547134046	-0.8918719404127509	0.6225553723979024	0.018336603041416693	7.700353189755418e-14
1.3538341586274791	1.46363186440979	-1.6526446339492695	0.022492853431929367	-0.3299089745011674	-0.025948892122975367	-4.020278151309964e-15
-2.8567301790224073	0.9044907050936924	0.6068077469980188	-0.28179642209714806	1.0162477437673452	0.10659026996803937	-3.609209175585626e-15
0.8312937191901915	-1.178760320738124	0.9698772082506502	-1.103099145292908	-0.2553149103656905	0.00421765731471355	-1.1635494836903423e-14
0.0024771271134926697	0.36057051388264255	0.2282275402189537	0.5424631219288607	0.04157083476620399	-0.028916881528418783	6.119462686297059e-15
4.185642448537518	-0.809924207084988	0.8213879992734667	0.6828912917786696	-1.2657808028448836	0.2604988795477329	-1.8942374866349318e-14
2.403628705164381	-1.6278783552926945	1.7677821500383673	-0.47062572005288705	-0.7359300084664782	0.12497359819735092	1.9791884665669053e-14
1.6091447812686417	3.1344183668652903	1.1476841652332106	1.0096415768805485	-0.09756582456073871	-0.027806870672150267	6.829981393788084e-15
-0.8315091030906382	-1.1817920333294176	-0.2806594565517567	-0.22311153936300923	0.1222575315791749	-0.02963742890382733	-5.046997500114174e-14
2.9059483971313793	2.3113735207778645	-0.4269474765208561	-0.963315192317029	-0.5808019467304524	0.00348063102693354	1.797862182047745e-13
1.5689635617457531	-1.6223993915990051	0.6665705515658775	-0.3726833086836671	-0.5646763627042249	0.05801157056222335	3.3452065296582543e-14
-1.9437831219088009	0.997233990021215	-1.9741164540630214	0.015945641545275904	0.583615360074329	0.04699539531336471	-4.057046501365048e-14
-2.6507312170430897	0.2718541413103982	0.22174051422493204	-1.2759761136890548	0.9003741188310694	0.0634067258093813	3.557880878141411e-14
-0.9096524652989063	0.017040425763076066	-0.8795419156929609	-0.5619142958718035	0.2541577793474821	-0.020478807307046973	-1.402170134568992e-13
-0.9121520044530387	-3.088369458205214	-1.3095080722743542	0.7816520978326161	-0.16211054480207712	-0.018154009478746715	-6.523421850436904e-14
1.4451433900830581	1.106618480221992	-0.1709896315246	-1.6856870407435347	-0.23616875406769136	-0.019733103705325123	-4.753929742208023e-14
0.7606204647433638	-1.4890300084725687	-1.3842577479164437	-0.879669123551695	-0.4178691436986025	0.00681359865463465	-1.3784140233755778e-13
-1.5455057682313567	0.4949837759991936	-0.6643894620955739	1.3706585489159777	0.43056130290628436	0.009735331936445329	-4.316560333276667e-14
-3.3936119331107126	0.5229300634398663	0.49879263546818264	-0.016369187170195816	1.1189780771933995	0.13279025007787193	-5.5492688561575684e-14
0.7298059246643969	-0.9571878429822406	1.4902003156643402	-0.4366831899168572	-0.1983005416994858	-0.0042669609924959615	2.5765651199797653e-13
-1.6120422698722277	-0.5673855042560216	1.3186251749739408	-0.5394127305629176	0.5302919602821863	-0.011547922426182898	-7.101928678517217e-14
-2.7146556283008545	0.8124445134041464	0.13787161158419922	-2.036666448034063	1.0067292052528891	0.09131212246635365	-8.76516730536657e-14
-0.4275442892371164	-1.1315605785764091	0.4243166666404034	-1.4186633824717099	0.09957971755259404	-0.028010258631835212	-1.5535137292753464e-14
0.8093407147406116	-0.7421398522425494	-2.091135760080054	0.27460930197106953	-0.44260767399618045	-0.008828403637408706	3.016902694867637e-14
-0.27987804584786735	-0.1999902242219694	0.5265156586163375	1.1282950356303283	0.058221299224101165	-0.029090716220725794	-3.373787752569306e-14
0.2159916970897676	1.5229838322952254	1.3927847291400286	-0.1797195118887506	0.20411814518202434	-0.023958698026755255	-1.7433127071976087e-13
-0.807999955624669	-1.022459632541159	-1.0562034392581547	-0.4123884045498823	0.09388840002485419	-0.029692041650413076	-1.2321143961676075e-13
0.33264542320065027	1.4583932480191308	-0.1179020732079886	-0.6524980506226785	0.09133142885292057	-0.026326502746923306	-3.66864122823772e-14
-2.14733754752984	-0.0677773333688954	1.3287708954658675	0.9093912838873193	0.6871481038380602	0.021608988954839554	-1.328030070889819e-13
-0.05783340332611455	1.7054541342439824	-0.11682823636662917	0.5527397133812091	0.18519492893073597	-0.01644669303474996	-2.1660793493326103e-14
0.420654444966807	-0.6316567051732325	1.7614278764283198	-0.2623298362993287	-0.06384044864808572	-0.01862699286124205	1.8353176026125964e-14
-0.24691607323016002	-1.2986283462536607	-0.5431012679306462	-0.5990956830573996	-0.06328127812853508	-0.02528941626974552	3.334787351520998e-14
-0.3552159946259834	-1.0957122084648034	-0.7749314990990813	-0.6379401177737183	-0.02181025474877255	-0.02815002380552969	-8.19802887364672e-14
-1.1888721647969034	0.6001296516617928	1.8926761353560124	-0.5060894468575227	0.5653719427620549	-0.0023880567004820547	4.382788497620583e-15
0.15911859922683502	0.6881821058674336	0.4392091680611524	0.46075246638862444	0.04670490339464525	-0.02862573025425035	-2.319644111603949e-14
-2.279150225725522	1.9744164476361254	-0.44678908897130076	1.253879570026208	0.8356261609413007	0.11257500490049052	-1.2373471501369302e-13
0.16616284710656593	-0.2278747247664778	0.17627973940124542	0.08291004486920182	-0.05471147959384024	-0.027458929652407888	-7.730077106997971e-14
1.3534668651255966	-1.316956396141622	0.999790434907535	-0.641847520874062	-0.43913203661690253	0.03385864822374287	5.188726816480413e-14
-2.3165238386210456	-0.009167668304091976	1.1954681609091058	-0.0724655184514642	0.7769276718798468	0.03233085602627844	-1.0697793388867751e-13
-1.2810375822343705	-0.6776753824731485	0.14590376320302406	-1.2648450115781114	0.37899951908108165	-0.02141975270418806	4.74957406536523e-14
0.09493149957767737	-0.728004335608315	0.1860614045928346	-0.8843762532651072	-0.04723556542246189	-0.024713641177327043	-7.376529177049874e-16
1.3301936200195206	-0.9457066742625801	0.3358836424367317	1.4817251189246223	-0.5202913865251609	0.020036238428074952	-2.616333587371169e-14
-0.5431650830450533	0.20515062953510343	0.4384560841273308	-1.3569299766915688	0.27719110314858125	-0.02482146723983491	1.7964757627989828e-14
-1.1257102598207473	-0.11724354760338931	1.0707304623192833	-0.8404739292386835	0.43207022257813865	-0.01727617641733895	8.871390473308426e-14
-2.6939769144047228	0.6940010158078855	-0.3577286410284473	1.2722374755319406	0.8216408779725444	0.08479252221640475	-1.0445806432677722e-13
0.3219446795830493	0.22510765180509235	0.29381462631783306	2.115694769383575	-0.12825257299073897	-0.02826940281399444	-8.71126135721747e-14
1.8290114331989515	-1.98055743097801	1.1157111158306425	-1.3593477612851101	-0.6096529732691879	0.09327031663276225	6.395424413412676e-14
0.03780560647535162	-0.6800716257529101	0.7651208530253757	-1.0882821997453016	0.01781769648403668	-0.025608562028455153	-6.22270888286335e-14
-0.07248076189944422	-0.07943701513398796	1.813011099184315	-0.12482215413822667	0.13841161029476398	-0.028574440616356583	1.0690819757791754e-13
0.15935552563093125	-0.5694432661430981	1.718071478338698	-0.20372192134405717	0.014690945679191082	-0.024280869843779473	-1.4421880138169601e-13
-0.09251312059682362	-0.16726228458903136	0.6671878265795729	0.4567298803999798	0.042312429459125715	-0.028990267487572757	-2.4304651280976234e-14
-0.18396862697283534	1.7638984145851595	0.26797544075898005	-0.45330322721189104	0.29361509308455364	-0.012099703864269241	9.001677399268633e-14
0.25052537081000564	-1.713367112076198	-0.2768516012982852	-0.5632688634751022	-0.2391923590494883	-0.006876844679022606	-7.0626109071576226e-15
-0.20334429984714222	-0.9911504968216475	-0.848643704153257	1.3498625646766693	-0.14137166017179134	-0.02727802610022635	-3.514291087903105e-14
0.432388330619569	0.6584116890000434	1.5341020446749218	0.31210545237941695	0.034280890666928306	-0.028350844490930463	1.5027879474381697e-13
-1.299093472669407	0.339344593800592	0.9008794682716429	0.9398170408373143	0.4508603637577572	-0.003957376933291655	-6.368207836130357e-14
1.0092381877829186	-1.6229277080038487	-0.5151388714741882	-1.3539564497277	-0.4328603031445027	0.023366115064540623	-5.326902171080644e-14
0.3897638964570701	-1.0832828937369687	-0.13401789386962382	-0.20272168426603832	-0.2190961869845657	-0.013998926165808771	3.471882508165587e-14
-1.0363776921025725	-0.3611561250422496	-0.12381059570947257	-0.06507088425180428	0.27536393523131913	-0.022460360747078526	7.113579749278869e-14
1.0634872795389652	-0.7787173052485469	0.374513646306148	1.9476985350783445	-0.4416814482840026	0.0033977649013932926	1.3868640739179645e-14
-0.7787925244802816	-0.07567959495398158	-0.1392739294559746	0.9763931612825592	0.18622049422221257	-0.023935247337805148	-1.5822478377036484e-14
-1.2914941514775855	-0.2064484930615895	-1.102901624558001	0.6082066308967801	0.2821360545735726	-0.014459810343278968	-4.8772419869430314e-14
-1.2666173846938302	-0.24079333827657312	-1.9238903894247503	-0.4212345526824919	0.26404154550796066	-0.015714854395547796	-3.896979829920026e-14
-1.3240052728556433	2.476974713540849	1.2874927883461893	-0.979084953706173	0.7980639755698168	0.06260861414669067	8.164850146409696e-14
2.7579041203306898	3.3352506290305555	-1.7668258145517215	-0.1955283637818282	-0.5401492826541099	-0.020636534888462045	-9.260204626808016e-15
-2.5980176388210214	0.4807479834621372	0.1508650150735004	1.4122598867027787	0.7932760415280846	0.06845255883991155	8.091764237772824e-14
-1.4468576660411847	0.7708317902245958	0.7910119004643824	0.41169829043382283	0.558002106446505	0.012416540894831456	9.509565127205462e-14
-3.4701408739348216	-0.2963736551950629	0.08526871677944844	-0.32849948690317954	1.0376538332188188	0.09845350834895866	2.540006966173566e-14
-0.3391606515865979	-0.4255664117067097	-1.0310752781805894	0.6601791489351543	-0.02276681311394012	-0.02978202714012386	1.3932735201215587e-15
-0.2421394486266439	-0.037650411140026055	1.6900074419792728	0.25498139850198775	0.17020233971535217	-0.02850267462563985	2.942678823829108e-14
-0.9521918902815034	-0.8029107679115903	0.19294780422467403	-1.2160793513924035	0.26834092581724844	-0.027455356663756165	-1.0114509075132255e-13
-0.9928557366827855	0.9861111699636279	-1.2867635448297807	0.025264928542341292	0.33715240810205277	-0.0006860233709022769	6.503364467228786e-14
-1.6510126643293648	0.26864589731220045	0.4819252000786483	1.609020969654472	0.4959716297243113	0.008181394520758443	-7.726525704930254e-14
0.568154030697077	-0.23917316082538867	1.8659647939075314	-0.32537666802412624	-0.05630605554561512	-0.020338051387416827	-1.014707601863572e-13
-0.9930697341556982	-0.2579815508693083	1.5644216865011853	-0.0015935667600169036	0.37224608630418354	-0.02188192798843974	4.91595773413611e-14
0.17405650961470318	-0.5715367153597284	-0.21616062606820746	-1.2486042957753607	-0.06287534092408725	-0.025112145616633472	-7.379296806437284e-14
-1.4129115249666075	-0.15319813743469124	-1.9315150550798215	0.14622287279755766	0.293633519086447	-0.00990084416638515	-9.43482493719273e-14
-0.1370488355509475	-0.7747047045352417	-1.328309408936505	-0.9806121215725507	-0.07067335774492103	-0.028089465960287514	3.6466007035062924e-14
1.342183847955004	-1.0625476736896762	-0.42209084338594194	-0.8255348570016146	-0.4868214039202567	0.02350536916514422	-1.1985883571007869e-13
0.6315446228313071	-0.48242249852575786	-0.08987763308253967	1.4149883055653116	-0.2896374336043148	-0.016981701905153735	-2.21330173005805e-14
-0.9267671284219836	-0.5586672512257308	-0.7664716455001898	-0.5145503399413487	0.20114458730941948	-0.026228969035497707	-1.27837567439885e-13
0.20292947327647481	-0.35220450224171224	0.8213728003638757	0.3027958472918195	-0.04931656436116852	-0.02592707967424299	6.609187880878337e-14
-0.9470351306179606	-1.0452369689177818	-1.0366692014611307	-0.191609782581761	0.12473788657763352	-0.029071168084290243	7.957448914062823e-14
1.8249700194317975	2.9969640115994807	0.4935459056166614	-0.9747187056327162	-0.13407119010277532	-0.028226933273325625	2.987126905458667e-14
-0.7044622420971302	-0.35237630764833633	2.000825048394124	0.3586400047555158	0.2874766597391214	-0.026720423139956515	5.4720018598563045e-15
-0.24444950566435514	-0.06469604802608928	-1.0493247854089447	-0.2080523155369394	0.022868696133174268	-0.02944453467362261	2.2488759483845265e-14
-0.27445007199072274	-1.0425945132906882	0.5602515588740442	-1.139736294954577	0.06069096617174898	-0.026966118256439055	2.455424408681087e-13
-0.23079991449268777	2.1273076812175318	-1.4818085087070845	0.47063368836804315	0.20497781624117517	-0.0033996190158397817	-3.433089435559812e-14
-1.205089811201526	0.5856886532394727	-0.12388502526841555	-1.7783533150294817	0.5001502724480075	-0.0019161413041393432	1.0194470171696528e-13
-1.86482206013294	0.46679931157477517	-0.9434350568615318	0.836336684365606	0.5286384983677903	0.024225259510735318	1.5854431014704972e-13
-1.8691186711181071	1.0303883777312137	-1.3894139725275907	0.7335761789385317	0.5703124107859526	0.04344861448447526	6.827037151543117e-14
-0.2433808109604256	2.7591409139325314	0.8018175574839295	0.13167471680330975	0.4292561894490601	0.012074344791290855	-7.754727241734404e-14
2.044120901578824	2.981124770423568	0.7408620077513501	0.8154240381630131	-0.2591960042376658	-0.026786057943327085	-1.1484551359850082e-13
-1.0608956873170097	0.5242440062612322	1.0986287103550352	-0.8803989957470376	0.48654075584801615	-0.00822904979860331	6.27670168418686e-14
1.154505840827325	0.5491958374571764	-1.4220000424175983	-0.8470988773912971	-0.31984987060706477	-0.0197826205786393	-7.904398976664655e-15
-0.20672425269954087	-0.49617606458598806	-0.2386878698949392	0.8012941221776441	-0.027906546216132713	-0.029181499442114248	-3.6195535259130245e-14
-2.9028098070234667	0.3276385881038188	-1.1470813464840397	-1.0672015045288377	0.8925159147156381	0.08439532728703528	4.068108506101137e-14
0.5410766515039196	-0.7985189284083611	0.20247920417856974	0.3726928830186751	-0.23653730339627446	-0.01422075300323356	9.895182169865618e-15
0.8516014136203953	-0.6677050940370906	0.09696541283206618	0.8093947170029778	-0.3378428493948366	-0.0071407901941548885	-6.720233577229538e-14
-0.9013891589714614	1.0323028384499464	-0.26658072245328057	-1.2139240086922036	0.42679916472682167	-0.0031512416225537095	2.4667313766136342e-14
0.3742082052164483	-0.46301593535244007	1.4401222972198517	0.13641510166282705	-0.06774588718964462	-0.021858188253594826	-1.2218805910327372e-13
0.167479605402107	2.50306226989927	1.862980391712411	0.14360388255917372	0.34090825463216495	-0.009302733241211744	-1.669369298394678e-13
-0.2589095086966552	-0.6958728206828636	1.9404792369037258	-0.38996620075273036	0.14540871336159975	-0.02789718234805386	7.114841289855681e-15
-1.862832027844275	0.1300652722966038	-1.0990121425554444	0.10283583230474513	0.5114195345487251	0.014243638263499774	2.4857614298436047e-14
-1.069248207545146	2.951962937971425	0.7005184954158072	-0.303743296075104	0.7114616676608299	0.06494086508329017	1.2273499014021216e-14
-0.8701735231299156	-0.5102393783224226	0.7180508659712187	1.279016913391271	0.20488290514453203	-0.026273321146917893	-8.053607975694602e-14
-0.1706021728126396	-0.021645533346958977	0.017827774257019074	-0.8830155449768506	0.09729843203714661	-0.029205530422461237	4.158893929355594e-14
-0.9520136198452703	-0.6088671197670026	0.6932577563763008	0.847366880247002	0.23468485510661038	-0.026014637896429178	-6.465331385552915e-14
-1.3909889179433381	0.7302106984132457	0.01892630375032865	-2.4022453323504087	0.606034432030829	0.008990325252129018	-3.3665608133642206e-14
-0.9477133540147745	-0.6223017404096675	-0.6320278490147323	-1.7805221276449354	0.2604548538923991	-0.026428866134651306	-2.4598820743840148e-14
1.3702356452505469	1.5964697827064231	1.7933637955877115	-0.49069682468837594	-0.09288844942879207	-0.024872162289578465	-1.118092969031065e-13
-0.47733873354462414	-0.7078155753439443	1.4654168098735345	-0.1782994371689896	0.17153665544459246	-0.028897842952116108	-1.5706000337966595e-14
0.0986860852181132	-0.317318488862577	1.7158296404234739	-0.28335869858417784	0.06284280065799065	-0.0268460518016843	2.8544595310476855e-14
-0.7307216231919565	0.5014901997915986	1.800552228941087	0.29313968392387485	0.37929072179304324	-0.017702999330893844	-9.580686460185554e-14
0.8144056130479731	-1.6391552675897003	-0.9696033897807455	-0.8688362315119169	-0.42500773294191385	0.013674786458010846	-1.1594846834826987e-14
-1.5679906943701896	0.3810872124477154	-1.304384500209476	-0.04489349348544955	0.44449501433651323	0.007841561481847056	-3.260859422998558e-14
0.4597316029240944	-0.5067752846566074	0.6727232471979948	1.291090540129996	-0.19098101916557492	-0.02013445759904962	-1.2910849190560532e-14
2.4950752325537744	1.1328886135526643	-1.8947375733122935	0.32778341525307847	-0.7266384349731465	0.01465865492831985	-4.5578479860287725e-17
0.34771346229695665	-0.6802964607049342	0.5235802805704304	0.37224041281933773	-0.1478552943647434	-0.020429328822659087	9.759749820324e-15
-0.7288287137321663	-0.7538995326920297	0.07968241108521715	0.05951615348690028	0.14824810373332428	-0.02893543522204135	1.0963907951609908e-13
-0.6168531353918274	0.26071078949391274	-0.9471699968808572	-1.0914934020377227	0.21130760735358306	-0.02330771778444889	8.218943601187537e-14
0.9792261872866984	-0.9931973435236897	0.7182740420591943	-1.7115889248911396	-0.26895154756719225	0.0056083984575183736	2.375196022140044e-14
-1.6828032390298575	0.9106904377301122	1.0276588032060636	-0.9381840151999105	0.7140653547759617	0.028002176521147754	-4.784518019645487e-14
-1.5587227260803938	-0.13122325419453085	-0.03739369854154332	1.702084751076037	0.3891973728967309	-0.004716538668340985	-1.4530627857148584e-13
-0.5204314219141871	0.10296273575173322	0.16345048051234531	0.8262288150011096	0.1531861811326081	-0.026048442050759082	7.274898562931599e-14
0.9572154151211778	-1.5371489981202213	0.15445646426391663	0.45702348672842613	-0.4428738708726212	0.018744049884062985	3.4745251914232367e-14
0.244792997147501	-0.6170836152531989	-0.33506312307294434	0.31309830742279093	-0.15983635206959887	-0.023650783620689224	-1.9091661165329564e-16
-1.1462027375078427	0.5636068576877417	0.2334298308866526	-1.2177945867183326	0.47845840458096955	-0.0045324476977593505	8.151496699039414e-15
0.4089864083992057	1.414206167655243	-0.8413562505476416	-1.0121161938964023	0.035280755246767916	-0.027571433939287498	-9.426369514253711e-16
-0.34543354102934115	0.9608699954676684	-0.04597779008746332	-0.40505021752519244	0.23287649558739845	-0.020211382228787943	1.3411625948882811e-14
-0.2859550982616048	1.3093685468534613	-0.2575150706196603	-2.027209508598129	0.3072792311805764	-0.016747151633485044	9.121489005762162e-16
1.0682070680595308	-0.7167034848671265	0.12077075132949695	-1.4857782011887986	-0.31073157901451703	0.002004230783599151	-8.566854598903761e-15
0.5506250405501021	4.468180894369271	-1.0901949909168607	0.7181413550899054	0.24310997909727808	0.0237000193199365	7.083979982247799e-14
0.8101973866439697	-2.674197922520227	0.396127774406061	-0.7500915641004049	-0.4555902141231482	0.04887370662054868	-4.173949353000701e-15
0.8904230720603987	-0.6725948169287904	-1.2107687869064712	-0.9917708054583083	-0.35417433160633455	-0.006726139301644626	-6.074965106703297e-14
0.5419299498256115	-1.8843056384581505	-0.25735332021066076	0.6962873302866119	-0.39302296007365867	0.008468438143865645	-1.017769085735506e-13
-0.8418107293162721	-0.2913853742309133	-1.0186553587319185	1.2176823937623251	0.11883662797501038	-0.025168750774157693	1.3903071202875865e-13
-0.6549713224420027	-0.7893918276178981	-1.0469427037742605	-1.0129682716534016	0.09905020508084533	-0.02967324301448163	-3.0982036090186615e-14
-2.1565195999737097	0.13351543395380963	0.6436181816756872	1.4631859483527747	0.6485748469170687	0.028527418457789347	-1.0824915622437233e-14
0.021594247252902495	1.307250229539703	-1.5811715737787317	-0.3919740046731557	0.06900230481247484	-0.023410291277458216	4.44997524553753e-14
-0.40336075625971185	-1.9536720058658774	1.3510974468284125	0.3901427502132158	-0.014618799256391812	-0.020008883068787776	-1.4564282024506783e-13
0.9909515273779179	-1.6340100507760607	-0.47071364595193393	-1.9169243449560092	-0.40292842126547224	0.022826436158617538	2.070114437992051e-14
-1.4475364782903315	0.4291540698984427	0.24081874033735814	1.5730223587786194	0.43975102500217017	0.003774568952075032	-4.20450557096191e-15
-0.25598757697681895	0.4104753827752414	-2.2784340596381703	-0.09391200983912262	-0.00033700626093766963	-0.0274654410066722	4.9577144599808873e-14
-1.2420021386132098	-1.7159539854519965	1.4756741907727629	-0.21186927602373293	0.29065833305672756	-0.028958379858420497	8.756697477598862e-14
-1.6624465714409835	0.8114721006782535	-1.6042282468653244	0.8659687374951903	0.4653336603008125	0.024668099495282685	3.0927824154892385e-14
0.07947549879911073	-1.3805173267132913	1.6875857162089136	-0.4934871878583438	-0.03867394853574423	-0.016310558230878118	2.7407545280340646e-13
-0.3033003246162243	1.323674986857726	0.07351778743816355	-0.5582305232514716	0.27353911758442495	-0.016080270449265834	-1.8955285496160982e-14
1.6717215265277128	3.2205184257689585	-1.4381378152791016	-0.6533047331339654	-0.19338679080207158	-0.02862415158167144	2.0296869551605953e-14
0.7874816003676074	2.434605752929628	0.02287015871988397	1.2579770935086918	-0.007379835594376854	-0.024410854528208837	1.1420799150752904e-13
-1.1845598075165555	-0.032948027492967116	-2.281143725411953	0.14400214167425707	0.21778508105129857	-0.014527535664391897	2.1318944437716972e-13
-0.08171640664020145	-0.16737503872696666	0.36038867352030285	1.6731801596551554	-0.029214276611848337	-0.029105291756906116	2.492376867016917e-13
-0.6015222228600227	-0.5513845443272087	-1.9857372288788533	-0.22883632298480486	0.020622547060718754	-0.029541640648407697	3.4411921206934627e-14
0.32748228434187443	1.4605547158811023	0.23939900276310758	-0.3381709042046559	0.10159602348360934	-0.026175122051574486	4.2331044640184047e-14
-1.1470992152309172	-0.08986380091994463	-0.3229225289455537	1.365817709891752	0.26743485245411763	-0.01639979952125624	6.792244255725743e-14
-1.0276648927688015	-2.594792516488197	-0.18474783211899617	-0.33528361159919845	0.03802385692102605	-0.025508407665683675	-4.803931290184481e-14
1.7550727373814836	-1.2140046299229499	-0.3787646349097427	-0.9554489471102618	-0.6146659067881178	0.05305226099725948	6.845684787829061e-15
-0.42623406627842586	-1.1251556744863567	0.12294488207486172	1.122113012534311	-0.022485557179040737	-0.02821918075805389	4.0066579513984725e-14
2.748311840532865	2.043683236645936	-0.40152146812157363	1.785715680366547	-0.6744780012442243	0.003423208200112519	-2.1201407365528286e-14
-2.1636177152749854	-0.01469475481890673	-0.19959406865630294	2.18751522254879	0.5540180531452789	0.02451169068086946	2.0757435658118474e-14
-0.3027658481931397	-0.9981489370110894	-1.4714416549169906	0.8387011299182359	-0.12912769792750461	-0.028545880666882333	-8.408840346926492e-14
0.6116923626346423	3.8658658084978845	0.6102877991198731	-0.5803684670628585	0.3130387613015005	0.004102579997127741	1.1140109088582274e-13
-0.9428239877019824	2.2577752731795733	-0.8204947085343374	0.11177370718959459	0.487608116718728	0.03235617233681363	-1.2521837693227765e-13
-1.018929816585641	0.16646283535745007	0.1354237755476353	-1.3175802357815933	0.39493366399924795	-0.015692255763819107	-1.2115253149258636e-13
1.1014599959622267	-1.1768522146544056	0.48513104084773434	0.7549659939857012	-0.4392711045952629	0.01569645590746055	-7.972562194588141e-14
1.1379059141163006	-0.5423730090305683	-0.45209673819523816	-0.3099524347553223	-0.3952284134047313	0.0001438016966056613	5.4649389392385046e-14
-0.1558705078014686	-0.9380585210178328	-0.12688611230781308	-0.2201696045795431	-0.04194666808483384	-0.026671091588884192	-3.634395704253903e-14
-1.8036204457342204	0.9914544951903946	0.24751241517697156	-0.7405711820198341	0.7046701703207425	0.03758265196779219	-3.0416547614103862e-15
-0.11744421306066166	0.2513376878983992	-0.051338232537594876	1.0656951935564691	0.027025716663792363	-0.028812982262345365	-9.712769364583693e-14
1.0805341610149028	0.9892583986755495	0.09196045723068698	1.9255792172394026	-0.27398190830075503	-0.025003645444544094	-5.080870487717051e-15
2.0125978815357137	2.8846089263738626	0.5891945991290951	0.2390989419602166	-0.24572473069056838	-0.026632595395962758	5.399103019475058e-14
-2.165874654980865	1.2259281739766053	-0.5677276182684619	0.3727804194356737	0.7458623455031869	0.06982834929107298	1.997394637388811e-14
-1.3060219846864862	0.09183540631042743	0.49491568214758846	0.8347840371196065	0.4056557373536969	-0.00870040620837362	7.373360647882852e-14
0.7718840170330359	1.4199566376429889	0.7280218556188589	-0.030955725918121412	-0.017933141853205235	-0.02870078744660112	-1.96699540452478e-14
0.17846671517589288	-1.135787853465706	-1.0431681529232504	-1.0853102762303195	-0.18094702670909363	-0.019254048497137567	-6.577366201614877e-14
-2.598103950990697	1.489344189544784	-0.7519798884156126	-1.2611164850196044	0.9627090750256819	0.11506471066929662	-2.7528676741955358e-14
0.45819764878036706	1.1102785159304007	-0.9819817567369027	-1.2629253005283794	-0.010475380432179942	-0.02914629729981374	1.4400311699181885e-13
0.9003501069207132	1.1017455605599418	0.5250270401886858	-0.7133406388326431	-0.07444297333159056	-0.027492469739104228	-5.0296147407510035e-14
0.9002067694122547	-0.6546441134273409	1.3394399128182983	0.27527474456849804	-0.25426411881024424	-0.004699841097683128	3.8194271290975605e-14
0.6914379760615101	-0.6513784385422396	-0.32575286423745425	-0.5670795119194744	-0.2580098088180135	-0.012766039921730333	2.3605950459391477e-13
0.436084647671742	-0.7928358603467078	0.19959639507426705	-0.741041741839229	-0.1595684874976421	-0.01705172133023577	2.898149212341213e-14
-1.5256927165966452	-0.4859565545993481	1.8824606476365982	0.10790785853849427	0.520633553366903	-0.01262027275202693	1.2510483151327654e-13
-1.037913559612076	3.3212319580131315	0.5892194048482293	1.0045568075375697	0.6830894184536294	0.07829796277460246	1.6250872433708194e-13
-0.6188457763045895	-0.07347162766535088	0.16961104581098208	0.6157088408399539	0.1722052792485087	-0.026171764570817293	4.997953132724535e-15
1.3370708932442108	-0.321251711808587	0.15537908987046115	-1.2499443750963555	-0.35494988680695905	0.0034537981578976196	-6.332822717080559e-14
2.4359629449424856	0.5487363132278795	-0.6310239347514849	-1.1903440595753905	-0.6328728878567916	0.03082472323175242	9.098077359454878e-15
0.8456417310798465	-0.47791188632017195	-2.1921203730196885	-0.17276343645205533	-0.41278108283303455	-0.012646042996400503	4.435994267112777e-15
1.1190752326860542	0.7351912491298839	0.07658555936690696	-1.9501290434168213	-0.15440724352391605	-0.021796677905337784	-3.55158453991911e-15
0.41127568482175547	-0.3664361108546473	-1.6438104036062642	0.6130209082819567	-0.27267543889859747	-0.024084412557577862	-1.2620285983761847e-14
-0.6679369048604571	0.2841201957517412	0.7323312513535261	-0.4794599142020023	0.30452560523206645	-0.021895480711171988	-8.729247784921558e-14
-0.021073814765426073	0.23726921736678813	-0.3908994597339003	-1.7161602192438727	0.09081024781789378	-0.029264949645493473	5.493750793058144e-14
3.664153422622812	1.9675081116048165	0.3673272724469582	-2.060269014603721	-0.744870309799593	0.055522084328805	-5.403473249925263e-14
-0.5735900628505949	1.4077056569315824	-1.8978652640770997	0.2988189175331671	0.21034088086017147	-0.006543303578215132	-4.018471109511888e-15
1.4294520205652408	-1.6459499796043247	0.626051657768161	0.053985684975095	-0.5466720860143609	0.04973134627091668	-1.1315962608994165e-13
-0.3920403592965669	0.1205092270279209	0.09462435592096835	0.4547371780187671	0.1280892497016723	-0.027371836508106973	-1.3953921901909425e-13
0.9590136993359633	-1.7562780398742852	-0.24749474427812174	0.5086496580503205	-0.4927154751482849	0.02507815784552315	1.407256088040984e-13
0.5149222767378667	4.492475052488039	-1.6325765244534693	0.372287877629638	0.23829737347140573	0.026445909138117306	-2.181556306226397e-14
1.2179013897239694	0.5028491425613901	-0.10851906869853478	-0.49869462639313433	-0.27900497614247627	-0.01674524629740458	1.4060667227516618e-13
-1.0007152794918526	0.16408701242199455	-1.0414260326000482	-0.9403791557895455	0.30328804106052176	-0.016239439758171312	1.2295183419251271e-14
-1.7880856367191307	0.6525268744178986	-1.6947067422558568	0.30382064523816027	0.5031188665228015	0.026257850626882448	4.520620209043338e-14
0.47621009750698357	0.21327808380463395	1.258171124393836	0.6875447530748487	-0.05863924024278071	-0.02633527103026615	9.752781058460936e-14
0.9486039556544034	-0.9579183511675964	1.7922390608242096	0.5751629178667929	-0.2857667424309754	0.004359002584199168	9.164554894914854e-14
-0.8500413866566804	0.7476866450871926	0.9999251149572823	-0.28567738310302104	0.4177827913156009	-0.01057650145261908	-2.5144430809816236e-14
-1.7827187322776452	0.9706672712205815	1.9594789141408198	0.05515573742718581	0.7658228981433562	0.0350872699330591	-1.905626287138247e-14
-0.1508174599305307	-0.06963520655888454	0.12236806779990395	0.5620915810904638	0.03317164867708994	-0.02926593958186725	-5.1979813657991455e-14
-0.5697209681340458	-0.7831458542744304	0.012058122450815324	-2.2593933820979846	0.1890908769533844	-0.029438130432609153	-4.517716231058785e-14
0.31698983907731443	-0.8656902931149129	2.1315842618202794	0.3158290784907753	-0.059981749718460056	-0.01761407936798834	1.3784090607758567e-13
0.3352671114449593	-1.908451469452432	-1.4340830640868036	-0.5131254085851757	-0.35613890216808863	-0.0005560409891515048	2.4418147594370334e-13
-0.4135709499492569	-0.6059018163250075	-0.4109498464139358	1.2724879436710759	-0.00826713276679618	-0.029604499534185518	1.7464965827082442e-13
1.9693232703080377	-1.343261985484465	-0.6725046632307226	-0.49407971702739595	-0.7267188667299949	0.0727026676920477	-1.3553603370340275e-13
0.7636786368487888	0.6437162927431208	-0.47536224315941605	-0.04905512265163478	-0.17069466380971846	-0.02677013094999326	-3.211841921681155e-14
-0.597169455616957	-0.15020525023501932	0.532306997141815	0.17125264852041042	0.19737207125964318	-0.02688440119941441	-2.827739856851838e-16
-1.8680885394712443	1.094563330313466	-0.0006710050228643794	-0.3428007886046976	0.7044517083089271	0.045106370905465175	-1.1240836057892209e-13
-0.6053078992778004	-0.39117991809710284	0.02142744290019177	-1.2278886727918454	0.20040096167297364	-0.028278431922466457	1.1778681470536658e-13
-0.4064845810999152	0.12420013869694076	-0.3754381086064202	-0.4381973618249952	0.14128482945126486	-0.02731110742175583	-9.794281667250721e-15
0.4130214791864222	-1.8031729448743792	-1.3298299100630429	0.5506474682262673	-0.40511618151589607	0.00010764135175532232	-1.2306121894744134e-13
-0.16753207396773495	-1.4653627710649344	2.0138720131595256	0.24669533137366567	0.013978233559933108	-0.020631965465350833	-4.0020751830196724e-14
-0.6760809572780454	1.9172515011863807	0.21431220666318918	1.200468875590458	0.38679308587283856	0.008963026228160895	8.049798378805533e-14
-0.00107018844333983	-0.47120683747600917	1.0925925804496905	-1.2630869687669664	0.07857011831070504	-0.027247568970508913	2.9355302651105635e-14
0.10485988558153947	-1.611417840349084	-1.6480947092104188	0.17433415222457715	-0.29813853818129205	-0.014399065128558397	-1.1833758017124225e-13
1.474609229440162	-1.3323316608779125	1.9573773022301035	-0.3851096426544657	-0.4290235831324096	0.04257723797369865	1.72764267567729e-13
0.9037115449926327	-0.8107324109238183	-1.7992848517217528	0.1248521346271271	-0.4538726832203274	-0.003892652453410785	-3.4109044934797283e-14
0.2953820335486951	-1.5069407870550988	-1.334729673162549	-0.07759056575967842	-0.3137126922814018	-0.01026966528738325	7.13534961334461e-15
-0.21184845491120638	-0.5959478181577835	-1.4456719355841903	0.7638762383047795	-0.10795105076004376	-0.029473399905768104	-5.6788881447776354e-14
-0.15825370629851135	-1.275829145257202	1.4404651074274344	0.4253791971817033	-0.010126592703208663	-0.022923124424039185	-1.5514460566182886e-13
1.2725890366068837	-1.037313340835641	0.05039171824239768	-1.7926399393262766	-0.39586332128189566	0.01971034368742513	1.6634666911534538e-13
-2.172986907323794	-0.20433307600444037	-1.1260658597682913	-0.7517770479466402	0.6009669938415998	0.019464208804387196	4.0371077074260625e-14
-0.44570050487077856	0.1241257037814308	1.0520419677483814	-1.064134093042269	0.26411730174452513	-0.026562244985440953	7.092315604592299e-14
-1.3716812449614462	-0.3479809393575773	-0.33977005124105275	-0.7641693034960183	0.39255760726914396	-0.01460058526213446	-1.4922503091299715e-13
0.3722813578266268	-0.38276659829924364	0.5147089693385075	-0.16545850525330527	-0.10163442334633996	-0.023291914915270502	-1.1416138693937815e-13
2.34724503068622	0.8277518957948936	0.8232616069542963	-1.004295523356138	-0.49809715144764916	0.019021845885803447	3.1211815813561196e-14
-0.6956929464981131	0.3134202112983508	-0.6774616767572135	0.3329982602620052	0.1982237713322552	-0.02116801074898137	-1.0014537484211212e-13
-3.149471415224967	1.1035635518580633	-1.3917532961667372	-0.565798971209193	1.0200077266171754	0.14359180029580476	8.370432798798474e-14
-1.0273761851292635	-0.7068559243064229	0.13811615069752614	-1.87217139026116	0.3247967667475766	-0.02591423356204791	2.928222623858137e-14
1.0392785532995437	-0.5682353249141538	1.8189432161885462	-0.21329968678920497	-0.23695360354470232	-0.0010772808910084896	-7.580778306789836e-14
0.6681988952617633	-0.24910633932919163	2.149090534992726	-0.23171371920981543	-0.07364636269615668	-0.017833511303027096	1.6443650432422464e-15
0.153671845994612	-0.8741559058276703	0.39024190897676797	-1.6485296526968332	-0.03660258444992075	-0.022089353121285613	-1.4307115901107343e-14
-0.6052732436290247	-0.38841200479241395	-1.863228228880194	-0.049261108312496464	0.039418771535648274	-0.02878390390273369	1.1905516302062516e-13
-1.406098845314622	0.954588718773379	-0.3029969234046432	-1.8791194670969738	0.5947168706978785	0.01585594170134809	-5.709210782654048e-14
2.5593090682029973	2.9325797242544698	0.10009233173748665	0.4435127665390673	-0.4392490331622972	-0.018630583596548282	1.832017710669452e-13
-0.20365033915825634	1.8195610617996518	1.7321248339513713	-0.6704287448290278	0.4021909875157262	-0.010557602021070287	-8.26249927740245e-14
2.426350756798086	-1.3446148043951438	-0.2787113315400474	-0.29464807712220453	-0.8432363863144428	0.10924792908816909	6.734772861590762e-14
0.5917925926758246	-0.49385300750217964	0.5980530967181512	0.29015671841115714	-0.19177451137087945	-0.017295457259361414	-5.162352650372363e-14
-0.8700876964417709	0.0051333512521651815	0.568464108101201	0.45252583744086483	0.28612730245668727	-0.0212931564454765	-1.2062938965518562e-13
-1.3328621852315512	-0.6909099074049291	0.5731538105026959	1.512498431296029	0.3045549860285803	-0.020486181383864977	5.817498262919189e-14
-0.22882962863888023	-0.24553257617432625	-2.100060137250128	-0.046580091012176056	-0.07094231235094242	-0.030119043740448083	-9.414811357944071e-14
-0.305355428885446	0.05729002544424628	0.2513953431777302	-1.7296367985929304	0.19455576049691345	-0.028331247020537825	1.2274628669433445e-13
1.1429585119111199	-0.9369636084641532	-0.22507718040149552	-1.8305410310315733	-0.36245530296771383	0.01042800433790411	-8.253786044281853e-14
0.6131371044693611	0.4961523315165517	0.006931175101293203	1.7648636227408803	-0.18775914860641568	-0.02725963109344797	-6.809359049147858e-14
-0.8940435598742407	0.38109606738260865	1.37280879696236	0.048256810886112105	0.3992442462386548	-0.015518255742767856	-1.6380334706410895e-13
1.8397210107377058	-1.6166924920796202	0.5732874048152533	-0.16360086252942035	-0.6565680948474416	0.07672216465467549	-3.278838351876147e-14
-0.00895527426536535	-0.22161945857956722	-1.213425062229965	-0.8171451679932691	-0.048638664991454625	-0.029359612641287613	1.0091410030427015e-13
0.441654640800455	-1.2769940132767512	-1.12392845441911	0.019666123923577878	-0.32342451884797296	-0.00976213576058242	1.8192184859995234e-13
-1.2649630656149533	-0.5866433325373164	0.3899162594640303	-1.3698791998038091	0.4031016066808432	-0.020594517728297963	-1.1344658238255231e-13
0.3550083879733536	-0.3677053820072206	0.6702913996105314	-0.35579500897678334	-0.07779520204839901	-0.02363792630101995	4.1799224694420014e-14
3.746932610559747	5.4288140170876344	-0.37865719743725146	-0.7676406948544165	-0.4998502311115823	-0.023910982262482977	-5.190934210459251e-15
-0.07930986401338207	4.8496165149598625	-0.7822976024433355	-1.3205712434595427	0.5780157214732352	0.07598157850349806	2.905091023328913e-14
1.748585264719097	-2.0876670370444597	-0.3878550282357519	1.5240829753515686	-0.8061899441281011	0.08966964064635896	2.4353056472886693e-14
1.2155297419010895	-1.2460445615034712	-0.48912214921184916	-0.46324931946558673	-0.4881929800103073	0.022482944526091037	-1.1731284310337767e-15
-0.5552481490181873	0.02091738833306076	-0.8865930604063239	0.6244450567177184	0.09998227120403907	-0.02646016992463512	3.231315318820593e-13
-0.4413369018063879	2.063827260005806	-1.641776986262015	-0.20908861170252133	0.27937384120134906	0.0031637359525869975	-3.3680314378859066e-15
0.5056007418769377	-0.06600389046138809	1.1551472353030428	0.33321776592103247	-0.08896237688568653	-0.0237816328186208	4.6393981262075245e-14
-0.31777229597094225	-0.7824702325683353	1.1918168428213616	-0.8493048918662711	0.12744789721750047	-0.028293087442267117	1.2068470439363054e-13
-0.028743785668819452	-0.9923567488053031	0.7400064936178953	1.21039187322406	-0.09202142469442227	-0.023962657162793048	3.1491707945437503e-14
-0.0694213278610666	-0.6765008052631226	-0.7274319748361041	0.6881782978651113	-0.11255135025966853	-0.027709058957577564	-5.797500144255544e-14
1.2740353680797105	0.8298248078225768	1.473245763092577	0.696825109282419	-0.21479251420620543	-0.01891327319576625	1.4525696439048508e-13
1.6686304615195031	-0.8132551260404821	1.9355053157032904	0.024388296281871877	-0.4489989432892781	0.03583188541860961	1.218868627816136e-14
0.5847270353736221	-0.4938003646602063	0.8363495014327904	-0.43777736284208474	-0.14552533974153212	-0.01728545381099179	2.0590570579644342e-14
0.138890089808798	2.9733886161751117	1.952313400832613	0.1627401619625663	0.4058988243049262	0.0013987974562531338	9.854244010053114e-14
1.127116304608128	-1.5640142576560587	-0.27521459319639696	-0.5559661291326456	-0.4793187118779113	0.028008903740526517	6.040617907363814e-14
1.732128752924874	-1.2047332692105115	0.3805618074628005	-0.9833708047843088	-0.5603515328417088	0.052129051766745885	7.608730344950642e-14
3.235863878280819	-2.2541417803019916	-1.8622549604843746	-0.3048630852033956	-1.2627615460283341	0.24431123691000223	-1.0515438215096639e-13
-1.8651656381118096	-0.2360763901154049	-0.21086334000421755	0.6034214046947011	0.5041469205482149	0.004533961490951451	2.9876916871887256e-13
-0.34571024858860167	-1.248473151287374	0.26598508160486034	0.8062722677630201	-0.037990005915620274	-0.02661347760654382	2.571031161030745e-14
-2.4703966448906667	1.4087898080020804	0.6057893160869218	0.6727131934710768	0.9166304492470618	0.09988960459299209	-5.881319144456994e-14
0.4261050165327739	-0.733482744890671	0.26207029864495046	-1.9276004002474563	-0.09783188101600067	-0.018073115889805768	6.485529517655425e-14
-1.0647817532380794	-0.4004820717782823	0.7821571821853598	-1.0469946668882084	0.37408372014809804	-0.02225823515533127	-4.218663611746694e-14
2.052088585531051	-1.3865759181408703	-1.6036717822420214	0.05025204400898242	-0.8333557561823699	0.07944668265265574	-2.275812077754693e-14
-0.39316430976160244	1.2941804606700287	-0.4412978134012227	1.1924376629456697	0.1944294325819629	-0.014197323984648217	1.8092736763945562e-14
-1.8044411483490204	1.3888848341691316	-1.2331905364965807	-0.4796900852392744	0.6500389776031381	0.052621554729459945	2.939556238039346e-14
-0.4383593052826262	0.43844651632823467	0.4394658708141784	1.500561366509979	0.15424215285906429	-0.02426597527648144	-1.7720487603184196e-14
-2.491166360138812	1.0528744312386396	-0.43505417118563505	-0.9175681088237445	0.8858378920209287	0.08569563377266733	-6.300790603537082e-14
0.31137757705114466	-1.4137126260284987	0.5377772336370361	-1.514270611796463	-0.1372335141099354	-0.009992195029176223	7.256428914163433e-14
-2.4675087897047905	1.395164674605553	1.9186101533389022	-0.23510330771946555	1.0300005805821608	0.09813406335370173	9.320962489856617e-14
-0.4930494759418985	-0.9475978957909313	0.2871342607019455	-0.4834239322279415	0.09217785052693711	-0.02911175902080466	5.044301637549057e-14
-2.780832200987454	0.8571471872642121	-0.37975636634960747	-1.967065318406069	0.9980340159043987	0.09886438012797145	2.7447203755215197e-14
-0.6906972305688157	-0.38542295617523	0.042171745300414974	-0.07779116749081848	0.18039627260246463	-0.02752669759550627	1.27836879462151e-14
1.3818155772371186	-1.8438333731019196	-1.6574581759452327	-0.34844308923004813	-0.6740324319013214	0.05147490010454726	1.5622133398325478e-13
0.5921356797093702	0.04748314247363152	1.2538197405720684	1.1154056370287915	-0.12845137775578083	-0.023407823158018228	-9.298626330225948e-14
0.22626006598433615	2.587199600438482	0.3452062622822741	0.07260016043614423	0.24464799391951958	-0.00950353970489471	-5.908497874183559e-14
-0.39009467781878426	-0.6271090557546906	0.025550718650284632	-1.1983160469686536	0.110078845382196	-0.02937108340281434	1.576713937240187e-13
0.9765412572964565	1.524556797272923	-0.5189763788204664	0.8161122469412281	-0.17663273625630305	-0.02891505397731036	1.1922381120727892e-13
-0.038067795554889115	-1.345650577596901	-1.323581379440371	-0.7361406053167565	-0.17092731413272785	-0.021511617433433744	4.810984588921886e-14
-1.3068743582583775	1.370985612729347	0.3378091833284877	1.079448421865138	0.5280490419075883	0.02310628977706393	4.4976060365975625e-15
0.12088331630169842	-1.3034910398440336	2.1927051597715885	-0.08721491749552385	-0.029000588055215125	-0.01606532563422647	1.0115029282331416e-14
-2.9992308520162103	2.3052086201210797	0.655205930967421	1.0950870043508834	1.1652194448640216	0.19741162823718894	5.77718629088551e-14
-1.1354443966955274	-0.31614174745956136	0.23583457515183626	-1.007833685155018	0.3700449958954349	-0.019872078442957485	-1.6218276634156207e-14
-0.9073701841710603	-0.3064512692363928	0.193797738756873	-1.0400503353995376	0.30199254445843815	-0.02407499273903282	1.2590939651898374e-13
0.2937964812875521	-1.199151818999169	-1.6715348295942407	-0.5932213648798209	-0.2794429372881249	-0.01587454160843825	9.592582203851942e-14
-0.01203988502770185	-0.12093297298184263	0.553676003960253	0.18581753490361735	0.02784989893847331	-0.028864633776999982	1.186913496512489e-14
-2.3551768720175215	-0.26481300984117934	1.008403132669196	-0.8532793129171306	0.7809505268423359	0.02623515992202869	-1.1765723776719357e-13
-1.9804294693645175	-0.8005628046321771	-0.20397986747905636	-0.025181274547757034	0.502517763249071	-0.004072914660162421	-5.6695306382817183e-14
-0.06060389561469211	-0.6172655499877936	2.1033527855675502	-0.09208984048613572	0.09288277118944192	-0.026527478738801454	-1.193614628559075e-13
0.2947186697455768	0.6099547057008613	-1.4953671170168261	-0.13817480029421214	-0.09324294321094774	-0.029708622216190233	-1.3265504708471553e-13
-1.398907771931459	-0.9468499265729922	-2.265154791879373	-0.16517769483350525	0.19512207766998282	-0.022599750175588487	-1.7284434115346762e-14
-0.47102838004953235	0.40129022470628833	-0.05233143052442184	-2.0095695674958467	0.2745544151860983	-0.02417533913000632	2.0790240713678813e-13
0.7287675317275855	-0.5836788185627019	0.2431508581201547	-1.5520939993645704	-0.1871903055127568	-0.012382867759160214	-6.445955723036342e-14
-1.0726938330545766	-0.507570473938224	0.0931819512513426	-2.347711473735643	0.3768694697319272	-0.023373195558882048	9.735874288435774e-14
0.35396573856182273	0.7756823880516692	0.4701985320339312	-0.4456498024659715	0.03754851683018914	-0.0289327215077871	-1.2458614593131844e-13
1.89090768131988	-2.1859741852450054	0.7313233882409731	-1.5644496160162449	-0.6634218986858438	0.10777079223428623	-2.484404575035732e-14
-2.113120220284652	0.16910289898586187	-0.005819352716481224	-1.5652366983983788	0.7249317479123678	0.0275180966159704	-1.780927478091392e-13
-2.168176607468379	1.2878226874527154	1.392611054099935	-0.20105609739421873	0.8943340133579638	0.07150776676209242	7.63225049217456e-15
0.4464823095619109	-1.2910125385141087	-0.5013014089694715	-0.9176255634814438	-0.2505244133928807	-0.008816205586018344	-3.096956919852765e-14
-0.5219943918638574	0.837412865623827	0.14327487451258056	0.7457277248668018	0.2360694435432116	-0.01793068365765451	8.31409048173567e-15
0.5020691694640489	1.6257399220691102	0.7372560428644689	-1.4460654591702944	0.14304146008092797	-0.026817585655115276	-6.091608925118225e-14
-1.2362406085451672	-0.09527110381034554	-0.16843263204201483	0.19978783735159839	0.3505707568499952	-0.01411993676672324	1.5471411132836576e-13
-0.8011060973330165	-0.7048293235567339	1.1287251152086533	0.9725111393412176	0.20037021659661136	-0.028003261950326826	7.793668947475545e-15
1.56175240873702	-1.4233746765146142	-1.174208556657375	-1.0456649170188619	-0.6245620453402769	0.047656983312015504	-1.0743150475416113e-14
1.299268670138568	0.1078878685985448	0.2122299399789152	-0.18759277821831005	-0.33852868929973584	-0.007334991332376283	5.4706403967968756e-14
0.6800278416631221	-1.0670508883780123	0.816135364712334	0.9214431071751504	-0.2915859107478346	-0.004339427679039123	-2.796898795573103e-14
-2.178879202794878	0.014557833710966217	-0.9761623235603655	1.3368579268260627	0.5503172273911351	0.026444586215494257	-3.946671472747814e-14
-1.3548804755365798	0.7090486919801237	0.38220889103940797	-1.4717553210114538	0.5763997512539365	0.006846109886950031	1.9968765204887234e-13
-3.4050994617132764	1.9938526766723739	-0.49707997849654184	-0.07560163726288507	1.2330529304393438	0.22194958771583598	-2.2199284853677856e-14
-1.1760391149444187	0.09792105793614511	0.6276548365263651	0.23241671610110204	0.40015240891204235	-0.012525718853452536	-1.5284655248364006e-13
0.4722201961184415	-1.665614875422313	0.07382836161436232	1.8199058148685092	-0.3757768461522435	0.00043395603995330243	6.873003894790885e-14
2.711214014841159	3.1317735733181946	-2.2726975258867954	0.03386550494327041	-0.5879536323500067	-0.019401192283437	-1.3777576427688897e-13
-1.150019288649901	-1.4489224126298328	-1.6773059351261317	-0.43404303173183006	0.1126433163623743	-0.029580209743922736	-6.04834704036058e-14
-0.3109277497055487	-0.515892145263432	0.09675474080084552	-0.9381409728457124	0.09228160928587012	-0.02929910947034344	8.039495586711833e-15
-0.9348546562209443	0.1331813777709037	-1.6620366420739	0.3191324493938457	0.1913790101020031	-0.018372146535831826	-4.6869001749488974e-14
-0.0427987288082208	-0.6370222504896654	0.4724118963703964	-1.5879305320889459	0.04918915795367253	-0.02701846720435488	1.357831999792146e-13
-0.19702557041514843	-2.345665898686354	-1.3572536959618466	-0.006546836209787914	-0.26307199085025534	-0.010235093993657839	6.252391602747866e-14
-2.27826219031275	0.38497320190695533	-1.5312817718737997	-0.008788930314471354	0.6436198554267384	0.044800555899210406	6.696837136021359e-14
0.15040685686530905	-0.6015082699278108	-1.6616868503464204	-0.1499724920189476	-0.19085826330407005	-0.026035709253919324	8.851471378340888e-14
1.7423168276855678	0.5194176607046996	-0.11406154417938792	2.2172616074607876	-0.5426978244153877	-0.000517160756964409	1.330392483902961e-13
-0.2208453651339977	0.6459136210723208	-0.17562601482537296	-1.5466033766113478	0.20046935044602612	-0.02566317179919857	4.3160875554190705e-14
0.5070842646512176	-0.9661583069975194	0.2622726461153382	-1.663031666060526	-0.1572913425527053	-0.012264653575593627	-1.5949304926717915e-13
4.315038513677075	0.36201698305433355	-0.18355130839710312	-0.9753474677780803	-1.1756749589695545	0.19349271295662226	-7.548280170113358e-15
-0.29376216183301374	-0.2752923434803744	0.2626964219596483	1.8179731673765014	0.010050122867816109	-0.02925873492447084	1.811673202560366e-14
-0.22811504403460028	-1.4356688407332863	0.09157399290103398	1.1414848768906167	-0.11695859803990168	-0.02333550487982727	-1.098195688158622e-13
1.2700467723618478	4.0104993575022245	0.6515443655686153	0.7499995138247718	0.07989593533948579	-0.014695801422143976	4.30116112555768e-15
-0.1754732090112741	-0.8052380721406733	0.19920356436036016	-2.0917932533475914	0.0745194054503378	-0.027513744209394498	4.725120644121066e-14
-0.041488871321265025	-1.2892622101706566	0.19462615619648765	1.4300998737777144	-0.16182676525178227	-0.021347891479389963	5.171521685598361e-14
0.9532367178717611	1.0558191807343862	0.39007186903970864	-0.8141483128526698	-0.09894751544805128	-0.026825328352877157	1.1815727953998389e-13
-1.9404580705212882	-0.652419801198007	-0.7645361978424793	-0.4226760510138622	0.48966589687075357	-0.0022323836649883644	1.1094542817766822e-13
-0.3383869773381984	-1.156037520577025	-0.3142054182356761	0.6694776906028862	-0.059345809827235994	-0.027433775634259486	6.646199949637271e-14
3.398951153847192	2.0258470884672155	0.7611031194904643	0.8448959098300972	-0.757501004452438	0.03728086150921232	5.669680394729e-14
0.8200786220136276	0.17212045051595706	-0.3690315402723271	1.707559090302206	-0.30371389546499006	-0.02157443374455636	8.977733238034485e-14
0.6197470108779751	-1.3937595543773973	1.7223232225336458	0.21004455524096874	-0.22511439776546838	0.0014328809732388726	-3.007829734750803e-14
-0.6761247269005312	-0.5712992918787593	0.37925720092895077	1.676615223290969	0.10401572427473443	-0.02849966598218045	1.6522999901013107e-14
0.31932582508449725	-1.4101443265624607	-0.03299828003497736	-1.2136873948011462	-0.18573841570808294	-0.010262301404178734	7.0616783890319536e-15
-0.10268660381433434	-0.9662016581683888	-1.2462009019843165	0.8511528276987627	-0.17170649026272125	-0.026405977154287226	-1.0525186995719866e-13
-1.1286079117473287	0.5420084867949567	-0.05562169376015573	-2.29950242310701	0.4979136224100401	-0.005573523530921939	-1.2753293059248632e-13
0.3186786556757544	-0.3289274104205122	0.16533957433383964	1.6651274929625144	-0.17616223683313875	-0.024905621555342435	5.701057899367011e-15
-1.2979626610585124	0.36994478574120826	0.09526902505358	-1.7763202122295698	0.5171782070491532	-0.003286677037051542	-5.575164564094435e-14
0.08064702550169299	1.7604553551648678	1.6386962591145215	0.12710538104833347	0.27251936484926353	-0.018787047607527457	-6.915755728220893e-14
-0.47976878240832105	-1.3241411322470653	0.7664074644431063	-1.5678187384742963	0.12085141863594832	-0.027309883319832015	-7.386563670039014e-14
0.014161890729569367	-0.795231310307707	-0.3541477505328682	-0.2849823546404467	-0.0876504323413725	-0.02564644439074498	-2.901515939801383e-14
-1.3960421836329981	0.7221370748607527	-0.5757278745131074	-1.6803199541294647	0.5414282688915496	0.009123147026996485	2.1112725785949956e-13
2.4519225493835006	1.4007262916910983	-0.663533734265198	-0.1559773282261357	-0.5920446160841922	0.006741777582384834	1.6086247337904124e-14
0.033057194643463565	-1.4452798538967981	0.16560005802546912	1.710432036880774	-0.213678396900982	-0.01763911499727723	-6.561377401312508e-14
-0.9752932333435269	0.11638965738527352	-1.300709872544028	-1.0285559544878107	0.2785618435534499	-0.017618591765345797	-7.992863384426666e-14
-1.7454349087435037	1.0714963993176483	-1.1126398520587273	0.5982543216126136	0.5597160622493262	0.037537892771975084	-1.0271963311443923e-14
-0.19819552824655115	-0.010490381753923958	0.08536582519925139	-2.3381967697765385	0.17046942741295015	-0.02907948456315024	-7.00911609983889e-14
-1.0194887762706741	-0.6401116741198181	-1.3344388621501917	0.6664353881866449	0.1373245613285193	-0.02575124681694438	-8.44102675542203e-14
-0.2810385603792778	-0.8262473453007472	-0.5535866228701477	-1.033733336464416	0.01486926639401156	-0.028680990002573518	2.02180246095532e-13
-0.32843227996127733	0.32715360181622694	-0.28052804953462224	-0.9254780315013768	0.16590236393132526	-0.026776445759321605	4.7457490172095034e-14
-2.9357122111190743	0.42499831058063664	0.9159508393972658	0.8686641666950673	0.9573847912286719	0.09006166927313253	1.213306011956107e-14
-1.0238809719276563	-0.7623387394272189	0.2368764569218445	-0.551652423812144	0.2694094920288731	-0.02638043763409813	1.009944760196693e-13
-0.3540829349508741	0.10675676216137395	-1.5029804550408952	0.37048426147206076	0.02309402940191194	-0.028202883198832115	-7.46685907842912e-14
0.19491431637391637	-1.321684792441738	0.37882214182763846	0.06873743667033046	-0.16779516138747966	-0.015139908628410416	6.3470248185731165e-15
-0.8043512373146458	0.3828150958103037	-1.407592766716593	-0.3636257882138781	0.223102623850898	-0.017857094583240297	4.6821781806214454e-14
1.183439829689101	-2.2107353369348015	0.5875241605597403	-1.697921690015736	-0.4648549002398683	0.055538354759800505	1.381607315915008e-14
-2.3867935244460434	1.0732590613052715	0.6929664640699482	-0.5000520861551406	0.906836938806641	0.07827549053424056	7.44411082482638e-14
4.776749610232786	4.702293508751434	0.6711055858128567	-1.8686408998774409	-0.770508648966806	0.025851853554304825	8.016762792741207e-15
-0.6919710499048581	-0.6548563992182469	-0.7317944367973899	1.5641783713315027	0.037699498882544306	-0.02904882288544869	-1.2677247944382396e-13
0.7711987886513825	-0.9362878145791067	-0.5156148084910844	0.4775212512778786	-0.3659739447629544	-0.0049342256265477785	-1.7419188405249545e-14
0.020029618980395167	-0.22865094765305363	-0.0960463577967176	1.399194238949466	-0.08200866479789119	-0.028734472690331032	-4.267694429173381e-14
0.8945859475922453	-1.4100869541532537	-0.09749169473604584	2.2677940993251773	-0.5006629453686587	0.011822439706418617	-2.187241280486676e-14
-0.7588366942046777	-0.3602291428988023	-1.5753286356448037	-0.3212181707633059	0.11649692500999423	-0.026979803119648524	8.50397515566941e-14
-1.2874525533814816	0.6719632829849752	0.01522437425372767	-0.8352889685961857	0.5039780896861068	0.0032291451886482104	7.651966634770778e-14
1.2110187173535134	-1.581003085164814	-1.044358823615121	0.17809401270520764	-0.5817604035344913	0.03234797626177151	-6.552100491197955e-14
0.30365350925590207	0.7293714775764526	-0.8000258445238124	-0.8966104833349887	-0.010153596366992137	-0.02936315474078042	-1.1698849297061164e-13
0.08850708730001446	-0.43338347778771324	1.7298987153843624	-0.19414419703484317	0.05052243047491228	-0.026246850783832515	-8.765777098982337e-14
0.9379314640384637	-1.5402032810372313	1.1590180716590905	0.14022250635901398	-0.3643311597920227	0.018909934462021258	1.4956878506678355e-13
-1.384434643665617	0.3215536928927486	-0.3358805395264583	0.2265243090293618	0.4297007887839462	-0.001129429375050081	-1.234664519705759e-15
0.16324630602138684	-1.2924614604850284	-0.20223101709518468	0.3867784170983433	-0.20326577569708745	-0.016844090748201083	6.3453938808918e-14
-0.7002460360517727	0.2774349128221556	-1.1803245118505645	-0.9792364967676706	0.21940027495112477	-0.021569254643626478	-9.584584115615685e-15
-0.5727976916036507	-0.6911405375269369	-0.6756587878907739	0.9180451544912824	0.028330176941799755	-0.02961257510157158	-1.5871152182801512e-13
0.37702574841256	0.41520056831419655	1.052182638042342	0.3748326732055539	-0.007089019242926289	-0.028212408212986605	-1.7305161584262532e-13
-1.7992864034151927	0.8982946443469884	-0.2154197317493694	0.5282114088625772	0.6131851415590228	0.03436979932673008	-6.364839870163582e-14
-1.0539470966482096	0.21587834617094281	0.29375640226941907	-1.433265282813476	0.4250453405036863	-0.013956081663928374	4.275507980572836e-14
2.1942908491338122	0.28341332437665673	1.1185449742946527	-0.25461322597073066	-0.524012628856651	0.02804734381327867	2.886182043368724e-14
0.9003543905270124	-0.7733966571094769	-0.011554537169572133	-0.6368580818913282	-0.31047263615304993	-0.003283146006805957	-1.0027653159172563e-15
-0.12339949875001753	-0.10618398685350186	-0.22428911090860007	0.43071176963785435	0.005723139019979846	-0.0294107789055048	-3.251245609605841e-14
-0.22242006232357983	-1.0642193375267226	-0.7425244049640114	0.6648199079317834	-0.10912989206098725	-0.02693768330703456	-1.818918912935212e-14
0.9359269636054459	2.2837091152874818	0.42599387147589196	-0.9865365658402951	0.04836121906447532	-0.02712414785499561	6.836708029121504e-14
0.8596695343492096	-1.9811622383208325	0.5436408489811199	0.5445111709028561	-0.44151940887064334	0.027731809198350398	-7.324839891199373e-14
0.023598525096115715	0.5042054327169684	0.2396885037105407	1.6048340607972644	0.007976122571446073	-0.028623514049312685	-1.7869035161838358e-13
0.49239305974260655	0.13833760402248463	-1.9236768288994959	-0.4957673757254588	-0.21355825785342417	-0.027283987438308975	4.601980834736822e-14
1.0722672198197296	-1.1198652188576752	0.25603138611184156	1.8540917634703877	-0.4836087235529072	0.012461416561247936	1.5647979551794603e-14
-0.9646957232495929	0.36971858038841743	0.6977096795235833	-0.6443482250063668	0.40709877588600246	-0.013845376197253349	-8.579051730439566e-14
1.266595642197278	-1.8021305850714289	-0.13214183515347774	1.1213863447330807	-0.6051146278367312	0.04437182475166084	-6.865476719119433e-14
-2.132102182073043	0.44637194356444254	0.8597120828366149	0.8307640169084384	0.7149894613902875	0.03745275957197281	-1.7865195111399145e-13
1.5826881046556565	-1.441073761567189	-0.12936983512434477	-0.00018723425081830806	-0.6127326076170654	0.05086092704223155	6.714890597748049e-14
-0.8472176969862412	-0.49161061921304294	0.9903599705016768	0.6305300496356483	0.2430252183241528	-0.02634614636067069	-1.882320950725292e-14
1.5960325799279957	3.252811118759459	0.20285564494220598	-1.7417030934559088	-0.024456340706144004	-0.027579240365979762	-2.7233816015448896e-15
-1.846484793184923	1.905675727338406	0.03885190432477565	-1.7174203958572798	0.8476365946892072	0.07565414998844884	2.0298350312680382e-13
-0.5444078946247823	0.21430567976234816	0.2471432896964177	0.5032180896801814	0.19073633138971638	-0.02476458586038441	6.284759863436844e-15
-2.0623827024634553	-0.7967143368126317	-0.37065223870457287	2.108286546702297	0.4299250213985486	-0.000954091704657883	6.268621711418218e-14
-1.266600221459083	-0.5858092744735683	0.7331064451791317	1.1509748418342107	0.3207410498052201	-0.020520275229061233	-6.825579972017736e-14
-0.6619678238603359	-0.7986569303364597	0.6064815383087616	0.09129863458900803	0.15382783685808554	-0.02913270637733248	1.1614827991819224e-15
0.6285173897091706	-1.40062844503661	0.2465404523318776	-0.10155377019131669	-0.3040941291694495	0.0006475300650975552	-1.3573414916689727e-13
0.24706188179783872	-0.1693988244941089	-0.0066744171966581405	-0.8000904846969227	-0.046986795454455256	-0.02705239929758613	-1.3126798553898833e-13
0.1627512588479494	-0.5602167545873488	0.3065012562273356	2.0098449937500797	-0.16078539779457088	-0.025152823019361448	-7.311781415513531e-14
-1.836753409013248	-0.26025303060544813	-0.1106598590760627	-0.7876144897579098	0.5560557503015348	0.0027680269321722953	-8.255453044626365e-14
0.026014837191518994	2.283948142165236	-0.21499183917337703	1.366577309907768	0.18446372160985303	-0.008945172977859728	-1.379633505485e-13
4.578888423748364	3.2004500803052163	0.8282319367263673	-0.6022161227949887	-0.9130891787495098	0.06854030359159154	-8.516568936872979e-14
-1.4043404550711422	-0.4994008990374661	-0.17098135523283176	0.666241042723023	0.33705737978689476	-0.016156106805824643	1.449067234659907e-13
1.429430324047916	-1.7507664018954117	0.33746634308794005	-0.8092496451385167	-0.5395015881684367	0.05343277648776934	-5.202423375092069e-14
-0.2529096440534837	0.1449119783970866	-0.013884990511910007	2.2383802557857893	0.009730408025939746	-0.02842657318566485	1.7499631602265027e-13
-0.21956425810319416	-0.4302082393400845	-0.051246315205407095	0.3911942855374536	0.011088936217250437	-0.02926297450074878	-9.05819519138445e-14
0.4845214647268038	-1.8896432917819137	1.6026825644835179	0.5569167869018603	-0.259585391770345	0.007844350248462218	-5.6680408764682224e-14
0.7810697383583652	-1.957764537175626	-1.8131031929341135	-0.575027379133591	-0.5115622378098366	0.020434827902100425	4.556524438744612e-14
-0.6887005011933336	-0.9045540490940484	0.9086451697732324	-0.544214953678047	0.19445306602245033	-0.029119372713205624	-9.032091040525702e-14
-0.8407063816348794	-0.44312027893853523	0.8355981132618343	0.21564414819391195	0.2541403553149609	-0.026097618046233426	8.436521008503528e-14
-0.41509627071599847	-0.5899830592700862	0.8088644253309144	0.38329134056458386	0.10348973664878572	-0.029134789282434775	3.551995507755863e-14
0.032425025198973174	-0.8477362136117482	0.6233888439188819	1.3404386185344532	-0.10682587747259636	-0.024402220083426962	-5.418826577160242e-14
0.8100405484725535	-0.9626144150468796	-1.189088722393518	-1.2039875220318277	-0.35147165149060616	-0.0034790860518754043	2.032960457489696e-14
-0.45772203480873097	-0.8524135519829212	-0.9516787792159026	-1.4757123116360684	0.058545842423400156	-0.029659785949799594	4.788294296554816e-14
0.3134053470548425	-1.09662693323179	-0.10637647288859196	-0.01995261080718764	-0.203967553523019	-0.015853141355941663	1.0536114093931956e-14
1.7398433294467124	-1.2062450769071575	-0.5595605840752857	-1.6818828026145658	-0.5904609698360497	0.051581973124428956	-6.066134378818964e-14
0.41071537365600924	-0.31461216462606684	0.9978309665138578	1.3122727215593313	-0.13734724898304357	-0.023061206902598493	1.0509116331322181e-13
0.18591495918203957	-0.5665621252211462	-1.3897170189934007	0.024350724299561182	-0.18842100273593776	-0.025667228699142917	-2.590300163135015e-14
-1.4940370696313592	1.4479320562872842	-0.8284265330331994	0.6415028321693016	0.5411701427550535	0.03598745563378381	-3.632906199483849e-14
-3.503848087690474	1.1794326491003209	-2.396298133791507	0.16298847357691626	1.0468283023440637	0.18296043814920263	-4.094560083656089e-14
0.9114880598454831	0.4773241468755511	-0.4098263137623619	0.5149106062100223	-0.25135018892508637	-0.023202464953661968	-1.0902521544968225e-13
-0.2884730711881059	-0.286697384439023	0.33802616928611295	-0.9106965865822275	0.1237852806675526	-0.02921256871221491	1.940426182384491e-15
-1.0900934485165192	-0.5550834075588038	-0.37556614705961416	-1.836236463978928	0.32778527700145493	-0.023642775713081862	-4.479931565462682e-15
1.7151020227361296	2.176340029602443	-1.0930956275580233	0.2859539978272502	-0.3369951443468962	-0.026306955625581975	1.0699996388108136e-13
-0.5541428579847368	-0.8082484908562448	0.8866790454924617	-1.3914047921856816	0.19852102499614988	-0.029135994094926242	3.21832708047343e-14
1.0399982472447764	-1.1074262914314745	1.2321218648306818	1.1725204779811131	-0.38637175452366046	0.011612121086610751	-5.261636082597824e-14
-0.2548490013320898	-0.6929863999680816	0.3497480775828367	-1.7453067976042183	0.10485677120725544	-0.028577272255351775	2.952969497203763e-14
-1.5192151955893554	-0.6433376236668277	0.5926369056378161	-0.38496649417973716	0.4444142636445016	-0.015411718271580947	-1.2944381861661991e-13
1.0233999802284603	-0.7855294486851188	1.7726568968103789	0.631009911817675	-0.29280687808594413	0.0032361849314046127	-1.18308625674561e-13
-0.889624947655939	-0.9966154535256363	-0.34576144637716727	1.7288741548578925	0.0755367052369411	-0.02905101637736395	2.2374102692801644e-14
0.16953921574309858	-1.095283366821382	0.5077965854403828	1.881147212736338	-0.20282335500185947	-0.01904743735141736	8.654129245542073e-14
-0.7081531182432581	-0.010788707868977163	-0.11598838968988716	2.3482550652472733	0.11736727402558564	-0.02443698572731416	1.9089489968129465e-14
-1.3625403644375393	-0.6393099897690493	0.4884145042990632	-0.5461336766667043	0.3984944980020472	-0.019168716198980255	-2.896362057393636e-15
0.8923893608011756	1.2280195457591754	0.11018879507998341	0.8402855597138124	-0.14710440680325007	-0.028275213831026404	5.0760249186873906e-14
-0.40999320612057105	-0.7781252906571194	-0.21369897455743014	-1.6659669278732017	0.10449133930615379	-0.029326624969412667	-1.0684273499957414e-13
0.7474542176113627	-0.029695715118683887	-0.5098765387242268	0.22442793963991167	-0.2515368726021598	-0.02069368987507734	1.2510830953868542e-13
-0.6674213791002361	-0.447991468163057	1.532410400264185	-0.01978201308274252	0.2535568502446399	-0.027679508454469245	1.1013985762128369e-13
-2.5368369073117663	0.5735667975459273	-0.9834677699762748	0.9380446341468964	0.736795041804256	0.06865952474415903	1.1611788479433756e-15
-0.5105859315724312	0.19999601257485167	-0.33722200200478164	1.2905331560293596	0.11179791871909371	-0.025488930979327605	7.496715514348297e-14
0.8397039975240098	-0.6427640407249653	0.23312677453193867	0.9678928261957568	-0.33005019247518436	-0.007923695629026336	-1.1741189033601698e-13
-0.8823580503546791	-0.7850777635869712	-0.8303477481893244	-0.3857372278094105	0.1541714271098064	-0.02826313720560362	2.2784974275434166e-13
0.2920338870719461	1.0801366581525687	0.5334632768441124	1.2800662997760472	0.0218870707496533	-0.027961042052256007	-1.1196714007206835e-13
0.4790470827810327	-1.7132291544739315	0.6014859634374481	-0.7632841927790579	-0.24512683382207956	0.0023833163688452915	-1.3058436776360967e-13
2.1947139163641314	5.44187304582122	-1.6681330120777806	0.23451427043171783	-0.1566274507568983	-0.016260261881604208	-9.111986422242189e-14
-1.8201820293008528	0.9939455102244155	0.44999550941485195	1.2787683730991202	0.639159548660734	0.03857992532734614	-4.634447469837487e-14
-0.47075463505430754	-0.4159862474855345	0.6449429833962824	-1.0301614268844699	0.18704265684760912	-0.028907838552061218	-1.160708641973524e-13
0.6485247964113764	2.274740935800124	-0.4703887582822182	1.6549113488371672	-0.029341183668304315	-0.02386404483993818	-1.9883108143592004e-16
-0.3742585847367565	1.8741425297835572	1.2040491772456736	-0.9621685843064524	0.4395906538595692	-0.00397442090190578	1.2057045344667796e-13
-0.24105822579447578	0.013993310677920126	0.9349030470455653	-1.4842838221876529	0.20165910507162105	-0.028610689804212934	-7.560089235927302e-14
0.0229037195625581	-1.270025835829003	-0.2637282935351408	1.750816309946032	-0.2193327828829958	-0.020536265470179657	1.4406775184320344e-13
-0.5122411071626622	-0.8974111414873077	-0.31719531670478857	0.7099399939603024	0.01808079202719253	-0.029519794521037243	-1.2058967456561528e-13
0.296362394777822	-0.35141959005251233	-0.5588633894270272	0.024050542665134372	-0.14802889314766532	-0.025413235325133825	-6.692308168119985e-14
1.904055025957291	-1.3404064352695646	-0.16582079209833048	-1.6766845123317198	-0.6285984222390429	0.06861565610939663	6.597794623089092e-14
-0.5787484866617513	-0.11491716949306018	1.1813850910695451	0.7367050952095296	0.21140657141743774	-0.026701895764823933	-2.3360022298187425e-14
-0.037946996752940124	-0.841978340933118	-0.7370412158651024	-1.5095741286821425	-0.04999178630664456	-0.02617583826528183	-4.8519818867146754e-14
-0.7685424987198429	0.008460811982975876	1.5009326559623526	0.26661305637414984	0.31972971057985466	-0.022995403073065922	-2.5548391894646163e-14
-0.2011816088561083	1.7884657324180295	-1.3009229411034164	0.5795382223217423	0.16513000717929885	-0.011131370197808832	-1.1181458258177222e-14
-1.491972904989023	-1.0131451218212368	1.1392495089442336	-0.46103122403149394	0.43159531459553957	-0.021172416856837743	-1.2037424674231683e-13
-0.6569172947788232	0.11595451753021095	1.5153488016166183	0.5370324337937732	0.28802282739673934	-0.023746803396846275	-9.786401079584087e-15
0.37306070542281555	-0.3556676510704109	-0.6170590647805914	-1.0648046202043895	-0.12985558826322965	-0.024192727240469978	2.436485948673162e-14
2.058065898999797	-2.314897529542971	1.2263943644905955	-0.8295138669031804	-0.7252785955370478	0.12977306177245332	1.9255638602485866e-14
-0.04030473195869879	1.7660150073924747	1.1293854545505422	0.15559799001155353	0.27753342647212437	-0.015912700911692706	-4.6292106165998306e-14
-0.598237109487888	0.015193699632808992	-0.13603438389713415	1.3576851272656703	0.12698401547316443	-0.02580159799048189	9.978788774112836e-14
-0.5438222441885985	-0.8073177341462362	-0.1139455923163938	0.22830400296422892	0.06912626933723655	-0.029529290169528193	7.472892221669745e-14
0.9551635772707748	0.5479762064275552	0.31971085921672976	0.2972064111840032	-0.2039625902086478	-0.022715030240316337	6.56889401004498e-14
0.23088244199904878	-0.3510032121354781	-0.4735950741853445	1.7018133874674295	-0.1924615486477843	-0.026302304749196814	7.43497847091788e-14
1.4136661845427783	-0.8434220995042608	2.0145775141260525	-0.3006277894456087	-0.35995674691895135	0.023010349516554094	7.080921367073171e-14
-3.061180638011758	1.3747215328662894	-0.39702533823312736	1.5845576981118075	0.995103231946236	0.14967271077158806	2.5112115514522275e-13
-2.963994127543899	1.4365817356174633	0.049292714246296734	-0.8072568397172215	1.0973766007013808	0.14367897009809613	-3.262532857607477e-14
1.3026207716740017	3.4397139532258985	1.2293989144135222	1.1847761117905284	0.024418837693995717	-0.022664021445417605	-7.404523602737625e-14
1.144436555600548	-0.9125451911538612	-1.2894937862353189	0.9639126002113999	-0.538861483834069	0.008724212582994566	9.768863281489302e-15
-1.06220307340136	2.318582582779898	-0.12056661841923505	-2.198708195051472	0.6671054032083351	0.04089351882368102	-4.185591023395199e-14
-3.7008817966496848	2.0150623049013143	0.4275028919817986	-1.1499930016662685	1.4255955329099377	0.25567877711188347	6.028868679277197e-14
0.3594334222393187	-0.9145129601161079	-0.8030028789682411	-0.9953164940144859	-0.19972616743871205	-0.017868813879591727	1.2908800201268044e-13
0.31354248209648183	-0.1838687264808297	-1.5635030327056774	-0.28965752536345096	-0.18239114581588187	-0.027015569660183064	1.0494223820751451e-13
-1.2564198840629985	0.6670737801820661	-1.5035005808527793	0.3903309879680275	0.35291268595318037	0.0021120043055024157	-5.515104047761061e-14
-1.67043151006077	-0.30581015682214724	-1.4512770670930093	-0.7567612883563745	0.41967751462758024	-0.004379234506336487	-1.0643096220824077e-13
-1.240040061347937	0.3993928643829971	-0.1905116291318118	1.066566719628246	0.36927143106524835	-0.004663376552090419	6.457063502620123e-15
-0.08376066693979257	-0.4983472174493694	-0.9929206361329999	-1.0780338125139408	-0.03250264669335178	-0.028795169887018204	1.0368097966686373e-13
-0.6557963767706037	0.48401430668063866	0.4402240120231465	-1.8690357267560884	0.36234861709901117	-0.01972120411429129	6.338499259714644e-15
-0.2837754315030004	-1.7990108028218923	-0.7726573621543973	-1.1972969793552306	-0.09531291991541241	-0.020724116923760423	-1.5307084257490192e-13
-3.8274036521765846	1.3397161443955088	-0.193570039019128	-1.980311266804285	1.3838497685983635	0.22491826771982218	-2.4398418354366514e-15
-1.385716387180767	-0.1446697810714133	-0.211255463527514	-0.9324514815275154	0.4337134159670533	-0.010649413015232579	9.736043019784918e-14
-1.5114071694322522	0.37049620432722585	0.0709681097952529	0.24765618905584685	0.496656955760781	0.004951770883367168	-5.355664354321344e-15
-0.34157241037612035	0.07642425938602643	1.9996512233001147	0.2742750402338434	0.22982689656390184	-0.02752992860001034	6.660331271431453e-15
0.43310581935692277	2.083824504398483	0.8358332011608781	0.98088346546219	0.11979709694855548	-0.021982629072257315	-1.110400088431157e-13
0.8162035031858736	-0.6556635353182559	1.8635194987305237	0.0036195035545948566	-0.18721374251584766	-0.007113613746307598	-8.78325884328753e-14
-3.0842487445915245	-0.28782317137637053	-1.3809296819617904	-0.25904210938418676	0.8310946146165132	0.07099116123863064	-1.0842708559728263e-13
-0.401430318552542	-0.8769925216960309	-1.4861920131179274	0.3165969788262953	-0.06635893302871376	-0.029653670135820574	-3.4587731717059283e-14
0.7269990961297907	-0.2496609358490213	-0.09294278238385821	-1.9322388111255062	-0.15553750246441414	-0.01790680015024997	4.7644091521983595e-14
3.806385594810576	1.7700683811196674	0.9993486074539969	0.4107493165730216	-0.8701673696776949	0.07414520984843401	8.776134911112021e-15
-0.8888972541297633	-0.29743423755282583	-0.07387735312638367	-2.0078299539293925	0.32118262130656733	-0.024321505458216514	-4.6233794385117256e-14
0.1656489688846965	-0.5744045229274691	1.250273732598292	-0.9422649491234346	0.01459251991404419	-0.02439083598106111	-9.389001097599015e-14
-2.6137212009134947	0.3369008733817701	-1.7938531118542063	0.491930877290714	0.7033260865562162	0.06461180554276212	-3.706714904361925e-14
-3.0249690322701435	1.3320156459042851	-0.7078912039910059	-0.600459266318062	1.050321215287583	0.14415573429345735	1.145882539463728e-13
0.5466898267853345	-1.2461685996171503	0.90154951656107	1.4915797884804243	-0.28990153858613604	-0.005264802908903974	-7.122246649222706e-14
-1.4361387739551956	-2.4289163372857825	0.9159726820853465	0.3298686037904429	0.21510837600334046	-0.029397907957073553	1.1343787981246052e-13
0.8561067232077125	-1.530857219545545	1.5907012761608064	0.088134705296757	-0.31148260610374373	0.015102523504581642	-3.9082605473159024e-14
-0.8235184077802623	2.183377225449275	-0.408846250566625	0.7157115557179986	0.44324683762059847	0.023561857368590268	3.110397986207621e-13
0.14245803085956368	-1.1110591659982183	1.0553846338978194	0.7596627058498456	-0.11769220299189065	-0.019059261414894953	1.2598491362489025e-14
3.8678274763199996	1.8444537234619467	0.9849365302427165	-0.21314302597157095	-0.8554236566102803	0.07542265013095253	3.6305499834347996e-14
0.7133492314195928	0.07784100820241711	0.18813087866772601	1.9677255533442612	-0.25972174828447503	-0.02223489342440608	8.595591344399492e-14
0.42509207568020274	-0.03896048926751084	0.28440757927526855	-1.3220653483048563	-0.046561413103160004	-0.025650971228007073	2.106459237322223e-14
0.4661019350186898	0.7161885473112604	0.5127593488309306	-0.04098288403411675	-0.016132289698093043	-0.028755596434861086	9.078200146019536e-14
-2.4363218778551463	0.06296738764588901	1.5133761795507672	-0.6034461828176404	0.8619058437010964	0.041458570147713605	4.885171281723928e-14
1.0065687534289653	-1.756968159174615	-0.6022538824585648	0.09738053677809558	-0.5110091346947068	0.027286652245181123	4.4791192755933565e-14
-1.3497200255996067	-0.7354878856875124	-0.09417500961153852	1.8957765079832414	0.24900102234178656	-0.020765799364565334	1.5498034680549998e-14
0.34273850459879157	-0.7339121909990268	1.193688864283313	1.148120007313361	-0.1438272405301076	-0.019441733975394445	-2.0804449485667654e-15
-2.1746920060484562	0.4213086987760197	-1.1107453356793051	1.0133107818690246	0.5996377719328577	0.03979577364475735	-1.010385687278871e-13
-2.2827691881966263	-0.760166069104233	0.8568402836759529	-1.394047125702899	0.7173060442991266	0.008624051549379069	-1.2800137600750712e-13
0.7002769237199038	-2.4761708974691197	-1.1683050964469341	1.0278056891092648	-0.5697595604429369	0.033277976967773834	-6.653628261549214e-14
-0.8051047744569826	-0.4762425300789888	1.4686935754696977	0.2501971404709297	0.2764532667566492	-0.026599877180934414	-1.8795257572137823e-13
2.704337503029019	0.8774575973903557	0.49810625481232307	0.24860255299939307	-0.6676600726219445	0.03618285027338248	-1.0806775117843922e-13
-0.48385666356227425	-0.6954255513082412	-1.4187903346128432	-0.8084322576980669	0.027892894001877312	-0.02997287805088735	6.573518823862521e-14
-2.1559767327617663	1.2259374061883954	-1.0507400240486178	1.182606091684392	0.6807299575368089	0.06941987405205656	-7.825908836501599e-14
0.9103021290417926	-0.7877576664107596	-0.8073287652581298	-1.513585437952629	-0.326620515993976	-0.003252041217861924	-6.44579228882493e-14
-1.1035608990810002	-0.3557247538678413	0.8599732629885151	0.4817171647260788	0.33243152532238157	-0.020980434332225645	-1.707655456270163e-13
0.15101703952505122	-1.5859165942978954	-0.9313792455878761	0.09331020167449562	-0.2626630633236185	-0.012960855772121964	2.2198026828131765e-13
2.4675430037237063	4.041505043970577	1.0119560190401176	-1.1076887964927653	-0.17458107202370957	-0.027702609556242087	-7.741491430413812e-14
-2.3512894014405523	0.0980199102837195	0.1630931215197581	1.2348901442376268	0.6839182013828792	0.03829733403647713	-5.700309686674776e-14
0.3126781003062986	0.02503225676570579	-1.193306692720647	-1.0117951734134238	-0.10780348342401884	-0.02809329598924465	6.371308043135297e-14
2.150628566372621	-1.8421605459867536	-0.6183642495867272	-0.9937852935353093	-0.8070333100590404	0.11045761801408657	4.7596183555599285e-14
0.1426727848363766	-1.0927877657151663	-1.2200373370581958	0.7059664973788231	-0.24997042325680177	-0.020787161198064043	-2.0960677819328724e-14
0.4648665379601757	0.883833494438271	0.4499971409942643	-1.7352104948931817	0.06817246343549463	-0.028900255358501815	-1.455277011822713e-13
0.8378661277862739	-1.3579656167090446	-0.65507513488234	-0.12042162091213868	-0.4139879426192574	0.0074578640287374575	7.862632748954782e-14
-0.2305048063003918	-0.9772518716407328	0.1581448364124759	2.2379461241674132	-0.10799837536644384	-0.027168738117684315	-4.9720933584041607e-14
0.16975456634457597	-0.29427296431922384	0.5166980032792337	1.0612844453155186	-0.08269474707415554	-0.02688122711920285	4.1348067011683746e-14
-2.1293195526911473	-0.735857279084007	1.1212629620049268	0.718848644323231	0.6030563464951173	0.0028449395933995893	1.5580556932308408e-13
-0.3385065509606641	-1.195678295307878	1.0917713137511764	1.0341456546482863	0.005696158718879168	-0.026461572351164534	-3.009467883978462e-14
1.096182587415845	-0.8085522274084419	0.15544187598216497	-0.8949862331378632	-0.3508123165745177	0.005392071030466803	1.322617094650587e-13
-0.17961322614899328	1.7905654777509028	-1.6072341739207272	0.5764809604670447	0.14070231186215107	-0.011732561925267936	-2.37700335744398e-14
3.429648207513052	2.1292260985092843	-1.0772729734930384	-0.1872469511764798	-0.8234435336621977	0.03352268563199634	-1.5329985936940086e-14
-0.3022589536102979	-0.29134675608074173	1.5927779664798047	0.027558166573395677	0.16400967284626675	-0.028766170534076405	-1.0785660491295298e-14
-1.0715573231340216	0.45271031143980706	-0.6458511228678607	1.469703702867894	0.2809341565268848	-0.00917636230132771	-2.9977761455590127e-14
0.5070428737601977	-1.6999022699682993	0.29546059654661466	-1.5384740726748045	-0.2384127840701113	0.002952161110445204	1.5117339227148866e-13
-0.894478969723547	-0.8446761776778214	-1.3252050052333726	0.6898087618460618	0.0774879070472402	-0.028614010458316592	-1.2728127817194032e-13
1.588933135392791	0.7150106583731672	0.9055536878032158	-0.831400665189062	-0.29072526837137336	-0.008980661750424905	-1.8254296404269938e-13
-0.7781437336499255	-0.613847364769742	-0.28908851313093614	0.40614717949416285	0.14178264985693456	-0.02810902068035005	-4.696380709239057e-15
-0.6751311109811892	-1.0075056309618398	1.2102536561455959	0.6801518074094985	0.14708271260144584	-0.02908981063417821	-2.934287226567673e-14
-0.4177632607665614	-2.032074653643119	-1.1398687073676708	0.5410384496035137	-0.17426981443328066	-0.02095347806317288	-1.7274621372569782e-13
-0.7262365629022929	-2.01736046754464	-0.10023356482713264	2.0576823846020185	-0.0818796030889463	-0.02600056254449717	1.0239489413483349e-14
-2.4981200461470183	1.0853359449722004	-0.9269247969068398	0.573303115183185	0.8009808592365945	0.08802241049484806	8.845940534063045e-14
-1.7025286020344002	0.02597147540391125	-0.3819149281668847	1.5257774904867791	0.43626880283342645	0.004370730651382178	-2.5834343818983435e-14
1.077860217237023	-0.5707927774284375	0.6111320020172627	1.4886780315000079	-0.3907948772019995	-0.0006605814545114986	-1.8178555384806365e-13
-0.7530435100588423	-0.9567737001276004	1.008157177563062	0.9660691473418556	0.15180337281539333	-0.02905180375333028	-6.729958515062631e-14
-1.0606250298505817	-0.49326124728833776	-0.8589858623098258	-1.3059644275518947	0.2750534156377926	-0.023571892182286117	-2.8215095113239946e-14
-2.4339618060889254	-0.547446876924571	-0.042076277183367886	-1.4095939123437673	0.7331852822127638	0.021877991202048714	-7.211938033167169e-14
-0.8788838962445386	1.312261052209776	0.3074272500276134	-0.4344774846119973	0.45334780613431847	0.0022789835896707784	-1.142530159341331e-13
-2.3797432791543893	1.3795041165520738	0.03245502467054113	-0.4087406070936109	0.8959228290544019	0.09180690124332568	-4.169669700540305e-14
1.0748124887721284	2.01031899092867	0.14472790639638747	0.5384302437006976	-0.10195712846882529	-0.028763334435109353	-4.0734225129142295e-14
-0.8875455703172814	0.031024550687870495	0.983556612752236	1.1602348470486055	0.2899648639460592	-0.020583104306922954	-7.756638003014727e-14
-0.33937276042655157	1.8818072084092332	-1.1585475330363892	-0.7505967450874417	0.2798761775532981	-0.004830454039796721	7.978770593306335e-14
-0.5100939264904852	-0.7181573381511673	0.7401167677324928	-0.958293912561185	0.16868130566043213	-0.02917854256992617	8.804408519334682e-14
1.168589896574232	0.9495638897605687	-1.3734557802433336	-0.1273442896270111	-0.3077103702859122	-0.02407150908767923	3.7686269335894624e-14
1.8810619558800823	-2.045934274503988	-0.20574843503776338	2.1327064626158148	-0.8541154084961367	0.098499543550448	7.829605070431003e-14
0.2546358266673356	4.41098031992026	1.4741872879804185	0.7691899128194293	0.47722159025827615	0.03687203869728121	2.536127974356919e-14
1.199681650803985	-0.959402310077315	-0.7395471402938631	0.6412852154589568	-0.5137011811774238	0.013051738723967619	-1.1602939715131118e-13
0.3485584873029438	-1.9100362301505485	0.061905389917294835	-1.9466511618449152	-0.21164144586858658	0.0013743819595963868	-1.3656578784882029e-14
-1.5802990854422536	-0.6398790074972927	1.5479855258737847	-0.16228417385923433	0.5110888262288464	-0.013695652551161732	6.456675071474942e-14
0.7552839401784546	0.6797222290668717	-0.5567827088959174	1.4951177028018197	-0.2326163314733322	-0.027161245147779744	3.0623122029794664e-14
1.375970041226371	3.407886812474898	-1.306843375543079	0.5753193323440887	-0.12774498675279589	-0.024537469780656695	-9.08585689355354e-14
0.034210064832306264	-0.45180562579750505	0.9320317664779967	0.9529263347017852	-0.030347975569282877	-0.02713619016246093	-6.130986894923589e-14
1.5849799022490074	-1.1133096994602518	1.4820053834250002	0.8699758419911113	-0.5181265403994035	0.04080163986331449	3.3895701319651485e-14
2.4968744069850795	2.5917204808372523	-0.35723915722228555	0.6480910551103044	-0.4931772859233543	-0.015621032466304752	-1.5620206709933884e-14
1.3004689239258702	0.8533125119155083	0.7430564937300952	-0.39507399335357857	-0.21897984819675506	-0.01908472488612651	1.1041788367671768e-13
-0.5083862460259722	0.20094979606540692	-0.2553058030806434	-0.7346947523549059	0.19929759148526216	-0.025484590035231555	8.012916788700551e-14
-1.6856607655277707	1.0428666415211894	-0.2857463751606849	0.648967942394677	0.5859042723141995	0.03290804725599438	8.200666758289053e-14
-0.45949879476473654	-0.3186039162173506	-1.3320376344382778	1.0010291410438759	-0.0075330616015153095	-0.02932244602774511	6.01108855157028e-14
1.234582934860417	-0.9937764944307856	0.2072177039672484	-1.1281829449124872	-0.39807768038693137	0.016693988353517063	-1.628138012053455e-14
-2.3901730771486616	-0.05263413531947686	-1.8142045922518597	-0.34981608992351776	0.625569809773995	0.03605708574997731	-2.9004291796771647e-14
-1.680851746617942	-0.10010630812122945	0.20191094436108248	-1.4123571692154877	0.5713914301014232	0.0003955426686385736	3.57613076836447e-14
1.3387722736907834	1.8487216071125405	-0.8868814244604456	-0.578120652199453	-0.21344096011684371	-0.028046305848105312	7.627695494627734e-14
-1.1635060277548217	0.5786058716489544	0.26298134502737036	-0.07852791431597571	0.44029214661156474	-0.0036003757871549183	3.500347041661958e-14
-0.9589718344465145	0.42945344330659746	1.1529506051018676	-0.6554460158344182	0.43966685960584434	-0.012998985991340195	8.7590741498997e-14
-0.5652464140557125	0.1188801200261262	1.1609812229906666	-0.621970599108845	0.2874397721826576	-0.025124855210317428	1.3935686729224612e-13
-1.675290552476522	0.7295418925916438	-0.6368828302999382	0.050650345177572186	0.5514422103693434	0.02250963599527996	-3.984311591615197e-15
-0.850777150646829	1.0479775706908354	-0.9409507967634682	0.5169587057581347	0.30194966737901047	-0.0045391919956447495	-2.440491673370408e-14
0.3975576028723999	-1.1308379092337117	1.5208621978952748	0.1335889802999819	-0.14106385165881363	-0.011741688545505575	1.2830952100490946e-13
-1.8498782668127378	0.2861558126679416	-0.27367388640548046	0.1193171686850055	0.573576657114639	0.01787335276667536	-4.967380617390383e-14
-1.8771554144326867	1.0469416013175477	0.3433854918489866	1.9689106134433991	0.6275514789146677	0.043841159450522436	7.931682867625549e-14
-0.7553316559147809	0.3351323700190371	0.8501384541485029	-1.1345577993962284	0.3700955351930326	-0.019488063390040382	-7.235645117316009e-15
0.9884231991858139	-0.25275690503375736	-0.35281585272925403	1.0772547433476796	-0.3716908611226336	-0.010969316608997217	-8.099740086001477e-14
-0.9088516515867495	-1.1215364547772393	-2.2717691044636394	0.04553745861976558	0.02140769048425954	-0.02993263142997261	-1.1362263378015842e-13
-0.9807963061234722	-0.5167108433966187	-0.8468895530094129	1.5470986938479017	0.13233363833440914	-0.025122788157322534	-3.020054612685934e-14
-0.1952294809117306	-0.47090276684267024	1.156551971978054	0.5578115346769048	0.06501534323560675	-0.028593399697530532	-5.742773982040539e-14
-2.704672863787807	0.09207033501605937	1.3903965019777065	0.7234196779308286	0.8843602862458461	0.059298014108157715	1.257713691868846e-13
0.2767619239417326	-0.8302729997416813	0.7459824365523908	1.6681021528199393	-0.18293731938851193	-0.019956595894911142	1.2512097209749162e-14
0.4053786308804767	-0.3699824165948926	-0.946162671106814	-0.11701635412902635	-0.19953947663312782	-0.02371817879199026	5.984133676050234e-14
-0.6540344165096562	-0.09875434288564097	-0.22941110543276041	0.5736251910498652	0.15773605163436522	-0.026002257360474595	2.4838107487373804e-13
0.7405529847556402	-1.3278706344201512	0.37596883261824576	-0.5853573953709614	-0.30148423530233626	0.0035517600798011446	-7.37397006848831e-14
-1.3046754878612241	0.6970126085651084	-0.9870353232611173	1.241340985535314	0.3666722664177458	0.004717659386986356	-5.0023610820051195e-14
1.183070351567162	-0.8851418138624044	0.30494946926837563	-1.9198274717905863	-0.3332255599810303	0.011370685608624635	3.24943005933631e-14
-0.028905062006804313	-0.49537614159912347	0.17412749320692392	1.5407783907431296	-0.0859671272458299	-0.027874029913298553	-1.0186265476373549e-13
-0.9771823715014812	-0.7759796061443968	2.2172613318154055	-0.2074455476233647	0.3585302196986143	-0.026560296724232376	-3.6806454295676746e-14
-0.6633669977781987	-1.1372869504974044	-0.9424305943241473	0.6710900049689594	0.0009611280531682043	-0.02984138171040426	3.384787864149845e-14
-0.7223817522902154	-0.9861313845130514	0.14818223223399088	-1.2062313213182312	0.1772062380808657	-0.02941846195037049	2.9098243964503244e-13
1.0754903631285697	-1.3319161175287086	-1.4981994729035595	-0.24126985817186175	-0.5261045149388703	0.01694329199687682	-5.811664606633744e-14
-0.46970337331224016	1.967973928939584	-0.6271283218930997	1.4721345504116448	0.26899187961506854	0.0018667756822346574	-1.9364062288023157e-14
-1.139797325461782	0.032265838853665796	0.4615155633162218	-1.3717259036384624	0.43802087637161463	-0.014637534935064839	-9.187338291222328e-14
1.9490880289089916	0.6575887519915367	1.9437142578581892	0.09692188455804557	-0.37801669625216294	0.006431575664856352	7.80522491957587e-14
-1.0017529048599048	-0.18582851495043246	0.14997091893342995	0.6580529294145812	0.27094711017237694	-0.021027461693769553	5.281737284739349e-14
0.5619410897012407	-1.3569586684494608	0.8937956948128215	-0.15660243336911778	-0.2389318808126127	-0.0023125945019877147	3.744362080840246e-15
1.9504651760764362	-0.9806932564198778	0.363240821432779	-0.03407110171354926	-0.6401846723888839	0.05768621084595196	6.119358163262759e-15
-0.8056650943881399	-0.3699603453761217	-0.2186502422393443	-1.9803881821809521	0.278720575734897	-0.02617746987747247	-4.320793687700637e-14
1.9319081376611613	1.4762414988358896	0.6316229881836667	1.478039709858699	-0.4213358793090238	-0.012443296373711117	2.0688800884662092e-14
-1.353572466329852	0.715275080607492	0.32842772342009124	0.2662241607441488	0.5021294617503127	0.006976269473274072	-8.952415439126572e-14
0.7863422249338624	-0.6147123308608371	1.1877728384405157	1.2286715803101622	-0.2649135043902618	-0.009434909709366638	-7.81652074307079e-14
-0.017029902771642298	-0.5981673105286229	-0.2607674409040198	0.4348201512387619	-0.0812027165823851	-0.027392931235354682	4.284978677382498e-14
0.08957307820634239	-1.0712237393430386	1.5039177929857064	-0.45111379616151037	-0.02129254772003186	-0.020393496267756543	1.4974633799228157e-14
-0.4598147835917082	0.8106171864237484	-1.9095830599098487	-0.2838733256372479	0.13393891263263008	-0.019874117032391992	-6.079491400568654e-14
-1.9856235086587983	1.019175996797432	-0.6198090739174676	1.196646295495154	0.6312597970809193	0.049831086605513636	4.3815478003577695e-14
-0.024024033802360352	-1.352715784001012	0.8474096841126245	0.45047383748176334	-0.09441434544414261	-0.01974381916697329	-1.5814980225072745e-13
-2.602720308993993	1.1427191198302322	0.9812018975492702	0.33030741090386856	0.9632822036528161	0.09750043994332379	-7.307818966496003e-14
-0.4870593400760147	-0.056546475607316196	-0.11965406064276647	1.4040762026674742	0.0852143680078966	-0.027574275218010102	7.926611226646335e-15
1.2857924043526894	-0.2817846725733112	-0.877120005362336	-0.43924438432874285	-0.4309723696040198	-0.00045454482159977306	1.573819725224208e-14
0.11952288596319621	-0.29445462894785196	2.272415849546489	0.06943778958905823	0.0780252314331706	-0.02649800559748448	-4.1783286520844265e-15
1.8823948776907273	-1.6829011386528205	0.6358112605917406	1.7956665912655752	-0.7524729922604779	0.08284241132087183	2.3548424730314367e-14
0.6949722956382616	-1.4708515050047155	-0.5532647467562001	-1.4806475589280004	-0.32228183943207944	0.004350339968229919	2.626929522699662e-13
-0.9495845664736863	0.08773884752953069	1.626938955980228	0.492173222798337	0.3806203647519737	-0.018449681622713824	-1.3519480514768694e-13
-0.024728250006161	-0.17931754597528773	-0.6233845092086943	-0.4046784866529924	-0.020987805174611355	-0.029278996042652897	4.5342499712624324e-14
0.6757994360572059	1.2348207395975836	1.5685608020024198	-0.6186195016165505	0.0649320479004152	-0.028409140656485685	1.1600120691244465e-13
-2.2499743884831904	0.37690299419854945	0.1404934806636755	-0.9544793559721992	0.7730308609242048	0.04211941462986294	5.057221639151004e-14
-1.6830393599103044	-0.39658456203422376	0.9778867548440946	1.2662764774159674	0.4758038879420264	-0.0060253893794755715	-1.210405579213438e-13
-0.6559188852957698	0.2837865161655246	-0.7944989288032743	-1.153140767477919	0.23713612348640253	-0.0223141092615196	1.434809787896258e-13
-2.970442635592853	0.4374084212104214	0.3900972249177199	-0.4432451972481748	0.9917211373602403	0.09358221628884011	1.2745120533777207e-13
-0.0217270430826913	-0.2107890569297011	0.06931576369870619	-0.4141110093848436	0.016611683553710156	-0.028900833240343114	3.957345738617526e-14
-0.9956856393998776	-1.0700402891860417	0.5175000146881895	-1.351119201352978	0.2771671211203444	-0.02839945462835342	1.3590945839500571e-14
-2.495561183293865	0.20901228520936316	-0.07768213066840814	0.7312696140556699	0.7461258271799643	0.05106700585196999	-8.652547795393401e-15
1.2116899152754002	0.9213276555066229	-1.3443776432539867	-0.44941647154106407	-0.3084596028020331	-0.023005788003791085	1.5039801610421602e-13
0.219589432462297	-1.4980392324305505	-0.1663068170369203	1.212800818587177	-0.2734939674200541	-0.011914059643615714	9.604683669627678e-14
-0.004595361116700328	-0.6432137476506086	0.012809884365499135	2.29676272373256	-0.14977134035557757	-0.026869786876373883	-6.201902344251172e-14
-0.33691015069317615	0.205845725538953	-0.41340420536333927	1.8565770743842605	0.03303280588266585	-0.027528209294712447	7.443879505777643e-14
1.3780719245158246	0.7995485587910898	1.8345345946324616	-0.044333610777228714	-0.1965027943969847	-0.0157556228884579	-1.1040056059653499e-13
0.1730578770744944	-1.4788385923300944	0.13692969208505928	-0.7977836147176649	-0.1570812993075187	-0.013326364005599832	-1.317914970068602e-13
-0.00411637967140608	-0.8433669133219436	-0.001601200377105721	-0.8362275088738574	-0.04368267913559181	-0.025299784240797464	-3.899099041180135e-14
-1.5812889369254077	-0.5480095207859996	0.2932084197176384	-0.2278515652229422	0.44905235270094396	-0.01209353126291444	-1.2156246863867537e-13
0.9103458281311068	0.7650852007229831	-0.184233467306378	-1.993666686636811	-0.10358694559366807	-0.02562932496561366	-2.2269821572983316e-14
0.8811157667531729	-1.542678930911934	1.0685384283438557	1.1180663483196378	-0.3936165374995589	0.016073355761599455	-1.7194651732183864e-14
-1.2732899298461495	-0.6382036003273056	0.047658930608870484	-1.7752156747495207	0.39608233754191197	-0.021102030059057218	-1.0213673982651024e-13
1.7129337523578723	-2.318544202972165	0.6965743708159003	1.2949972871344515	-0.7453855008802261	0.09932401665463247	1.2693930390974567e-14
-1.4051904624129743	-1.0456595602869294	0.0432296594607766	-2.0595978133063007	0.40219055739397747	-0.023303361042416953	-1.0574701783433204e-13
-0.01684144013426057	-0.13824151265544074	1.2810847418051106	0.2989952896099118	0.0663316467735324	-0.028544203864305645	4.8380275454422756e-15
-0.9553687654387285	0.060418577315774366	-1.461065614857659	-0.26465484689463986	0.22551666389927766	-0.018916945526009664	-1.3986250753757923e-13
-0.214414442039644	-1.0027770193852947	-0.9354274172106621	-1.305281859243187	-0.03555139954970386	-0.027319913371155424	1.449604051497625e-13
-2.3364166454537765	0.6815929055188421	0.5408695814097165	0.48317248620200415	0.7981614540275553	0.058745182226154116	-1.776975288541049e-14
-0.7995836142113188	-0.011381348279195225	-1.4460581682690732	0.33966149949654995	0.14732205532651726	-0.023073578559258782	8.315798256898923e-15
-1.338212042212321	0.5833554575129295	0.7064172935044686	0.3144674686103698	0.5035671903802764	0.003033011260015143	1.2057786193442036e-13
0.2684462148255	0.0423104785155099	-0.312383824603786	0.5709465189915549	-0.10508209202836731	-0.02815892493433559	8.727436612791136e-14
0.457070893291647	-1.8278831475272268	-2.017493944307373	0.10424845211838395	-0.4435071943583776	0.0018551050314388707	-3.063453979135763e-14
1.4327691837993126	0.7631697865312985	2.205852014986972	-0.058906220283355834	-0.19358407672443173	-0.01348167308834477	-1.1016930981748387e-13
-2.8326831296120436	1.6148532896519747	0.14778367676315182	-0.4302109963054119	1.0680166987958526	0.14138213653493828	-9.015280937049512e-15
1.743205732839961	-2.115111808250871	1.5848701773285994	-0.3808205966511396	-0.6108999850237742	0.09339890716357269	8.154185729997193e-14
-0.288291714528233	-1.2796405392115497	0.4542931383946177	-0.43678305320664723	0.004052869071394254	-0.025499000805968047	7.091288484208507e-14
-1.006896376369745	0.2773949972946447	-0.13023849934914072	0.6082580612354909	0.3085593448816439	-0.0142276003475778	-1.4648395424533244e-13
0.05258355153674069	-0.3765782186094152	-0.4261120858249504	-0.5305566130227011	-0.04813357344102322	-0.028005786413979473	2.4187636883388017e-15
-0.1249114825326492	-0.7186174650880874	-0.2669153101927108	-1.178202499570716	0.00349979651630838	-0.027752304145761297	6.724528863584434e-14
-0.9558563401517776	0.10419417702447528	1.2321820793046523	-1.0144067088038249	0.4225075719775969	-0.018106335366059063	-1.7350833782803253e-14
1.8560974282744134	2.536742034435541	-0.7116993749349454	0.41890787578683003	-0.3223696921418735	-0.026859751617643	-4.189353146467857e-17
-1.536548661673234	-1.0386501773517922	0.6448392800237301	-1.1763326564261725	0.4418429122174475	-0.020631753724997193	3.8928824390974486e-14
-0.5043744427192267	0.17742769827215463	1.466921540191924	-0.6122677005855766	0.29365689147611523	-0.025394881788594677	-7.348347797269382e-14
-1.2351738027391639	-0.3220700412960034	0.8574271291238139	0.05923980031962698	0.3925430517083212	-0.017639879496833072	-8.419356589235534e-14
-2.2402193171508413	-0.02030833680986975	-0.07019218225936098	-2.1494624193537084	0.7622350083760665	0.02823488940114029	2.3053125113297566e-14
-0.3283050591703235	-0.9913929807435371	-0.6335564554176789	-0.158038107221356	-0.02973603751576038	-0.02837640914556243	-6.410110865887968e-14
0.034354159329894225	-1.4564887318353916	0.9437610509944638	-1.3361950327223215	-0.04353363717428799	-0.016819576630100704	2.8350842300462213e-14
1.1007058681925737	0.4783074133963575	-0.4193097793217505	-1.5141532555014987	-0.22414790341268054	-0.019376530263043222	1.9519995577405852e-13
1.0571088280178715	-0.38525038775329273	-1.7316835790649092	0.4368105579592783	-0.4622785642315805	-0.007290772335417802	7.043618474845288e-14
0.13474838043279055	-0.6529328870564278	-0.03845403032300401	-2.1111759633483294	-0.013982671246095046	-0.024872619182147598	-3.0995412098523615e-14
-0.5079558017725989	0.498283091005687	1.1417377724091264	1.2567340238204436	0.23355755639495263	-0.022388707623848533	-6.223041074301546e-14
0.32048711037665045	-1.6207727140149653	0.5014555648658269	0.6598342312019685	-0.25337726842299146	-0.005750876395324374	-1.12881757569599e-13
-2.1981168104995032	-0.1733645176309624	-0.8796584256746651	-1.159531860196201	0.643452964999845	0.021564933012420132	-1.702502126928259e-14
-1.2809767615567267	0.10685573321801284	-2.0567895935571108	-0.3219298211075249	0.29454520841436427	-0.009097945266068115	-1.4755220248190476e-13
-1.9719742049113715	-0.8293594337418836	0.40475652365205195	0.6298974001989444	0.5063571209519167	-0.005028909517982369	-2.90651314787668e-14
1.136542683000177	-0.8375635923340723	0.7338421095620806	-0.986140837242113	-0.32723909870416606	0.008404501251273878	2.523994741116245e-14
1.3167756121689485	-0.2270810965998036	-0.4702802444749675	1.8556030952736537	-0.5040499822685636	-0.00023117262159265092	2.362504447195645e-14
0.7485360826878745	-0.026295767085269685	0.48170469522597975	1.5738041618772607	-0.24746191497711148	-0.02010621354527805	-4.786380808365039e-14
0.6821374866413491	-1.6188667393638831	-0.9608052823001522	1.4316961479459793	-0.47821667339724566	0.007046268746840939	-4.57731813483796e-14
-0.9850752678072644	0.5696161487082495	-0.9857282168452892	-0.562739531515329	0.33104134367331833	-0.009673368951056126	-1.2832479143044131e-14
2.1313680736694143	2.6609321806800272	1.3019465237804333	0.10191392053680892	-0.2564558218912939	-0.02306983898616364	-1.1842924639611635e-14
-0.7577190238545306	-0.9639836323116635	1.8344242340279182	0.3923329681183717	0.2254573863080542	-0.028763695016800105	4.2250688109721564e-14
0.8793111555338319	-0.6816239553865744	1.347938313569645	-0.9124853481606363	-0.2017434440576691	-0.004828201761174311	-4.387447691729026e-14
-0.16737065776884533	-0.023963856749835758	0.7130011610491963	0.17438502077461376	0.09432271521009943	-0.02898734770734398	6.553616186913165e-14
-0.9159526894664654	-0.6182707929234299	-1.0158163565601739	0.196820576249131	0.14729266408529584	-0.02688512045052859	-2.849569520184861e-14
0.33941051170080255	-0.8369444981907457	0.8035295024228876	-1.3435607375365584	-0.07496229985745106	-0.018337392620480834	-4.856407760853166e-14
0.913135683633924	-0.699199857444501	1.2948887483301568	-0.11870804306837082	-0.24927745147275443	-0.0033260711805538747	-6.990154438560582e-15
-0.7993287119795573	0.368004137465698	1.1943671125327044	0.8728227982010109	0.325017131744393	-0.018030420799964537	-1.3169833803528275e-13
-0.6571401195884675	-0.982362894642362	0.7962793235900097	-0.16333085927374788	0.15431053764147912	-0.02922658649040958	7.280967379332896e-14
-1.7316954779345413	-0.14443258128501313	1.7132070906259445	-0.30687519669834784	0.6268093410670486	0.0011353528603167417	2.1352290774450165e-13
-3.221301877556677	1.31578146914078	-0.3577852120856565	-1.2895347618233868	1.1575674568428165	0.16128776729938954	-1.3411619023961167e-13
-0.33233513157121863	-1.1450724188709165	-1.0101831057751745	-0.39884576616560397	-0.057792194518062896	-0.02776875318595066	-6.02280290902179e-14
2.535408159078843	2.6717121307607816	0.6762559049365324	-0.4830129920485628	-0.3875544218552144	-0.015077439534374203	-3.0977529201546206e-14
-0.041257356329414456	-0.8335648033439601	-1.9085262285605766	0.30947308257299755	-0.19299181674701826	-0.026954481295073784	3.881778701666157e-13
0.1528682083784257	5.422037709546616	0.010215275445302579	0.6057678958117113	0.5403927576365722	0.08363033198736275	1.4818108224309333e-13
-0.1405836938322956	0.5997593290679993	-0.7325034427746832	-0.2942794620425186	0.0868241841099308	-0.027099378652670866	6.968296149394426e-15
-2.626218304523508	1.5142496922187827	-0.21761897414900433	1.5585570144709333	0.8902822043294057	0.11838901499194629	7.639365417573751e-15
1.616731306445268	-0.7650446216378669	-0.3867047239792763	1.8844250100529438	-0.6444973568542025	0.028681308227993245	-1.6242311873160282e-14
-1.256397820999697	0.6657168765795819	-1.037084967660294	0.8108090815532165	0.3634126115448967	0.0020147474566729337	-9.391711894792906e-14
1.3353745810042228	-0.9550251782946676	-0.3197826445738014	-1.1959752363415246	-0.45216277083542544	0.0200146734612728	-3.6474289056031186e-14
0.8437619622983905	-0.9903103310047855	1.1517654730582665	-0.4005166632148853	-0.25691540178770567	0.00039830898911137673	2.4808495737196824e-14
-1.462334815908578	-0.10127345353571855	2.3675256330061956	0.03383269451976812	0.5761164057696009	-0.007518381007852665	4.257108367084994e-14
-1.3225882897080123	0.7005325644572138	-0.12640123554066818	0.6844268162477757	0.4468106355863708	0.005394909396860841	-1.0582771084859697e-13
0.32233832439272525	-0.4223037461709184	-0.8410036705532401	-1.4035737558212833	-0.12159071846641001	-0.024510612347713418	-3.0060187171551673e-14
-0.9930257021654244	0.48437547843124334	-0.08939723946603476	-2.2512680881097205	0.4470152756585052	-0.011043144041329361	1.6387810904169773e-14
-0.04648108102561545	-0.4222734184530661	-1.2504000040629946	0.3559613280913049	-0.10960071589822905	-0.02897603533305937	-2.9932479596427306e-14
0.2045539541959128	1.5358472746075522	-0.18133495989826096	-1.291897915179402	0.16031462273269628	-0.02392146317296983	-4.3975222010021886e-14
-2.1135858918714128	1.1807037766235833	1.3226798177120942	0.1709570775732903	0.8463396929773861	0.0634238694199919	-6.24531408428231e-14
-2.5209248737005954	1.7235044878170445	-0.28291025536627945	1.8783866283348425	0.8649108924629717	0.12014749332754447	-3.312702721301296e-14
2.356797026187467	3.328928827174469	0.38024514629146294	-1.5140370546411097	-0.23993231116253516	-0.025771913231696215	4.669793767084997e-14
-0.8877734772801452	-0.07793858385794802	0.34791027041429584	-1.191910856590988	0.3366066274955515	-0.021950815991736757	8.282092808618802e-14
1.2226862730413928	3.3907519119179885	-1.7778200126519617	0.4634122172496673	-0.10761273167014442	-0.02220849037738125	2.5770173673436457e-15
1.7907327405312776	1.1894691109029256	0.013429087977841777	1.9669993984277445	-0.46766462239755496	-0.012119284068200144	-7.653051175706688e-14
3.4049342582681468	2.6974337835606024	-1.0267982130894353	1.0493612031745083	-0.8041366853935299	0.014747280509527193	-1.1006762692252566e-14
-0.5561214747831781	-0.28638320681682905	-0.0430440808161984	0.7824664017877887	0.11080953360659154	-0.028189411197254967	-3.6183202043995436e-14
-1.0966642052137086	-1.018410538540932	-0.19469674609832313	-0.2293969627532253	0.22404721644645897	-0.027443344506741695	2.1934109857620465e-13
1.1251498132962081	0.5732783591571091	0.43551554783516266	0.21701481901045144	-0.24100468372375636	-0.0195506689974993	-9.410588441986954e-15
-0.7990286544546794	2.1695550466143323	-0.8865726510049763	0.288138047849772	0.42330635089131546	0.022036121069919347	-4.720892586331594e-14
0.7618194488184572	0.6696865331596085	0.6726935431513552	-1.4192866183475124	-0.04230223303159772	-0.026339583321256407	-1.0636636908746337e-13
0.5792217712691384	-0.48115086555878533	0.025442434576368203	0.6309639553605976	-0.2350374160636827	-0.018181928827692637	-8.958929181840945e-14
0.7312300246031479	-0.5670781284048437	-0.8797595444003311	1.3076596131900324	-0.3708630328230359	-0.013519962989131306	-8.998909744283095e-14
-2.741218854212093	0.510207135618033	-1.0735873869428252	0.006024009420192319	0.8244317427958657	0.08053220229558024	2.066577900953766e-13
-1.1020306042460246	0.0648501256423515	-0.7873722478543698	-0.9361750737762442	0.33766979011588016	-0.015147148696450362	1.8569355181201306e-13
-1.1934970726626122	0.22597728715956672	-0.5729628585496658	-0.09499980859152227	0.3610232598419915	-0.00965711644177699	-4.217499438786138e-14
0.0481704836604063	-0.24608900352027036	-0.7546032921596657	0.3285284485332255	-0.08770447396574235	-0.028777869209335453	-1.1428164079060407e-14
0.49959579367271023	-0.45013229790135767	-0.5832693966600963	1.1949540629856688	-0.2679601592114875	-0.020801897084184992	-6.141124264040895e-15
1.5401627912647924	-1.1496951523743055	1.858570221713576	0.2081384906330325	-0.45917512824323287	0.039877760779344976	4.804854816232159e-14
-0.5945145591395001	0.23525481320577082	0.11778209328471842	-2.3546162524884067	0.31750803041073816	-0.023790443313391786	1.5374545911866648e-13
-0.9587529226149192	-0.39632682191409935	-1.056700541403691	-0.21578246953939653	0.19873410925349164	-0.02433249615134409	7.033714545617265e-14
0.48445067118104324	-2.1393493634335203	-0.9877248707975493	-0.48943351703221527	-0.39833998848420926	0.012043657552480654	-4.457774654676925e-14
0.2939525968127354	-0.3096076279098541	0.32249169804470934	-0.29876898418959813	-0.07675559140626	-0.025298140557029752	6.616459509242095e-14
2.1191866179862866	0.3458739750714944	0.45018596127748	-0.7467486567017331	-0.5154596284134986	0.02149282610298288	1.1604554718852776e-13
-0.10530183687024641	-0.9608904280025501	0.29433730862985025	0.814891940662713	-0.07656123839256425	-0.025639471053811567	2.5731409163581883e-14
-1.7421268190443622	0.07521757653661593	0.34993777466101106	-1.608087784437506	0.6260567896403283	0.007094502220390796	7.404346643281355e-14
-1.5732495789021286	0.8332656283225848	0.331195313961953	0.09873689702327881	0.5882441657168223	0.020259283223787915	1.3437841152752663e-13
-1.828378007455689	1.0106850587428957	0.7416547642344672	1.0828194250738696	0.6689947396337999	0.039518091987686736	-2.8150930807956194e-14
0.45443805955276745	-0.9359171615126624	1.383285315774089	0.6344216403964953	-0.16575725833142985	-0.013525633338785538	4.154350577142578e-16
1.2833486921847672	-0.8237456720419488	2.288213061069774	-0.0041104168194239146	-0.3156965486127174	0.016224793792025138	2.8346687101321898e-14
1.802839748045795	-1.5614798269554868	1.4695845138518249	-0.08443343736671985	-0.5896359132487254	0.07280780878515684	-4.9213705009170736e-14
3.2976666355556423	3.348662932459653	-0.0909039500032529	2.068189582586124	-0.6895138669007426	-0.0046652701484475485	-5.124781946926112e-14
1.5251035545282223	-0.42686902639597946	-0.9948070605343484	-0.2802901521372505	-0.5297643760896081	0.013328566454369088	-1.9018114237294386e-13
-1.1988466797754491	-0.5770487994212725	-0.8208041222109893	-0.6696802160793197	0.28320942884145345	-0.021945814026145673	-3.1380564176842156e-14
-1.3865239182483582	0.6244133401216039	-1.684690306427342	-0.7554870251747471	0.42340422749898676	0.006409461741045458	2.8460692656656363e-14
0.5825160760409148	-1.1949084922290816	1.0342647499429078	-0.0005042275827748084	-0.22571838585687684	-0.004909465511621354	2.42820896023733e-15
0.5619315599411381	-0.13215175172762245	1.8931837138557084	0.26298575675358826	-0.06552759019385192	-0.02168682179525852	2.069466669322783e-14
0.87367362831741	1.133762357477325	-0.14431600197009423	-1.357379224358148	-0.07677567808690546	-0.028133491445315642	2.348430332036971e-13
0.3771996397571103	-0.37140829352685245	1.5762984768855437	-0.8725772390960513	-0.00921217879310474	-0.022671576049037866	-2.9205319035124984e-14
0.28689916896386436	-0.3961379385318048	0.04506862298554588	1.1443337132541094	-0.15985081486908737	-0.024852722686810637	-6.092917391697486e-15
0.7982928473770708	-1.8750529574845491	2.012502940860226	0.11352466616225203	-0.3067040956339579	0.022745123379857443	5.055114616859122e-14
1.4102181090578652	-0.8960435143502131	1.0794541771776527	-0.3212301954505604	-0.41973253737568367	0.023467672531989982	3.81482258101416e-14
0.44481045206442976	-0.6709601811123395	0.8128618533311849	1.4748700390128269	-0.20331721930827354	-0.01821732059580059	6.58366715195624e-14
0.7591316049772437	-0.9042861002081918	0.25373774150200595	-0.97761131092727	-0.2531750793904177	-0.005339195985127831	-6.59425972045994e-14
1.1013681574803342	0.4601082879041236	-1.308565204504821	0.567562991479397	-0.3650546535578664	-0.01976525995319361	4.2499029860140446e-14
-0.48655947071807215	0.3414890171701319	0.8187486533394437	-0.603278847122891	0.2670761868116171	-0.02436022671840984	-1.0293174719411834e-13
0.30272100163090276	-1.4582398187290901	-0.16703308654801174	-0.38501670977557034	-0.22805443557696178	-0.010023327410511046	-1.5951490410247525e-14
-1.622041606289828	0.8737437897858057	-1.761807225937204	-0.7099242764554611	0.5153678999416736	0.024536550241342752	-5.048462080797295e-14
0.830828061188223	-1.2815286125709093	0.9913695296305156	0.16543593890556518	-0.316857685273093	0.006724675328685959	-4.264101041656482e-14
-1.17260469764499	1.1419258873950362	0.9221010172784494	0.28222898086198617	0.5299644432314248	0.010120057678408702	-1.735121721738686e-13
0.09142621841946894	-0.6330086985073425	-0.11540613567458044	1.3015213687336904	-0.14380008172468178	-0.025782736012826813	1.5053225934710604e-13
-1.1956437306144592	0.11161345901443043	-1.5727595366224298	0.7669850775745019	0.2538319654592991	-0.011678974414454476	4.4789247933122557e-14
0.1889209441087886	-1.1414232905171977	-0.08695300151859271	0.19959953516353482	-0.18006185985763543	-0.01831645951270112	1.7787031904736346e-13
1.7867369555099017	3.0262240660903648	-0.12093702108255683	-0.546189513007085	-0.17400407781586738	-0.028597180175236728	1.9281569056211066e-13
-2.4389036908455797	0.08651466084175893	-0.2855616194424076	-2.0868793350963455	0.818576935600872	0.04313608319147724	1.1710009390932625e-13
0.24618633005889812	-0.6822719053414824	1.243406031855542	-0.9060230160762759	-0.022592110072806565	-0.02195312430367724	8.565431483912219e-14
-1.7896186256188515	-1.5737842564114255	-0.8624014879448556	-0.9869882139418881	0.3606188297746617	-0.022251544822936342	-2.6892436531743838e-14
0.7635638933419275	-0.996294276116994	-0.3307646566341422	-1.6778992046607044	-0.2705409610792694	-0.0037092556086166083	-5.372623393682274e-14
-0.18703933279717588	-0.3622186858562113	0.46855351796024963	0.7672536946699455	0.02452750226282522	-0.029064228080455334	4.3730483152395635e-14
1.2079610905340008	0.9564933891724167	-0.5211895405105272	-1.8355835089013546	-0.1973463225399398	-0.022913236432289184	-1.385849096432826e-13
-1.6622582649022757	-0.3306676847384537	0.3244601564528547	1.8610637010504614	0.41332000375500544	-0.005325937252750601	-2.8283942370616513e-14
-1.0925725886664195	-0.3640929074551924	-0.30610676300503226	0.3543461810335874	0.2636443198194465	-0.021429615504567175	-1.5689910246173308e-15
-0.9480952788286573	-0.4260411441344742	1.4781689793133026	0.8638907284874705	0.2997988475155519	-0.024372531325076212	-2.874203551302422e-15
0.892860543176897	-0.7619448295134305	-2.2199016762392376	0.05811675101332192	-0.4679907840141353	-0.005669451241266544	6.778731744892681e-16
1.6784485601662629	-1.3735657746735253	0.8292088645021093	-0.3743376404302232	-0.5605498422235417	0.055680740941030864	2.260641804208889e-14
-1.1021211846576175	0.20819196015198937	0.4517335033521845	-1.1845485740882018	0.43783584830848987	-0.012736730906348233	-7.464396059828811e-14
0.8205940893077943	-1.3639544914812578	0.6182465854490998	1.0657764369653515	-0.3819340226579144	0.008007519634005665	1.245089335949203e-13
-3.009974143960813	0.7270782424544953	-0.5523983344796123	-0.1825711962626356	0.9693590013332359	0.11123584776409821	-7.872905163488231e-14
-1.4466677772587722	0.6687233117118578	0.2635085154122335	-1.4359525899063958	0.590902923599472	0.009766852883945312	-3.919732344471995e-14
-1.7022058169212906	-0.36707340224645324	1.5068086218561727	0.22118102082940455	0.5593616373859943	-0.004808385189140789	-7.221195616055208e-14
-1.807584813687201	0.46654354888668675	-0.8796126817728331	0.2217461504850431	0.5404400407775105	0.021286365836348627	-9.41244869616536e-14
-1.883960136820702	0.9551685874836399	-1.654555908689518	-0.7451778948936308	0.6112264175393142	0.041723096986161834	1.4634997087706976e-13
-0.11721245964751677	-1.2951560141438998	0.2012275786317017	-0.7189835219722728	-0.051559973761501	-0.02269905158311909	-9.516789747652407e-14
0.30489111523038814	1.019211963360341	0.5400291746240181	0.21229976304118786	0.05568273900162349	-0.028264006777431804	1.3096944770298192e-13
0.6171042608099262	-0.015070731536411567	-1.4034985373958986	0.19638534509079092	-0.2640327060304889	-0.023914913728829652	1.8576382331993326e-13
1.7886319958021242	1.1879839426174514	-0.5820601054864717	0.26003653595937226	-0.43282101894400965	-0.01255075776741823	-4.9704675767187706e-14
0.3518172941501045	-0.1404357832485008	-0.04094638705953724	-2.0840093042650203	-0.02409676709065413	-0.02600237460482725	3.319494063764319e-14
0.7757547595498536	-0.4000798960106981	0.7190696841907323	-0.26514953264750973	-0.2056898035808656	-0.013813797854144749	4.138896955114482e-15
-0.13149482701651466	-0.0561609394258311	1.8358288153583375	-0.5624617323194827	0.17772700633815136	-0.028626019065802498	-1.1961716355046175e-14
-1.8395198818665945	-0.006766226449716605	0.4127097873431204	-0.8498028374210236	0.6188290488813862	0.009152302001587726	-1.1890427970315193e-13
1.0665725859289554	-0.8950634986861847	0.9636987961936032	-1.3019609364935967	-0.28615806918039105	0.007069551220982412	-5.652529189047978e-14
-0.6885146601587387	0.2828801852860948	-1.7097249505026222	-0.3251334191146735	0.15794694911152973	-0.02179727201722913	1.4447522727241436e-14
-1.4823005095431478	-0.09319004458813122	-0.07109917838621113	-1.3868860810571795	0.49531490226584374	-0.006565451733694896	-3.514107292369791e-14
-0.3515639697264075	-0.2310348415747095	-2.0256022287311897	0.3099741360359942	-0.043192270952202225	-0.029770625187177432	-3.0521725214764583e-14
-0.9243703158700812	0.7900191759910903	0.3580799591906765	-0.4584461056333761	0.413335087650423	-0.007418125462883667	-5.0227841848444145e-14
-0.6457645738889962	-0.05862884523796501	-0.015717110955886217	0.14383369230777837	0.19009776803165812	-0.025741028707353217	1.4671960510713273e-14
0.0227976163437466	-0.8774652925029826	0.711784676792553	1.4653918419177523	-0.10701733623017357	-0.024232729576951	-9.485981423705299e-15
0.23564001273540966	-0.5457795990950495	-0.09556423502756917	-1.9508948528875025	-0.04218376497551085	-0.024305314087377478	8.578175175531771e-14
1.0764980336413064	4.122279089417887	1.1348842665709282	-0.6362861502695002	0.2358638908399382	-0.007131825344458171	6.666661256431947e-14
-0.6262773328656351	0.13215620492446953	-1.140293947801633	1.2257975971391422	0.09336290308521868	-0.024512083446769577	-1.308463391543801e-13
0.9861269307817354	-1.0845632937426835	0.36209663149964283	-0.254840763441852	-0.36180493218320636	0.007834611611413087	3.1930014758393907e-13
0.25895725945924297	-0.8673650995113986	0.5899295391210256	1.2239981162174367	-0.1727963924658711	-0.019961818738916982	-1.5237764879210068e-13
1.9621136174465528	-1.8784008148219935	-0.8312463490546345	-0.5634098458611636	-0.7869375902028345	0.09627883716977628	-3.3420935290470134e-14
1.5294255386228046	-0.44310792011571154	-0.2103239928605688	-1.9749933282366856	-0.41611718776959555	0.014826915810176488	-1.2346009036839197e-14
1.4955831503887538	-0.41048693567660466	-0.0023525559236528258	0.8535992449149711	-0.5064701649386812	0.01242593452373821	-3.576728757006883e-14
-2.023032641707629	0.23727440179900394	0.6814364168537576	-1.4433694855843358	0.7415291052370014	0.02474766006960724	1.4103873627857973e-13
0.26294309841150965	-1.5813852375222441	-1.9260671845300499	-0.42736616933219124	-0.3332273677666206	-0.010358827830827796	-8.899641245051224e-14
-0.16444997187601398	-0.19722642113982214	-0.1825890699002423	-1.0192164480569499	0.07003599062678056	-0.029389170870522646	-4.758374116381434e-14
0.9724204746976264	3.0054098367085182	-0.011074821853659513	-0.9092934209017968	0.08690675949474738	-0.021686848036639138	-4.038779776410272e-14
-0.01907481576847113	-0.5235665613861448	-0.32502218059038096	0.8785817984008029	-0.0946288556665027	-0.02787261560975598	-5.74602286163142e-14
1.2281835587450225	-0.3947634514245304	-1.1715955972819252	-0.4102946236604064	-0.44496781260132506	-0.0003609949480713535	3.410103393043749e-14
0.15857249531842807	-1.0433130604607685	0.6519315767366994	-1.0460765284365434	-0.06521932545824446	-0.019804108884267677	5.608333450324496e-14
-1.0454469289874624	0.5006302526315104	0.5861082251898315	-0.6770908898482529	0.4402910562831081	-0.009146662159121698	5.2154311867441243e-14
2.934278218751325	2.9826936488518534	-0.4479734972043846	0.26763722210893953	-0.5695450751715524	-0.009766182001540774	1.0308648241281354e-13
0.6914181452859266	2.787216303264931	1.230410573596483	1.0685684410668725	0.1398770869524213	-0.018552121822951302	-3.5358716825073954e-14
0.0015879664639195424	-0.6519508853544628	-2.1694282986471163	-0.06586353286319457	-0.18629840640210352	-0.027823789088711092	-8.322119033680253e-14
0.6806900826767143	1.8755022336015907	0.3697523973121662	1.8024182082812406	-0.038171962522957265	-0.027152896621618548	-3.1715251508741515e-14
-0.8025710939070878	-0.8338503627298397	0.15340401419625732	0.2341145890584822	0.15867451316491044	-0.028793534594768428	-7.678764158850398e-14
2.721776582165023	2.5702558800040487	-0.2519072833687268	1.691231722166985	-0.5979209910509404	-0.008697339087184432	-1.2485844901942333e-13
-0.45405649944353516	1.9268884650835656	0.6716070549486054	-1.0096624351524344	0.4393869470043172	0.0001253628151127855	2.0820676555976908e-14
1.5813694450883502	-2.1806055345135706	0.5104733554853886	-0.6831363451414361	-0.6230660982231926	0.08237675367427989	-3.207315163550953e-14
-2.794086314903037	0.16444426401361614	1.9402229285889887	-0.11744659911982039	0.9869290808153941	0.06791266539625095	-4.061922189699737e-14
0.07700860391216342	1.656802507258222	1.432163058466182	0.49441729664527095	0.23480337625426073	-0.020057645654785673	2.021718381826431e-14
0.04755236416973311	-0.903721446641976	0.49318212209244033	-1.7311355076678239	0.0010106441937584687	-0.023629159243439085	3.149224852594157e-14
0.6184118856669031	-0.5077000261457925	-0.5513427107331077	-0.8958172122126515	-0.22127065742565272	-0.017196474612937458	-4.84606135968601e-14
-0.2696814833273647	-0.24327665292376865	0.24547703200683685	-0.2621663120344741	0.09075835901523797	-0.02923676910599718	2.928104029267105e-14
3.852330480698448	6.6010486482470165	2.227747989341917	-0.22971085084836654	-0.2704133568253945	-0.026943422382275015	-1.7097291641656872e-14
0.10813269309177162	-0.9165227844947204	-0.04960961878327427	-0.7993704378362085	-0.0889734680408433	-0.02277151046102474	-4.348801823519338e-14
0.6520090144707497	1.615008070444902	-0.7905863375756684	1.4990577418696165	-0.11504032160106999	-0.028483017276085543	-5.31560903374146e-15
1.3157641769260062	-1.2918445003436692	1.1196612948468876	-0.06528054658509229	-0.44201991999718276	0.031010472551120813	7.7444951335867e-14
0.5458862775591777	-1.2145572274595366	1.7185334386647546	-0.3229947186646023	-0.1628264761387961	-0.005209836254037011	-2.5380692063665584e-14
0.9129566853059706	-0.6986204196809647	0.9361319439792853	-0.5887875273047279	-0.25137169281909566	-0.003630108252576053	-7.248237590567676e-14
0.19292569592708037	2.7975466889412575	-0.030901823735773673	-0.45403615390785634	0.27690421804589915	-0.004229941679607403	-2.7828802306781866e-14
-0.40386509376218166	-0.4949973410724569	1.5498848670933367	0.7262634156991581	0.14076599957686955	-0.028848692273410897	-3.2330334795543254e-14
-0.8079583794973817	-0.6013401393194219	1.4822507171353612	-0.9213718159139606	0.31258907217029513	-0.027316057229292694	1.6974893295763793e-13
-1.478301956176199	0.0884043353414195	-0.5110798964417235	1.569378026167472	0.3664515758179559	-0.00281966239000806	9.021478142969308e-14
-0.32323816019931306	-1.5104771984038556	0.0589006937400375	-0.7997806235726262	-0.019249726691238776	-0.02419562765214859	-8.016865862817603e-14
-0.9440376606550114	-0.247945576461984	-0.15058899822839011	0.947177717298409	0.21709339388251034	-0.02289653964507248	-4.793292805151169e-14
2.8338374512030615	3.0383991608818426	-0.15735915903785266	-0.984702329486311	-0.465323610067002	-0.013432391745041227	1.6792566527662004e-13
-1.8733207306630497	-0.3956198621056852	-0.38679929267440016	-0.8764182947470575	0.5391645586062894	0.0010361108448130516	-9.056461888712771e-14
1.7409869273598975	-1.3940473473886423	-0.2760780563742845	1.3339092994185973	-0.7172428256682809	0.05921493521923427	-4.9474931615044447e-14
-1.1992585399127518	0.2606532096528272	-0.7104786697596891	0.7724504977489781	0.32272121044093005	-0.008801002494441126	-5.429439834430958e-14
-0.11799904273949544	-0.795483723363329	0.756651429676303	0.14340259865170854	0.00025237278342148686	-0.026733275024640343	1.363310500544887e-13
0.7027574091253773	-0.9034841813422431	-1.4425339100877919	0.313497739700363	-0.3912867547759985	-0.008690432110288514	8.580249949499607e-14
-0.9169004802210046	-0.12041819833888313	-0.36710649760887015	0.8158874800137709	0.21538809160511374	-0.021979488373645852	-1.4023898354746293e-13
0.6992209432598296	-1.0105435833706764	0.7434614120498885	-0.9786446299418409	-0.2175402873939774	-0.004837265661016263	1.212909618475441e-13
-1.5820578302965664	0.5233301444101117	-0.2426533374634902	0.671586283496513	0.4986190431691061	0.01202747536674176	6.301356162970673e-14
1.8986328649556026	-0.49091133113700997	-0.4585303631346511	-0.5261284413368873	-0.6029344123337731	0.0354274011670563	7.252195893166446e-14
-0.6843022665495344	-1.2025662030823603	1.6180601320381325	-0.5482355747071149	0.2035486263810125	-0.028755473282243767	8.484408605078447e-14
-1.3375012557021713	-0.7499245156232579	0.026801497912686562	1.4239184390254085	0.27039511704834734	-0.021185575746519487	-2.3792862667744018e-14
-0.9239139143480539	-0.8508386683575555	-0.862774153616715	-0.32344452228484666	0.15484963950454064	-0.02826665190323284	-1.5572502781947474e-14
0.8405757285385815	-0.6858690274450137	-0.17017794861654528	-0.7759737760941613	-0.2874728909920091	-0.007315830203524909	3.8257672652488434e-14
-1.0740555954235054	-0.31673235585468684	1.0042331921310605	-0.22222898323254134	0.3654487140264424	-0.021078961941647576	1.3196475826484718e-14
-1.2839065034927641	-0.22361998793878832	1.4451455343371822	-0.490555710445672	0.47565100261079085	-0.014897109152099955	5.1451163622343396e-14
-0.34099455233976944	-0.022266657841154364	1.527725071059773	-0.5163228284098091	0.2231179066199733	-0.028064114653098583	-8.557565785251284e-14
-1.5538122364676	0.459342216379712	1.0877792379859312	-0.2125889745366585	0.5989720971389243	0.008801457015115553	2.088832438536943e-13
1.3906053758885109	-2.2355348259041032	-0.8649444720559587	0.3616791368083459	-0.6990939542702269	0.0688444128478621	-5.548861388517109e-14
0.12913042803805883	1.5989989377963452	-1.4382558022835412	0.8873386966547013	0.02493338856783339	-0.022107958563562832	2.2536353282560123e-14
0.8908156779830375	-0.6727306538766664	-0.8350555281268929	-0.34716246801662204	-0.3582452523729852	-0.0064239147959491505	1.3536416839838182e-13
0.011947425287615955	-0.6061624303038845	-1.702933222668107	0.013895190259159983	-0.15974421593974755	-0.027761179455554806	-1.8550182154963974e-14
-1.1640481177087256	0.5924709409565352	0.9569597209385398	-0.032222543913211714	0.4816267497078421	-0.003347946266627705	9.522459220418507e-14
2.1098235701285373	3.488260143735443	-0.5254550601764862	-1.4304834924264005	-0.20749945545728057	-0.028543326265883216	2.9283062583913387e-13
0.5998298576869439	-1.0280254857557167	-0.052639352543966726	2.1669523004334024	-0.36717971175654895	-0.008611162076302772	-9.66602211753387e-14
-0.08674655877220906	0.31979743682153416	1.6296414457123063	-0.02508404572252333	0.17083397636861142	-0.02821830394298555	-4.328907263575164e-14
2.0515554692782962	0.40862427288131226	0.29965987822407514	1.452538479781959	-0.588467489460827	0.016069135750150933	7.257489168673954e-14
1.076955964616363	-0.7932407714283398	0.8557564149639547	1.1383298964816158	-0.3850688383764803	0.004773251927563562	2.17487857434861e-14
1.749938338675642	0.576420784174516	0.2602264874065534	-0.6701107381280923	-0.39788849155325423	-0.0010822007102182232	-1.7306728134915102e-13
-0.8665313961388034	-0.3050288920282178	0.6410218494692055	1.0258738054723202	0.23196828975220832	-0.024632628932557025	-3.215950391803584e-14
-1.4510749504362264	0.32471348367788994	-1.0039664681701261	-0.6904032910149579	0.4476706034665233	0.0015761245952002553	9.78091012302647e-14
-1.083489502233417	-0.32707949368665595	-2.253042485816894	-0.11818969466439856	0.1678060150850228	-0.02135314998359214	4.3928988093570466e-14
-0.21259155902961097	-0.9030071402116003	0.4480134401376608	0.9312336316601197	-0.03426791913088627	-0.027257718223397426	-5.533378535514288e-14
0.419834332230724	-0.7386509271986726	-0.3283756901513215	-1.712396993233321	-0.14076760756798257	-0.018556933514486895	-4.8426621352940734e-14
-2.599989057095657	1.4779706911338344	2.125994294629946	0.22088153216385528	1.0732706465816986	0.11265851700893088	6.109843939892938e-14
-0.43632954589846346	-0.7616453165419175	0.20608179020693015	0.6340185744744042	0.04478506920467495	-0.029289535286855413	6.646357708473546e-14
0.09918363820493938	-0.28340412468603243	0.4325691172633564	0.7965665337024608	-0.05487554539587745	-0.027671685989672762	3.76506946768227e-14
1.5613737401455725	3.2784582845551395	-0.07107750492226796	-1.1480554159154497	-0.05216470456536202	-0.027290276924745345	-4.461561433065213e-14
0.8108079343528224	-1.8810087292238833	1.573866714903287	-0.6770612137031534	-0.3048198328839081	0.02314953573375102	4.242135968681045e-15
0.2634789050544332	-0.7195006046791457	-1.6530345009960625	-0.5755558660217781	-0.21882346624683524	-0.023006917194677484	3.113091437567269e-14
1.5239672171914638	-0.7511846929269359	0.7238281305340141	0.9431938519218096	-0.5108120710705873	0.024500838514287533	6.654467450186431e-14
-0.6746851888883469	-0.6298596146704984	-0.05789687209817015	-1.5387772196745257	0.20304601639771325	-0.028825984224613122	9.864910508672413e-14
1.105646624895802	-0.5388172231402865	0.7961976027649422	0.19035139721419903	-0.33112242661632857	-0.0001130874774535035	2.5630123739783657e-14
1.6204120066124066	-1.4223003185603564	-1.562199234974779	0.23186367502995678	-0.7171791159873422	0.05083153551283713	5.4591402043716384e-14
0.3747980043517005	-2.710023278785835	-0.6718836169578809	-1.3970280643731163	-0.3704056744685509	0.02367806411810737	-8.441088600409041e-14
-1.5880928425574063	0.1296814015449324	-0.8671778176009267	0.7281653838751299	0.41712766939966145	0.0023419700116351907	2.884042721784515e-14
1.4928509488838835	3.0869177217979247	-0.7359556892850868	-0.8673718392214813	-0.10401322452173482	-0.027860858987302582	-3.955763264072465e-14
-0.635632018229495	-0.21647142046175538	0.6154075626667164	0.4910027058532086	0.19342665164314993	-0.026894020175183046	-6.402581045575303e-14
1.9054714300191127	1.9092309726529832	0.3646646987001974	-1.5986015467882364	-0.25697959408135507	-0.019597511025264927	-5.807787331820194e-14
1.5081834496036983	0.732057843192042	-0.4204177141086284	-0.3290183468813037	-0.3653543764301934	-0.012765863068639041	-4.7473309310794235e-14
1.1660654013823852	4.081314063379272	-0.3762447919053457	0.6824781888804672	0.059970119899368485	-0.010616415846336944	-5.277666103883719e-14
1.0207326039446756	1.4579690113978003	-1.1577778098200462	0.10144662689636907	-0.20582142970519915	-0.028822386934145995	-3.660038833769999e-15
-1.8739490590705836	2.2349735128930237	0.5761803332890367	-1.1929440928820678	0.903635615994453	0.09197579091379476	-9.687935145340722e-14
0.9101515666179504	-2.1160321827476634	-0.009948167238844436	1.550148557101508	-0.5448616664036644	0.03434764504622634	-5.206136326577382e-15
-0.5974740560838061	0.25063348034566274	-0.9646071792187149	-0.6131254554502816	0.18375482151799452	-0.023755633518277215	1.1990159157766552e-13
-0.4690875039697414	-1.0227993841997896	-1.7793635053900687	-0.2750971696624946	-0.05539281871007194	-0.02971341417885219	1.7672621784692025e-14
-0.7684570758610929	-0.5377108030229442	0.2624179816730003	-1.0908850370023417	0.24168600407396185	-0.027621947369012568	1.7045775458476262e-14
3.405427872666569	2.785446470913276	-0.1524817297307824	-0.17909753906439085	-0.6921166187476221	0.01323879926386076	2.3677692921233575e-14
-3.6901846048706006	1.5130474144818675	-0.38738554611407405	0.5119228245188606	1.2477688259386053	0.22157085764388393	-9.587403282979244e-14
0.7384007123007587	1.2123167828898558	-0.6296038376304558	0.0035566132895244753	-0.11325521742825578	-0.02916419431052142	-4.0232745007136756e-14
1.7358324549218187	3.1631375533688866	1.6137868627420078	-0.1742649060036242	-0.05545463502919654	-0.027935669911843885	4.57950696635192e-14
-1.155610462130455	-0.8388970644368348	-0.9888159397663521	-1.2635227269547125	0.2560352873136939	-0.025467764425284516	-6.955296883962289e-14
1.900194749728341	-1.126260544280281	0.45864559404388217	-0.7397991633535669	-0.606138909425201	0.06026989932090375	8.9197597704885e-14
-1.2435786642569733	0.19458783636602794	0.6800970410715567	-1.2511959668963726	0.4950233982845555	-0.008730994960856893	1.0638499973596723e-13
0.6441336392222252	-0.8892226404789467	1.3952850685177334	-0.6377647809751664	-0.16342543732343753	-0.008591321298676288	-4.676260869391439e-16
-0.5108156332502606	-1.8034081768670671	0.6987568190397145	1.5583928822996207	-0.053955655588660535	-0.024155367167822534	-8.709229091749662e-14
1.47683185499457	-0.699253145151807	1.2170458267580837	-1.1107523218646884	-0.3777131907510049	0.02108903632118545	-1.290300110954857e-13
-0.7798458694131959	0.36936294455341584	-0.036648645586400685	2.3566893622270215	0.1847280746495031	-0.01854752264168679	1.2346002126812754e-13
-0.07223780474511542	1.7157477491320186	-0.7878112486489909	-0.19514501992150912	0.18115134782038617	-0.015952050319344154	5.47597141722541e-14
3.0946136901623342	2.390588932257363	-0.049305350587819055	-2.171579656018496	-0.5552325147602492	0.00990766926714344	-1.4105427004083267e-13
0.19352038877176655	-0.8391965004590972	-1.3416915433001593	-0.29150608136083406	-0.20408416644601943	-0.022822328763475733	-1.762314792774826e-15
-2.6418796241670766	-0.4062955954702592	-0.8870107264198327	0.31916943645663354	0.6899977250661689	0.03797652724746016	-1.2661980910513658e-13
-0.627112931536693	0.27137530113017966	-0.944885106508973	0.025429064021722354	0.16981102067496356	-0.023011121906029004	-1.0862291653614193e-13
0.012352424451800735	-1.0292450252304237	-0.6664058229842579	-1.2808100348649851	-0.09008336547668032	-0.02367359440548446	-1.3831135604020338e-13
0.660166959472305	-1.062797213255981	-0.27623789511443714	-0.039253269823086995	-0.3113677969496975	-0.005997696463075999	-6.061098305933505e-15
-0.8029805050176162	0.3697885538032705	0.16093355928175326	-0.9511517666293134	0.339302980674586	-0.017987411202759512	3.726082056232344e-14
-2.721079169933814	3.373591744912289	-0.020940609893335706	-1.8577507349596194	1.28315373613545	0.23706597934617724	2.66659444562619e-14
0.5452732806708513	-0.46583831681309135	-0.022539518360195618	-0.9474859867140769	-0.16149817296075908	-0.019173333255489176	-6.218453185524901e-14
-1.5982810776187841	0.479635177407866	0.14488963589330722	1.6837444894149445	0.48028811454015985	0.011503704126311102	8.66703537680447e-14
-2.8736880787103067	0.5504481645259451	0.5228622996543929	-1.511380260890427	1.0269014789611006	0.09123972866010603	6.233450001805946e-14
-2.8946112973799365	2.835858103189011	-0.17930710102391473	1.1362892647845941	1.142332044814891	0.22095617162108672	1.0667558889917033e-14
0.7257475894048392	-0.901367847450904	-0.5661757179431411	1.1046960640000858	-0.37774005889136225	-0.007285421948166728	3.1192967290812695e-14
0.2838875187255022	0.06616491713882304	-1.1806197051872045	0.8031475417347745	-0.16862197366830667	-0.02855762412632216	6.579535544305293e-14
-0.3217872108610701	-0.02264183662661179	-0.4667394620910739	-0.8051212109815514	0.10977083431980157	-0.02876072523222486	-1.270406107029265e-13
0.950948009309777	-1.9452693500778402	-1.2240168840184715	0.5887470455697994	-0.5721116260581302	0.029651329702677056	1.2069535231821655e-13
2.8240126374023062	3.0552205065359623	-0.6089521667933906	1.0602983963699937	-0.5716747554167194	-0.014361153739712258	1.1967033114485196e-14
2.775160622640928	0.5765198287336847	-0.7664933475050777	0.06899985991652424	-0.7882409122568433	0.04986774483196131	-3.195284125096035e-14
-1.5252643761522218	1.0413244759289146	-1.274880516492172	-0.15902325861075048	0.5114165886395624	0.024600080545560014	7.033118666423087e-14
-0.6871354104492242	-1.1315749995511106	-0.6608182758003336	-1.2035792972254387	0.1024455853217349	-0.029748939025520064	-9.091096753256004e-14
-1.8276579250975649	1.2119715384680656	1.6457162511139267	0.18084571409651484	0.7823841030575841	0.0462461907322434	-2.162765181185945e-14
-0.2951762759838415	0.05293780117481741	0.5108490245713223	-0.791492604524387	0.16808981155429917	-0.02834721709798586	-1.5410691400290763e-13
-0.7756456699212663	-0.7222238966126729	-0.3010319366634757	0.8845344554982707	0.1088984785897414	-0.028656902348105237	3.151136643038974e-14
0.28121672233258893	-1.181895926650246	-0.6308210013188085	0.5783125969706117	-0.2596274553881479	-0.01576941249994136	-5.741968408345735e-14
-0.2458015513968926	-0.5382335719695522	2.0645750036147663	-0.22607146504021303	0.15926919535594383	-0.028254262682398144	2.0201388434993163e-13
0.534857899272832	-0.7591290051925765	-1.0833193997403803	1.292218648779266	-0.34533100766781855	-0.015975990999474766	-1.7748304815327802e-13
0.7292465097546342	-0.5862801714661914	0.9404875506587027	-0.9958096514006584	-0.16864634855188324	-0.011814941551086085	-1.1965409908909234e-13
2.1190409397217986	-1.779451700652286	0.357349379376344	1.7324762867727568	-0.844833640660647	0.10591818884253759	-1.2739160271870247e-13
-0.7295224608070954	-0.4283015505077993	1.6358746365227963	-0.5506252763772589	0.30212105339031725	-0.02701447680695234	1.3842901072115025e-13
-1.2741592223736666	0.24149909814091092	-1.3566444397373514	-0.5666532605179261	0.35930692127298797	-0.0066833799313452645	-1.0014466936158602e-13
0.20977351936942124	-0.34923996300792254	-0.9021478364916002	-0.6647594677109122	-0.11456870321582734	-0.026759455837260335	-7.16181430446845e-14
-0.9548775231832581	0.46205946816613697	1.1830960153284684	0.20545751078461894	0.4084906860593294	-0.012556546135465932	-1.6196173404424901e-13
2.697326572388871	0.8095762205316303	1.1112939452058	0.5653514458086066	-0.6489774661063946	0.03879557760536738	9.82199119197006e-14
-0.5734555883384783	-0.2942796641342803	-0.35154582671767365	0.5502245205377512	0.10615056733760539	-0.02817059606107229	-1.2254007276225235e-13
-0.8181166474847524	0.0461489697911473	0.24978670505053438	0.0026749434308548322	0.2745218095488797	-0.02185456306257034	-3.744643830470231e-14
-0.7440831015358981	-0.06279092062092503	0.8807757160232893	-0.23846905106460795	0.28826426359975954	-0.024193728155482274	1.615692787986252e-13
0.4850401069782553	-1.0827632279595543	-1.2555796426900765	0.9435783881339409	-0.36126611055284297	-0.012103812774312236	-1.4427750236723293e-13
-0.2364435962453954	-0.06425383099435485	-0.7857923252169295	1.6256551852812138	-0.03895136233662784	-0.029406687927214313	-3.192121769338847e-14
-0.7447188430043411	0.34169370760346934	-1.0590636762224508	-0.8635568383677537	0.24220385130563798	-0.019796109066553796	3.367499700152168e-14
1.6049248464497865	-1.4827790780986427	0.25764880013220437	1.995899626185584	-0.6822776135191111	0.054281951850364205	-1.8936040160114504e-14
1.4024012076657553	4.554652293619462	1.0272169913334328	0.1928179483947646	0.14555474693367398	-0.009154970101424761	1.2116125695896758e-13
0.8987352783287433	1.352191936274714	-0.3728021123068124	0.9973233266878445	-0.17094888623817892	-0.028801841805090957	9.528957469764458e-14
0.8615874790227191	-0.27060904831460486	-0.5690514897267296	-0.3139788864650834	-0.292252945928564	-0.014485095168330879	-1.2927924647425614e-15
-2.4250684107241116	0.17921455217594034	-1.6350747627358146	-0.07615362266982992	0.6614775919614461	0.046259202011523136	7.445038898467411e-14
0.5505020252599282	-0.350798795219105	-0.06596730523329088	-0.3621332921729977	-0.17735246935718407	-0.02058197557370062	-8.564149280829527e-14
-1.8066634359868259	-0.3314509461902117	-0.6150240087834201	1.3463403800747455	0.4213703786318853	3.926951534785796e-06	5.773931461774127e-14
0.6194766414347522	-1.1075166100578882	-0.8326899089179635	1.468002574370969	-0.3994570029673886	-0.006995051149797441	1.9663722736277142e-14
-1.268231533304861	0.3062483664944159	-1.4346028046772106	0.8106214167087995	0.30346600293192444	-0.005535357295086132	-4.067883059632377e-14
0.24085971386557994	-1.3680035887658997	1.435732264797977	-0.8453681681061362	-0.08533026412162387	-0.012279944801549494	1.6155923947013675e-13
1.0273442162626576	-1.1042347770432357	-0.090661072688386	1.6156599508799587	-0.4798561226951963	0.009670486154495712	-3.474357947129931e-15
1.048895955088111	-0.47430588444651106	-0.5683406310092447	-1.7030447577922372	-0.31174707012206687	-0.004720690358494063	-6.79709538293596e-14
1.0008679076024323	0.9568086372396872	-1.164559070116885	0.9060960726986079	-0.2874347032487938	-0.0264789582926099	2.8339296945048835e-13
-0.8073862970731509	-0.8223863332036764	-0.3671070679057569	1.589269329612831	0.07453488196394123	-0.02888789014090506	1.1098471375081229e-13
-0.7092688969290503	0.254223865567711	0.11919141170993387	0.090535796851767	0.2534466254005873	-0.02152720629213897	1.4648251698160204e-13
1.1146744774718687	-1.834711085104913	0.334836603851805	0.42755908509797236	-0.5079455545761381	0.03697873072823034	-7.324016814758206e-14
0.007469577796851758	1.8042983591480406	1.1644038878723482	-1.067554328966866	0.31979274581648315	-0.016518493097936408	6.276674752707478e-15
-1.32868532208268	0.48538842033470875	2.2562787077670703	0.1364597983538015	0.5899626286515897	0.00017497501362101595	9.08344110860694e-15
0.19771770184975215	-1.4099875337502314	-0.34131205197420156	-1.7961679884029882	-0.14464327352404147	-0.014101657308317809	5.909088319586041e-14
-1.3233673303155291	-0.1930437940008178	0.20461973509287992	-0.26438510874655147	0.4072348727108138	-0.013338172948477297	6.8369682711864885e-15
-0.8163937051796226	1.0388167984778407	-1.115719360448518	-0.8956356647385979	0.3381769674192441	-0.005916077968117962	5.537567596641801e-14
-2.1464198102500465	0.13991734501479594	-1.232712422918451	-0.46920882269418	0.6132957552528339	0.02877108111838418	9.07067541272149e-15
-1.343579678710143	-1.0380902794900775	0.8140693302301175	-1.3721592117290777	0.40262367910747265	-0.024144156022018297	1.8656448919131024e-14
-0.18639549803533667	-0.1661450504179605	-0.5627929272591119	-1.10932426741572	0.0608202918179925	-0.02952766208880627	3.626971296247433e-14
0.04763382531625476	-0.5664332798182067	1.3259507756986055	0.936145527054008	-0.022359383660109707	-0.026061915307776955	-1.3492411481196218e-14
0.6304052211162071	-1.3789532665911775	0.4423143838021298	1.7303333879085112	-0.3658201216241209	0.0003279110515049025	7.799455226325875e-14
0.5707109605991166	-0.4660331987354721	-1.4939855476450263	0.67904539970795	-0.32396237350252877	-0.019614110390081766	-1.0718585893036829e-13
-0.26324593914849204	0.027341369724864166	1.449681053786835	-0.7482921264170327	0.2103046112144228	-0.028324288183421416	-4.9327246549881395e-14
-0.6271384625622294	-0.6052348299456254	-0.38860560000650857	0.5324453281587096	0.08678196880868137	-0.029113907089243312	3.0781994448638074e-15
0.006833823384968171	-1.3233616696882975	0.6345978855416091	0.9027660003784955	-0.13166328467628993	-0.01959312071365872	-1.488124274023274e-14
2.1411650596198712	0.3463585241296053	-0.5838778054653474	1.21085601435995	-0.6641935799671614	0.021447330813222306	-4.146053816261076e-14
-0.20959880131362046	-0.7345475264570118	-0.34645147566263407	-2.0627149088901913	0.05832591511584085	-0.028422033410540788	-6.948988630238313e-14
-0.4539816810535126	0.38467198142951964	-0.5561733274133044	1.794078742338903	0.0813401537653729	-0.02470196921766127	-4.9821956098033534e-14
-1.5689634968629163	-0.05461837630947873	1.3887056574656358	-0.19500225502764318	0.5639673699421988	-0.002860619215480766	-1.1864745158165006e-14
-2.2226414975394118	0.021679078505264633	-0.9345258432493819	0.9198227969306295	0.5838975617152675	0.028975456552310753	2.2614416650748758e-14
0.6548777108345408	-0.5970039256811054	1.967617708638748	0.028818313485848804	-0.1284837955030412	-0.013046826799895656	2.99838311966127e-14
0.3121192574084897	-0.9601771293126125	1.581416013418013	0.42849117271218046	-0.10625647907442433	-0.01676579082562268	1.332421796550393e-13
0.1748406930943369	-1.2402086968356456	-0.754815326001094	0.8586716016488974	-0.2535792819408395	-0.01772316462500477	1.207270960798712e-13
1.518468625221915	2.832022275693765	0.45781608585688754	0.07743247538103973	-0.10656677994058347	-0.028381161512453793	-1.1159282229674584e-14
0.9198843487412042	-1.9980277626548768	0.7771610903021741	1.6510216017890436	-0.4922221051144625	0.031804395381416675	-9.355169001385722e-15
-1.1171882244906175	-0.7031117498397608	-1.3049650775501342	0.2903407480006325	0.1767097709578232	-0.024842983162811486	-2.838350432540611e-14
0.7047819604124086	-1.2594222327003917	0.5193326251956364	-1.331505905067985	-0.24454661313426632	0.0006525063828755004	-1.4115415044661365e-13
-0.20989841553506883	-0.3284797872884338	-0.9951648335462601	-0.5565641219300009	0.0015986554871837096	-0.029704603605076367	-6.540379248344875e-14
-0.9622751911311435	-0.07495160805661406	0.6768992116563142	1.224051357105955	0.2796429095710523	-0.020401163519521148	3.717868697055988e-15
0.5851293478678015	-0.5786554320812627	-0.20554926627770198	1.384954748234496	-0.29199772877650093	-0.016806389247391886	1.6109150484442368e-14
0.4401300692279943	-0.38294134644109773	-1.2107226574490813	-0.7061420888158177	-0.2028234988331705	-0.023104463909880673	-1.1460694910905344e-13
0.31276678643128364	-0.3922733036055353	2.1071483148257992	0.264748462422903	-0.007367784298206391	-0.02327351625682892	2.6968817549134346e-14
-0.3774910180230006	-0.8916702757760134	0.2177619380579284	0.8940188212433097	0.003365052634723862	-0.02875144371786592	9.617728606277449e-14
-0.4194225152077117	-0.6175649781820011	1.9715339447299856	-0.24352038385825106	0.19717005752391342	-0.028676499719508416	5.878694029492156e-15
2.1610345118884124	-2.256508698915383	0.12643634981064927	-2.24710536276437	-0.7566463157931306	0.13439133901556222	-9.734155150978675e-14
0.959338567494793	-1.4251746163241976	-0.8240950072223213	0.8487348846600025	-0.5064387631329799	0.014621420789425016	2.096936196537066e-14
0.38471768644120125	-1.2413475222307133	-0.2978836968460909	1.255393472636207	-0.30416226234299126	-0.011592506262626985	2.398945334737241e-14
-0.3121354895549243	-0.8409398450316377	1.0169013152721318	-0.7868259522248643	0.1064261373468933	-0.028121222803590827	-9.371740484529873e-14
0.22929126916222003	-2.193928910074623	0.16674949330743885	0.6523608620502777	-0.3073215873475891	0.003331985518795071	2.56831578561411e-13
0.09344775523329446	-1.2225203770863329	-0.4531616188425901	1.9746778675089471	-0.2555208843406396	-0.01972383732075586	-8.846090015337546e-14
-0.8295547979880953	-1.532002136613451	-0.8692137490025604	0.2378003204214104	0.029584515660503213	-0.029697158713026577	8.986344994229876e-14
-0.38288955409149616	0.10919178660704856	1.0777175359836944	0.6149264303654022	0.17644652663542237	-0.027279680923312767	-1.2491502579703738e-13
0.655994165766182	1.2536227914161164	-0.039880774148882206	-1.5786731272283627	0.015887722019798396	-0.02900135752635117	-1.7033444624046218e-14
-3.81673744646242	2.258456030582917	-1.5936489943051262	0.3760574005884381	1.3058258910193319	0.2894033965149604	1.739888943927543e-13
0.2623149561058566	-0.19654790374029465	-2.048133031868821	-0.1930305008137454	-0.20165721489205818	-0.027773022200643847	-8.821193982917374e-14
1.9125565667043078	4.435353706388031	0.7632493046987882	-1.3930378281587916	0.02963552351668901	-0.022760184208241805	3.3341064581900455e-14
1.1139182265532352	-2.1259522532320334	0.4013397971430659	-0.9394165369680272	-0.4781493392680299	0.04754659517976505	1.4954032464396768e-14
-0.019353019742888982	-0.11607795135673775	0.9671285178929715	0.5214885820515	0.04152628008148856	-0.02873296937059161	-1.7883295939443082e-14
-1.3767551690614204	0.7868197731452782	1.0010653248007981	-0.26919049772848325	0.579251673024351	0.009683425226115578	-5.8785063920101265e-15
-0.6284859055619026	-0.9878207451134401	-0.3305183351803249	0.012237119684589204	0.07052882824091083	-0.02963643300240623	-5.765420235658515e-14
-1.236617635583288	0.636534760141721	0.9774289906702209	-0.2478785416573108	0.5183059650898265	0.0002893215443854663	7.1954256217455e-14
2.7568978475550243	3.3391403267017914	-1.3241923756408667	-0.8348309681152429	-0.4866614171243921	-0.020405069408425774	-4.7219881157247786e-14
0.8147436665069819	0.5407726449902407	-1.3749596349502708	-0.18733775044246462	-0.24505257257356264	-0.025850409443672413	-6.949878987732734e-16
2.8589893570380362	2.3550257474500738	0.9562717994312012	-0.2931987598399216	-0.5070342401160299	0.0017821388450610727	5.227376095675461e-15
-1.2461218439009825	-0.08028132338532859	0.11065524901892981	0.5494898143755096	0.35752242727875444	-0.013591055711505363	-2.2160817086731333e-14
0.8961747212681768	1.40262213076246	1.8870595370611907	-0.5191429242944705	0.03290983257967497	-0.027943582646736475	6.251195985176832e-14
-1.9777343383522243	0.2201460337209963	-0.6616317382529974	0.1441665375676495	0.5804501844311267	0.02233277048448961	1.9370658656977415e-14
-0.3282792310606646	-2.34066529005072	1.6067386251119977	-0.49062504461575707	-0.026527654199131088	-0.012065552024950597	-5.926108570286892e-14
1.3010725966199017	0.846789263148317	1.5668776579731514	-0.630177178768499	-0.16082768864892022	-0.018434377933496247	-4.577615679385771e-14
1.2938048292246993	0.8671381365858377	0.5094011716978787	1.7417778093021359	-0.31727556817383484	-0.01961765276925484	1.2692604853835948e-13
0.7469224264592791	1.196865130707239	0.08598527530329544	-1.448860561355195	-0.014947518264901788	-0.0288148160936419	-1.562037769026065e-13
-0.013294008681127067	-1.1312272580267304	-0.02416102321178279	0.2762403398833733	-0.11891553565860322	-0.02270842719940334	-1.5462230366260047e-13
1.5366230963391745	-1.424450559092197	1.356467015119847	-0.8026026980641683	-0.47556511446359717	0.049114775705431046	6.6210866278845e-14
-0.36813998126811526	0.08511757826593164	1.0693868642140707	1.3435219717258169	0.13903813823814234	-0.02754427773116579	3.5903849470099415e-14
-0.023948177611395078	-0.44980417225145874	-0.09267299851305677	-1.3440749794979274	0.019936852340549614	-0.02812514558245641	-5.4162435040893353e-14
-1.17678882561314	0.821353256674359	-0.05974540324699835	0.14394532440824764	0.4426374160318329	0.002425710128682792	2.4725221172181434e-14
-0.8626327289044121	0.742902041576458	-1.0714880076473632	0.2855304363541335	0.2735574268176937	-0.010222388997980742	-9.861706299969051e-14
-0.4792447317030769	-1.1240853048854302	-0.6845111788899191	0.7885759701307706	-0.041403422167849833	-0.02898144483085828	1.1699650605488096e-13
1.0565804322842873	-1.0635336669278401	-0.7771547619161163	-0.5075785699198191	-0.4380687156225376	0.009330485413655635	-1.138525884051023e-13
-0.8413810757947511	-0.8134807835702297	-0.45529011334367764	-1.7388348660832624	0.21693756354027413	-0.02861691713974365	4.448672569430097e-14
-0.02244401312371272	0.525008386974786	0.44203545481587864	-0.08793520840099614	0.10550504606450392	-0.028210438492573067	-1.1149229420125002e-13
-0.49066710663852064	0.1767923285554939	0.07156854923081703	-0.8687603943512785	0.2164752398293294	-0.025856984568331756	7.541315148475495e-14
-1.1191804159879	-0.5737254266965928	-1.3262178264333355	-0.2509294555052569	0.21239278238707252	-0.023471799276273995	2.3105873916706136e-13
-0.0953203983021162	-0.9751140588125055	-0.45319625071047553	-0.40131742393366243	-0.07589473676121271	-0.025771429951698125	-3.689915891291345e-14
-2.2246927560279075	0.13228940545672438	-2.279229881187454	0.01897216865802724	0.5533606831211333	0.033166040164965827	7.07613058297627e-14
-0.20338457351242983	-3.5502097267372594	1.90627654462837	0.32077867332264626	-0.20658999592819563	0.022102136369332354	4.797458398873888e-14
-1.2726259121036687	-0.4272462613390757	1.3932742721989146	-0.9880376348955645	0.4672571491702367	-0.018221514588596076	7.488820638881324e-14
0.3172789216567503	-1.3333130326659224	0.553030574105601	0.9833191474052702	-0.23202303362778112	-0.011336835072999797	1.2195065857697592e-13
-1.7842863401323932	0.2680891509213565	-1.4537131032114927	1.0155540140942076	0.44444314629153336	0.014546977103063198	6.63699745775139e-14
-0.13268765777449326	-1.9650224828794378	0.164097199564072	1.784157069877553	-0.2236746877070523	-0.013945394044889136	-5.434777792990462e-14
0.7274182243412471	-0.5237405814943505	0.37825570691901805	-0.43606600293844794	-0.21812230343525688	-0.013372833213754376	-1.4341770142046378e-13
0.34596131473579383	-0.44039550137445627	0.48207094033618014	-0.10867142484691703	-0.10436105161350075	-0.02318610292718793	-1.4622188477262766e-13
-2.0130281201913545	-0.8105926230470514	0.6542517236808787	-0.7063050263218592	0.5905084583395752	-0.003210328128242259	-6.663793785737022e-14
1.0287187477866666	1.0326946719486176	-0.021827972773562014	1.1494723392919266	-0.2289951087701492	-0.026075092332108064	-1.2935473486704903e-13
-1.5450642583364818	0.48393412210948433	0.7770849183990765	-0.4669430125938902	0.5909173866131413	0.009119806888821386	6.567683255884188e-14
-0.5785893483063974	-0.3744762887308222	-0.08234457897810007	-1.025343211964144	0.17975974173654344	-0.028425684332090202	2.764154509170493e-14
0.7104208664274879	-1.4716416282078204	-1.2485884724733398	-0.46689613909312494	-0.4101883278756234	0.0043429246936451575	-6.504627095780501e-14
0.3712569577208563	-1.4309471885079086	0.40155467775972536	0.13062473671904481	-0.2323056260218554	-0.007890991024021079	-3.146229398644836e-14
-0.2175656424669963	-0.4788079281166947	-0.8998267835787199	0.822447357089952	-0.06330200310275365	-0.029533032812951318	2.1734434030530504e-14
-1.7176400853239915	-0.4065145920278472	-1.1269240945679742	-0.8684924372479789	0.44670093150384077	-0.004886605763498004	5.5937825763672456e-14
0.43470618666025995	-0.9403961789197535	0.7337453921226275	-1.2057677674251157	-0.12383072544536249	-0.01442097189924578	2.3535856346161745e-13
1.897718722362981	3.0750642635996424	-0.1173573270969872	0.19505105896716707	-0.23175887120748234	-0.02839306635846855	3.045513915504015e-14
-3.3254483134874695	0.6716754689870706	1.5334389683565697	0.015603153009338044	1.1756463127160885	0.13383477598494797	-5.3400283565657203e-14
0.5127314517033414	-1.182734592071154	-0.7551401670890152	-1.2860724859886437	-0.25848767804723055	-0.008926461714972609	1.4593012837349536e-13
-0.08130902107435607	-0.15377410489923746	-1.1241320660910636	0.365807506632224	-0.0631257273113127	-0.029690201209113358	8.030428516463409e-14
1.2663151453161714	-0.9140149133551275	1.033119748661987	0.5658104146507339	-0.4189268782784964	0.01670208296648316	-1.7068613755127333e-14
-0.5057876366991785	1.9798323380335614	0.349327355520649	0.3501246550182898	0.38562960997222245	0.003423891357724937	-5.015352466463123e-14
-4.492357348377443	1.16003574940007	-0.8970353089936198	-0.2154677921195661	1.4529525550988835	0.2907876220694416	-7.349457390650867e-15
-0.09208250652929299	-0.92397206752645	-0.10741319196247252	1.7648172207552086	-0.1395601143613889	-0.025991046853998633	-6.2764332313732865e-15
1.0750115336302264	1.001188663193855	-0.1886973979851997	0.16079219901671388	-0.21543611879463478	-0.025297093910737412	-3.0246664286108104e-14
-2.3581127249834695	0.465207135604975	-1.1384806582033795	1.0591293038361176	0.6563657311811272	0.05257837034313863	1.217688290916663e-13
-1.2873297314244172	0.3489990695510012	0.1077062954186152	2.158601522319127	0.35088811611320153	-0.004088814436542027	2.5705897989894873e-14
2.3987672535803637	-2.691750207419671	0.967159386787001	1.2560002437696478	-0.9628148414774175	0.18452458125401625	3.0289840594770874e-14
-0.362898191661349	0.10693374408560495	-0.8272577847352861	0.11860332221684451	0.07654346692167974	-0.027949619826862164	-9.32048513249226e-14
0.8139115144649276	-0.5270851834938441	0.241370814645686	-1.9468582078381804	-0.1900113094018409	-0.010817396781348677	-5.141138172118444e-14
-0.6354670535705108	0.5548105307030932	-0.7424552430747277	-0.1288996617365386	0.22179034917002832	-0.019324658380366535	-2.9099021139045674e-14
-2.864417978440534	0.7479427483086545	-0.5665832311129547	-1.7545099620167448	0.9911844820579809	0.10042872639942578	3.395492052642841e-16
-0.5060550590292229	-0.48763684019118836	-1.0748211221688289	-1.2605296616551434	0.09616660214856017	-0.02950368786433452	3.121882405432432e-14
-0.5545272204805024	-0.2937400801470117	0.2551330010311472	-0.7593667540995106	0.19069521604059395	-0.028141936347276807	8.041344528805392e-14
-0.7777819265675512	-0.3171295082879174	0.4469511444326578	1.66936403481483	0.16622150334132743	-0.02600621626211367	7.626668937204396e-14
-0.7243709736646906	-0.9312674129800023	1.9903703592653574	-0.16481308850827583	0.25134403335024724	-0.028721171904560173	7.810143534928549e-14
2.165268334193777	2.906232791864903	0.15641600211036086	-0.08251243562597486	-0.30114722645747555	-0.02527955313068915	-8.483730306647258e-14
-0.4037474470760593	-0.32368800807355197	0.9849472220815233	-0.6532770515991783	0.18209916788520797	-0.02881820099650459	-1.7950060009752372e-13
-1.462617145239882	0.7906128337433513	-1.5635053891753974	-0.8784884700411512	0.476979172709045	0.014200446311190346	-2.8153920338240976e-14
1.3064826202618587	0.8671143962283282	-1.6375176914890184	0.2435634493173199	-0.3881661166161538	-0.02070187537458075	-7.967760878177781e-14
-2.440991697789842	1.0568789124670466	-0.7798471459175138	-1.5691408743956294	0.8772048428062965	0.08233659852720725	-1.8034023996897777e-15
-2.5582471284511907	1.1424587652027003	-0.6985885564728269	1.8530779450275443	0.7867794113552982	0.09514932950827201	1.323770395439547e-14
1.6444666276109956	0.8201818901417176	-0.8569132003843026	-0.8469890114453485	-0.40080304687661295	-0.010552194007586545	1.895338062114974e-15
0.6849538729926199	-0.18966450616251362	0.1503386843739819	1.6354000572885798	-0.26865852931036605	-0.019624726982440402	1.8048111531282514e-13
-0.4929878412509277	-0.7196595032261365	0.6630053855620565	0.0364274180365975	0.11799862106585943	-0.02921528688731111	-5.2530666666687175e-14
-1.9676986288710796	0.3470379908188353	0.49561715516811167	-1.8177427069387952	0.7413409903129848	0.025345129787374278	-2.676313875624337e-14
-0.9679593720205503	0.1449185107125903	-0.9304855916359286	-0.7548384328762061	0.29043499663729916	-0.017355179120531066	4.029090871847582e-14
-0.7063219088726425	-0.5376941483208351	1.0923900270772762	-0.4619342796200721	0.2471389678369701	-0.02792542178694799	-4.8639864634757124e-14
-2.096325094431605	0.6874928614236514	0.9201059981871079	0.9880869281240833	0.7282805239856691	0.04379078401230903	-4.630161226323125e-14
1.0312623357952782	3.6101447896193117	0.5261103740234193	0.5283332802492375	0.10879096298292384	-0.014791897216977663	7.309460460039247e-14
1.2885359901630684	0.4752927807647726	0.7588049620623338	-1.451106525250002	-0.21158587500745105	-0.013805469249900275	-1.3983172197473232e-14
2.2776515400661905	0.2423513425227823	1.262595026184943	-0.7783430163268686	-0.5224174493828997	0.03419044761391437	2.826733493910039e-14
-0.6468369302087815	-0.04813540845392579	0.2512250490834822	-1.1654710576454934	0.26130067818774855	-0.025580357814300722	-8.892343034620724e-14
0.5669986324707228	-0.9974437845231391	0.723691258147752	1.7042119723642333	-0.28877023689628417	-0.009619227792606802	2.5355376445333392e-14
-2.8335627308250566	0.3284920726541825	0.6285382566934803	0.5328053574438575	0.9121558450774649	0.07835744361186234	-7.493355110895589e-14
0.6631138643260412	-0.618272063522782	-0.3798376912160703	0.9316123062583938	-0.31094484918793736	-0.014216716249803281	3.1098687031647337e-13
0.3849798854299066	2.680572780804716	-0.3237224984962932	-0.06497882623034064	0.17309231034908737	-0.012523223194978585	1.7098432487535e-16
2.2117609497538173	2.877913533081922	0.299311790982655	0.29147097701268726	-0.32468336996292063	-0.02434614034091386	-6.390533039284202e-14
-0.7836208956988375	-0.7196740367807525	0.44100651576106764	-1.2004308081972637	0.24158503520146693	-0.028362847245026794	-4.291562719243412e-14
0.8345602272626047	-1.9468015388838278	-0.0883192845328745	-2.1531284014631584	-0.3577417527295704	0.024744777638771292	1.741266992263863e-14
-0.30888241544078	1.7011573747183202	-0.4780166975574511	-0.05502534578540362	0.26302948191855163	-0.00947229085497181	-1.0482936541707576e-14
0.010522183967023056	-1.6293213436328788	-0.14911753207820705	2.2201236949231578	-0.26651991338542014	-0.015677131336440796	-7.216379640348821e-14
-0.49495548239573417	-0.1372906123284333	1.2031460269371708	-0.5752764028718241	0.23926166730109671	-0.027590665181383655	-5.055983009366703e-14
-0.572072648611705	-0.6462685288151673	-1.8136266075064345	-0.23718438987460616	0.01224323603996269	-0.02989323302781652	-1.9223338263188194e-13
-0.7197100050929646	-0.7624831144422876	1.2220987835392247	0.648494889256183	0.18886433585632056	-0.028657919492016688	1.1298826076799175e-13
-0.3579022609858032	1.5139494588782259	-1.754383221454571	0.5833117897737675	0.1544545811650768	-0.011395286177393936	4.995812188125368e-14
1.8677944398355582	3.095862296138938	-0.8224821906447005	-0.4195045555078756	-0.2376742932354655	-0.028786849677742907	8.998674892836479e-14
-0.23310200898625147	-0.2672157782803228	0.7332526523616056	-1.6929907337933952	0.16529945149350755	-0.029065142745651	1.0325868171800742e-13
-0.17549231860038067	-0.9824628330999104	-0.7997859052483063	1.1512584234296175	-0.1375671571910113	-0.026980869495430392	7.784551096775803e-14
0.844533632573637	1.1438168884516293	-0.05627707857909759	0.2739722116344846	-0.12878397841835293	-0.0283455158838654	-2.0862709397671153e-14
0.46507703841398573	-1.29606770301308	-0.4673091272087348	0.427363993809176	-0.30969014303526854	-0.008121888141355357	-1.9036771274460657e-14
0.492094027747596	-1.5156605354811645	1.57173562881027	-0.4725201216849276	-0.1817458902256942	-0.0008269262214069663	-2.1013944834474307e-14
-1.4310289032934356	0.3120795075820254	0.44648028383043653	-1.3427527381242161	0.5538683865993694	0.0003069399431897747	2.1973816605222393e-15
0.5432312818943132	-1.3295116213002447	0.05874237221073674	1.3116012449525636	-0.34088667649517185	-0.004340437045131189	3.840535953491852e-14
-1.71150416337072	0.15530976590840914	-1.869198579142337	0.23260108934985485	0.41735307599470867	0.008285032381289402	-1.3944204154443473e-13
2.748217580038279	3.0888647726494516	1.0656899265499045	0.34145833609257104	-0.4159478215069547	-0.015652123243640924	-8.109825455510453e-15
0.6083092143478008	-0.6022971915748297	0.01793704062808203	0.7802869460119841	-0.2631057717013651	-0.01567031971161817	-1.80047930768877e-15
-2.265315074489135	1.2778316892868962	0.7985976212543112	0.055290449321403895	0.876567873647124	0.07831532062733089	1.2714805718962215e-14
-0.528973527818807	-1.2068740893754675	-1.20960733940302	1.0871661845112484	-0.07937301024461889	-0.02924604426993758	7.138102373206019e-14
-0.6000158387653183	0.13928443846829883	-0.5249943857464751	1.301085215422429	0.12008665259807297	-0.024755651101697806	2.4360263205378176e-14
-0.3689417265694051	1.2928781981433635	-0.5534403715250704	-1.4938161372554335	0.2906195438393362	-0.014879101621174116	1.9800630146083e-13
1.3930045301731133	-1.0816990751546216	0.18614586593973784	1.5330266541900348	-0.5639798169646018	0.027346126449009685	4.931208267197129e-14
-1.6110316081951561	-1.0595799458250728	-0.20300831670529532	-1.957416225166848	0.44304730716306673	-0.019366138079576843	-1.2086432438184024e-14
-1.1886063679825218	0.012171582306601078	-1.971918478628311	0.21433338704271349	0.2395806798694025	-0.013642894468887501	-7.136137665545376e-15
-0.21273793260667148	-0.6171818987864532	-0.5180255807412515	0.871883043964922	-0.0588377818541014	-0.029009042912029225	-8.566630650314308e-15
0.7911812750794714	-0.4183107189249644	1.858186895373314	-0.6484826892514233	-0.12813948700124275	-0.012217025416690988	2.700920804388227e-14
0.8233272152028811	1.665478366481249	-1.1609729086573868	-0.9019422952333978	-0.08395378799652324	-0.029186935410860412	-4.702954592633798e-14
0.9090181098188059	-1.4134410425746873	1.5659184755315498	0.5148990371141297	-0.3335093098246102	0.01427902916281154	-1.148604275622534e-13
0.5120792607347495	-0.5350004422709499	0.37317662760667375	1.9195646977759588	-0.25314020114235053	-0.018815980108751264	-4.5451270642576366e-14
-2.6307634658855017	1.4086977161022645	0.44526840811388924	0.02202714855421876	0.9824413419931884	0.11295143971395415	9.819119128417872e-14
1.2689548427830177	3.4579817494246257	0.5416098820790337	-0.6205264052531652	0.06936121059124278	-0.02199308499519681	1.890238223536685e-14
-0.7063244224087826	0.21958644317844375	0.10194663560290192	1.0450565343753737	0.20856001181190237	-0.021994813238759795	-1.7086934888409386e-14
-0.05144325182932617	-1.3462462521678846	0.43005924462043776	-1.2380120909111076	-0.0413538233751658	-0.020644878088008963	1.4920787428737407e-13
-2.9879141340508175	2.083177938701202	0.14195427406348265	-0.23329866515669306	1.160253239412906	0.1830821506473368	1.492701351360755e-13
2.817735256166762	-1.5164179673921458	0.8295481982775316	1.2411184503094976	-0.9698994635623099	0.1559140590469359	5.4657619349718596e-14
0.5419573285103791	-0.46460833757990866	1.2675579747726922	0.961736188064185	-0.16145505906213314	-0.018454262723268347	-4.998884475283872e-14
2.0169504179095683	2.9739222528081966	1.2645413182320864	0.8302645598763426	-0.2211852350378477	-0.026733649721083105	1.1047119398151194e-13
1.1272831574186728	-1.1478848394342152	-1.3510943897623557	0.19899166652198416	-0.5310218733954636	0.014312711428146134	-7.113540086717612e-14
1.9986695374377281	-2.4462550399521064	-0.7934392090822179	-0.46703454602891376	-0.857876825425395	0.12830745006870398	7.25542687651354e-14
0.6110718928570132	-1.2388082669421092	-0.8372009788297271	-0.14040717181550139	-0.34519129216425	-0.004526909425153369	-1.4122699653469725e-13
0.9688386160829677	-0.8208518637246736	-0.34148531855999376	0.06932189288757705	-0.38430669320205	4.661147629729331e-05	-1.0685742727125105e-13
-0.5136792329603485	-1.2443216467261404	0.21155089440805902	-1.101134731130141	0.0870594481635252	-0.02829507747345779	-7.777410744660981e-14
-0.6256339012520001	-0.747350015542895	-0.3481192169546987	-0.2721375696712825	0.1063673072657127	-0.029452093671466124	-1.4860857950821774e-13
-0.584857690594631	0.22732445044932606	1.3800727842505378	-0.778540994419519	0.32465896071380873	-0.02382604159186691	7.634278912713005e-14
-1.115466859319683	0.2312909516092534	0.08781434285468366	1.1536758818638158	0.32658374945843305	-0.011938663674217862	1.1221884831058447e-13
-1.2587299226084188	-0.37185736079740933	0.3286036248944937	0.7908752253016256	0.3324072813840862	-0.017829213700113145	-1.1517953712945697e-13
-1.642314228907385	0.7887392575152322	1.4239202431448745	0.08883184438447694	0.6698649749537432	0.022056120457116874	4.771747668659035e-15
-0.14808347362240498	-0.12887748038193356	-0.9998555081746245	-1.2752341534873393	0.03414609934070961	-0.029681653919081237	-5.929174488923807e-14
-1.8595936611798933	1.2891436191299983	-1.0250781832547398	-1.2119636895817354	0.6980434682456795	0.052214096547400335	-4.131387815212507e-15
-0.6489762109610848	-1.6409404922029225	-0.41863449187162716	1.7949431342028774	-0.07243215964589755	-0.027842436247768238	1.0717935647887062e-13
0.7780766177066478	1.3396010076675624	-0.15046705661844584	0.3077988148773967	-0.09500212843819887	-0.029014006056197836	-1.1451585097723284e-13
-0.32839248688802714	-0.9895958823953858	-0.3772683177883566	0.7415789695613136	-0.05109433341480787	-0.02827933352128455	1.8965893390272835e-14
-0.775928462424404	0.0031497001495194355	0.1613517909950317	-2.3198244871546305	0.3473095256616719	-0.023109979972263	3.4444478229868935e-14
3.0630741772676076	-2.353264837330495	-0.9430000083263037	-0.19543438278253264	-1.1729350650837373	0.23260392777403108	-4.056491878086331e-14
1.31404814453646	-1.2090386643461908	1.3531616567638498	-0.6284936195379556	-0.39568278776178484	0.028502033021948904	8.550160310708552e-14
-1.8646496667222912	0.12389553129728084	1.2531241465831775	0.4706675373889639	0.6369535962989393	0.013618736398900606	-1.0036621545601455e-13
1.5995400709742178	2.0465037918170284	0.6455934501532115	1.3840072903781961	-0.2577961354046259	-0.025900455914834544	-5.2335496010939403e-14
-0.7186991527099741	0.321143394087031	0.09531744365897572	-0.10629039504830276	0.2702333475939792	-0.020518206638376713	7.254368306411807e-14
-1.7702974509348985	-0.3440910421893141	0.9183076447987485	-0.704866937039574	0.5850722074571914	-0.0018418201220920208	9.578677439637146e-14
-1.9799452878117412	0.20033564220943947	1.703856355731167	-0.09640933014997541	0.730349254794122	0.02118003102207217	-5.955046736820102e-14
0.28681567251332907	-0.6879677369559761	-0.7336131298867541	0.9023218982975731	-0.22788043075646044	-0.02238015113985882	-6.343368360909431e-14
-0.6827915407470738	0.5639826182931611	-0.37584376056756263	0.4309502987609072	0.23587577621418607	-0.018079837705500524	6.420079692277748e-14
4.118603931093861	4.4346167750382035	0.6611937061204924	1.3373656134127254	-0.7391372975433096	0.0027087010072765283	-4.2753582966881006e-14
0.6900054843413839	-1.4021111822849914	-0.4062445112386287	1.8053245691703066	-0.4396440009685212	0.0024868633539731474	-3.42136488420153e-15
1.2991546327955694	-1.2701666268817713	1.2869756029217676	0.7359417895114206	-0.4577736377281238	0.02953230568500717	7.910744333850333e-14
-1.3914597002154265	-0.1570701905310202	0.17961383528658104	-1.5511059440234665	0.48286366131298586	-0.010714986829739963	-1.5960820261156576e-13
-0.12801978982880824	-1.4802676317584451	-0.2190565181586351	0.335362316131237	-0.13670009478060294	-0.02106293294664511	3.256019207221178e-14
0.7709163343919877	-0.3294346605123182	1.4579237967465892	0.2355979589583231	-0.1729997825988356	-0.014562393725199125	1.3122090120102458e-14
-0.013040112032263323	1.1389285053941876	-0.612560659153472	-1.279056155957057	0.15533917101733488	-0.024385398063756145	9.539235227507228e-14
-0.07439858510542187	1.839430567627303	0.38888307452950616	1.021461104712241	0.2158889353966294	-0.013884573241699753	7.922333479177452e-14
1.572105300678808	-1.4424146634060915	-1.5868909056355778	0.05599749368429111	-0.6995440742543377	0.048480870269611495	6.02787459779243e-14
0.2864068214564733	-0.12677982936528165	1.2822335854292446	0.232982051671586	-0.019181412573044336	-0.02624522790087758	-1.7601369795067547e-13
0.04404601808546185	-1.5623254360756402	1.1790200721848716	-0.6033023477139584	-0.07367325910418929	-0.01479768920993324	-1.0311177469656756e-13
-1.3874029451670002	-0.2416982827255576	-0.3017829928323093	-1.201433335943791	0.42916360826592836	-0.0123471953588075	6.305446003680787e-14
-2.0944256157672996	-0.38655382110668135	-1.320225342640087	1.125656791595575	0.468437854899127	0.010694499613106293	-8.351897625250361e-14
-0.6333867987807147	0.353342985576541	-0.2850457706033925	1.1369574530977156	0.1745272406471298	-0.021880161448564955	-1.3054916226351607e-13
-0.542958267378718	-0.6642791758972866	-0.7558878016496985	1.3727131462526525	-0.001066896877015212	-0.02966951588555514	7.501278062039988e-14
-1.1711640363322455	0.7729896494758342	-0.030851083302918386	-0.34461761711321537	0.457390563976531	0.0010592950590297956	-4.3698956828173054e-14
-0.18055137057017984	-0.29750368230853175	1.6058254596526096	0.3493053313508177	0.11490225922904959	-0.02866719625077991	-3.3150493277924225e-14
-2.200790248943295	0.7262704115460926	-0.9910852065531182	1.0168130608911852	0.64862786318571	0.0524671884869233	1.4001026171984537e-13
-1.3223798827394353	0.6886838659153836	0.8232660488164436	-0.8014925353821886	0.5632800755630958	0.004922270707443727	-1.619747323047813e-13
0.1881001414435703	-1.4522737427831893	-0.8830006322792452	-1.2314944601954274	-0.2019883633693873	-0.014086540796971185	1.3805712907212304e-13
0.4697357398379652	-0.7618978426337616	1.5179949148135767	0.5572727938050076	-0.14042089373939706	-0.015770090661601118	-2.8997428882498075e-14
-0.479891674448395	0.16387078540362784	0.3980267740126956	-1.94883349871726	0.2757569526729159	-0.026020643461736267	3.8186356020335584e-14
-1.488821192929313	0.09295232711385619	-1.0089960170966359	1.0931433885734847	0.3598491781001861	-0.002285037025765049	4.152748078555988e-14
-0.87771298165011	1.2039568931406495	1.703875780320248	-0.22640989518471635	0.5160757329563185	-0.00043675256063616867	1.850775070609559e-14
0.10339845554229343	1.0475882144308954	-1.6115863219858977	0.19783064870967657	-0.009705373085237314	-0.026936821168984916	-1.4077295066652754e-14
0.4474820975187459	-0.9374559558151836	-0.17006086112286992	0.3078909375036903	-0.24358461887551164	-0.014818574135257369	-1.559082864625165e-13
0.9785754484666889	-0.7382846805826835	0.3029689927425635	-1.5223862147931535	-0.2744017324239507	-0.0008379173580164779	-5.922414146909381e-14
-1.0053197334516697	-0.41859831682232423	1.6206309191177457	-0.3481490720877843	0.37592575576265097	-0.02337229552259633	-3.5389265411703516e-15
-1.7368027428805695	0.06781651489476438	0.12610097931858916	0.15586080929886742	0.5378278491343155	0.006739935766528025	-7.430705083654317e-14
0.254582031742031	-0.28659153820553146	1.109364546319643	0.6316934176672805	-0.05372717046192977	-0.025603497654391422	7.455017528077437e-14
-0.8374611857534094	0.7208642225173663	1.4448010763256374	0.4665338378566384	0.40682640756611854	-0.011433993590941617	1.16020013021865e-13
-0.11223132779845849	1.1264745757697643	1.185967536028344	-0.45234211110182115	0.25726011502029644	-0.02260226811302342	1.0421250137732933e-13
1.031087292740099	-1.6381702704740984	-0.3500915307485927	1.4475114809680643	-0.5459453289218839	0.02504285280985549	-1.3799302676414792e-13
0.9635243418805642	-0.5007114056912527	0.9370524343868649	-0.6606637116446197	-0.24212108410473324	-0.005952896155606537	4.519360441124459e-14
0.12771111184433148	-0.25043083155523904	-0.30751272374837263	-0.25365722549783853	-0.06096636856275051	-0.027925220961188046	-1.4871173127332486e-13
-1.8127817614815291	0.2617286307718753	0.18368940219036728	0.4995760982589854	0.5714766419020019	0.01530350451814004	2.163163851554067e-14
0.03641993881443439	-0.5164098928805297	0.8045841712593034	1.1778194434210112	-0.054829502589034525	-0.026797014618333462	7.54861608785369e-14
1.0829001512916527	-0.9043153845348224	-0.12571803259062536	-0.2569278289904582	-0.4001304340293493	0.006955391513444033	6.304926763061511e-15
-0.5066231289142116	0.08208587940637461	0.6612264104187993	-1.5461000746181417	0.2740133189234112	-0.026252394617731337	-1.0028078908375722e-13
1.3649836859183826	-1.1333964057520227	-0.08554040199921772	-0.42586930890716646	-0.49713843320170736	0.027280502900983498	-3.1361349658513854e-14
0.805985776376735	-1.9039976389720221	1.028091928542959	-1.290030637160591	-0.3134025495282288	0.02306093008184433	-1.060056966713193e-13
1.5448219759743398	-1.6213230992811838	-1.7506331507732258	-0.309107894476556	-0.7051891808512171	0.05338654090694359	-7.979065906300739e-14
0.2485569492260159	-0.40182963679691996	0.5777381742885602	-0.5662050917074439	-0.047021309398399436	-0.02503448881932439	1.7461239067678115e-13
0.5626832423066509	-0.579470687405554	0.799122826551182	-0.7957391942891305	-0.13574680618254584	-0.016599440262475704	-2.7576674649741587e-14
1.4921728249986044	-1.055287133003265	0.7245018801736534	-0.2535187541315174	-0.4843889367510821	0.03261558498266175	2.7813235746071463e-14
0.31564932081033825	-0.661139460468782	-0.03622312387267678	-0.6163656810121588	-0.12933780279391935	-0.021649394535909475	-1.0905449438608641e-13
-0.9224827253122704	-0.29407503098501764	0.4174188408746014	0.12129170188436378	0.2735557881232673	-0.023673412905598684	-3.1560577016338215e-16
-0.9413771223564621	-0.4335135952354163	1.7936729634743767	0.053367442079449934	0.3491552412375676	-0.024479334886256976	1.0150115812576006e-13
-0.10349090074695236	-0.7950265786327448	1.9096258323060276	0.3268001434138265	0.0575816039051398	-0.025972887069220664	1.4808989011716277e-13
-1.888734082533832	0.16304885716107118	-0.7930552783520839	1.1412052799807428	0.4985482747593465	0.016334923626940622	2.72413535600559e-13
-0.5885749270795171	-0.676504271829769	-0.22797541835914886	-1.9812864696928463	0.18044005248017142	-0.029360987302348932	3.9478634752785936e-14
1.9353365399347986	0.46459822998179845	0.9767145323528462	1.3269425879582597	-0.5029144354435804	0.009826531118792127	1.8693485141728155e-14
-2.9790924904880405	0.8461972924017432	-0.21145050996990933	1.1396198477668211	0.9395557474575447	0.11439591055050001	7.285121479512634e-14
1.8954509698870385	-0.6707821971211005	0.6047855966846778	-1.344987476111587	-0.5234864557512302	0.042804085491397505	1.3644940405972838e-14
1.2029189212615066	-0.8670748923342366	-0.9615028919500423	-0.734732804267714	-0.46170103385867906	0.010523089597441979	-1.405127461082557e-13
-0.5503506257072263	0.21193476617733167	-0.09278807899880964	-1.6336812931858158	0.2596152164470641	-0.02474640085938038	4.472294700286632e-14
0.08129069397738976	-1.3243050574318487	-1.364327042298132	-0.2583320713516058	-0.22577392099555824	-0.01917926967220729	-1.5297795898338284e-14
1.9058928920222802	3.0831865393032145	-2.2850017957993223	0.05498308770627344	-0.35741178063724954	-0.029270126026308595	-3.112403235715129e-14
1.1359467324933514	-1.2006526630700671	1.007996374701707	0.9716332792665865	-0.4293697271015326	0.01857879703005626	-1.0651036864104579e-13
1.0107790433763442	-0.8459663181017141	-0.8528981709486141	1.0460963861896766	-0.4699902309272227	0.0018032043329787764	-1.0199998629065519e-13
-0.8751794252681367	2.202766067427586	1.0802489361671257	-0.12208787468829231	0.5844537645626429	0.026356456569627724	1.0950780214319306e-13
2.470295548753007	2.6065423664906158	0.29277435601112256	1.3116357497924096	-0.47207359330193577	-0.01608471626506942	-1.6265669251840692e-13
-0.4263204697325464	-0.2289480950558268	0.557338695237839	0.8491571518013817	0.11177816204434411	-0.02862375156292461	-1.139426117961513e-13
1.2300954659453005	1.7925171387129122	-0.08065027159000697	1.9224129199983717	-0.24176690513615798	-0.028242237819467116	-3.1392524435671955e-14
-0.3257986589595474	1.3058941146650842	0.5769212823396114	1.6660714550802735	0.21712707059756903	-0.01576053348216014	3.0298250496169196e-13
1.7984357590217999	-1.3452533255287682	0.633767642559851	-0.8757223032984099	-0.583467848670268	0.062415934094565646	-9.163482439176968e-14
0.5433459643377605	-1.7474976270765483	0.2503807554059926	1.9352375668313824	-0.39937869483830674	0.005457797341350859	-1.1145189903960669e-13
1.6882061878569452	4.722786939637737	0.9273648840098572	0.16470268597890417	0.07385045987472455	-0.014351410641051937	3.7969629244681124e-14
-1.5673182725016266	0.8413715186544817	-0.03156580703192267	-2.0627302944771992	0.6543847926313995	0.020274597213731534	-4.636486275413281e-14
-0.7623488020233333	-0.3173776412665964	0.8747012822901585	0.00804093785906078	0.2554307249975149	-0.02610007588193435	-8.769123057782698e-14
0.3912426769484596	-0.4741554815186854	1.2513073183940793	-0.31601844065740686	-0.06669168129178832	-0.021513803869723	-2.2049420675138233e-14
0.09272471717205628	-0.5130869602460131	0.013466495248175033	1.9380807255440242	-0.14969207858354502	-0.026601091623928635	1.149983805882907e-13
1.9691498586434113	0.10012910168736712	-0.8573863983797264	0.2541715887458586	-0.6172002824336614	0.019873925085716147	-1.1563288383064486e-13
3.0689315599856815	3.129199929592809	1.2693845747483494	-0.801485788481584	-0.44653915258853416	-0.006836014262226061	-6.814719129472586e-16
0.46632139357767777	-1.7183643335522247	-0.5935363505146516	-1.7479862692872925	-0.27317433710355454	0.0009675349475159001	1.7012130026023588e-13
2.473298406383289	3.2617826956773674	0.006503526316166143	-0.7948376297505556	-0.33340952710789035	-0.023912512155948626	3.535662851080896e-14
-1.4534929388058926	1.1664063768049517	-0.6848111190358667	-1.4666606994949576	0.5927298929192065	0.024576695895549554	-6.688645812504922e-14
-0.39312697009060976	-0.21408645025466885	-0.16196741821876876	0.2558920745937788	0.0848214352589678	-0.028954716000813105	1.1434473665041983e-13
1.981417270547056	0.602612643711521	-0.31034850421346005	1.8524745731063283	-0.6005054486670329	0.007044587136373896	1.5081007466351574e-13
-0.23658673155149468	-0.3176122677913182	0.012594582070510257	-1.4256015364535253	0.10672265816732478	-0.029337488687078705	-4.981377481482259e-14
0.3712737241930279	-0.6953841044950495	0.5399115748074883	-0.3863978668131294	-0.12427009613097142	-0.01969991185960392	2.3565257953138484e-14
-0.5252214544215539	-0.1294100302510269	-0.7824987172779635	-0.66810192651104	0.13398225301654074	-0.027787720523648	2.6086352707901707e-13
-1.5027154323506828	0.12794183682465388	0.0521638429136114	-1.8988058091474342	0.5542246173772245	-0.0011299920669410935	-1.5938274203270423e-14
-0.5960340002596075	-0.7460321838008998	-0.3850245107059952	0.42103670782622277	0.06707395581819985	-0.029540475017604196	6.267623721506772e-14
0.3217757003367098	-0.33402102943499307	-1.50006821343665	-0.5535184520501639	-0.18633397810855465	-0.02570418645445033	-7.012285121608999e-14
1.7437066569289505	4.5997636761383704	1.1680155155846634	-0.7208777870812483	0.09456176547670203	-0.01749814650965376	-1.7801825217753204e-15
-0.4543510219459123	-0.21606880209137716	-0.3835018835659817	-1.8843697096701792	0.1773569994817749	-0.02866463786984371	8.088032788612963e-14
-1.0904444396717277	0.5550306369155732	-0.9335909887112733	-1.0011449392545635	0.38206940373802295	-0.006532622749227487	4.927697586216639e-14
1.0290723676731826	-1.1479834872711006	-0.7515656376385318	0.9937346478652738	-0.49908175313694486	0.0103056441022896	-2.4935883294986907e-14
-0.5275310894966554	-0.19163529958589826	-0.49720602361892274	0.9142026219997259	0.08002218087207193	-0.028059665210469466	1.5946912075037407e-14
1.5470951105173167	-1.0855887897267278	-0.6723081742591565	-1.5772260874879527	-0.5329566093440267	0.03527825589077866	-3.825947732221953e-14
1.3159486210273499	-1.6446061344275642	-0.04727908578291333	0.42705127272307436	-0.5693210116855916	0.04181498276233536	-3.799031380664916e-14
-0.31255038227340654	-0.334621200830796	1.6560083638009817	0.00629036769384763	0.1670280561939789	-0.028761870130886165	6.88593858628558e-14
-1.5883425816933152	-0.04002124590362912	1.6189525296679879	-0.5375905932640191	0.5992289620583913	-0.001867363903603011	-4.779901210528237e-15
-1.867746347474721	2.414894426766707	-0.18841717862181323	-1.6337273067025473	0.8944097195164883	0.10036442886977286	-1.1010226399345425e-13
-2.211342472391346	0.13166268888388197	-0.14374144031510688	0.5459346645675184	0.655418517638834	0.03167221870784144	-7.265124677244746e-14
-1.623789021775098	0.8762096495884486	1.0871844903630876	-0.2658188639293617	0.6684277300899876	0.023862490193268613	-1.293179128881017e-14
1.3333626283233582	-1.281414954260994	-1.419186023925123	-0.8119289809150501	-0.5676517944438477	0.028910608295126455	-5.719208774937521e-14
-0.046406514398549904	-0.42942331453107746	0.03263257576797936	1.6741586853846095	-0.08763986514664307	-0.028379851762985756	-9.251976234892767e-14
0.9580101415372945	0.5562566706595788	-0.15636610307499266	2.112900957730421	-0.3069870588797025	-0.023079404474614065	-5.5147260375935146e-14
-2.637999701180399	1.515755489983099	0.4702629968616639	1.1708235029685081	0.951087794936518	0.11894565850352386	5.6286433633572245e-14
-2.087381368114301	-0.36451492172379896	1.7354641621544376	-0.16592372862691174	0.7046755682544547	0.010322710665710583	-1.2747544856581364e-13
0.3768555250061562	-1.655550288629143	-0.02950341776281161	1.2187908095755293	-0.3283447993925988	-0.0034705592096989798	-1.2279203223745563e-14
-0.3548529142765272	-1.3898136761055102	-0.4027551172657589	1.0338688494658423	-0.09991865203682274	-0.026039943187065165	-4.603336305866168e-14
-0.5979478621561559	-0.6433745796781972	1.5995607776708596	-0.708994966854616	0.24405264791055473	-0.02867721674917417	6.748348366935544e-14
-0.6305396453502734	-2.5535047270393685	-0.4407271120050427	1.9039135684355102	-0.18161226423496632	-0.01838353301782682	4.2136335720687404e-13
1.5658251487746495	-1.4553549113435615	1.1740101033595804	-0.33252875872634163	-0.517508902574613	0.05191107865072652	-5.693928114952517e-14
-0.74606969565758	-0.7555050622296868	-0.8660114484550298	0.007550637150671653	0.09867202698335625	-0.029130236438260355	7.538254117955577e-14
0.04278929746797593	-0.1926043082144568	-1.4399387336194405	0.8076807888372248	-0.14107235722790398	-0.029304613729115168	-6.2789480292060915e-15
0.435502194837195	0.228183361973249	2.018219173313408	-0.05706459601939924	0.03108544333567463	-0.026458971031485316	1.2092827038107459e-13
2.6435022114873243	-1.5033939907624982	-1.9550267479723618	-0.36428133423465425	-1.0198085634947232	0.1342483908753478	1.2876203000824994e-13
-2.4912071284315203	1.4211347035553872	0.5270810555373484	0.3903624436969074	0.9312249966156778	0.10217117647482614	6.938591833554373e-14
2.8601556890756274	3.0272894774616463	0.6000796776702486	1.6239752246142587	-0.5359272377871547	-0.01201936712960179	-2.4370666887782593e-14
-1.1255201300028568	-1.6617256313791093	-0.6029745203474993	1.5678945613043964	0.06445154748876766	-0.029871950053759415	5.487473224871785e-15
0.45058002995036195	-0.7342773067448841	0.08985274248977979	2.293402399697572	-0.28872393926939555	-0.017702455062164404	-2.1730113522238286e-14
0.4566670734408963	2.4075554568963025	-0.5060972192840828	1.3844816602957422	0.051298712182290325	-0.018591557264190522	8.663648828972708e-14
-0.5278433328740286	-0.8617909733983948	-2.1865985642424537	-0.109785498141098	-0.051788261517854414	-0.0302910717662551	1.464846486203422e-13
0.5404119269290173	-0.9122824508555932	1.469715518447911	0.14969169123875906	-0.16336103110225572	-0.011357923922997377	1.6439433351060418e-14
3.149710660480692	-2.2782833994762517	-0.4278172759475991	-0.5558734485003147	-1.1442437493990367	0.23855067050808093	-5.616664688932696e-14
0.5844546148538641	-1.1209565124994336	-0.4844808215834572	0.2271766710002913	-0.3188162000185531	-0.007589831899514942	1.5980687220753005e-13
-1.1335602424014901	0.243880835068539	-0.681329740759884	-0.2597330686128196	0.3453524758108505	-0.01116577044538144	-4.724691955331371e-14
-0.6492274303667172	-0.03483582389002116	0.5075575376879424	-1.6180690672033347	0.297394975953288	-0.02538519281434231	-2.683921758379627e-14
-0.7434647092307354	-0.10834528422840775	0.850262697407101	-1.1712383322016702	0.3195726018779709	-0.02462526216486033	-8.915523858215921e-15
-2.206942919357649	1.0404480310857698	0.18130854957348547	-0.802486515739741	0.8305214899837695	0.06459849209358143	-9.245966693580147e-14
-0.41788922324727973	0.12493634581555943	1.2775183894183848	-0.6143232057649044	0.2509844544972499	-0.026795914073246548	4.89518828424041e-14
0.7397089180894217	-0.6569930618031987	0.3387326686233644	1.1870737953104074	-0.3049436912698702	-0.010768528074826852	8.602012291469842e-15
-1.3052377286459549	1.0977679310347441	-0.8228409235161136	-0.201776054408524	0.48033458710753313	0.015309013098097847	4.554357528847441e-14
0.6484472234277103	-1.6024371032483473	-0.35900446807551245	-1.0067501396511078	-0.3304455305227845	0.005828811182946609	-7.93741758659981e-14
-0.5453687584789446	-2.1905244858698825	0.7204320890225131	0.10161611855197686	-0.02419930161146473	-0.020482483603770363	-2.4714574669938243e-14
-0.878978542804125	0.3903725115639333	0.34263988750814206	0.4654280688513058	0.3169595688530816	-0.01579738815136237	-5.1645769897430794e-14
-0.23973366539156934	-0.07842089615816276	0.7172482083208443	1.2215488983497582	0.06711310466991746	-0.02892374824789718	3.2836749995931882e-15
3.5921436041973163	2.012152230594056	0.1589971737982681	-2.4361362914073426	-0.7163959921222629	0.04894216824187916	-9.531341480545486e-14
0.3141604765022623	-1.3420289299010515	1.67997300246775	0.0687291046146649	-0.1269340380650013	-0.010382693048322232	-3.708869860914195e-14
1.7015006703553415	2.7741934761610607	-0.07159648219420175	0.17902710412281084	-0.20288148216204135	-0.028498690589765324	-4.1636927235551586e-14
-0.4580252957634159	-0.19160068513752354	0.8566764508564432	-0.260684325682008	0.1887318383550855	-0.02820270388800765	-6.696999092189717e-14
-0.07699669272803972	-0.4130377388456954	-1.5443098576557637	-0.45758109533704494	-0.08379918357000295	-0.02931572813391232	-5.1686895523032996e-14
-0.7011854236742151	0.0692485046464847	-1.1726337982018435	0.8057367863057682	0.12408717409096148	-0.023909839799800936	-3.662854371101102e-14
-2.770493625824851	0.9330428978032786	-1.106411857747783	-0.28301162507225897	0.8908710817786831	0.10218793577544878	-4.1455376104298046e-14
1.6352176111626056	-2.34741362941015	-0.7524897690674179	-0.4087867677198583	-0.7429767857084468	0.09249319941763041	-1.1681849876124164e-14
0.5941244991785178	0.5181622567220626	-1.1737681706379792	1.1679798962317194	-0.2260166255724249	-0.028122699163975744	-1.5268913821148156e-13
0.002345235521415942	-1.028412412756593	1.5547133953592651	-0.010871956801959954	-0.006078305153971597	-0.022554462355175216	5.693134052847741e-14
0.6774520529895378	1.2345156400038297	0.25403366805972144	0.9242366392928364	-0.0776817239045186	-0.028927957302112638	-1.6518568172537557e-14
-0.9108986949626655	0.3408177515177186	0.3985530142453024	0.029883077902342216	0.3422732287540362	-0.015746382306316444	1.0074728018753754e-13
0.5491178861824932	1.3225558126973622	-0.9534839119801255	1.1173323930311498	-0.11038990967045967	-0.028973831580605645	1.3028521283187452e-13
-1.4121428952097346	1.8020797844486798	-1.0348885794273468	0.6241025282117426	0.5443784386941096	0.043673211537392134	1.1859157571976285e-13
2.526504475825488	-1.3408032293670376	2.2058856599122887	0.16564925019272886	-0.7414426866203202	0.12138429335603707	-2.0354847144091365e-14
-1.4499867333755971	0.7734273511479146	0.374944390649895	-0.1062745713198371	0.5555919922339567	0.012713469871642293	1.244992866892683e-13
-0.6842837811071463	1.5159346456999803	0.5120517437387776	-1.7024268060242749	0.4818465373127045	-0.000513492732992269	1.358790840466149e-13
0.012087918736565706	1.1194480822178887	0.6008460965058823	-1.8900728848318065	0.243492112830373	-0.02472222952024052	5.34354716354645e-14
1.1462056634328341	-1.3462672290405986	0.0032910231715536477	0.5556484432687965	-0.49088181025508676	0.02243598688094036	-2.794574232831272e-14
2.135169465966782	3.4792415926680627	-0.3998382874522031	0.5103718697403664	-0.288125448207474	-0.02843386278771209	-7.683202388713645e-14
-1.5973523914823946	0.5172321423195738	-0.32842254716516145	-2.074258417196163	0.6101258866925489	0.012539715166395942	6.915797543200156e-15
1.243599505925114	-1.0543678842476223	2.0946485852049865	-0.4327354439881218	-0.32246274773268974	0.020796715516861436	3.686079548813478e-14
0.38637469460118795	-1.232904096479001	0.8457184651962009	0.16730693588500567	-0.19052209584637392	-0.010783330418956872	-5.696748281836521e-16
0.013178420816452707	-1.3712306626741602	1.1475150591058705	-0.3349874118703552	-0.057091268610559735	-0.018433500072303436	1.3611541066538404e-13
0.7132869398636555	-0.6697757364973351	-0.2920957402834329	-1.77239751288725	-0.21487258232171952	-0.011735401720292379	-1.7594652537329967e-14
2.16754816714554	-2.2774205684977553	-0.5973290947397094	-0.03432305791759917	-0.8949694272729614	0.13485619577328964	-9.170435881469656e-14
2.4346188677045153	-1.2991788636812136	1.3250231575837905	0.8432509576904348	-0.7913920617226194	0.1099546341384827	-9.042899047119199e-14
-1.4284703621418657	-0.6272766487442316	1.6730004773447718	0.08933875545527938	0.4643160718041485	-0.017392651907131844	-1.2487995020635283e-13
1.1414312189767548	-2.1629876000940973	0.01867123699694302	-1.0188866792098945	-0.5096938603574498	0.05023434647114737	2.857341236970113e-14
0.9692720332030893	0.5532265633371465	-1.98305950473905	0.29626192024822867	-0.34551425949819353	-0.023901231087236904	-3.014228433018676e-15
-0.03591803031644823	-1.391658389472913	-0.5095886843563731	0.2579762582334657	-0.16851591254389803	-0.020388558713997113	-9.496886247098297e-14
-2.5381191958952596	0.16467400923546358	-1.3041454901966578	0.5352407483536104	0.6886871143536331	0.052622216340473725	1.1934586685247345e-14
0.38074080342675587	1.0162059598769182	-0.21640311500704396	1.0837807154896961	-0.04821637504674683	-0.028869937692772067	1.1249865133811913e-13
-1.4479550550029998	-0.31671097017521216	2.0998570774860488	0.169718282761275	0.526500762315696	-0.011919356882409695	-8.009232070675253e-14
3.039416161012321	2.925429150244501	-1.4052590486558556	0.7405830827170485	-0.6832335653749236	-0.005999723171970847	3.594278743139984e-14
0.8701587987796029	-1.3159284762024481	-1.702139592380773	-0.42327435445772277	-0.4693106386217415	0.006812958965518437	-6.818193280737892e-14
-2.602589684593197	1.1603550064181418	0.3971722705787272	1.4712445281292692	0.883466193344429	0.09873501301150825	3.6227632854905663e-14
-0.047845205953508406	-0.09465951930999092	-0.8061293237597162	-1.4349731337015292	0.026355178388882395	-0.02952840662182255	4.926230741159029e-14
2.010507036286403	0.534737444724858	1.2389302060727632	0.9930740742900757	-0.487990455807004	0.01160331015599377	-1.746800355905355e-13
-1.0727357621924019	-1.381232608597067	-0.3209519031871909	1.0922133599331538	0.11567008725841514	-0.029358354030314174	-1.0135495515058839e-13
0.6255927473819476	-0.8414401010874867	0.2565562861144029	1.8836071945047614	-0.32468404806715967	-0.011021943237782082	-7.731781485057459e-14
1.1541205075280276	0.9583547283686435	-1.339604413722373	-0.12581625643116584	-0.3005407726623572	-0.02437423087366203	-7.417869149693813e-14
-0.18135007421486227	-1.2503636049375035	-1.080076314593336	-1.1499634314396328	-0.08696673439807193	-0.02500367292137963	5.753358272122797e-15
-0.7137215408617013	-0.5659039263844535	-0.6071677983434568	0.5251772103994412	0.10394239981231575	-0.028473843947504948	-3.9922989153329626e-14
-1.827215693519674	0.10598360389681016	0.9529227986950062	-1.1976542174296039	0.6742462817478041	0.011485263265721371	6.45951066295985e-14
-0.2546251043898346	2.45353736068698	-0.5119769090866596	-0.3309637683078615	0.33913428239395677	0.004926691352511319	-4.621320164199693e-15
0.7011011035022738	-0.6709952887832783	0.03229266683545529	2.1790239135896474	-0.3542167848830359	-0.011952480696666665	1.2226863285857312e-13
-0.3468587471568539	-0.6568764745066896	1.3514828349647738	0.2280480748576813	0.11494937185966052	-0.028711040191237408	-1.3287903883938904e-13
1.7210052795600066	3.1863226385856476	-0.0024819529266044966	0.7844664246818396	-0.1847308616212546	-0.028442909470948602	-3.1232598899960045e-14
0.29351420262547445	1.525748864244764	-0.41777032403816633	-1.2180668526520981	0.11556516491048603	-0.025369938720699425	-1.1888068591201112e-13
-0.4133595890386076	0.038520940381564825	0.008392769256431546	1.1080507489865237	0.09350677686893054	-0.027675536922034467	2.8746212520542936e-14
0.8647488998782731	-1.212588186793371	0.7679493265846672	0.36046162678544524	-0.34086224617271715	0.006219315785323656	2.1931828523288408e-14
0.3645217062884978	1.433798650778749	0.5104719665050577	-0.86211840153538	0.12542498858840995	-0.0266935762488865	-3.0737557021709157e-15
-1.8033809813364488	0.5062933385317185	2.0383613751741434	0.018999793279238623	0.7265426947587407	0.021452631836344195	-1.2061374011773683e-13
-0.03713148441068089	-2.022418176228982	-1.369896437910307	-0.2542924104176312	-0.266066186566656	-0.011200276579020943	2.673476674940645e-13
-0.3252321377597253	-0.09372311896442449	-0.9694688493928637	-0.17884116262071698	0.04724475753120346	-0.029149437088443843	3.9485032558015266e-14
-1.0072584242033207	-1.8480635529334668	-1.1423550206300912	-0.9906665874784671	0.08201677826673909	-0.029823990144111617	1.175222589752658e-13
1.4647341850367805	-1.5425662651914926	1.843751811479917	-0.34801022431893225	-0.45652625103177824	0.04955564078079385	9.65252500396788e-14
-0.5457525273421434	-0.8881939517034945	1.295788457301572	-0.683666346010604	0.1828367898409655	-0.028939807294721443	-4.138363254379464e-14
1.088376731479061	1.0021450291330822	-1.4327111168239601	0.517118493948469	-0.30844663900393643	-0.025811740099556536	1.1288355155179613e-14
-0.7659650310038518	1.7234634261214192	-1.7534719678158026	0.07018957038529008	0.32092109863660206	0.008174660733305172	3.431829146625336e-14
-0.3854706924514753	-0.15873519584856907	-1.1141063254192332	-1.1292502458072737	0.08839727824176795	-0.029081142181369177	6.968690210600659e-14
0.6671055917097233	-0.5160844240171742	-1.746984454566539	0.1142848470514848	-0.34959516017269215	-0.016693445769248524	-1.6806947873377553e-13
-2.1303906742940004	0.4872853167010149	-0.5578161159511239	0.2803422130318605	0.6568185095944078	0.03929438203430557	-1.574252621298557e-13
0.18402326203283337	-0.29074764340038434	-1.4664550832691878	0.21802774180250825	-0.17073381747356636	-0.027742567755886766	1.1827496494647683e-13
-0.06347600711262369	-0.42287987881731	-0.2260709544528693	-0.9373462082038038	0.009822534728052522	-0.028597017552249204	-7.484883721472211e-15
1.894517713476925	3.061693727816905	2.0680392724023315	-0.20255258640297072	-0.08500398429287369	-0.02745135875266189	5.2388830873565546e-14
1.8621916225322572	0.4978722272047541	1.341419466090411	-1.2101293466523302	-0.3520148414309971	0.006242395509969839	1.3637113675666185e-13
-0.05019042523261389	-0.9849625808965836	0.2547915389503304	0.855483431426161	-0.09941873826791382	-0.024646635378313485	9.023561828259946e-14
3.4795225096979134	2.0915140606093217	-0.765205522891938	-1.4427317241255473	-0.7716246591787732	0.03809578617044923	1.219497344665803e-13
-1.6395210664069342	-0.18883166915918895	0.5280517243018851	-1.1890890818899458	0.5595688243040348	-0.0031551130884647973	-9.74143288984511e-15
-0.08483566095610381	-0.5667157761468862	-0.9935154476437593	0.8683344910464151	-0.11950616778598643	-0.028548337584803397	-3.0305288514225925e-14
0.04185349999725204	-0.2051502227332906	-0.26482567220745007	-1.2476143061661096	0.012634846703393435	-0.02871382459198366	1.6645065040651372e-13
-1.1255493477187568	0.8384967178943387	-1.1699499611325428	-0.7083588365559473	0.3977096596143888	0.0009705971632060305	-6.03596439847276e-14
0.4798654698778967	-1.649008164785292	0.1920836887464865	1.60620737140535	-0.3603853438540041	0.0004609318813146079	-9.094227892409163e-14
2.6034054841217893	-1.3523515942534459	0.9116571737077707	1.268538455299857	-0.8877000092321817	0.12678577645384653	-1.2433942537409498e-14
-0.8600509774056422	-1.4984840003385644	-2.0736550855979083	-0.007938614730983966	-0.01984230382144027	-0.030325066484868598	-1.6870507030739434e-13
0.20115584743519335	-0.9935185330793229	0.15095444213536358	-0.8648875350189789	-0.10986613877350103	-0.01984247396946252	-1.474926709057556e-13
0.1532146122817532	-0.004746167742042917	0.49621345892123564	1.7172042734642345	-0.07474465458599615	-0.028425539642604317	-3.566209347980948e-14
-1.2584876398264053	-0.33977956253119085	-1.496660874208172	-0.5627214939692887	0.28213464178666936	-0.01745716122982472	-8.202175019841835e-14
-2.3503437088024373	0.8492759933886457	-0.672318860178597	1.3001572355200925	0.7150664719598241	0.06704813448313164	6.325565102319433e-14
-1.2944926495404645	-0.344947992363161	2.016704756682237	0.28116784652370913	0.4680303318562902	-0.01647509485678455	2.5707925999400547e-14
-1.5503689898694826	1.0472820031897474	1.0839237048265578	1.2065577074922196	0.6047304804895556	0.025390352282206097	5.74537184909194e-14
2.406575160792616	-0.2304041094426171	0.19749963795288486	-0.2931565845899632	-0.6931549418726112	0.058247068403725254	-1.3418158477602197e-13
-0.15907434268992807	-0.03851540796023014	-0.6293560345819723	-1.0101697296404217	0.05850634637277989	-0.02947157795923547	-9.231280160094516e-14
0.3707681912063189	1.44034122345181	-0.9278652615566914	-0.5308319732621589	0.024534629593271122	-0.027056343270288174	4.599642997920881e-14
0.5594016187965093	-1.349912344702513	0.20438399730872966	1.6863502365083487	-0.35443849412372874	-0.003208050402784709	-8.332363813798531e-14
-1.3308992319099477	0.6939706739266657	1.5631327842633347	0.42569199809033054	0.5603262171412494	0.005292522799394257	-1.3765304131260533e-13
-0.6112718444280966	0.902514349358522	-0.6892285518680326	1.1724993731331779	0.20248979814666418	-0.014711826439496721	-1.5051887243424061e-13
0.2885534916736493	0.24618269022817776	-0.3343149811411125	1.6049306075074325	-0.13277773046546643	-0.028815791555472706	3.037557995839546e-13
1.6253120445704228	0.11611763432816272	1.1600345302920143	0.04447959235305416	-0.38568204554280233	0.0055538889388756845	-1.4759293293646807e-13
0.1995159971438363	-0.9999125793568397	-0.3149245338847091	1.0910450262770388	-0.21829353265068166	-0.020152510996343773	-1.255144573129194e-13
0.20127032353718732	-0.3443080435989135	0.3213255784197839	1.261443048239762	-0.1172992997024919	-0.02629021596650255	-7.784052046247003e-14
0.16273718520201855	0.026568167960817686	0.397916096357471	0.5027953457456111	-0.03020783323244078	-0.028495627068551313	1.5461584302105993e-14
0.2983855498726085	-0.5718298890015907	-0.020772405543536543	0.18966544460684262	-0.14684834626466917	-0.02297792157796104	-1.1055969342797843e-13
0.08129878772262232	-0.4337744056938831	-0.0930509041656769	-1.1703756424603837	-0.01654576791931878	-0.02723602325548242	-4.0030794809631427e-14
-1.5456350046259772	0.07183470153995512	0.8550996643422039	0.31045840765993266	0.5182511594700724	-0.0008661270183637637	4.8710170710365594e-14
1.8704824335898098	2.971696170101538	0.3413048086516417	-0.4502646168576415	-0.1809092844499188	-0.028075100917581024	-8.838199193196242e-14
-1.201448336605734	0.7491799635671907	0.009818045756062314	-1.0205547545465528	0.4940180918795321	0.0016673211609799852	6.532596994570985e-14
1.9639707677148148	3.0354970192739597	0.2522892967548492	1.2148662016418301	-0.27533568207558157	-0.027838431360310542	-1.636734552913397e-14
-0.18427860827749298	0.8805669868640403	0.02523668828910722	0.9096363820269532	0.12640132126886228	-0.024079962597107953	4.0528631210050466e-14
2.650964103740279	-1.7699943681309471	0.9994027084072687	1.1761780601423981	-0.9352917468693557	0.1546194245462593	1.1134952975456793e-13
-0.2313787141273062	-0.3678755300003364	-1.2771259754573967	-0.36508029004199943	-0.0210642013234428	-0.029822756448094335	-2.5334258566506923e-14
-1.8916127233312419	0.5199308702683976	1.5169073104766133	-0.7975005854602428	0.7569179447073674	0.02649139168873048	4.777689808715685e-14
-0.6509466314546066	-0.7963975438591451	0.1682915883288104	-1.3995947167465894	0.1857672034093216	-0.029286112925625066	-1.1839377474219013e-13
0.6841352042638551	-0.22184159949195875	0.16304478297557046	1.7890131430598264	-0.27740757414638884	-0.019216378304719204	2.6665082655596354e-13
2.793780796774502	0.4417651819997696	-2.1031288915936157	0.16646715642157364	-0.891916689561828	0.05462975368107506	1.5210954378208453e-15
-0.7261486177548453	0.23918495511360535	-0.7821735248796425	1.4970767702459018	0.14510943831268064	-0.021478099488329294	-1.5118006832984365e-14
-2.06707449774335	0.6790094665757586	-0.0011209263210661955	1.359508844019816	0.6481417973938787	0.04212995330543172	1.357372113716185e-14
0.6887230320607127	-0.9854109763535766	-1.2721744733705618	0.5581397062318445	-0.39572741389082944	-0.007415819145798293	2.2435061929210178e-13
-2.1929449865178188	-0.060367421736092594	1.1149894314334412	1.0570656742052245	0.6828361120720449	0.024199520268122946	-8.038258500043519e-14
-0.5851469500485647	0.13006475596062855	1.7268751181850392	-0.011210846909274113	0.3033936760003619	-0.024650063268955195	1.4548996749114713e-13
1.5814166927599234	3.2648133264521815	0.1319798613482648	-1.111185510049384	-0.048946636341542754	-0.02745212202288285	7.221822496511463e-14
-0.3162980714614149	-0.44704405873762576	-1.8872770543907473	-0.5294165764511123	-0.03431439179359514	-0.030093851544822713	2.610957543647493e-14
0.5747090322478764	-0.8464517770995261	-0.7042585060321674	-0.27773028200271593	-0.27916212632597576	-0.01311473268156493	3.424210480720558e-14
0.7311264172053705	2.9391626984937465	-0.4955753442242777	-0.5750562225500255	0.1088237717531625	-0.017478298389332465	9.506151521656247e-14
-0.38280194715860827	0.04608020426758591	1.708489221990271	0.19881623008569874	0.22441743607669093	-0.027442665909980454	5.3870905154798096e-14
-0.29228056516648715	-0.46547174131493185	1.9727281444618183	0.31625382229628585	0.15311120722460297	-0.028585287732899582	-1.0958509785598202e-13
0.09307456808927272	-0.27855649574740254	0.009419922601771276	-2.0704862323831583	0.03980366714919888	-0.027900152191759925	-1.4913502713570447e-13
-0.386739607993005	-0.9540926669438361	-0.0395195773547125	-0.10174054309741072	0.024823141461078287	-0.028691500631982364	3.4172682561784534e-14
0.05100731330500579	-1.0621315559515472	0.621977506773258	-0.368968326703139	-0.06520707259254635	-0.021837769263699992	-3.759229844686259e-14
3.2793746872612575	3.2796095962304403	-1.8611650648430125	-0.11017256759906173	-0.7081948977928342	-0.005268865525334784	2.3359918178340918e-14
0.4788146036067235	-0.2512976302282998	-0.10334211058881085	-0.4803394958614831	-0.14298786777687247	-0.023130437423014186	-1.0749423238623364e-13
0.37264601238656725	-0.6037443333443545	-1.0398205615180067	0.14272810917284492	-0.23125869317758554	-0.02183190091947037	9.882335216149018e-14
-1.8560101264745585	1.030360397039718	-0.14002584477474378	0.2716642553676505	0.6600706893720493	0.042154440073012354	2.0737156569188849e-13
0.2946147527102495	0.3268232028920581	0.7383916132006224	0.05498776993302877	0.002045445841600942	-0.028516276436800252	-1.2632171443532648e-13
0.23470701800480667	-0.8804235519845366	-0.09457392561804501	1.0761687095658286	-0.20202273171714447	-0.020757979717335482	-6.57506880449272e-14
0.17086849212700142	-1.6504005199774823	-1.9610977558752147	0.17787600262150896	-0.340553506700258	-0.012011510390542084	9.755042122693364e-14
-0.024796083753861956	1.6926354137483395	-0.47769601416218005	1.95552568906308	0.09473584080227615	-0.017465107616319885	-1.2174961402061433e-13
-1.085144253279959	-0.17974842068494176	-0.7877665275110391	1.6067780830793437	0.20136750728385236	-0.01923618835960001	2.062851773370869e-14
-1.067573791732486	-0.3641189683270109	-0.31538578029938297	2.1586111627765256	0.18156764013185073	-0.021929457894889922	-1.7843259079829066e-14
0.3698751185359375	-0.8174387675427127	-1.066763826037541	0.805212156645956	-0.282141432199987	-0.019210501347183807	-5.594250806909981e-14
0.6241584339903475	-1.5946195057522605	0.33595647053612765	1.581188991893759	-0.3871110846369232	0.005147768830443309	4.4033316914836816e-14
-1.0553271587216981	-0.7688328057296292	0.16440596739118404	1.5817573025286096	0.1861212674108967	-0.026062279846738607	7.150100065880298e-14
0.3694119043988107	-1.6923995688309328	1.104259257897807	-1.3579715930029224	-0.15631618623099566	-0.001889268645288914	-4.91598980060508e-14
-0.4108472962045535	-1.0759877351660818	-0.7633444349344577	0.17122097515935544	-0.03578813279449622	-0.028717678534781087	-6.209626505668744e-14
-0.27043296609396167	-0.18828223203748534	0.1103366762412975	1.965341250831722	-0.002601865135931153	-0.029246409573722716	1.4541345465853223e-15
-0.5056754819506959	-0.3451889352023513	0.6273781082479636	0.4136240220470444	0.1447542993086756	-0.028571852783722453	-1.2535313446469463e-13
1.5773989272156343	0.7500969726339315	1.9744338774542793	0.15035974348036824	-0.25984130229043967	-0.009192092839498565	2.306940504134007e-15
-0.32979498817221525	-1.4109458792965577	1.1687411234000051	0.2879911267664199	0.015221966021722705	-0.024604957553909554	2.337654717595442e-13
2.179330178426344	-1.972026393990886	-0.15458246945579254	0.7196335074676747	-0.8712324216995856	0.12020315121025542	2.7228324706547195e-15
-1.0339138919040567	0.42040283564478703	-0.7922627675925131	-1.0932937817619177	0.3625768758162943	-0.010955184671456612	-1.1798722862045004e-13
0.3668343569770053	-0.7502050506566929	0.06473472141264092	-1.055938551859141	-0.12982511777792755	-0.019378828369658544	5.422440965323431e-14
0.7083417769369567	2.5415012021632593	1.7059052391921434	0.5824147747624506	0.15637112677038376	-0.021797503646401498	6.010900230667544e-14
-1.1441169219694682	0.297113853032146	-0.04434144480409823	-0.8458542908853971	0.4165653573327965	-0.009879603193843334	-1.430453280075541e-13
0.045967367471506246	0.05124333609071738	-0.037234013912005606	-1.9182045587939003	0.08029853994991624	-0.02916760696100746	3.6388129048808464e-14
1.0164977626561889	1.3309906566672824	1.45363701511337	-0.4140508494564432	-0.040650511353726576	-0.02717054664939819	-9.65579479784897e-14
3.803490659806449	-0.7105566963856245	0.8907417836930119	0.31766624870348714	-1.1277020518292127	0.2090742187573982	-8.623114372630048e-14
-0.768943099346876	-0.8851773699080537	-0.6959112661017612	-0.3607649824398668	0.11667858263847927	-0.029380152356710654	4.262447602390261e-15
-1.7940080248646917	-0.09662815467184636	-0.17589879356509652	-0.8300816429262853	0.5591811370586494	0.005040041459583916	-1.39305114672568e-13
0.11566313163283976	-0.5392873945523811	0.7389896719367013	-0.8665264997525471	-0.0006534241991722295	-0.025676141196444006	6.222833086177676e-14
-2.8943694998775	0.6103724204033124	-2.466994545145156	0.05629053073988931	0.7967577890026295	0.0975880375134244	-1.4884278056609442e-13
-0.3291209748083321	-0.3279784528988332	1.9261704706443068	-0.49344630498903336	0.2093541236507605	-0.02864398237263356	5.577048857343189e-14
0.0033031376867597123	-0.11709817190760992	-1.2195702091764686	0.3091580735552319	-0.08757215894190762	-0.029556600003336826	-7.309189529126064e-14
0.8332972367249274	-0.6426986909038783	0.8152288447857248	0.9190562503517116	-0.29126645409028495	-0.007669507644808003	9.119367742072754e-14
0.969799844100365	-0.8354753734256476	1.7024014070491227	-0.18779817028235898	-0.25303935275816697	0.002235903191820189	5.927792900814328e-14
-1.028864348180081	-0.4832730347901084	-0.3176254208165432	1.069004171170914	0.20161059450017202	-0.023940864382870155	-1.519446882471574e-13
-0.5159224867188232	-0.5427019969295667	-0.47904620797798014	-0.38090241374650124	0.09269011701002973	-0.02941161574161508	1.2232037092564525e-13
-0.4346220957194609	1.1925614574156613	-0.891866778606192	0.9314430523604466	0.17937985179217045	-0.014748294387402532	-3.7721176806144664e-14
-1.3769662838743482	0.5904877598969347	-0.4317034696090327	0.1282904720492466	0.4554967037488629	0.004950947469976149	-1.8188532219482544e-14
2.2322986474285	2.8745103729231656	-1.1370692785923244	0.35088960256948537	-0.41961346243302544	-0.024822942961889374	-2.6203865511999666e-14
-1.5370329597849026	0.7337921522120159	0.45060022535720473	1.201340573102874	0.5281901220854311	0.015628080389934677	2.4682345132711206e-13
-0.5406231640994306	0.10267145048900866	-0.3629232322784116	0.2632821851223083	0.15074222247856456	-0.025891990938810176	-3.58973680834065e-14
-1.4023223989837255	0.24438931689251292	1.9951403479504326	-0.37288105054583187	0.5906812533216537	-0.0024325856861697314	-5.3348417744488573e-14
0.0026767554211285733	-1.433480626206801	0.3119944466525113	-2.192920339289802	-0.03446464791997513	-0.018336014592553473	2.5919992247287407e-13
1.3231099980721632	-2.3222772730317134	-1.753807599748565	0.018552146552986946	-0.7278603066791658	0.0665735524740485	-6.308024836380942e-14
-2.071051545866308	-0.058820544290425235	1.6557633284853193	0.6432651090623785	0.6957005086080118	0.018049619703611988	-1.2567285874535298e-13
-2.6363596934241795	0.4527118621856882	-0.9852169995007993	1.3346733513390998	0.7369560620270069	0.0705513651833475	-1.0678220733822164e-13
-0.2987174735850155	-0.26084014368403846	-1.1473257024690344	1.1599213341452232	-0.044366160073071904	-0.02971561829576179	4.5152578491427116e-14
-0.39691114573358416	-0.7816109960550203	-0.9262531731466834	1.0102970428210996	-0.0523168902665534	-0.029612587965090604	2.3058016073822425e-13
-0.22220434279867451	-0.9724808937476909	0.4919413806331139	-1.846248452854677	0.07774668169167868	-0.026856097972380005	8.63628098119832e-14
-0.9536714631293582	-0.463370542528185	1.6107985749254103	-0.5342823199271646	0.3627253345774052	-0.024596333711513336	-5.1498082415643225e-14
-0.36655196588788996	-0.19110744782638972	-1.7598868340719647	-0.28506373237778415	0.005931537462512855	-0.029495954556732783	-7.146088190574239e-14
2.529150018580355	3.2377374595833577	-0.6073252950538445	0.9627551429395931	-0.46138050326598457	-0.02318540770377884	1.788265858624925e-14
1.1121416245409568	-0.80832966861252	-0.42752458581681224	0.77693810912106	-0.45904607707308664	0.005462247143053617	-8.994155539589728e-14
-2.96996787180694	0.22104634793672862	0.9480202869016187	1.0137842690459877	0.9407621305458127	0.08344838181002424	1.6749707513965385e-14
-0.9057636148376489	-0.6155279363213585	0.22435811195649177	-0.10569346748449576	0.2312602030299888	-0.02671532316722987	-7.277639926696703e-14
1.0048920854904497	1.0517595103635082	-1.5330594400972881	-0.2407487586539916	-0.2533958589779427	-0.02724080996314205	-1.0365902897579952e-14
0.31611135215801683	2.893779180044425	0.8123000305043947	-0.45679987540552497	0.3012462244813449	-0.0064949254493863375	4.282732926201711e-14
1.3451723998293026	-2.109165926138691	-1.387256014535135	-0.5782233278824485	-0.6655104496130397	0.059836572428443494	-3.525036507385738e-14
-0.795059127482223	0.27190524454871473	0.32819483630085033	-1.758371418376101	0.3693649771439427	-0.019503216777296193	6.480619111616785e-14
-0.22108203606797952	-0.3338883654563642	-0.7263924976283874	-1.546853721970459	0.06107971349864246	-0.029597824402010135	3.2128950612611542e-15
0.03704021803333671	-1.4030434049475913	-0.10427921889695933	0.1724478720457602	-0.163363638845323	-0.01828865810081492	-1.7298710853895794e-13
-0.8482147854018878	0.05314928492862779	-0.28805274989299456	-1.7298983889843538	0.3231746251766631	-0.021236999191711372	-4.5758693721725814e-14
-0.4891202568059567	4.0737288728521115	0.682617764204167	-0.846762324040113	0.6830809649922678	0.07128589808302593	-1.0080875358714131e-13
-1.0637970701410515	-0.7204487889777587	0.4978964539704227	1.5788102441748904	0.2140111812083256	-0.02548548089964312	-8.31266379759893e-14
1.8724304058246106	0.506885480983278	0.19043189592760795	0.894223867807561	-0.5094599850182862	0.005315168447616812	6.935644567150223e-14
-0.4710567599692464	0.028579973913703535	0.07174498505469164	-2.1085883565070023	0.24540583989700054	-0.027137181908421695	3.0585652618953104e-13
-1.0156818082204095	0.4184472831088353	-1.523648352448577	0.1400914283148675	0.2624909730945702	-0.011520447388615252	5.116143107505208e-15
0.7831472308897786	-1.084055030687625	-0.684459586555152	1.5178112635542536	-0.43799794100926887	-0.0014679112082370876	-9.642749577946306e-14
-0.46850007336652777	0.03042811485133744	0.8272959891950085	1.0791223127008231	0.15923196334820447	-0.026996451941369723	3.8357873162140474e-14
-0.9994975974468109	-0.4154308632312711	-0.38444049200334524	-1.8833580374875099	0.31749037314245643	-0.023736537589571408	1.1796243098942309e-13
0.11849735254991912	-0.2063141109835894	1.4438788931794964	0.09404633428865353	0.03717405409164596	-0.027383869526437295	7.048122024428937e-14
1.8935934902211369	1.2057038414878922	1.2557238952674354	-0.9062226940916787	-0.30364158066707475	-0.00820566045897186	-1.7050765899616946e-14
2.1031102608818903	-2.3367324040441986	0.2869387697787828	-0.013208484961490958	-0.8303711531021774	0.13355117542393763	-1.312544719572213e-14
0.7455824717457982	-0.8864612649947133	0.13889096662634312	2.0778735330047096	-0.3796473179786306	-0.006367943476374853	-1.579893965257081e-13
1.2835121685876176	-0.7845370190545771	0.8716997581751085	0.3624836346282518	-0.4115968046293992	0.01372312670938066	-6.830404357904842e-14
-0.5683605109801063	0.33623591988437096	1.5253207886160864	0.18131569248938212	0.30094232278614835	-0.02299526313557322	-5.803167425907873e-14
-1.46814595120099	0.14119015457833298	-1.4027100789184843	0.6398019010644804	0.3540270227162651	-0.0019341102907287871	7.724665700586818e-14
0.9318577881550827	1.333128140559846	-0.6592508787219991	0.9083561989529829	-0.19630694470941445	-0.028721778257150766	-7.726507051263122e-15
-0.29101589248788534	-0.8384053351304961	-0.9338320561405621	1.4626283944881382	-0.10876753653522432	-0.028921534430718748	-3.048437424478863e-14
-1.3930183607377093	0.43534124285605785	-0.23020150810338127	-0.6591525543868385	0.4875338907211479	0.001803785384419043	-9.022034589332606e-14
-0.5973323553899248	-0.5800130226301675	1.13155161437558	-0.7735928172708771	0.22536380162305503	-0.028685128027052195	-1.274724898120019e-13
-0.11626855651423652	-1.2672671040587575	-0.18789065351299525	-1.0775331486456043	-0.057444958419392976	-0.023208091829637588	-5.4856459635267206e-14
0.31984592821900476	-0.42465924856345083	0.37322242828130225	-2.070390582094362	-0.020968279725195226	-0.023805942565051457	-1.0733589925617311e-13
0.14781163471031153	-1.1158294887763163	-1.3701772682878408	0.7373323328429056	-0.26423407815280453	-0.020479153976302907	1.5525238331083647e-13
2.1258862906730864	2.8051655581844948	1.6342741133504441	-0.4289295968811914	-0.19763196194719815	-0.024211102893690977	-4.6644046668539935e-14
-0.934547165078598	-0.26987715303013593	1.7664851895551508	0.26129670194337756	0.35483250951927026	-0.02301958042300811	-1.6318245053806447e-13
-0.5917368277197973	0.27183275573030824	-0.5757415074347934	0.34502379292173047	0.16831617519950065	-0.023579011786638942	-8.330115040990991e-14
-1.6484603189714286	0.3691992574300148	1.4819791132264728	-0.7892064620125391	0.6646567955924021	0.010476442513628132	-2.0243381329169834e-14
1.525797849556307	-1.934717322540144	-1.409057682084516	-0.4989384638273194	-0.7041292353804356	0.06513309324755014	-4.7145413962382605e-14
-0.1919058773045292	-0.368422326487816	1.9502081604949342	0.03837973179522539	0.1439859381090787	-0.028451516729724388	-2.28280780122129e-14
1.606533133640908	3.243982799403637	1.1497647136564388	-0.7871285967665417	-0.011000836137048093	-0.027416511305584795	-1.715833994187208e-13
-1.1030471638211552	0.5528522658899081	1.287756542547847	0.06795786619855626	0.4746905033793812	-0.006296011983153221	-1.2516303386134137e-13
3.046674329525317	-2.017694348348809	0.984200005463723	0.5125550081596716	-1.0474488269174627	0.21145972067333682	-5.6045479868615057e-14
-1.2360139921403264	0.6545720598433138	-1.5668868900686486	0.3322171165039631	0.3440051285731451	0.0010214879123545974	-2.316700857829959e-14
-0.6230625002613952	0.012800782760514887	0.14087020192160993	-0.00923807732683848	0.20680442259331794	-0.025422766698426545	6.655330787027708e-14
0.4955287576087313	-0.2644043604397433	0.7741692372633667	1.4638340554410223	-0.17654241303828894	-0.02219926509768225	-1.3220940466185875e-13
0.8115092695882491	-0.21553377446525734	-0.2165451706932677	-1.7470604908603478	-0.1917112785572851	-0.016391899884864666	-7.167527376331263e-15
0.5583387854995419	-1.4994203729499416	1.1236942819020288	-0.20047718777806353	-0.2374154407682083	0.0009586085420226411	-4.81056307714138e-14
1.2957046506831273	-2.2966935220734874	2.2031347613209964	0.10444390244705257	-0.483397151180201	0.06866281204024978	-1.008049217800219e-14
0.32001493232889106	-0.8381038290748889	-1.6635545376755865	0.6719550554216008	-0.30000208487813623	-0.020460917039151462	-1.776131465939383e-13
