2.5452466	-0.082128234	8.879979
7.6352363	10.270123	1.0916792
2.6006825	-6.6652803	8.985308
8.815045	23.144922	-6.6565714
-4.619627	-5.822333	-5.473824
-2.754408	-1.209171	-7.4777775
3.3370461	-13.065594	4.7800264
1.6803286	-6.1700096	5.353757
7.4984975	19.536179	-0.69982344
9.218114	9.718385	-5.4992003
-7.253778	-6.4460783	-0.70829
-8.064945	-4.9262953	6.3418145
2.0757372	-1.5145828	9.102267
-13.466881	0.25935596	6.1105275
-9.949543	7.318672	3.8158135
-3.747463	2.7060077	-1.8272313
-8.350984	-1.0361538	13.538868
-0.7966537	-6.816083	12.760685
-6.8687997	-2.091674	3.6724384
-12.737406	-4.0010195	-0.4278133
9.4911375	-5.299885	-5.9354334
-11.465275	-10.075467	-1.936654
1.2901659	2.962021	6.7168546
-8.274087	3.5427282	-6.0848403
6.97554	19.083073	-6.8507047
0.50331485	-2.732507	-2.5305626
-7.768148	5.437915	-0.5647139
1.9850706	-1.8155545	-2.2459753
0.33659345	5.0350103	2.02274
-4.7096744	-0.2577285	-11.324683
-9.18254	-3.8341978	-8.540332
6.582661	-10.1865015	0.06877838
-0.511723	1.1708341	-4.755406
-11.383968	-2.9089813	-5.9075284
-1.2994387	-13.156914	-2.256391
3.3132443	15.795264	-1.2513963
3.724209	-0.15369506	3.2629664
1.9388864	19.216288	-5.224533
0.07577264	12.621477	-8.115011
5.4778414	3.4159853	8.324471
8.63377	21.327	-2.9235325
-3.3428388	-9.283822	1.1527872
2.459117	2.5449746	2.5326147
2.159971	5.4313717	2.4853156
-8.641566	8.265946	2.1545496
4.9768505	14.77602	-4.644527
-5.4827614	-3.4954712	1.6758211
9.558458	21.465166	-6.8620434
3.0179658	-2.091367	9.771483
-11.281418	2.9559343	2.5186284
-2.6420608	-8.600152	-4.1088014
-3.093408	6.5959325	9.771402
-5.4105372	-2.39328	13.5394745
7.4385424	2.4642763	3.6238782
7.3273153	23.648571	-2.6263688
8.813813	2.4394197	7.8770466
-5.730702	0.76883906	-3.9574976
-3.352931	4.2721243	9.836066
1.6356432	-0.6938862	10.414258
8.805965	5.536591	-5.9601064
-11.785618	-9.286073	-1.6671909
1.4755974	6.0368733	8.22442
-10.097025	-2.4086738	-4.2179403
-9.867839	0.13886528	8.226089
0.5970344	-9.964129	-8.278592
1.324487	-13.938814	-3.015858
5.635887	16.074192	-6.359279
9.0686865	21.834623	-6.4288993
11.515151	13.697759	-3.9939663
-2.5072336	3.8361683	1.6534666
-1.4425999	-9.459718	-7.8244824
1.2100186	-14.788561	-3.3107314
-0.9108396	-1.7149585	-0.08977668
10.905242	6.26598	-7.72277
-13.302338	7.7933645	2.2933075
-0.41262797	-11.708917	2.035703
-5.8532524	-11.777579	-3.227968
-3.0363462	-1.673414	2.75605
-2.7884252	-10.008358	-7.429347
-14.146423	-1.2921385	-1.266828
-1.5486717	2.1210067	-10.849857
7.0562997	2.070202	5.3779144
2.7724538	-9.747063	8.024374
-8.631765	-6.3246784	9.442789
5.154992	14.951326	-5.166835
-4.329825	-0.22639647	-4.292023
9.284634	-1.7947196	-1.1469862
4.1537905	-1.5065817	4.185756
-2.0730567	5.366957	9.520863
3.844111	-5.0693827	-8.001426
-5.84476	-8.83864	-4.2210994
10.353874	-2.5007174	1.6151553
-8.772656	-5.8583317	9.325061
-1.4539388	1.3192298	9.911696
-4.8104177	-1.6543374	6.3982687
2.7566578	12.016276	1.7667472
2.6767519	-1.7223567	-0.4261761
5.8412004	3.8828478	7.382451
-2.6156695	-6.1115727	12.695443
-4.8761683	-5.025048	10.553158
-10.5489855	-2.8987498	-8.185883
-5.322231	0.30838278	-10.321361
-7.414901	-7.3322425	5.0887704
-4.450889	3.4413397	-1.8108697
1.7447193	6.29156	7.2101088
0.61611956	-10.360511	-10.313028
3.408113	-15.170634	-0.13729945
5.141512	6.0020785	7.977452
1.0244966	-2.0984204	-8.366197
-5.524208	-10.441153	0.6047232
-10.992737	6.6406255	-1.907415
3.773296	4.722462	-1.5291377
5.710776	11.885825	-9.027629
14.36464	10.337256	-6.106174
-1.8386168	-1.9942423	0.96116513
-1.6508472	-6.921905	12.247257
-3.9520428	-6.8475285	0.2891184
-6.654866	5.2467346	-5.3434367
-0.14474408	-13.985023	-1.3155525
8.606731	8.177729	-8.742612
7.453374	-2.985986	0.47390488
-7.5907617	-2.1559274	-5.6711044
6.7260256	-7.312057	-2.3985856
-2.661277	13.438333	-5.48308
5.5545173	-1.6160195	-5.7052827
7.0503983	-11.7359495	-2.7077599
-9.954794	-1.5913789	7.281156
-2.3175597	0.97214544	11.658062
-6.1575727	-14.255904	-3.9266524
6.0148406	19.001478	-7.3076777
-9.422566	6.959909	2.8886209
-1.5565624	0.15506269	-11.177593
-3.9324799	8.303574	7.727423
0.97180647	-2.6304727	-8.741056
-7.007221	-0.53310543	11.755145
2.3185167	-13.864145	0.37968388
-8.827013	-3.5864894	10.255217
-1.332466	2.3579128	-5.2897625
12.30473	12.914143	-4.5140696
-8.710164	0.9743758	-7.5504427
8.84912	19.518261	-6.3834176
3.5420973	-11.845979	6.583596
-13.888859	0.2492498	2.1420703
7.1838784	3.1647847	3.9787936
-0.18383837	-5.2534013	-2.7176235
9.163247	-4.001843	5.5681767
4.555527	26.501276	-4.633972
-9.539264	5.7281494	5.608868
-0.9655177	-9.443562	10.506737
3.6662185	0.6485876	-6.122788
3.6319246	0.85662395	9.115853
2.3974283	-1.0846913	9.081967
3.2209873	12.743053	-7.410453
3.1648412	-0.21582583	1.7638227
-3.8805137	-12.610437	-6.0126076
-8.931052	-4.950906	9.1447115
3.2921844	-15.462894	-0.18325856
7.69562	12.219243	-9.321061
-10.491981	-2.802597	0.37358215
2.977612	-6.992953	2.9667246
-9.102425	-4.7133636	9.086738
10.218373	10.197304	-0.38855323
5.286356	-7.564713	-0.62256557
-5.0242734	0.6997763	-7.0262804
5.5134406	-7.8113785	5.7065797
3.3985376	-2.8947973	1.8342848
11.292193	13.264177	-7.1302066
11.0929165	7.3134933	-7.6613946
8.106187	18.7939	-3.980524
-9.587532	-2.7528853	-6.499438
-0.7063092	8.277849	3.867266
-2.3762674	13.578508	-7.266834
-2.3815925	6.2888494	10.552656
1.562361	-5.2967772	1.6701962
7.6132956	21.254486	-6.6972213
13.058316	12.283315	-3.3550293
-2.8567736	-5.233649	4.7917037
10.310013	7.8379755	-8.120377
-0.4844266	1.70673	4.8192196
8.740446	-11.416532	-1.67373
1.6165494	-7.3807406	9.850274
-5.5594635	6.03867	-3.8807936
-0.8123685	8.187425	3.611319
-3.4528708	-13.551338	-5.6208897
-2.5773962	-4.5234537	-2.5051787
7.5001535	2.7438147	8.681743
6.9512134	2.109891	3.7998352
-6.645886	-9.651631	-3.596172
-9.686591	-5.5063686	-0.20629145
-11.227674	-1.257259	-0.85958636
-4.2424736	2.597098	6.5269217
4.1338696	-4.19025	6.1648936
-2.471647	-8.016682	11.639493
-11.000551	-2.2569418	1.6415046
3.4810581	5.5451427	8.194757
-2.463699	-10.075003	1.8969933
-6.8393383	1.994795	-9.806401
8.432739	20.04572	-3.573127
-0.8953495	-2.714913	11.221467
4.585034	26.739407	-4.4901333
-4.912461	-10.114599	5.9969997
8.033509	0.24744233	-0.73505604
7.1905317	-6.146007	6.55653
11.667175	12.147473	-7.3704653
-11.813645	-3.3285275	0.14725998
-2.1429062	8.636054	4.9226375
3.6555145	0.8966015	9.990156
0.04166244	-8.44458	-0.904888
4.9161935	-0.7163782	-1.2870307
8.262511	-12.757902	1.9074538
-3.9415793	-13.352727	-2.4325056
11.08196	-4.077053	4.5156636
8.127934	-2.6456053	-3.5504525
7.1541123	3.7945979	8.868362
-8.43226	-8.675909	-2.4276812
5.113567	-1.0192024	-0.7560412
5.526845	19.205473	-7.188052
6.301714	14.527234	-0.016173525
-4.659763	-2.308356	3.9014862
3.7860637	4.250746	-0.93644744
10.985076	-7.7757564	-6.765052
-13.237747	-1.8935255	-0.42180455
-3.5125184	-14.417385	-4.3159986
-11.939442	-1.7217162	-0.7936914
1.0830584	5.6481547	0.549362
6.6893396	-5.867811	1.0727283
-1.1260713	-1.7134197	6.4936695
-5.505067	4.8187003	-0.31392872
-12.563314	-8.91552	3.2202885
7.2672067	22.395555	-8.063732
-4.1336694	3.7900481	-8.26923
-3.1070323	-8.459823	10.03689
4.95232	23.139675	-3.7209177
-3.8730013	4.14428	-7.0868354
6.6536903	-11.936722	-2.307433
7.2842364	1.3134333	5.1807256
-11.647706	5.3216896	2.4922917
4.5992084	4.5466614	-1.7577709
-5.103761	-2.6519837	1.7214347
6.4475365	23.715788	-6.393704
-3.9903297	1.7413534	10.693606
1.9810939	6.717939	6.32158
-0.86674494	-8.337819	-2.436656
8.868839	-4.242836	5.5711293
-9.933962	-3.3462589	8.158007
-3.3744423	0.004814105	-4.3707075
-0.24206744	3.4348762	-1.4473858
-3.9189668	3.0931063	-6.2301702
2.582145	-14.344817	-2.1169963
6.445779	2.1556065	3.4092908
-10.770165	-2.7202928	-1.0291439
9.8533325	-3.7792826	4.6937547
10.144559	-9.356084	3.545647
3.4543486	-9.496354	-6.2227106
-12.530926	-4.544563	2.7770257
4.689926	23.072578	-2.7960675
10.446245	-4.1931367	3.8740752
-4.920065	4.2203226	7.417616
3.597259	-1.5490569	-5.612808
3.371174	-6.77856	1.3902941
-6.592886	2.5749798	2.0162365
-0.87080145	-4.63672	13.91534
-14.693484	0.84271526	-1.2516801
-7.052654	4.8137126	9.069775
-2.4521127	-2.6646724	-1.3686938
-10.694722	-0.366747	8.767559
-3.9734247	-12.441402	9.444353
-8.227231	7.332137	-1.7719043
-2.1200178	3.2645001	2.6869571
7.408623	10.001547	-5.391747
7.857003	-6.7457757	-4.1224265
-8.279297	3.5834188	-6.086756
8.774731	-3.4441228	-7.154033
-3.056988	-7.3606124	-1.3501264
-6.4262457	6.8926964	1.7020313
7.828557	0.38905755	-0.86759526
8.592349	19.82502	-6.9705524
-6.62711	-4.191115	10.716827
5.0608134	22.971174	-3.8291864
-3.77365	-1.2838941	9.126581
2.6159925	-0.69624364	3.4952781
-3.7736433	-14.64043	-3.0364075
9.384275	-6.8262854	-1.4498355
-7.3783703	6.783602	0.38555944
8.9947195	-8.924829	-5.8560696
-9.765157	3.0255597	-5.9532905
-2.7754033	-3.0351393	-7.5493608
-3.5939486	-13.26465	-1.4397225
-1.9178652	-7.1863675	-1.1317831
-4.1136813	2.622263	-1.6055984
-8.466584	-8.859389	-2.6554737
0.85530645	5.3931556	1.5911715
-2.0773313	4.582481	2.2471578
1.740198	-10.937684	-7.474818
-1.951593	-9.501788	-7.8468757
-4.570178	3.1966271	-9.894206
4.0208883	-6.416093	-1.2989459
-2.8404918	-10.591696	-6.933776
0.8025298	-10.03432	-1.1984158
0.5427211	-8.683031	3.6140203
-4.893966	4.0761843	0.0317685
-3.5054722	3.9839876	-7.128266
3.4393606	-6.6933074	-2.0633094
5.97376	-0.044428356	-0.45782006
-2.736355	-6.347632	12.686285
0.648712	0.09492526	7.831892
11.502735	7.515797	-5.0707126
5.268802	13.413206	-4.9952765
0.21841629	-6.9427485	-2.2506552
6.431076	13.322083	0.44163135
-10.027094	-8.988097	-3.7045891
3.8799312	-10.837908	9.353681
1.9624107	-7.445631	5.887627
9.688115	-0.4342816	1.7984109
2.1662314	-13.256855	-3.4703677
-2.8579626	-5.1506186	5.1865973
8.023368	6.6693	-3.6205351
7.284577	19.377369	-7.054696
-3.7062876	-11.230121	-0.04138959
1.6700636	7.530102	7.3434467
-2.225486	-7.001826	4.2700214
7.649014	21.39374	-4.5975504
2.4541361	12.716062	-7.8040314
13.301206	7.029471	-5.5796614
-9.433782	-2.3680322	6.657674
-8.387942	4.675166	0.013049777
5.020753	-8.47438	1.4411608
0.52829355	-9.98868	1.1463435
-14.4810505	3.637443	-2.3160868
-3.6295812	-15.22316	-3.0385313
0.7282981	-0.56072634	10.713802
-5.1053567	3.3275054	1.3909583
-5.197556	-9.483893	1.3557876
-6.306609	-1.166816	2.4174051
9.411256	-4.1031227	4.870043
-1.7222308	1.4474183	-11.001792
-11.405225	-7.2488394	0.9710059
1.4518375	2.1429055	3.4475243
-0.7582708	-12.523584	-8.421669
4.454993	12.791833	-0.09191526
-0.3138169	12.549285	-8.993098
0.700597	-2.6592734	9.059578
1.7853376	-0.21900927	-9.13276
-4.9729114	-1.6069187	-6.339913
-2.2484457	0.63471293	11.030099
1.7683846	-2.7049558	1.2023519
-14.141203	-0.90589905	1.2133893
-12.966997	-4.096726	-0.353637
-8.303594	-4.269208	6.2682133
2.2920625	4.595318	-1.3762387
5.956727	2.7470875	7.502534
7.8864703	-8.840172	6.262512
-0.8445371	-11.951718	5.570774
-5.122438	-7.2301474	1.0818158
-4.230935	-8.787766	2.3516984
-4.8461556	5.7033844	3.3172626
-2.1232398	-3.9799905	-6.7757816
6.4352474	10.2652	-5.032259
1.6479928	-1.305855	-8.790371
-4.4823527	3.7423825	-8.249321
-4.1565185	-14.430222	-2.8552184
9.381899	-6.859075	-1.5200503
1.0091684	4.23401	6.8527894
7.651194	6.563229	-3.201206
-2.3713498	-12.590984	1.5590196
-5.457301	-4.1571255	-6.5352807
8.603129	12.075395	-4.0443196
-5.542701	-10.627429	0.21915005
2.8687575	-0.06782579	2.059111
-4.596655	0.4071693	11.744791
-0.0494312	1.17535	-9.10011
4.0893354	-4.7796035	-7.1475296
4.886661	-15.05388	2.2792437
13.388863	12.416321	-3.0156295
10.234198	-8.386378	2.6758986
-4.951152	4.593449	9.178809
9.988274	10.21571	-6.1766243
8.364111	9.704819	1.3502886
10.64676	-7.5744095	-6.720305
-5.40591	1.5568902	-7.599358
4.0409493	12.46907	0.6741513
-6.825378	-4.199799	10.718198
-1.2078748	10.957661	-5.6580286
-0.57314193	12.3735	-9.52822
-6.54092	-0.6481471	-5.782544
7.72857	12.946166	-9.015879
1.7321088	-2.3111553	-6.9653635
11.967751	-7.96678	2.2845345
7.124828	-3.8129783	2.3943706
-5.689597	-2.1955888	11.424105
-6.90224	3.3369641	4.3474693
-4.0593414	-10.641458	6.4638996
-11.228934	-1.1564702	7.4616985
4.948001	-13.087894	3.3127592
3.9207258	-9.93631	-2.191296
-3.8830566	0.49676275	4.0280848
-9.063819	7.22435	-1.2664361
3.7781808	-12.244332	7.480567
-1.805697	4.114796	10.559797
9.167891	-3.387693	-3.3208876
-12.408432	0.39787906	4.274024
-6.0686197	0.5804004	-9.962411
9.714157	13.994088	-2.5855036
-2.0598166	-4.153878	-0.18727791
3.5942326	12.859539	-8.761633
-2.1017067	-11.867735	0.40401033
-6.270869	5.4717207	1.4244359
-4.5368505	-4.191652	-8.774946
1.6012255	-0.5423083	11.136293
0.62637293	-10.396696	-10.337641
0.6287954	-8.490265	9.249954
3.24496	19.97713	-1.6304882
-11.5171	-0.8764258	-0.9750567
9.202998	-3.4753857	-3.483585
-3.2455323	-9.0119915	9.383275
-4.729654	5.2807865	7.0551314
4.819166	-11.988693	3.8169487
3.2568486	0.8031839	-5.2945166
9.132554	-5.424393	-1.295982
3.5836194	-2.1107426	9.737469
3.2172225	-14.694349	-0.9543202
8.477584	-9.308653	-2.4296987
-9.823966	-9.812685	1.820432
5.9578986	-6.365672	5.041064
4.144928	-3.6368933	5.9648433
9.19726	-6.4600925	-3.8756
-11.961382	-6.2406006	-2.5002623
9.274115	20.82013	-7.0218863
0.047303297	-12.775832	2.559249
-12.275891	-1.7767323	0.83093804
-10.94186	-0.83789015	9.087299
-13.704456	1.9385442	1.2392185
4.668881	21.390694	-6.3381414
1.3945824	-7.6070313	9.731837
9.93717	-6.5548534	-1.7460673
-1.0644681	-1.5930164	6.378179
11.20583	6.066792	-8.34218
-9.061063	0.0043096077	-2.2703674
-9.914944	7.7787557	3.865299
5.2733583	3.7961822	2.71877
1.8158308	-2.2790506	-2.1695147
-0.6920165	0.63257957	5.4945025
2.8366742	16.667654	-2.472115
8.218629	18.896301	-6.4481792
-8.581283	3.5251658	-0.20024264
5.1895027	27.160227	-4.6757708
-1.3278594	-8.316331	-4.3997726
-7.471642	-0.43539092	6.8313246
-4.439186	0.5429091	4.4948072
-9.024304	-1.8007787	6.036179
-0.023570916	-0.73786193	-3.072822
-1.804167	-15.874841	-1.5630366
3.4604754	12.7358265	-0.58895534
1.517449	-8.745653	-7.3824205
-6.4004974	-1.0017676	2.1257563
-4.3790603	3.9851825	-8.211391
5.345886	22.058758	-7.266992
-8.599181	2.4930627	8.487032
-3.4123795	3.3681614	-2.9048228
-7.730457	8.774592	3.2407746
10.605601	-7.0432825	-6.277682
-5.8726916	-9.405994	5.8310146
-9.302033	-3.9227865	-8.584629
3.8289897	5.9148183	8.195808
-0.009635365	1.9812927	8.603385
-4.480409	-5.578031	-5.2481675
0.34771863	-8.404907	9.612076
5.8523974	-2.6977963	-6.339464
-2.2602181	5.0024037	2.9557867
-8.013521	-3.932589	10.442217
-0.93580425	8.156688	8.639858
-11.608814	6.6124263	2.0900526
-12.013105	-2.4411023	0.5403605
9.776056	10.143489	-9.533523
8.158413	-7.98785	-5.898569
8.186019	18.512207	-3.7526042
7.5744762	3.9005117	5.6244535
1.3475204	-2.2749653	-7.649056
8.513923	-12.66909	2.480252
5.670774	-8.126102	-4.619246
-5.695507	-8.1434145	-0.8008406
4.3938117	15.533602	-3.4198966
-9.91349	4.227312	-0.99592555
4.188052	4.202736	7.252251
-6.798534	-0.78306675	-5.1792355
3.0649154	15.898162	-1.7047651
-12.153116	-8.814255	-1.3054798
-6.184828	4.0913105	-8.971374
5.344178	-12.152638	3.4211085
4.430498	-4.74162	7.3099327
-6.8886337	-11.289362	-1.1561472
9.555002	-4.5489206	-4.835906
0.24963956	-4.713406	1.8819551
3.1943786	20.888004	-5.857463
7.4035387	-7.989126	5.025106
7.404504	22.287956	-2.4035869
-4.980494	4.166581	-6.746369
6.7095885	8.916224	-3.816754
-5.5804977	4.3128633	6.647767
-12.449497	-4.081707	0.5256581
7.511731	-3.1393204	1.6551982
10.862178	8.860987	-9.029482
3.0034084	14.595174	-2.200967
7.8804326	7.4305267	-7.504536
-4.936219	3.5707505	8.516134
6.0261	13.04145	-4.5203595
-8.659251	-6.706078	-1.1797452
1.9777921	14.310541	-0.09742845
6.3912654	11.847027	-9.040886
-5.4539337	5.8546295	-3.9147868
-7.676086	-11.537602	3.5556939
2.4807723	0.024097228	-3.7823923
-4.774927	-4.6818323	10.704421
-4.3143196	5.8129773	3.6665413
3.566415	10.114301	-6.7663884
1.609232	-7.4816365	6.065203
-0.8441938	-9.319042	2.8377512
3.0957606	11.9968605	1.487818
-1.3121666	-4.841968	-3.702189
1.4627857	-5.822415	5.268625
-13.921169	-0.007162262	2.1079597
8.589475	-0.47151476	-2.0012324
5.014947	14.497198	-4.7153187
8.6001425	12.822593	-8.761365
-4.6434073	4.66088	6.433134
-11.917734	-1.1275036	1.0921371
-10.412472	5.1833773	5.3080273
-1.6373641	-4.866219	-4.243947
1.4525485	2.61005	6.7890263
-8.117385	3.0251095	8.723263
1.1253456	-7.699005	5.6569366
-9.80196	5.9475236	4.649514
-3.8877442	-3.0430732	8.835673
-10.164288	-1.8193463	-1.4256384
-6.993598	-3.1622097	5.129504
6.7836156	17.386406	-8.830127
-9.453916	-4.016802	4.0853295
5.876165	20.062185	-6.883896
11.738393	8.342541	-3.6033618
-1.944174	3.773406	1.0617905
3.5926251	-6.4968123	-0.883172
-10.88381	-3.9598465	-0.54127693
4.0246124	0.87417555	10.439514
0.7300354	-14.940984	-3.594111
-1.2092444	11.008029	-5.665287
2.9706817	12.774265	-7.3547735
13.303514	13.282878	-2.971778
-4.3657837	-4.4866347	10.088276
5.48746	-0.41544247	1.9040974
4.8131332	20.538797	-1.3299772
0.39210394	-1.7381291	-5.79527
-0.76279116	2.8443372	10.434954
-0.24800201	-14.971074	-3.9056895
-4.040412	-12.55445	-6.0088367
1.7804036	-1.7060968	-8.642665
-6.6459503	-6.82597	3.813156
-4.783444	-1.1935835	7.5460806
-3.45948	0.77627635	-1.8150125
3.8036492	-1.5599169	9.882348
-4.825929	-2.5139337	2.145172
6.695211	21.46991	-7.3720326
8.724059	-9.277751	-2.2573824
4.6552887	-6.852249	4.246516
-2.6243155	6.6282644	9.759837
11.742702	11.688289	-7.071327
-3.8019843	-0.39920148	4.680206
-11.38376	4.869242	-4.0805197
3.743453	19.985483	-3.6820326
-13.549128	0.0005700924	6.278242
-10.813331	-8.87041	-2.0964005
-0.18604676	2.6478968	9.944542
10.159401	-6.707681	-0.836234
7.0868278	21.612904	-6.6693444
1.48432	6.9564104	7.7444744
11.300348	13.265726	-7.0499654
-11.842449	6.551351	-1.9069314
3.1501644	-4.668843	-7.7019286
2.977945	-7.2554216	-3.557285
-9.17072	5.8477645	4.505385
-1.6525135	-11.7635765	7.548266
3.3984606	-0.9599161	9.4286785
-1.8933668	2.8940198	-6.6757383
8.232318	4.721101	-7.829246
7.46605	-12.082356	-3.3739474
7.2759953	7.8121586	-2.8184593
11.808614	12.286823	-1.5515686
-3.1560094	-0.27319944	6.328544
-8.75019	-2.703372	-1.191598
1.9401468	-8.148588	11.973397
-7.79028	-1.0890521	13.453439
7.7022862	13.1884985	-9.436348
-0.56575644	5.4139132	5.95766
4.691941	-1.9156578	-5.14046
1.1300579	-2.8142924	-7.262687
-2.264211	-15.7927685	-2.9334366
-10.234672	-7.7532225	2.966416
6.31625	14.711036	-6.079571
-6.474424	5.571563	-4.924147
-11.5817585	-9.319852	0.3176664
4.377938	-1.6733899	4.3581004
9.132976	8.946938	1.2002922
-6.431807	4.4077773	4.3350253
6.2872357	-2.2086122	-5.416599
5.2772603	-9.876697	-4.5626926
1.2423984	-3.8381453	-6.2107897
6.754877	-11.514406	-3.383987
-6.1698666	-0.044762745	3.4172356
-10.745235	-2.6830075	5.218838
-12.009224	2.0889444	3.753904
7.199289	-7.5190616	2.4478488
-2.0464282	-12.006275	-0.19613785
4.524329	22.54079	-5.817582
8.645603	20.204243	-2.430087
-9.075133	-0.6340447	-2.5550892
8.762328	-10.411422	-4.24814
3.18317	1.0654335	-5.7623477
-3.57254	-10.361532	-6.232407
-2.9312649	-14.106594	-4.296321
7.3575025	2.46307	5.4294014
-0.82004786	-6.0369754	12.457126
-9.510991	-6.001423	-1.133109
-3.9517732	-13.902483	-4.3009853
10.378677	-7.282983	1.4403328
0.7836762	-14.184776	-0.93461424
6.9068236	-7.4117174	-2.4725626
-5.8667693	-4.2275524	-7.1483293
-6.2902074	3.6702273	-9.82241
7.2507496	12.424942	1.3778248
11.077127	13.579228	-2.4525523
4.173678	-8.924904	-5.6443195
-10.821942	4.608399	-3.230863
8.7873535	-6.8076653	-6.0927796
-4.6539574	-6.117082	-5.7170305
7.535655	19.514074	-0.69288516
-9.477039	-4.042747	6.4762397
-2.6466231	13.371333	-5.2892194
8.987697	0.030735584	3.9438908
7.3155036	21.182926	-1.7800094
-8.903619	4.531555	4.920324
1.1062155	13.224011	-7.5953903
-1.5241963	-0.95263916	-2.5653374
13.309125	11.29726	-6.666191
-5.311828	-7.303714	-0.64124864
-8.609433	8.902205	2.4332366
-1.5322909	1.7806392	5.4329705
-4.1374125	-4.395866	13.214878
-13.476264	3.6064622	-3.072977
2.4592633	7.0689993	7.966689
-6.3127375	-7.6086555	-0.74562436
4.336234	-4.8061285	7.7781615
6.5694714	-11.428704	-3.735933
10.374765	-5.2502155	-1.8280436
0.6133819	6.3114815	5.7362566
3.2436182	19.741405	-4.4039145
9.027931	-11.01124	-1.0493721
3.5068636	-2.1381006	9.799343
-1.53814	-3.1408014	1.0962853
3.1172748	1.2155614	1.6168224
-5.832894	-11.235525	-3.481993
-3.2877517	-4.5120907	12.151151
-6.4882455	-3.3950279	5.8843613
-2.0368586	13.37597	-8.034774
1.3619876	-0.043334518	-9.390146
-4.1628165	1.2683654	4.479772
-4.042281	1.8358114	-7.546797
-6.2444496	-11.076498	-3.6195793
2.763519	3.7075095	0.048858076
5.55551	-10.402301	-4.1834617
-13.483698	3.6069133	-2.8135967
2.262628	-8.058236	6.010487
7.0658584	-6.3426337	-6.925851
-11.969532	3.2020252	-2.348156
-5.2638283	0.14912345	-10.436187
-7.378661	-7.163631	5.561808
-2.711168	13.512546	-5.6770544
1.1437111	15.439828	-0.104651675
-10.947295	-4.1871066	-0.63822156
8.54251	-8.136607	-6.241799
-1.0058471	-13.721729	-3.9281232
10.331099	-5.7852254	-2.2931821
1.5724123	-7.705134	12.276339
-10.3700905	-3.0286913	-8.2146635
-3.3567512	2.1801076	-4.5375175
-0.0032245924	-4.8713417	-7.0354137
-7.5357695	7.640329	-0.90005445
-2.9779203	-10.2157135	8.415841
1.9073896	5.66154	0.58071965
3.6489089	22.126797	-1.9822011
9.993262	9.861286	-5.16418
-4.6924005	-14.561154	-3.8619401
-1.4775486	2.3455033	-5.3943696
5.5474234	-7.292416	4.0343065
-7.510316	2.090025	2.711724
6.660501	23.386026	-4.5894976
7.0483513	0.3311284	-0.044062447
2.1168215	3.0467496	1.2633038
7.2977443	26.125349	-4.0865436
-9.724938	-0.7985843	3.954717
8.55674	1.6905884	3.980855
-3.8584118	-5.5756855	-3.9548502
0.45021603	4.107722	2.366909
3.7701313	-10.709459	9.479487
-10.610518	-7.422762	2.1551042
-9.048645	4.3202615	4.8622923
-9.368625	5.3115435	1.0314163
7.9864645	7.415529	-7.7249527
-7.7579293	7.426159	-1.1098074
7.4288583	-8.110506	-6.3916354
-11.812802	4.0446305	5.015326
9.550987	-9.088819	5.789536
-5.5523486	-12.016979	-3.0897088
-4.211193	-3.98764	-8.988698
-8.32841	-7.780675	9.681002
-0.14164564	-6.5367613	-2.5860186
-4.808656	-4.756382	-8.3438
7.993604	-3.7168486	0.101790704
-1.0879782	-5.26234	-3.051677
6.6918807	21.06967	-7.2869124
-5.0427833	-2.5477347	11.21588
-3.9886436	-6.6956124	11.60211
6.3289647	2.1067493	3.425209
-9.282377	8.4721775	1.8290886
1.7817507	19.548939	-4.6928453
1.6271183	-10.802067	-7.492794
8.471249	20.190416	-6.779496
-3.6819139	-3.5872684	11.439418
-3.5678933	-6.788645	11.859363
-3.2547123	-9.128841	9.2701845
-0.7175939	5.935158	6.4007964
-9.120078	-4.358298	6.6160407
-2.726472	-8.118391	0.12245541
2.134568	22.216026	-2.345818
6.9227395	21.627775	-7.362105
-12.6698265	-3.3912022	-2.4520833
5.3590126	-6.856188	4.464534
2.6662924	-2.2005072	-0.91548854
1.1832099	-5.353917	1.700512
3.7854047	-8.09891	2.0001943
8.45757	-6.588938	-4.363598
-3.704289	-12.875939	8.132926
-12.020781	0.82790375	0.5445123
-9.716341	-1.0823213	-1.7643498
-0.6476054	8.269484	4.8418365
8.112289	11.863787	-4.2781205
8.451716	0.2025017	-1.2177396
-2.3500881	8.32562	7.865981
3.569593	-0.251818	5.869845
-5.016059	4.4725523	9.127762
4.104092	12.579229	-6.8745646
-7.689418	3.8582668	-7.833753
-6.9940925	0.584368	-4.2350745
-7.8397174	4.8385954	-5.2282233
-9.13479	-3.5336318	9.950608
12.170847	10.050456	-4.677814
-12.195354	-6.527584	-3.347283
8.818701	-10.440387	-4.374233
5.267831	-2.1725261	-6.872834
-5.4528313	-9.612838	5.769527
-4.3797584	5.77859	3.6502128
5.1647196	-3.201068	6.474424
-4.5210085	-0.86006904	9.456707
6.9677486	5.6216416	-5.8474264
9.0180025	24.742315	-6.4795566
-2.6888132	-3.2130363	-1.3627981
6.5533376	-7.1521072	-3.8259513
-2.0814414	8.353848	7.662513
3.0129266	3.4637566	-0.68010694
4.7523723	-12.304407	5.8274684
-6.7741604	-0.83247524	2.4508371
9.906857	-7.1267414	-7.139157
7.5600376	-2.6161005	-7.9245186
-6.631991	-2.974434	4.223274
11.556328	10.565807	-3.018046
3.1861153	-7.987488	-3.5925412
5.764908	-2.2578032	3.3593388
-9.127061	7.7273912	3.3343146
4.9103627	12.990283	-4.682767
-5.2901964	-7.204044	4.3667746
1.301268	2.6838427	-4.9706044
2.7675405	-6.325424	4.579782
3.7939708	-0.9904483	4.229205
-8.883797	4.253093	7.9454293
3.3457878	2.963992	-5.6987877
-6.6472454	-12.672545	3.65201
-0.061466973	-8.54489	-4.3738985
2.8186064	-9.982146	-3.0606925
7.1810184	-2.836381	2.428389
7.1285477	2.299184	6.0449257
1.3233135	1.2105756	-1.7336311
-12.1503525	-1.221348	-2.2924933
2.9757595	-1.9798751	-5.9989586
-2.0945103	-7.868414	1.5058635
0.45888728	-3.0415676	-2.6183589
1.3129439	12.9848385	-6.92694
3.4021676	12.976805	-0.69167805
8.993195	7.9654145	-8.584812
2.949394	4.301608	-1.3075186
7.42666	1.1517825	4.3721685
-3.9398165	-7.6630406	-3.679125
8.577481	12.474225	-3.8453426
7.456412	-2.976536	1.966686
-4.1618	2.686073	6.345699
2.8095303	2.391021	-1.9795352
2.6438658	15.516822	-7.7289495
0.438412	7.688265	5.888478
5.067225	26.891098	-4.6779838
2.1779668	2.1675615	-6.132703
-3.531785	0.7473334	-7.3790855
10.434517	4.0529523	-8.164651
-6.3591914	2.7919476	-10.56451
5.608985	21.283577	-3.7071748
-2.4907281	2.4794335	-8.762983
9.283216	-6.4670515	-3.5065212
-0.8543025	-4.7261157	7.047539
5.617938	-7.661665	-4.78968
2.385704	14.527034	-1.7850666
10.34029	11.580077	-2.361876
9.047357	4.2876153	-7.8407784
-0.19973151	-2.659145	8.992121
9.147383	1.2542857	3.7925096
-4.440895	-2.2759318	1.6700916
4.936188	-10.45274	-2.695603
9.057104	-10.841652	-0.7673943
-2.4266448	0.08746361	11.139735
-6.3281703	-6.483382	4.0020695
7.240193	24.498192	-6.404998
5.5126524	-11.20524	3.5099955
-2.7908924	-0.35477522	0.13585596
-1.6412369	4.1078196	1.8780624
2.2751174	2.6523137	3.0345395
-8.578713	2.8427162	0.99363995
-6.0724277	4.0873485	7.226695
-8.153266	-1.047903	13.500373
-4.7496877	3.3688765	1.7130598
-1.8248489	-3.0560296	-6.7245054
3.6367662	-0.13265075	8.538143
4.831548	-11.876767	8.66856
-9.204262	-3.399762	-4.3953485
2.6973784	-8.143002	0.39263037
-0.81979936	-0.53495747	-2.8909905
-3.9890916	-6.076944	9.921882
10.598278	-1.934593	1.2802848
-12.583701	-5.5272965	-0.84944576
2.746324	-1.7734851	9.33721
-1.0531052	-4.4070277	-5.8566175
2.2290661	-1.452711	8.434098
-1.1808429	-5.792469	3.2578983
11.255368	-7.2299757	-5.5724573
-11.369534	-7.7695065	-1.1404339
5.674093	19.543695	-7.10399
-4.3112817	4.101512	6.50487
-0.3672213	4.8661947	-0.727649
5.6116514	19.416557	-7.121733
9.847382	9.038987	-8.859492
6.443649	-8.324841	-6.8758082
-5.901571	-2.0482578	6.7695603
-5.140683	4.2789774	7.616958
8.219346	12.902448	-9.362523
-4.863639	-2.304043	3.8712761
-2.3504622	-13.473862	-4.409106
5.603713	3.9023163	7.44512
-9.547732	5.9511447	4.7742147
8.131316	-7.7449374	2.4308941
9.243816	-9.199051	5.70395
1.3515993	15.323027	-0.001956627
-0.7089361	7.987118	7.29946
8.088533	0.7383475	-1.2017225
5.1111298	23.246822	-6.0647764
4.3862057	-3.417458	-6.046749
5.5928526	-13.885535	1.3558707
5.9306474	21.042326	-3.4733624
-11.948052	-7.0093994	-0.65128505
-7.5800805	4.5544357	-5.717347
-2.4924884	13.520826	-7.601119
-3.7096198	-5.638124	-4.172903
4.62752	-14.776162	2.7661939
5.0710735	20.561646	-1.1957397
3.8815646	-0.24768513	3.6784403
-1.4486223	-1.587755	6.731696
1.9920077	-12.884281	4.6831536
5.1148067	-14.787055	0.44790974
-9.210561	-7.4576817	-2.016097
-1.8982168	8.178878	8.58402
8.454566	-3.5596972	-5.9704876
0.3286629	-9.359113	-5.7495956
5.2704635	-12.204496	5.5182943
8.655429	20.80596	-6.657797
-0.04374435	2.587883	-2.1448407
-1.7817575	-12.642383	-4.0697865
8.609849	-3.567999	-7.1021757
3.052154	-7.5572906	-3.865851
8.178872	8.735037	-8.986473
5.096986	-7.799035	5.3488173
3.2624948	-8.956875	8.15511
6.263657	-7.377214	-2.0600238
2.2193444	-5.3719034	9.064911
-5.082001	-6.1552873	-3.8757048
7.6518183	10.735287	-5.4810677
2.9324074	-10.855995	-6.3263626
-4.82364	5.612787	7.2252812
4.838944	-0.6080573	-3.7003927
5.9928083	8.456308	-1.9619372
3.3702643	4.5146413	6.5305057
5.5057244	-8.612327	1.4058682
-2.3191013	-9.248448	4.014715
-3.5567167	-4.058328	9.249682
-11.021986	-2.5238512	-0.8003
3.5321534	-6.6169286	-2.9630601
4.265448	-3.3364987	5.7493653
8.92293	-9.19852	-1.9373333
-1.7584299	2.2699482	-7.16516
3.5148275	1.3495481	-6.1198616
8.474065	11.631682	-4.2131796
2.2921057	-13.867147	0.93204284
-1.56595	1.3241087	-10.993605
8.593414	20.27538	-1.550334
3.4170954	-7.3556776	10.17935
3.1710284	3.7000625	-4.444161
-6.3658247	-5.969602	4.8044586
11.592609	12.942621	-2.0496805
-0.43913606	-13.628806	-1.4818516
-6.0431514	0.7963087	-3.8635142
8.484063	12.154041	-4.04405
-5.056555	3.710207	8.137192
9.583576	10.222999	-9.532681
-9.245507	4.664194	7.063854
-0.45046416	4.2695236	-1.731569
8.881995	10.203332	-5.5873346
8.90432	23.173609	-5.906243
-8.825478	-10.370893	-0.47208133
-5.598962	-2.186546	11.464837
7.4246683	25.617193	-4.4128175
-9.921089	5.4776754	-2.8902967
-12.09165	3.65075	5.1193485
10.542567	11.237989	-2.0168865
-9.980179	-7.6715074	2.920099
-8.293646	-1.0434359	13.521702
7.9673486	-1.5013543	-3.129561
-2.464498	-9.416243	3.4779994
-2.958554	2.8470547	-8.9821415
-8.521431	4.919818	0.9116887
1.2447032	-9.603726	-6.231403
7.7709613	2.3093395	5.292601
11.130481	13.643165	-2.3185036
11.350306	6.3694916	-8.3557205
1.0748736	20.01048	-3.1614964
-9.351977	2.476398	0.47262365
0.7612107	14.387948	0.32772663
-6.9838696	-11.209246	-0.9768862
-1.6283274	-6.7717876	4.4084334
-4.979441	-6.3867507	-2.7340984
-0.5552209	-4.1137905	-8.175914
-6.456573	3.7388072	-7.56679
9.395429	-5.083333	-6.7898726
0.38610336	-1.3173293	12.088973
5.0690618	-8.849038	8.753515
2.2771535	-2.0819502	-0.9537793
6.374643	23.07821	-4.63017
0.41865066	-8.95205	-6.2011657
7.2173443	0.4022775	-1.1201823
3.7030787	-2.2958856	-7.8758526
3.2062502	-12.731614	4.377209
-5.381447	-10.098163	10.293135
-3.5863242	-13.757943	-2.0123918
8.100263	19.93296	-1.5323058
0.7158838	-14.680138	-1.5801644
-3.8346035	4.074535	-3.4281924
9.702719	-7.161793	-5.5222054
4.440208	22.65136	-5.7586794
-8.347384	3.401597	-5.593729
-1.7979549	-7.808691	-0.068918325
-3.753559	4.3669	-3.4511545
1.4139856	-9.328889	-2.0270061
-6.5254307	-6.203862	3.7868934
-3.421077	5.306705	9.83297
-12.22545	0.6810521	0.40990904
-2.283718	2.9637935	-7.0816436
-13.585108	1.5200412	-1.41034
-9.474225	6.636571	2.3837843
7.728789	-2.580796	0.7180851
3.763248	-2.7585194	-1.0284623
2.41467	-1.499281	-8.417212
-10.677498	-4.9671516	1.9825476
3.9106545	16.888504	-7.6006937
-2.3072598	6.1887608	10.704411
-7.999943	4.1556997	7.239699
10.723807	5.398866	-8.000169
0.428823	-10.612229	2.3674366
6.603379	14.415495	-7.0222034
-1.661052	-2.3105683	0.3812962
-0.833168	-6.3264856	12.772171
-12.024049	1.6904923	0.46422318
0.384794	1.1355159	-1.5356821
-9.914853	-3.9426453	-5.244385
-6.9572062	3.5347285	7.488456
5.40104	21.347778	-3.540549
4.7939105	-15.164498	2.1965456
1.8167944	-8.815379	-7.4280653
-10.399185	-7.8062983	1.6980919
1.9558579	-6.371465	10.7115755
5.8305316	-8.696324	1.1953682
2.6178036	-7.9941926	0.16472854
3.3748894	4.5227103	-3.8821049
-5.969905	-2.9811323	14.174766
0.658258	-9.553524	-1.2862973
2.4127982	0.1272443	-8.310259
11.464937	7.545177	-4.6713305
1.3643854	-6.2944846	5.5747027
9.87907	-0.5564873	2.0446084
-0.024028547	9.3739805	4.3263335
5.7833295	-8.858789	-4.015125
-0.3768137	-3.1179495	-8.092896
9.481916	-9.909633	3.8272958
-4.055575	3.6197398	-2.3080566
11.863968	-5.1924095	1.3270552
-1.3698215	-6.046403	5.526031
-4.4373918	-0.8912451	0.24782959
-0.7817074	12.322756	-9.690729
-0.90163404	4.063372	5.422067
1.3607299	-2.4989471	9.954285
9.184283	0.069082916	-1.6555269
-3.044197	4.7789025	-3.096406
-2.192157	0.97999114	-11.744516
3.0490458	-14.436289	-1.7181574
3.6184008	-12.742023	0.9543449
-2.7459028	-10.46755	-0.15309447
-3.0375721	-3.9441538	9.78524
-0.0745079	-2.6691098	9.758885
3.480795	-3.782274	5.4291344
3.5159073	19.797087	-4.0478063
6.7489376	17.440372	-8.751589
-10.978177	4.723722	5.311173
-7.419557	-12.476905	2.9522014
0.47701025	-8.968527	-5.9929986
-2.5594985	2.5847528	1.7955523
13.361057	7.6070666	-4.4973764
-9.24994	1.5563997	8.174853
2.1229496	19.266415	-5.6372085
-1.1035012	-6.4892354	12.585746
4.4304886	-7.3344746	-3.3819444
8.274171	24.011179	-6.9314456
5.0199327	14.070307	-0.37385562
3.8070085	-10.803321	9.541176
-1.2339797	-0.386153	5.616163
-2.1156385	-0.16245621	4.7365055
5.507292	-7.5177073	7.6198006
-0.39118877	-7.1686015	8.130389
-13.476046	-0.13487752	6.296193
10.168449	-6.310127	-0.980834
11.664265	-4.105579	3.7416582
-5.149787	-3.9576404	13.87075
-0.9359028	-9.376338	-7.7428555
1.9569685	-4.243114	9.363692
1.2360481	-5.354646	1.5520011
-0.28732032	4.670823	-2.1170404
-7.603382	-3.5530148	5.6612024
-5.5337863	-12.074885	-5.6669993
8.0204315	-3.9761956	-0.05770585
9.7576475	10.249563	-0.48217383
-10.361573	-9.700704	0.519105
10.8819475	-4.938403	-2.45711
-13.191991	3.155021	5.541798
8.293183	-5.9931564	-1.6880131
1.0969056	13.108512	-4.5668674
-9.957555	-7.9250956	2.8485994
-8.925459	-0.56757975	3.3081052
-8.599651	4.4765472	0.15234505
2.713947	-8.897429	7.347047
-3.5195878	3.0169208	-1.7861233
4.840212	1.395514	7.6658397
7.0238876	14.832892	-6.075139
-0.7222901	-9.087224	-0.033423003
-1.2899038	-2.1515653	6.836544
-7.681539	5.363212	3.5902052
9.417877	-1.9693633	-1.0797348
-3.4249277	2.6566536	-10.313714
-11.798017	-0.8036984	-3.0742984
-7.1987543	-6.4419956	-0.975152
4.980449	-10.889081	-2.357557
-1.7546016	-11.0937395	7.9081464
-2.2576215	2.3991075	-8.653771
-1.1467717	3.6154923	5.723518
-0.37326443	0.45056793	-1.756579
6.756315	-11.490976	-2.1238956
5.412522	0.3549006	-1.3610873
-4.1611867	-12.730378	-1.9664478
10.30751	-4.0205617	4.7444234
-5.481793	-12.267959	-3.2815056
-1.6854233	-1.2394466	1.1343732
-3.33803	-6.6022644	12.720606
6.0809216	21.10971	-3.546251
-5.501821	-10.486093	0.4713422
9.808033	20.508295	-4.9518914
5.449768	22.868555	-3.1972969
1.6069729	-7.6524754	11.94667
7.689803	10.448412	1.0155076
2.9754303	0.07530942	-3.8292706
-11.411617	5.5813503	4.090111
-0.9673007	-13.400086	-2.1048305
-1.4482577	-8.050122	-5.6689777
6.5938687	-6.302304	6.15398
-13.59245	4.2570305	-3.7307527
10.209331	-7.3635726	-5.7682805
-7.2767034	-9.8065	-1.0129015
9.064992	-2.9061053	-3.1674998
-7.5519156	-0.2586181	6.9918413
-1.0864381	-11.883145	4.9095216
1.0353527	19.994558	-3.364395
-6.3292446	-2.6331525	3.6855006
10.471977	22.335493	-3.027425
-1.5515199	-0.6065709	10.658987
2.3480477	1.9713409	-6.2975936
1.0887682	-8.61516	8.931873
5.8562407	-1.8270067	2.9431922
-1.948238	-4.629891	-6.8703732
7.0347085	11.243774	-9.3288145
10.074839	22.556494	-6.089655
10.591088	13.943372	-2.881337
0.83038193	-2.6945908	-7.01335
3.1841202	-8.693737	1.5918881
8.286763	-4.3407874	-7.3914204
3.9875922	-9.050295	8.405254
7.8918133	6.3256516	-4.8790727
-7.6265216	5.594934	5.2181277
10.83833	-7.411128	4.390405
-12.683906	-3.3382535	-5.975086
3.3473785	2.9841049	-4.1341887
-12.07545	-8.430553	-1.4253752
-2.9580245	-5.514886	12.706125
4.0791636	0.18800613	-0.68327445
6.995738	11.398743	-9.209098
2.3410413	-0.51751596	-8.712089
11.262436	7.6997437	-6.695116
6.708824	23.19066	-2.252701
-8.098155	-8.16875	9.867043
5.335229	-7.8376718	8.131174
6.1800246	-6.860041	-1.9439672
-8.37649	1.6343005	-6.173893
7.513754	2.4022343	6.9375434
-1.0620198	-11.804807	-3.7568655
-1.4697939	1.4030211	10.925023
5.8024654	26.388487	-4.962692
-2.5443096	-0.48984462	-7.7262964
3.8999085	0.8038727	3.679064
-0.6330227	3.384978	10.177027
1.9896053	7.5952992	7.8289347
-7.164138	1.142149	-5.1485443
-12.184506	-3.202906	-1.4132768
3.0759268	-13.150011	4.498413
4.176984	14.11491	-1.6344084
-6.7981772	4.049926	4.0809197
-12.475952	4.933611	-4.1765943
-5.148372	-2.931541	13.736535
-2.662814	13.601168	-6.0681653
4.409479	-12.292769	7.6519213
5.286306	-6.172805	0.9644284
-4.1075697	3.1342113	-2.322016
6.0208735	-12.414839	6.9098244
9.470737	-1.7096524	-0.9909909
-4.285283	-1.6011032	8.745886
-12.932305	4.8738317	3.2911556
13.5142	7.318277	-5.9402294
-8.956375	3.2596626	2.2483854
-12.621831	-0.6786857	-3.0455594
9.436549	10.4504	-9.408933
11.163251	-7.384089	-5.848755
0.903486	-14.526297	-0.92353606
9.223246	19.81328	-6.273029
2.976624	-2.2825725	-6.046207
4.662559	-5.781289	-3.2601695
8.158228	6.421881	-4.260575
1.9097893	-0.5599755	-9.025622
-6.178612	-14.1881485	-3.9695601
5.8826375	2.9755294	2.6609962
-0.26389664	3.714572	0.40249345
0.9092914	3.2923803	-1.555947
-11.671816	1.8915101	3.8005083
10.893693	14.419729	-3.2260313
-6.8638134	5.3589344	-2.3545837
-7.3024216	7.717305	-0.6917763
5.140572	3.049002	8.018425
11.374833	-3.880788	2.973675
10.727905	-5.027183	-2.3751886
-9.366252	4.7559266	0.40493304
-5.7026353	3.3758528	-5.5005364
3.9996767	-7.299663	2.4731965
3.3264482	12.133806	1.2756733
-6.065101	-7.864679	3.1170025
1.2402887	-7.2459226	12.528874
-9.093117	-1.0688857	-2.7747023
7.1339164	21.132364	-1.4579933
-8.719615	4.494115	-0.05137674
2.8241515	13.461586	-8.537515
-1.442249	-5.2246876	4.790971
0.8585972	13.779931	-5.964566
-2.5711143	-11.578861	-2.877278
5.080155	23.407202	-2.801646
1.9151328	-3.7230012	-5.8536243
1.2436655	-2.3557668	9.1516075
9.435968	-4.3544154	-5.1129813
5.923186	6.07593	-7.1342235
5.1037946	20.642363	-1.1770486
2.0313919	-0.08350399	-3.2223709
-3.7710462	-10.526452	6.7062716
8.276167	18.702074	-3.4551835
-0.795904	0.1972569	5.0630894
-4.408565	0.502174	11.467844
-6.659979	-2.7249486	6.147525
-8.16847	1.336374	-3.4441416
4.5107155	-11.610159	6.160647
-10.490257	-0.8973464	-6.065609
-4.332464	2.6584241	1.419754
-1.3607062	8.424571	6.509168
4.309966	-6.9211044	3.5260746
-4.330941	-4.3579254	11.466544
3.1047938	-8.107908	5.6961303
-6.79859	-1.0746963	13.358441
2.1542296	-0.34520102	11.12661
-4.8677816	4.33569	-5.9583073
10.421676	-7.317108	-5.5773764
-8.112042	4.5835066	-1.0277797
-1.4455862	-5.5318995	6.9105635
-2.0802517	-11.907846	-0.80437267
3.3245895	-6.169294	-8.950389
5.959323	20.649454	-6.4823365
-0.4274595	1.9315431	10.962203
0.49688208	0.7539936	7.2348113
1.0005739	2.9388852	-4.7009425
8.668636	5.7968726	-6.1672626
12.194291	6.8725023	-6.952861
-3.5515244	3.903361	-7.6381125
-8.099974	3.7846572	-6.369844
-0.099436335	8.089735	8.475757
9.130516	-10.515599	3.7368329
2.153419	14.305172	-8.047954
11.262239	11.428125	-9.554622
9.495855	-8.137229	-3.0767598
-3.6945937	3.1005073	-1.775844
8.47819	21.17163	-6.642498
9.652102	-6.098933	-4.4249043
-10.363229	-9.705248	0.35541117
1.5055261	7.158103	6.012376
0.7949664	15.221648	0.2593595
-10.028677	-3.5703073	6.266755
-4.5915546	-2.263861	1.638118
-8.49386	3.5244417	7.6714983
-2.876565	-3.7268548	9.763166
2.2622252	14.046151	-8.017477
-2.042998	-8.446019	-3.6821003
-9.403939	8.130727	-1.5960853
7.3757257	6.0684814	-6.172777
3.779833	-6.402919	-0.8432361
-13.24589	2.0529635	1.5260946
-4.30725	-10.513884	5.281727
9.413563	5.807515	-5.899425
2.8827984	12.902773	-3.6144886
11.295294	-7.180223	3.4352612
1.1277391	-4.3146024	-6.253749
3.2049925	20.238817	-1.4531002
5.170298	26.791021	-4.853205
5.000273	-4.6674924	-8.146316
8.651896	11.636952	-3.8098893
-3.3338227	-13.576046	-5.367915
-6.7919745	-0.16089241	-5.715939
-1.8686259	-4.8784294	-6.011444
-11.04758	-1.8492657	1.7152028
9.717183	14.401896	-2.861536
-7.8694577	-2.31209	-5.9863043
-3.0675578	5.622418	3.4072886
-1.6349125	-15.770204	-3.121456
11.587602	10.282088	-5.1026783
4.279591	3.1513228	-5.7811837
-6.88636	6.3973413	1.0050906
-4.171464	-4.378465	12.978776
11.732378	-3.9689417	3.930781
7.8576794	13.216049	-9.537146
11.621836	-7.908107	2.4840739
-3.9133096	-13.04732	-5.434733
8.018166	11.120851	-0.30649188
-2.4894004	-2.6842668	-1.4165838
-4.396876	-10.94036	2.0145676
-2.9809852	-3.1802857	-7.6280756
0.17111784	-8.867933	-4.810908
10.505271	-2.099296	1.5301721
7.4241457	19.416405	-0.6026298
-8.199529	4.611386	2.3349895
-11.922064	2.229468	3.9703681
5.952241	5.6184506	8.556857
-0.6794501	13.068829	-8.030311
-12.707718	2.294649	-3.5208733
-2.1192892	-9.568586	-7.800414
6.106262	-12.7101345	-0.5440887
6.4361625	7.5298514	-5.5934734
6.1172924	-3.993377	-7.512039
-6.3396277	-12.0199375	-2.039127
-4.133086	-0.24312618	-12.228823
0.62325484	-9.096836	9.1933975
-8.558932	-8.859252	-2.7714293
-2.770672	-8.566931	2.2948415
7.5435395	7.973279	-2.4795136
4.83788	15.238716	-4.210994
-0.572083	-14.845742	-4.2171717
-2.7928054	-3.518668	-0.99071467
5.76591	19.122293	-7.227051
4.151164	3.2170153	-5.711218
-6.510976	3.1732519	-10.037595
-1.4264665	-2.5803645	2.0854213
-2.437095	-3.9042125	6.159954
6.5315294	-5.917824	1.0019997
0.016008243	-6.3400245	-2.0816581
-1.0144876	2.8027067	-3.989493
5.1552157	-7.6427226	8.317567
11.198798	11.409157	-9.27677
8.515216	8.833084	-0.102795504
0.57588917	1.0250424	7.8147006
-7.9762754	6.7649274	-2.4044957
-10.745504	-2.4810271	-5.9194655
-4.9887934	-6.5906157	0.82754505
-11.315388	-8.523979	-1.4360294
-2.618859	-0.6413982	-7.618834
-6.3881855	-14.607944	-4.106218
5.3115063	-2.0219262	-6.774794
8.190978	12.829159	-4.142415
6.7787824	4.3968863	8.247145
7.935011	13.118631	-7.8723574
-11.442134	4.71022	4.773954
-8.834409	1.4870683	8.556505
-0.95864856	-4.4575567	13.91113
-7.500638	8.16553	3.3655877
4.5494347	1.243893	-6.364376
0.9719611	-15.188187	-2.5124054
11.521293	7.516221	-4.9569864
6.2155275	8.317576	-2.2401533
7.417001	-8.165571	5.3370056
11.585112	12.419212	-1.6167791
0.8647239	4.5554085	-0.41176787
-1.3948253	1.4080373	-0.9474891
-2.4822464	2.1302598	-11.914139
-4.6028914	-2.3004234	-6.516091
-4.0589023	-8.959298	2.4609232
-3.9630601	-10.318016	3.6115468
0.414138	-1.6033581	12.11079
7.624756	7.514273	-3.0326393
0.6460559	-10.116262	8.92258
5.584427	26.571054	-4.8338227
-8.666914	8.214128	2.661794
-14.622902	0.107916586	-1.5126293
13.898946	12.436429	-3.4642062
-12.173558	-0.47469547	4.3884954
-7.8801966	-5.145952	-8.976752
-7.609312	4.428213	-5.6434155
-9.820229	7.435649	3.2455225
-3.0858881	-13.234488	-6.046494
7.612798	-2.778631	-0.27028677
-3.3377817	1.7273425	-3.4987144
-13.300746	2.7589252	4.752008
-5.4385552	-1.8934078	12.588817
-0.15071936	-6.1678367	-2.7234921
-11.224096	-1.5874649	-0.029679839
0.32346508	-5.790394	13.05012
-0.25588322	-2.5571945	9.603404
6.4959373	1.6528469	7.9761643
5.1386275	27.008957	-4.7234726
-7.7999377	1.9426334	-9.802965
8.943125	-3.2745028	-3.3312697
0.7620901	4.093685	6.317549
5.9497237	6.2370505	-7.0877266
-9.746351	-2.2339745	-7.033858
3.854182	10.325421	-6.7949595
-5.5540695	5.9529295	-3.8394299
-3.410857	-3.4657686	11.418441
10.705595	9.7497015	-9.15334
1.9378657	19.691305	-1.6831093
-13.428141	-0.04488635	6.309732
5.346344	-10.027182	-4.533063
2.0893354	2.0831022	3.3268127
-5.322595	-0.9354924	12.970805
9.328792	0.9840142	5.659364
3.865652	20.631025	-6.0173163
11.258502	6.0921745	-8.333171
-3.0806212	-14.166569	-4.6260147
-4.3678904	2.949348	6.8051085
14.088325	10.365496	-5.7614045
-2.371428	5.2564483	3.346157
0.74075377	-9.672857	-1.258934
-3.9592972	-9.342632	-3.937179
6.1849403	-8.2519455	1.677157
5.5599008	-12.876614	1.9632522
2.9960804	-0.036857117	4.043657
-8.957171	-4.9873495	1.6655917
1.711824	-3.5647416	-2.4857264
3.5468507	21.211548	-5.73964
3.1161652	-14.36212	-1.3488123
7.0868235	9.662737	-5.283437
-2.6557505	0.826469	-7.8118615
1.5766147	-1.7474066	-1.1249032
-13.76798	-4.464587	-1.183145
-5.591162	3.54128	-5.674185
5.7897243	-7.875794	5.891618
-11.609849	-8.414375	2.6217625
-6.400259	5.039072	2.4546695
-0.070271626	-5.969521	7.127163
11.581034	7.4246745	-4.883485
7.7252045	2.7194502	8.488482
-0.7075858	-14.611006	-4.1713758
-0.17576747	5.7070885	2.2276998
-7.5485277	5.5371056	8.9633045
8.271778	24.135323	-3.4241118
-1.6713532	-0.86604506	-2.8052702
-6.6492643	-10.324614	0.23093078
11.147167	11.505598	-9.29553
3.884956	-1.4131154	0.14486565
5.5234995	5.928359	8.171147
5.98856	-12.60819	-0.8740189
-4.169696	0.8754093	3.3525124
10.347535	-2.1222491	1.3110884
-2.445611	-5.0690856	3.3161013
6.333503	4.2988405	6.536865
4.104098	-11.836062	6.310871
7.8933506	7.433932	-7.559856
7.2513404	0.2776537	-0.58828604
6.4130416	-5.1109605	-6.143072
-7.3162155	-7.1899176	4.438465
-5.217157	0.048056617	12.085241
-9.698894	0.048410304	8.37058
-11.467188	3.7746913	-2.0642116
7.7951694	-10.9078	-3.2225013
-5.797099	3.4899242	-5.3655515
-2.0211544	0.30048907	4.33389
-5.628146	-4.600692	-8.050341
-0.56422204	-6.2456617	3.9314241
5.4964194	-4.9991603	-8.361398
-1.3042363	-12.950311	0.50543255
-2.518704	3.3111477	-7.061832
-3.7675352	-4.6762853	13.804104
7.0860147	4.3461304	5.355812
-2.9386249	-1.904613	0.10901652
9.577797	22.448332	-6.456207
2.2297432	-5.4730144	1.6388737
1.598924	-10.606549	-7.2775006
3.343783	-6.0539722	1.9697568
7.2378497	-5.9706907	5.1056156
-2.0320947	-7.161979	4.355262
3.5552802	19.623339	-3.648261
-4.2054205	-10.552784	6.4402676
-1.0454195	4.9740095	7.7142115
-4.448978	-0.9932767	9.291491
0.9598025	-7.492809	2.5084944
6.0536056	-7.8784842	-4.3167696
-1.56529	-2.5132816	0.8605793
3.1179202	-4.802063	-7.7252207
10.46703	-6.690037	0.11319983
7.417763	7.9367075	-2.9613924
10.351431	-8.538758	-5.535033
-1.9731181	-12.440169	-6.7366266
-13.935435	0.4230207	1.9616663
-0.7218563	-9.71756	9.9110365
10.700189	13.749691	-5.55795
11.026844	-3.779046	1.1292555
-2.0480134	-12.165319	0.36564407
-6.4438457	-6.879021	5.1906805
-8.578604	3.5397189	-0.7753678
-2.2152212	-1.078423	6.3983593
3.3295612	10.194692	-6.5386524
-4.3200045	-1.0011803	0.31197652
-2.1800408	-12.168821	0.08429576
10.099676	-4.7457757	-4.8784885
5.8161135	2.791903	8.127351
-8.378683	0.3345663	-5.814277
9.301817	10.997802	-6.127873
1.9054662	-12.231726	3.2988992
-8.786952	-3.9462764	10.394018
6.8823953	9.577863	-4.495734
2.853046	5.3756056	2.3464692
-6.337321	-1.0816292	12.624606
0.44734854	-8.603765	-1.192329
1.0899422	2.3427532	-2.121078
0.80361784	-3.8937566	-1.9416506
-8.989622	-4.274577	9.0173235
-10.493656	-8.6027565	-3.794482
1.6810375	-7.7890477	-2.228489
5.243394	3.6770763	2.7134511
12.954281	11.389952	-7.048522
-5.2390246	-3.392566	1.9430091
10.699933	8.840065	-3.191646
4.9940968	-6.6560082	-7.096268
-10.89286	-1.3374187	-0.26880243
-10.202446	5.0764747	-2.571914
-8.83498	8.250136	2.486058
5.2240252	-9.675716	-4.691672
-0.9361812	4.842613	7.7138257
7.8325887	-11.605059	3.1425405
6.992481	18.485294	-7.3707795
-7.6386213	-8.968444	10.057824
9.225264	-6.8538957	-7.5260315
10.50631	22.514988	-3.0634813
11.509193	-7.4944754	2.8142912
11.338488	11.997781	-8.165986
-0.52276015	-13.188771	-0.41100594
3.9551632	-2.3667805	-1.905462
-2.8454654	-16.66353	-2.3572314
-5.0403943	-2.8017986	1.779195
-9.238271	-5.0596957	0.5696289
2.6256237	-0.028757455	2.4528024
-4.5430136	-6.799191	-4.659044
6.799676	10.742049	1.7729332
4.8925147	-3.107958	6.2259545
-0.26960915	-13.094059	3.5855668
1.7113496	-2.08449	9.384866
7.603991	-6.852366	-4.170438
-6.722757	3.4012434	-7.779761
-3.019368	-4.662143	5.329399
4.88521	12.91087	-4.541422
-10.614729	5.0771885	-0.5202179
-1.0935044	-4.7528296	13.849171
7.8484206	10.279413	1.378049
7.9493585	-7.4514713	1.7616686
5.935745	23.736027	-2.9388092
-6.965974	1.0793743	-5.4277034
8.311137	-8.105574	-5.9973183
6.770819	-6.7785153	3.1727178
6.060512	25.615076	-5.3573365
6.0446787	8.250802	-2.9102242
-11.461345	-5.9637065	1.308618
-6.304362	-5.868972	5.0217075
8.400484	-4.0411124	-6.592763
5.3745527	-12.021662	3.3452709
6.7098975	-8.214131	-6.618297
-4.045363	-3.0121646	-8.400112
-10.07148	-2.867008	-0.8811939
4.818329	23.03979	-6.2138886
-9.15306	8.380848	1.9858371
-0.6142179	-4.2339225	-8.284642
3.8497114	16.95345	-7.599381
-2.403919	2.6250005	2.2630184
-9.893711	4.389493	-0.9793096
9.400478	19.468517	-7.01906
-11.059215	-8.083608	-4.1020875
-8.421448	4.3268065	7.8306217
-12.676489	6.9922686	1.1698707
-8.856804	-10.763696	2.131247
4.9127865	-14.819699	2.0576868
5.3508043	-11.169478	-2.3155255
-2.96021	2.7748103	-3.6759512
-6.231793	0.6800089	4.3990784
7.10041	1.6090991	5.2923584
0.22660886	13.11992	-8.108397
0.24808486	-3.911345	11.498212
7.893723	-2.6048315	-7.726782
9.028385	-3.7223012	-6.219394
-2.6208909	1.0866356	-11.864048
-0.92319125	1.3098645	-7.888257
7.371181	19.397043	-0.5797127
-10.901515	-5.743197	2.4341514
-2.8668485	-0.2872756	-7.482374
5.8243303	3.121094	8.149924
8.966434	1.18321	5.2457967
1.1565459	15.44765	-0.11393141
9.547421	-8.976711	5.8610034
-1.4879817	-1.0565829	-2.3371418
-3.9819503	-6.514601	10.793355
3.5207412	20.313387	-1.4656672
-12.895503	5.3433423	2.5948348
9.455498	21.340921	-2.4861493
3.1679032	-2.8057039	-1.718045
2.2700663	2.4761941	3.3295274
-3.643824	-10.042853	-5.9086647
8.737846	20.754786	-5.8402996
-10.611224	0.009420496	-5.7876806
-1.2651343	8.273196	7.246279
7.196757	-2.9777954	-5.274199
-8.532347	4.0623794	-0.45631233
-3.852091	-11.444699	2.3398328
-9.2715645	6.176865	5.511339
-1.0328627	-12.80721	-7.910053
3.7350118	2.1641204	3.6254857
-9.357862	7.9777265	3.3945203
10.169545	-5.155559	-2.0543861
-4.141494	3.1161687	-2.968856
-0.6048975	5.796919	2.5320787
6.189006	3.234839	6.4260516
7.740986	23.854712	-3.3529446
-0.8607481	12.779543	-8.330892
0.6388555	-1.2035768	10.474273
0.17092341	-5.290767	-3.0942864
3.2334096	-6.35143	3.1510043
10.509181	11.867652	-2.0991247
-2.9746606	0.5746125	-5.5390253
-5.230473	5.8295875	8.30314
-2.2061558	-7.0376024	4.3626366
-10.489642	-0.8185702	8.567278
-13.569826	4.072576	-3.5637355
4.274673	1.7014452	-6.2557
-0.32851475	-9.874803	9.148183
-13.138095	2.2120082	-3.3152592
2.2765005	12.745359	-7.4717717
7.056069	0.9627836	5.340548
10.46299	-7.0701137	-5.174175
-3.4080515	-3.0738533	9.17143
-7.6546783	-2.6288757	-6.220779
0.46984905	0.8544429	-1.5074453
7.076454	-7.300174	4.6086144
-8.240764	-4.255055	6.3678617
-6.355044	0.7977871	3.7987397
0.19200659	4.3583436	0.21620606
3.3786185	22.033941	-1.9802084
-3.500389	-10.56103	-6.3463473
4.34821	-13.107057	1.9629755
-1.8565582	-8.518623	-4.1317716
2.1236737	2.873789	1.1013837
-6.584761	-8.05206	-1.1601955
-14.164214	-0.7897644	1.2308414
8.328162	-1.8701082	-2.9679997
-1.5217564	-5.501297	-7.419923
-2.2766318	-2.443232	-7.1712418
8.389415	-12.021514	2.5174165
3.3083034	3.2470586	-5.017372
-4.8118415	0.7353838	10.789114
-6.0686407	-6.6388183	3.9196677
0.32732356	-13.432407	-2.6394858
-6.057771	-9.407962	6.2372804
-14.047142	-4.1606317	-1.0398804
9.761917	0.47076783	2.9745739
-4.2834315	0.27105293	11.550858
9.12855	23.45715	-4.995799
-3.5440722	-12.1872015	8.890311
2.658999	15.345079	-7.877969
-3.6852226	-13.48938	7.606649
0.1515948	-2.1154292	10.195731
-1.1631063	-13.591013	-3.9919753
5.023418	-1.8071449	-5.5787377
-1.1018938	2.6029892	-0.33090854
-7.443458	-2.8403575	6.4509997
8.543819	-2.5484204	-3.580042
3.8359528	22.246904	-2.0197184
-2.9510639	2.54386	-10.361033
-8.6711	-2.5127113	-1.1808857
5.3417215	-1.9871024	3.508614
11.055695	9.5347395	-8.880019
3.717499	19.710253	-3.61007
-1.5080677	-2.9866352	-6.6610384
8.576355	-6.2788205	-6.551179
-2.091988	1.1593922	-11.5518265
11.644768	11.993962	-1.7368107
-7.8298855	2.8233833	0.83711356
5.368757	26.5383	-4.7696137
-2.5135767	-2.3201845	-0.055406142
11.403158	8.775494	-3.7244544
5.3975415	-7.6908345	-0.27030817
13.727034	6.9786854	-5.007513
6.5244966	1.9998391	3.485793
-2.5212955	-8.305646	11.063658
-5.256157	-12.843712	-4.613748
-0.76759267	1.6396315	4.1458135
-1.0903085	-4.9186864	2.946708
-3.9695084	-4.007095	13.230247
0.94868416	-2.8611336	-2.9238343
9.464058	-4.201989	-5.2974787
-7.2641773	7.2736373	-2.4503622
3.7518213	-9.696425	-2.9362113
11.064184	11.482114	-9.242513
-1.1378373	-2.5408297	11.236582
-11.044153	8.198748	0.05142085
-2.6059713	7.0275416	7.2709565
2.8368723	-9.417517	7.767972
-6.84818	-10.459206	-0.9931029
-6.9231153	-1.5187798	3.9008293
3.3161166	17.853197	-7.0408416
8.187784	2.8577595	8.448325
6.101953	23.17298	-5.2241607
-5.246017	-7.095657	0.6958762
-1.638109	2.3043451	-5.0763955
6.606057	13.005607	-4.0603905
-7.378464	2.4823751	-10.051452
10.00162	-4.703521	-4.728593
0.28197575	5.563827	5.7466125
10.82008	-4.1491017	3.818576
6.897274	-7.7656612	-4.0764065
4.530733	-6.7128224	-0.6760467
-1.8689685	0.9062046	10.675052
-0.08310239	-9.697529	-8.669367
-2.3525767	6.2355227	10.68906
-4.6059933	4.362902	-6.706698
-0.46060985	-5.23524	6.139178
2.509527	16.078482	-5.4427266
8.569495	-3.731093	0.529323
-5.191637	-2.8437388	13.375946
5.343189	22.343609	-6.996724
-7.799345	-11.9856	3.0005534
-2.236205	0.27422538	4.375477
8.658308	8.810151	0.59889793
-6.8855095	-6.2707076	-1.4279605
9.051948	0.03272513	4.197052
-8.808245	3.6346247	-1.1041553
0.4814753	0.89418083	-8.638398
4.931645	-11.899045	5.705583
-6.3643785	3.1599042	-9.548815
-11.12665	-7.735399	3.2945218
-3.6784282	-13.904786	-4.7264333
-0.9779161	-5.3837104	-3.1678374
10.694823	13.901647	-5.5785933
0.20695493	-6.0050716	4.57618
-0.9192431	-11.0953	1.7353256
5.0346003	-7.6173472	-0.44566092
-2.6955492	-11.350389	-0.9456392
3.9847162	16.676773	-6.9951143
-0.79305506	-9.590675	10.249458
8.345453	-9.659407	4.7743435
-3.3142924	-4.1152363	-5.768124
-12.688935	-7.156131	-2.3347945
4.1337333	-10.679707	9.3596945
-1.992373	-2.5149667	2.2972097
-12.367206	8.676879	2.0020704
11.172608	10.642486	-1.921259
-10.839529	-8.308864	2.051711
7.740734	12.980541	-4.910223
-0.7876996	-6.766343	10.963128
7.585206	12.510566	1.4642308
7.9681067	21.739948	-6.784531
3.9204774	11.283896	-8.232391
-2.4899902	-11.824041	-1.0031275
2.2914727	5.505352	2.4594493
-1.6363399	-12.058111	-0.23410198
8.191872	8.778759	-9.017237
-2.55986	8.389509	5.247773
5.251913	-7.061401	-7.0782933
-3.980487	0.4116917	-7.33972
1.5237882	-8.828112	-2.5020592
7.4381585	6.1583323	-5.612146
10.064856	22.45417	-5.5879607
-3.8499541	-4.483957	12.562654
-2.5979085	7.11068	9.520828
2.0091455	0.4678562	-0.35141313
-2.9580767	-4.460754	-2.6803505
10.586575	10.165057	-4.919435
2.3321583	18.43264	-5.119808
-8.169974	0.39356405	-6.447707
-9.753004	0.36596677	8.5001745
2.1776147	-10.626852	-6.619651
9.318578	-6.7704763	-5.103494
1.7111549	0.66739553	-0.7165243
-1.5109978	0.4329814	3.9150004
5.1669087	26.916058	-4.8129325
0.8493139	-13.538467	-3.2039762
-10.085725	-2.399451	-5.4533215
0.9176583	0.7665332	7.336959
8.08796	-3.583117	-6.00693
4.0410657	3.1796322	-5.623048
-7.7010717	-9.456367	10.092527
8.331566	-5.2988157	6.1818523
-13.689834	2.0273447	-1.2220397
3.9345422	-2.296066	-7.9008627
-6.1797175	-2.6488476	3.43416
-13.202362	0.32763752	5.06857
7.1717134	6.233993	-7.2604337
11.5019	9.210426	-6.5322266
-6.7649503	-10.822106	-3.6834538
7.675211	-5.5543904	-8.417615
5.606548	-12.534299	1.9353479
9.394009	-4.265002	-5.078669
7.7250133	-9.681407	5.294304
5.590143	-0.48101687	-0.63295984
-4.608203	-10.836985	2.6342475
-13.940361	-0.5479752	1.438089
-5.2628684	-6.9651875	1.2077379
-12.009815	-6.72446	-3.4648495
9.754906	-9.374853	5.778313
6.1135163	14.450586	0.0523265
4.3829565	22.347486	-6.7466283
-4.097907	-12.722822	-2.4835014
-2.33628	-4.8090487	-6.1328745
3.498899	-13.096014	5.0522957
-5.587687	-1.3257025	5.9046435
1.8356504	-2.0083623	9.356592
-5.1141796	3.9673579	7.8510313
-0.9949621	13.584305	-6.182447
-2.8528953	13.661702	-7.213433
1.0477111	4.026687	6.3038273
-3.269983	-1.83774	2.56266
-4.0553164	2.8090863	0.9487964
3.0723429	13.061154	-1.1281626
-5.680055	-8.172023	3.7957265
-9.082143	3.9480352	2.573112
4.0096903	-6.750834	3.2376668
7.423219	8.972138	-1.2054052
-8.917594	8.940062	-0.55849385
6.751422	13.067409	-4.284698
-6.052248	1.2280874	4.3071504
-7.3654695	-12.7172	2.6979225
8.988286	-6.569401	-4.236478
-12.3899145	1.6079339	-4.0799713
3.223339	4.24584	-3.8037128
2.8570356	3.413151	0.07999523
8.520937	3.1695514	5.7139616
2.6730504	1.6172234	-6.062826
2.5815926	15.511693	-7.040854
-1.1904012	12.488974	-9.654133
-10.475866	-6.772932	-2.4030528
7.430054	-5.2630568	3.4667077
1.0875465	1.5634047	-6.969387
11.776345	-5.822002	1.1671999
-1.8277789	-1.7611	6.715662
-2.2011585	13.49226	-7.6476436
-13.34428	-0.1538632	6.2624674
1.4420744	13.7224455	-3.1830819
-8.428687	3.6074617	-5.0240226
4.3435364	-1.2615613	8.536093
7.009697	4.218385	8.635301
-11.952924	-1.0062424	-2.7990787
1.6344548	-8.8161335	-5.0123434
-3.7800832	0.57214093	-7.218925
1.9279612	-0.5652251	-3.5037074
9.6483345	-9.194342	6.047691
5.5013003	-5.903976	0.8968482
0.68725055	2.9021208	-4.880008
-5.872537	-0.08897369	12.285808
-12.987522	1.8303559	0.6633826
5.0990906	13.703838	-5.116613
1.4784302	6.6251063	7.5612774
-6.6621346	-0.54367137	12.357475
-4.0002112	-3.2590868	8.994204
2.982011	3.0616326	-1.5121281
9.829891	14.271891	-2.7297285
-5.1288643	-0.8032775	-5.0507035
-5.5493746	-9.686289	5.7186575
6.077823	3.0162814	8.750091
-9.657543	-1.928728	-2.7000904
7.5212913	-6.3495855	4.165568
4.466394	22.98103	-5.0145316
-1.0319515	-2.8358436	-8.55975
0.7026188	-8.359035	13.110539
-5.900313	-12.561377	-2.4301312
11.61553	7.296236	-4.3825893
-4.3946905	-12.74076	-5.28701
-5.214607	-3.4171746	14.114498
6.8021345	7.398202	-5.913421
-7.4343605	0.8234943	-4.386968
-2.3165517	-4.9923534	-6.307867
1.5809153	4.8642325	8.785026
2.292302	5.417528	2.324665
0.9571275	4.63634	6.167226
-0.29649502	13.677534	-5.4963956
-3.5451298	-0.6756815	0.27030405
8.462013	19.92077	-6.950162
10.5895195	14.131076	-5.4029827
-9.736328	-2.4328427	-2.9584594
9.561008	1.5431458	6.424763
-7.478294	-0.27957335	7.112143
10.679766	10.625654	-6.1822
-4.3473053	-12.645604	-2.4251447
7.4307213	19.417902	-0.6327584
10.083216	-7.063939	-7.072088
4.367841	26.217587	-4.7223487
-2.6431274	-15.65967	-3.0460675
-1.9317768	-12.011447	7.312387
-5.919798	-2.0769541	11.481489
9.500008	-4.362234	-4.9588885
-5.145656	-4.4984374	-8.065171
3.3231082	3.4183216	-4.7804565
7.88951	9.187399	-0.73073334
-7.250073	-9.304576	-1.788861
8.574384	5.502054	-5.973066
5.8912373	-4.0294642	7.0355144
-12.147593	1.7323288	6.2568274
11.378479	-4.3639655	4.3347793
-12.235347	1.4564284	6.1272573
10.900704	11.835644	-9.047183
2.861668	-10.036087	-3.0289447
-6.8680515	5.4899936	-4.5435967
2.8912606	14.783568	-7.6231217
-8.206219	4.3395276	7.6621785
-0.19505934	4.123662	6.101652
6.3016114	12.967875	0.39803946
-3.330515	-15.297546	-3.189501
11.156787	-4.1936545	4.035236
3.3463676	-9.41786	7.8663993
7.442447	18.426619	-6.940142
-4.0561066	-2.246737	8.85226
-12.573031	-2.20777	0.14558631
-6.916044	1.0510846	-9.688958
9.24005	-2.7975564	1.4435554
12.768554	10.605429	-6.1931815
-12.29168	-4.5747905	-3.1566498
-7.136981	-5.9449096	-0.82657015
-0.97262585	3.8741782	10.437524
4.2274013	0.22705927	2.1297486
-9.333838	-4.402691	7.6041517
8.465013	12.934067	-8.673125
-5.006916	-2.1661792	-6.019221
-6.78549	-10.467822	-0.9865198
1.1893029	-6.9200892	-4.4118395
-1.6259623	-3.821923	-5.381795
-4.935244	0.75932425	-11.025489
-0.9872351	0.66370416	4.8215284
7.3327084	10.819882	-5.3106756
0.6172495	7.591681	5.9005976
-3.2116714	-2.8920746	-5.7037764
4.332275	-13.01908	2.0363045
-1.0989146	-11.326032	-3.8502061
-4.4199777	-6.203436	0.2884168
-3.0742383	-14.012627	-3.9904613
-2.2906594	7.991284	9.405168
5.973646	-7.769975	6.2566395
-2.2700622	-9.9232235	2.6323156
-4.054873	-4.910233	-6.2040844
3.388743	-1.648562	0.28102753
-8.74871	8.19613	1.7137784
-11.378341	-4.6616697	-1.1087801
-8.413807	3.957314	-0.014718635
-3.3902466	-8.401785	9.8329
7.6448255	-10.015486	4.9475727
7.5145497	-11.244939	4.291371
-5.035388	-10.460928	10.101431
2.0856802	-5.757545	10.405555
-10.954607	3.8968592	-1.8096592
-4.2600594	0.60730964	4.066202
-6.5890017	-1.0994858	12.54204
-5.1580524	5.495013	7.825754
-2.203608	4.307379	10.616053
-3.0712674	2.4627986	-9.335829
-12.842611	-1.636062	0.43279296
5.844445	-2.2745063	-5.6234536
-9.682073	-2.1729496	-3.0910728
-0.8487928	-4.636366	-5.4532323
13.821254	7.818069	-5.743201
3.0643	18.431759	-6.6218243
-11.723137	7.5182776	1.2141563
-2.4298055	-0.6676898	6.5328236
0.13853003	-12.219388	-1.0480794
3.1356223	-14.389449	-1.1010889
-8.189946	9.103694	-0.4213678
0.079385504	-7.962782	13.007204
-2.6108906	0.15825546	11.777747
-4.072595	-6.3719225	11.050117
9.921975	23.583256	-3.4986491
-8.999958	2.4370337	2.620651
-4.9248776	-10.309149	10.12266
-1.962211	-8.728336	9.966782
8.004248	-5.6662016	6.283212
-0.5653572	-2.411411	-8.625615
4.491954	-0.60297376	9.135371
-2.5757246	-0.46411556	0.34092107
8.104914	20.987286	-1.9363934
-4.986534	0.033906884	-10.906106
-6.651466	-12.65933	3.7248418
-1.456374	12.650603	-9.445798
8.104706	11.305907	-7.0734158
6.156808	6.46432	-6.8447123
7.530737	-5.6564636	4.7818656
-3.4768584	0.3850221	-12.463955
-10.970484	4.472803	-3.2518072
0.7848955	-12.872794	-1.8290217
-9.715693	-3.680793	4.298899
-3.814535	3.1147842	-5.686079
3.3253367	13.119004	-7.363584
6.5489526	25.98787	-4.9077125
-12.922988	2.3106852	4.953122
9.0749035	24.725096	-6.584362
2.8139298	-9.902408	-3.1457064
-3.2615423	-10.870898	-6.616791
-3.2403953	-5.0629907	12.884384
4.164753	1.585775	-6.3288574
3.3017783	-4.370213	2.3102374
-3.56656	-13.404107	-1.5434839
-0.6483439	-9.5293455	2.3904903
-1.9187883	-8.924782	-8.126224
-5.102753	-4.620308	-8.170849
-0.6404656	-0.7521786	1.1512587
-2.752081	-4.7149644	-2.7168193
1.1690943	-13.258041	-3.4552186
5.299576	-2.4391406	3.6508822
2.789801	17.33056	-2.6146617
10.038032	12.806664	-7.5437336
4.489928	4.5013294	-1.7185686
-0.14858793	1.7103039	11.045295
-1.2368565	2.2114317	9.394315
-4.7878313	-12.421275	9.608604
12.0111475	7.524466	-4.1971593
3.3599632	19.928566	-6.2015443
-2.5573213	-10.680527	3.429923
-6.7796626	0.63993305	-3.9731386
-12.1849375	-3.8385339	-2.2337456
-8.748687	-5.0949097	1.7089028
8.585657	-2.2054772	-7.4233813
7.678145	-3.0344486	1.8676952
-2.0431786	-11.348546	3.5137048
-1.1751761	-12.312574	4.254378
5.1421814	-2.062455	-7.187695
-3.9055586	4.194708	-7.205748
8.298507	0.34379348	-1.3836846
13.413375	13.192997	-3.0068822
5.893575	-4.4347005	-8.081889
5.2920194	-9.225997	-4.893937
1.0188714	-7.8882775	10.305451
9.303064	19.327305	-7.032406
4.448189	-4.873931	7.3645763
2.9451861	4.2636476	-3.8731663
-9.821868	-5.0490727	1.0264046
-0.8643494	1.6678953	-5.1488104
3.7593663	20.448463	-5.81041
-9.99991	-3.781189	-5.5105147
7.3671675	10.338877	0.76660186
-0.5742773	8.031579	3.7673495
-1.7885664	2.72485	5.117607
-11.507957	8.169183	2.7220752
7.5995913	12.79318	-8.212521
4.9568977	22.958296	-3.9122512
-5.1109486	-0.7550466	-0.26341242
7.1313553	23.006683	-2.6995964
1.4524982	-9.547802	-1.7838104
3.4266489	19.237444	-3.666341
-6.3190923	5.272647	5.172397
-3.9557188	3.7676313	-3.1998234
-7.050655	1.3301721	-9.517983
3.5699193	-7.414051	1.9889054
-2.1050212	-2.404393	-0.8060425
-1.5359555	1.6661371	5.5222015
3.9689527	26.711775	-4.075105
-0.29026636	-9.490196	2.3907638
1.4669265	20.069168	-2.4965522
3.3086965	2.2880344	1.7792612
-0.6522298	-4.1588087	-7.897836
7.7453094	-6.5934825	-4.251479
4.041342	19.362793	-2.0425706
-12.878184	6.5764937	1.0771896
4.719411	11.652356	-9.74827
5.111403	-11.726064	-2.1505358
10.001373	-5.815425	1.0186602
8.437064	20.322319	-1.9760947
0.9814726	15.303585	0.2705941
3.171632	-7.1182265	-3.0244215
-7.021036	5.501745	5.2505174
5.9976616	0.50357544	-1.1903003
3.4850698	-3.6555417	5.4182067
10.9565735	10.146758	-4.954384
8.559451	-11.260295	-4.079881
12.017722	12.565245	-1.9692162
-5.458102	0.6387126	-10.461822
0.30070415	1.8879827	-5.6960917
2.9671876	16.376461	-2.1706884
-9.250846	-4.6392503	4.1489244
0.23965861	6.6530356	5.878724
-4.1363764	0.46205202	3.783098
2.0438704	0.15052363	-3.2191403
-2.467049	8.381363	7.8289437
9.112262	7.866452	-8.515635
3.5060463	5.171922	6.141839
-4.1885395	-7.7569127	-3.760278
-4.2733746	-1.4714046	8.654581
-1.7855005	0.2784102	-11.738443
9.237272	-1.2779676	-1.0445861
1.7724532	15.214889	-0.3410807
-0.75184345	2.8146682	-0.08141519
-4.5373216	-1.6587092	6.9579754
-8.13942	5.9170284	4.2282867
-6.774486	0.06871545	7.1913657
5.693585	13.051497	0.38212812
8.647857	-1.8249704	-2.7679954
8.50956	20.278708	-6.805134
1.5569798	-1.1546948	-9.0286455
4.045825	-8.331746	-5.538426
-6.471384	-5.210107	-8.780361
8.387492	20.262264	-3.389696
0.20526238	1.5675756	-8.891615
-1.1916678	-9.249358	-8.127693
3.8810236	11.494629	-8.104624
-12.940355	2.5589614	5.5331182
8.61749	13.333218	-3.506162
5.722315	-9.143733	-4.0368557
5.5419407	-7.7616835	7.983448
-1.3730571	-14.016766	-3.0537574
4.185953	-10.890556	9.212295
2.9080296	-0.04924329	1.8411901
8.4582815	20.153734	-6.7789764
-2.460975	4.8926787	3.2548273
-1.4071912	0.6292844	9.45033
-0.40305117	-10.1033	1.6243758
7.098345	-6.542731	6.1523547
-1.7011366	1.5790341	-10.912166
-6.921338	-6.2445407	-1.1672555
-5.3194933	-12.332444	-5.651152
2.8877687	-2.5609696	-7.3866477
-11.569783	-1.1936469	-2.367979
-12.229302	5.4127927	3.1375058
-9.562601	-7.7593603	-2.917883
4.472047	14.597099	-4.406909
-4.0164523	-0.10699487	3.8882396
-1.4854071	-2.6120749	11.302987
-4.558449	-3.811306	13.716491
13.85462	8.538647	-5.080334
5.3175735	-0.09445087	8.656394
5.9916615	23.201054	-2.7635276
6.657705	1.7293912	8.148663
3.220796	19.971079	-1.6309699
-1.2527486	-15.410571	-3.7754016
-5.2589574	-7.667322	-0.41157213
11.197453	8.834518	-3.3912232
-7.146911	5.449666	-4.2290654
-8.5074215	2.993042	-4.864014
7.5102153	-2.9022784	0.83855325
7.031916	2.4330711	5.915908
-12.719734	-7.2531633	-2.5184357
-4.243165	5.868013	3.7586555
6.092411	-6.7133317	4.5929246
-8.325126	4.619336	7.466688
4.7512064	-12.152161	8.303182
-6.0297103	4.8041463	4.2534957
8.793133	-0.6133414	-1.734999
-1.8643913	2.1670227	-10.898719
1.0588334	-7.3270493	2.6687694
-4.5120854	-0.66523623	7.0573215
-0.6287263	2.3502026	10.194446
0.43882546	1.0694027	8.4157915
-6.2932568	3.5749304	-9.845361
3.2278152	-6.186397	3.4325547
-4.097574	-2.3769016	0.981854
-1.8583208	1.0669996	-8.794281
-6.2577844	3.7733645	-9.4195795
-13.291956	4.3121405	-3.9085512
1.7627289	6.689814	6.628934
8.308673	-11.498878	-3.8120959
4.6880507	-3.501892	-5.7069507
7.7182674	10.775797	0.46910292
0.6333228	2.3530822	-1.8992145
-6.366543	-11.027025	-3.6361392
-4.215105	-13.991372	-1.4655701
0.21155988	12.815599	-8.119936
9.268609	7.853866	-8.483468
5.225458	-4.9108653	-8.110875
3.16303	-5.910798	3.5018058
7.5110407	6.0980124	-5.7779994
8.003364	12.602918	-5.3848414
11.311823	11.128411	-1.7259398
-2.4164212	-12.18	2.2372103
7.59201	19.704632	-0.90848374
6.5930295	13.321539	-3.5785012
-3.5014346	-8.951008	0.7310276
10.4435215	-6.5907135	0.8480275
-8.715655	0.811205	-7.255641
0.9749312	19.880304	-3.7822897
3.8140502	0.6687642	1.9029521
7.925569	19.885939	-3.7500925
1.129496	-2.2759948	9.162084
4.51121	-1.0602473	8.549439
6.458461	14.837511	-6.3265867
11.654699	-4.9710026	1.152038
-11.863533	-2.0480177	1.3523289
-2.7337687	8.305602	5.464814
-4.3489337	-5.3509693	10.024812
-9.806671	6.519092	4.4077125
-0.14802253	2.249709	-6.754443
13.278237	11.153013	-6.4592133
0.24532802	-1.2101246	-3.3152075
-0.5920098	-11.950839	-8.713747
-9.905655	5.1395335	5.8127203
-6.3992414	-0.546513	-6.092875
-1.729839	1.3314165	11.262777
-6.3501687	-7.3508797	-4.2603335
11.244782	-3.697953	2.8013694
-0.12726666	-8.837974	-0.79648834
-10.616278	-3.4856827	-0.056141954
2.0445144	0.6788621	-8.009686
5.0672536	-0.4516076	-0.49728188
11.209474	11.2224045	-6.9672823
7.267623	-7.9748073	2.4280493
-8.22974	0.6207304	-7.51909
-0.31061262	12.587338	-8.95024
-9.064184	0.33900294	-6.0135574
1.2405453	3.7156458	-2.2424805
2.2721097	-0.7447021	8.872088
4.4465847	-8.952163	10.315331
0.05858796	1.8303653	-5.6356072
-2.3313322	0.54613787	4.5685377
-1.0393796	-7.561055	13.5795355
-10.348851	-3.4214199	-5.612663
12.732524	10.908196	-7.5494747
-10.027355	4.382859	-0.59901685
-4.083511	-12.333298	-6.210543
11.328175	6.272379	-8.426726
-0.1604323	1.0074376	-8.516235
2.8321118	3.5261993	0.1474895
-3.8669896	-3.151305	-8.350206
-8.00239	-9.069069	-2.4661756
11.071303	7.5241885	-6.5577965
-13.437375	0.657801	-2.4474351
10.729674	10.138786	-9.125071
-10.133104	5.0714817	5.617049
-3.316999	-2.924009	-8.073031
-3.864526	-0.73416775	5.6663885
3.1128025	-2.5861998	-1.4649105
-9.601834	8.545784	-0.25908163
-4.049877	-10.404057	7.938771
10.548478	-7.0085707	-5.673402
-8.3517275	8.546548	2.5955436
-5.8885903	-10.024867	5.9715114
5.770543	13.4381695	0.70010483
9.315481	11.392313	-5.8340516
7.789494	11.031134	0.04946561
-4.8252516	3.708912	7.3571486
4.9311576	2.1061046	9.886415
8.756726	-7.906518	-0.98208934
-1.4373338	0.336797	3.399263
3.5569775	-7.456556	9.917981
-8.5088	3.872669	7.181737
-10.629476	-1.2391132	9.161254
4.5515485	-0.28316745	-5.953964
6.938354	-8.125876	5.5363836
-0.5756895	-11.083983	-7.823904
-7.4355335	-7.569203	5.63465
0.35064232	1.3493791	-8.709833
-9.31564	-0.73498756	-2.2951725
1.5816311	-7.3823495	12.070043
6.06255	-4.98281	-7.9509807
-8.153759	-5.448679	6.444467
1.0799472	5.617506	0.25137624
-4.1008945	-9.329513	-4.0246315
-8.506645	-7.7954288	-0.44321072
0.06870405	-2.0401125	5.8139186
7.1983247	-11.476364	-3.1582668
0.94835556	7.3682275	5.9336796
-4.4539785	-4.051993	13.685198
-9.124755	-3.593678	-8.351399
9.546197	19.668331	-6.6900315
-4.8933096	-7.143466	-0.15586606
-4.796022	3.074399	7.2819905
9.3187275	-4.119556	-5.2248683
7.263132	-7.121765	-6.7931137
0.13778907	4.325186	0.5066793
-11.3128605	4.6351423	5.012217
1.5049481	-9.982531	-1.3690331
4.158761	12.479846	-5.037558
2.0149708	-7.477818	11.711133
-13.163499	0.6841403	4.9122767
2.7700164	-7.436736	5.992312
-8.063435	8.776852	-1.1520318
7.002481	23.38878	-2.3430786
0.41408888	0.78392035	7.167275
-7.8876476	2.526576	7.942627
-2.9354851	-0.47036776	6.585198
10.19424	10.471957	-1.9588976
-5.3769565	-10.722352	0.23883502
8.240382	5.339472	-5.052463
7.2649	-10.880701	4.7123747
-10.513525	5.7463408	-4.3743854
3.883127	-13.561886	3.932749
1.2725552	1.1333469	-7.2059536
-0.19675092	9.449954	3.8525648
-8.84225	1.2546664	-7.117857
-0.48080248	2.4043887	9.560482
7.8203273	-2.8500865	0.89703715
-4.5047054	-5.860183	-4.3210454
5.773208	-9.450256	1.1902406
-10.451696	5.739022	-4.3891826
-0.20646992	1.7419142	-5.031764
2.7153566	12.614502	-3.7744253
7.188474	11.639073	-9.381431
5.046488	-8.844812	9.276955
-10.62638	-8.360278	-4.2859716
-13.115233	8.2344475	2.1688905
8.8291	19.735533	-5.643424
5.7191596	-1.2609874	2.322636
-2.7476137	-11.345665	1.4246912
2.614864	-12.954678	5.3992305
-7.1029253	3.6772356	4.0593996
9.027784	8.564468	0.027540619
7.3313303	-5.3488393	-6.935786
4.512699	26.785086	-4.465163
-1.4312607	-8.2019205	-2.7932577
-2.905141	2.5970602	-9.10984
-4.985745	-9.149145	1.7897061
7.9102387	9.31314	-4.3572693
-10.434387	-7.8694377	2.965893
-8.1339655	-3.7844174	6.422947
-5.7379065	-8.6610985	-1.0080528
-10.666072	-2.4056573	-5.8707175
2.5599134	19.666723	-5.926223
11.109968	11.303042	-3.7007852
-8.124078	1.0951757	2.9367144
0.7982163	-8.171271	-2.0013347
0.21295696	-8.332684	13.362483
-13.890963	0.20819417	2.206098
-7.5737543	-3.6137977	4.0059977
12.206427	11.834468	-7.24444
-0.12187517	9.657314	2.7389073
1.2310917	5.8809233	0.56892484
1.6431127	-3.5261743	-2.6113195
0.77302164	-10.163642	-8.21817
6.4215517	12.75666	-7.9672346
-4.091811	2.6835601	6.08183
7.4572153	-8.746994	6.0248036
9.040784	23.33538	-5.6009083
6.2539835	-3.8148377	-6.7965717
-7.9228015	-8.610576	10.018269
-8.891184	-4.2031903	9.150812
-2.906137	8.083871	7.484646
0.97905993	-5.836346	5.243248
11.615849	11.916679	-1.7875152
10.930994	5.8603845	-8.179371
7.8341336	6.207039	-6.507694
-12.4244995	-3.8604124	-2.2926505
7.1011634	-5.563382	2.8794882
-6.962796	1.6991168	-9.595666
1.5275898	21.689003	-2.131984
-1.686856	-7.765555	1.7967154
6.1883764	-12.15905	-1.496756
8.905477	-12.60186	2.7219508
8.042276	5.5342636	-6.023318
-9.035847	-10.126378	2.1056662
8.253637	21.43568	-2.4174652
8.000973	5.213195	-7.8852453
-1.9310943	2.2680922	5.363757
9.746611	23.137197	-3.5340016
12.244814	13.516241	-2.4065351
5.768161	23.683653	-2.7449353
9.224225	8.243051	-5.8162985
11.457134	13.600624	-4.483468
-1.0717279	-12.739535	-3.6043153
-10.657187	-7.7297664	1.0569822
-4.1212173	0.7595796	-7.170474
-10.029002	-2.1002998	-4.6418076
4.9173117	1.4794023	8.235065
-0.90490097	-11.544275	-0.31270298
5.985163	0.59794647	-1.2274435
5.7245655	-10.922825	0.7485618
2.7676733	4.233044	-4.1582346
8.403438	13.476483	0.4847052
-10.417045	-2.425155	-5.2056155
-7.4592795	-6.6714134	6.02121
2.5081873	-7.675399	-0.084434316
-1.5448847	-13.821413	-3.8063312
0.61624587	3.9227405	-3.4510117
-0.33930424	0.018057201	9.503817
-9.678459	0.9214274	-5.8267493
-2.4064398	2.5875046	-9.33027
1.3283799	-9.757006	-6.161138
-0.20552841	-6.1098595	7.3881507
0.20637941	-5.75881	6.832349
-2.2825718	-6.970579	4.327504
-1.5832295	-3.1676958	1.5498908
-1.6996791	8.302075	7.3405256
9.077432	0.13833192	3.486682
1.7405719	-3.4954846	9.2226095
4.9356112	1.3639402	7.741168
0.8019423	4.972581	1.7823323
-12.198595	2.1542678	0.05342955
6.4640784	-7.1430063	6.762338
-3.3442466	4.934068	9.819963
-12.821337	-7.5979943	-2.3168702
7.2325006	22.325275	-7.7108626
-1.1336122	4.1320834	9.459662
0.9249059	-11.680139	-1.0648378
2.1431525	-5.881297	9.299209
0.7432486	-9.478632	-1.2256396
1.2690786	13.773836	-6.368484
8.804618	-3.6166198	-7.3042493
-3.1185658	-10.790317	-6.617293
-3.2376416	0.29676548	-4.802969
-4.2784996	-10.556508	3.021833
-12.913117	0.7416342	4.7736487
-5.5178514	-10.066899	10.394863
-5.327782	4.8162355	-1.448806
-2.6768444	13.232042	-4.968897
-9.524473	4.518253	-0.6676922
5.763621	-6.0856175	1.0593839
-2.5094476	3.5509453	1.1712619
5.6588144	-11.562088	-4.884412
-3.333586	2.1563547	-9.138215
-14.193672	-3.7428546	-1.027913
-6.4807167	3.2626631	-9.784121
2.89717	-12.697513	5.71484
-7.134514	-11.181536	-1.2349772
-4.3580093	-0.8167138	8.962334
-3.4080684	-4.2870536	9.196934
4.626177	-1.0935285	9.389155
5.2623096	-8.597657	8.53097
6.922267	-7.628844	-4.1255445
-2.1138482	2.6443744	2.0977962
-11.543188	-0.9540435	-3.0560033
-4.4248347	3.0589194	8.934709
2.446132	-3.044054	9.38385
-5.1815567	5.958788	8.669856
-7.818511	3.9078999	-1.2983416
5.38342	5.776353	8.148804
-2.298847	1.048835	-11.759338
-0.68099797	-2.3018198	-8.659083
-0.11038944	9.474373	3.7170105
1.0361516	3.1939027	-1.674883
3.9187896	16.705925	-0.928661
6.390827	-3.6826751	-7.2526836
4.948257	-8.01112	8.338253
-10.638787	4.770125	-1.9616921
-9.285268	-3.3801606	8.750361
-9.472891	5.135869	4.859848
-1.2078986	4.789963	7.955999
-2.6963046	-5.1180387	-3.6404865
-9.468025	6.087644	4.8670897
-7.0946293	-0.86096036	-5.0673866
-6.122028	3.3145514	-8.288842
-7.6681256	-11.244246	3.8391135
7.508876	10.995389	-0.67378384
2.7939606	14.19929	-6.4865084
11.457345	13.326723	-2.179842
4.34644	12.382845	-0.1039386
-10.200154	-9.860128	0.5628007
9.1067095	-9.006664	5.577811
1.30291	-13.931939	-3.1412048
-8.013487	8.52429	3.0363367
-2.7429924	-16.271877	-2.5174813
10.902859	11.798895	-6.293423
-0.8963444	13.639281	-6.5405617
5.25932	-4.967644	-6.9136896
6.8510776	-7.3775206	-2.5204337
2.952974	9.95967	-6.356174
-7.5658154	1.929619	-9.749975
3.373204	-8.599703	-3.6151063
4.8158803	0.35056168	-2.0807574
4.8470716	-2.7881358	6.044525
0.10776287	-6.8051004	2.5324411
0.01881225	-6.947389	12.880744
-8.495308	3.5985496	0.54733664
-1.551173	-11.356229	7.899018
5.243064	-7.850588	5.440771
1.4193711	0.93991244	-0.9011032
3.3848267	1.1301417	2.2718868
1.3054011	12.824421	-5.8599772
-1.4184312	-9.264964	10.151105
-2.0018194	-9.292554	9.217383
-0.33591035	1.2421199	-6.368
9.889697	-4.0057716	4.2378173
-2.95316	0.35708323	-7.740355
8.681365	12.8843155	-8.729989
3.2055554	10.436964	-6.420025
-3.9479835	-5.8492484	9.8164425
6.936283	10.749973	-0.714459
3.602519	-0.13596112	5.581491
3.776045	12.794169	-8.881798
1.9024838	0.5365257	-0.032376625
4.65713	-6.7773004	4.351769
-2.7872975	2.5168467	-10.676153
-9.662237	8.426238	-0.30118766
2.9437342	-15.784326	-0.38483143
1.071772	-14.675792	-3.3713694
2.2450604	19.34993	-3.3606925
3.1073701	-5.9476686	3.9506137
-4.194523	-0.52481896	-5.6920958
-3.431926	-11.53764	-6.525169
-3.496424	-11.899045	-6.5229936
-6.82862	-8.43354	-1.3510872
4.25426	12.00009	-6.681109
-1.0239381	2.2959704	-0.44642404
3.1515884	20.074268	-1.5432281
-4.6608744	2.0580072	-1.6028528
6.746163	10.366344	-0.413899
1.0622021	14.713707	0.21197155
8.27428	7.7500668	-8.107101
9.871312	21.967016	-6.597475
4.561907	12.777454	0.18048847
-5.8978434	-14.297062	-3.9340692
2.5625503	-1.7945491	-8.2582035
-1.3503101	-8.322858	-5.686138
1.957325	-0.8441237	3.3768609
9.06969	-0.90348613	-1.1726633
3.4691815	-0.43763882	10.807426
-10.411897	0.99888754	7.5481315
10.100122	10.141247	-5.8856416
-2.1677442	-15.811808	-1.3101046
-1.5368197	1.5091406	-0.88065636
-1.5558747	1.1227528	-11.269191
-3.5671628	-14.364713	-3.2183871
-2.4503272	-2.8422656	-6.976335
2.879053	-10.413393	-6.3913455
8.999792	24.729626	-6.577873
-4.276876	2.614475	-3.5780044
-9.84846	1.2783806	8.1898575
5.6293416	0.72593415	-0.7449431
4.7941737	1.7166733	10.360578
6.060272	8.200008	-3.6743577
4.530149	-13.480846	2.2394316
-8.270753	5.2336483	-4.22527
-1.8735471	-12.726506	-5.924804
-9.978622	-7.3160105	-1.9747922
14.149575	8.5771	-5.077738
9.159683	-10.052001	4.08922
-5.8973737	-1.514299	-5.9137683
-4.5832386	0.46734244	-6.360442
4.0142074	-6.772869	-0.60131097
-7.0494757	-4.798428	-8.490769
7.0177755	13.985355	-6.8511295
-6.2204037	-14.14246	-3.8738759
-12.396563	-1.3095065	0.9149841
-5.5759716	-10.6134405	0.15108037
-4.6982794	0.84029686	-3.1453104
-6.47225	-7.130251	-4.389111
12.35023	11.693537	-7.5803566
-8.53544	4.5832343	7.6021314
11.21797	13.282899	-7.333651
6.2150064	10.56837	0.042909447
-1.9237531	-0.30031928	10.830852
1.5039661	-7.6958804	9.178168
5.505994	23.645329	-2.8626626
6.7278	-2.0780528	2.0165129
3.422323	-8.4709015	8.787049
-4.623942	-3.5373182	-6.0598426
-1.4065422	2.5013938	-0.039897528
-9.876971	0.5281528	8.573406
4.381642	14.45111	-1.2638686
14.599762	9.804459	-6.0070558
9.411339	-4.4423294	4.501828
-9.3136425	5.119371	5.211386
2.7292767	14.125724	-1.6685852
10.225617	10.75143	-1.9937234
7.8054547	-0.023619018	-1.8254118
-1.0082085	-9.526665	10.355598
-1.0659162	0.46423	9.812435
0.032580893	-2.0639937	12.525076
4.0583262	-1.4324037	3.9566991
0.7258792	-1.9560304	-2.646635
-12.950404	2.1915793	-3.3056486
-2.0098643	3.9435568	10.4270735
-6.237507	-1.1858866	5.0980186
6.3817015	21.192654	-6.597202
8.362914	-11.906332	-2.1658852
7.2556014	2.7803104	5.4231896
-1.5594163	0.9964727	10.116094
9.567255	21.345814	-2.4808898
5.7416883	0.0041058916	-0.417875
-7.546184	-12.16737	3.736218
0.24657187	-8.455313	-0.935732
3.1698961	-14.089997	-2.5416517
-7.445025	4.100636	7.3412776
-4.453045	-12.48888	-2.877928
3.8818521	14.380914	-1.8891331
10.793167	13.723823	-5.907125
-5.006624	3.1700175	1.0881995
-4.9078755	-3.5100443	14.018158
-10.09379	-8.908514	-3.6594899
3.2969747	-8.845446	10.993092
8.046836	-3.8141522	-7.9737825
0.5347581	12.861048	-8.001611
6.998131	8.935263	-4.039837
-4.494022	0.7892453	-7.1665125
-10.507189	-0.7926025	7.4293838
6.035973	8.296092	-2.210442
-2.8420913	1.4685479	-11.20618
9.058451	-9.776177	-5.028027
8.651909	20.29263	-3.063512
-8.355987	7.7910004	3.194865
-7.5164027	-5.421292	1.680747
11.2799	10.272075	-5.24176
11.788889	-7.3095126	2.2099059
-9.6851015	3.6520052	2.0590487
1.4827628	19.487207	-4.599161
11.843476	-5.4940844	1.2495276
-0.34746912	-6.016016	5.3410654
-8.417965	0.031769022	5.1058483
-0.12716617	-6.220489	5.3727098
2.8002956	17.21351	-2.5907013
0.7106364	1.4563639	-8.752509
-1.2259232	-9.394438	10.644974
-2.272611	-11.968421	7.3642445
-10.313486	-2.392609	6.2778563
0.6590915	1.0191411	-9.020381
-11.171719	-5.7148128	1.7561541
-3.4139407	-8.447728	9.537801
-9.363016	-2.2458065	6.739159
-2.4450617	2.371344	-8.730816
-8.56552	-0.7591426	3.1419275
8.53417	12.814657	-9.2558975
14.513949	12.082598	-3.94056
-4.0016785	-2.4223435	8.950041
-6.424651	-14.635703	-4.1404877
-9.4186	5.548908	4.9419827
-2.282956	0.025731072	11.084769
6.8979225	9.990697	-4.943041
14.356634	10.337067	-6.409516
-7.44318	7.124142	-2.344053
6.8139634	-8.133633	2.51961
1.1254758	-10.663975	-0.87243086
-3.2813282	-10.226336	0.18706508
11.951765	9.64212	-7.0267067
-4.9087534	-14.48613	-3.9724622
-2.035789	-8.838276	10.15951
2.81498	1.245804	-5.6996922
11.096883	7.796723	-6.30763
9.301129	2.0697913	7.360291
-3.8841617	3.2555902	-1.7830498
-8.564844	3.1311467	0.3627021
-4.263875	-6.137173	11.921222
-8.249914	-3.7926395	9.903353
-0.26581952	1.3383687	-8.053858
9.290764	-3.0451214	-3.0028267
-3.4971325	-0.06800373	11.025165
-2.2024913	-4.768728	-2.5110004
1.6637994	2.8342235	-5.1141143
-3.0308337	-14.969821	-2.9176924
-14.244148	-0.804507	-1.4282789
-2.2001705	3.9846053	5.283237
-2.8749437	-8.239547	10.168666
7.8565087	-5.791504	6.481925
-5.5070395	-2.3953846	11.216015
-11.806807	2.7587788	-2.5088472
8.0771265	4.805183	-7.067584
1.6397749	15.563926	-0.11129016
-8.778789	-0.015415148	-2.5683787
5.3304205	15.26403	-5.651223
-0.68965644	2.941393	10.019727
0.89153	5.6591115	0.23563625
-1.1777041	11.1246	-5.687927
6.9639277	-5.7512126	6.4218836
5.116878	-9.100846	8.721242
7.748583	5.4356008	-7.87204
2.1776998	14.786356	-0.9171893
5.7338576	15.643994	-6.21153
-2.8073905	-5.09999	4.4891396
11.321768	11.213493	-1.5457747
13.285668	13.12214	-2.9589515
-5.2491794	-0.20795923	-4.166934
6.402991	20.735342	-7.209312
1.5377835	-2.0174909	-8.509535
6.6596084	26.061125	-4.787086
7.958696	5.8038406	-6.5502133
10.29181	10.949441	-6.20549
-0.64734787	-2.3964229	-8.7205305
6.9895597	-7.311524	-2.8723285
-3.831887	-13.028944	-5.518102
-5.6211295	5.594071	4.5409784
7.8109202	-6.6962514	-4.458648
4.8018594	-7.4245706	-8.846317
-4.984755	-2.2162707	12.206881
1.3831078	5.0901055	2.5894132
1.0271686	-3.1376595	-3.0773008
-0.47576424	-9.470634	-8.065948
-1.5512124	-5.314814	6.7991676
-1.0021168	-7.8722115	-0.12562203
14.108854	10.827237	-5.6861534
10.199242	-5.0050955	-2.0413058
1.4128715	-1.3476567	-2.716031
7.9542537	-3.4130177	-0.11912924
-6.6276145	7.75825	1.2594174
4.507476	1.5446222	9.021478
8.563055	-8.258515	-6.245825
-2.20247	0.19074468	4.4236503
-12.811738	-7.2651067	-2.8196192
2.6836808	15.1853285	-6.7025533
-9.4318	0.8146389	8.292706
-4.278731	2.820202	-3.1591163
-1.0599436	4.279904	9.334316
-8.687274	2.3409069	2.830511
2.068579	7.5547385	7.830521
9.808448	-0.43159276	2.2697272
-8.128805	0.37202016	-8.773113
1.3951962	-14.632211	-0.58660334
-0.7237648	-12.7244425	-8.503422
8.611335	-3.3084648	-6.8809996
-8.6007805	-4.3450074	3.9467292
0.530476	-10.410723	1.7200189
-5.7642226	0.6734932	12.134131
-0.016572645	-11.981207	2.3663073
5.610728	1.7183663	3.68077
9.639531	9.992678	0.07485149
-8.284315	3.638577	7.924241
-8.106357	-2.5039787	-5.906259
9.845629	10.364068	-5.360808
-9.84233	-2.0706968	-4.5473604
9.380172	13.079166	-7.7669907
-11.369765	-2.853895	0.27167612
2.337419	-8.516374	11.400647
-10.536039	-2.1350951	0.7127616
-2.0277414	-11.400039	3.7460866
6.69129	3.2141306	9.466739
-6.6049213	0.9615287	-9.890071
10.878207	8.870757	-3.434547
-2.3189266	-7.8542924	10.442482
-7.3690696	-3.7132452	-7.7695055
-9.234845	-1.331816	4.952915
-11.863889	5.082705	-4.0887733
4.7992744	1.7882427	8.245971
2.5479038	19.211266	-4.7443047
1.6783738	1.2779429	-5.9274793
-0.86276436	1.5058872	4.5317006
3.2072597	-2.5427601	-7.511559
-1.2940392	-0.62409854	-2.1557305
4.410535	21.21788	-5.393915
9.310495	8.633915	-5.8015623
8.901383	11.464473	-4.013947
7.837457	0.6415971	-1.0559871
-1.3848798	-9.559813	3.3280506
-9.354775	4.9311647	0.60848105
0.5899369	-9.11233	-1.0832304
-2.685754	-13.1255045	-5.9812355
-4.2211833	6.620615	3.6866684
4.9443865	23.211746	-2.7788413
-2.9937623	-3.6798277	-1.169131
6.853123	9.757487	-4.6204634
7.515787	7.7153726	-2.9668632
2.6131556	-13.083281	4.400861
1.1155283	-11.367193	4.761616
-7.9588585	3.3837798	-6.876532
5.7362604	-2.1280115	3.3842301
0.98609006	-13.998105	-2.7128928
-1.0607216	-5.674464	3.4423606
4.071343	-8.916216	10.345718
6.685892	-10.561835	-0.30898494
0.057637423	-13.988991	-4.095291
5.002855	-0.99793315	8.378955
10.00642	-3.691135	4.7886996
0.171375	-2.6387672	9.261811
-4.779155	-10.857265	2.35797
-2.9603562	0.56145704	-5.5670824
9.636178	-8.907194	5.8039308
-6.563233	-2.4855146	3.7274213
7.7583694	-9.158953	5.534493
-2.440219	-11.694249	0.63185465
-11.744212	-1.8028255	-0.50540745
7.4201226	3.4115174	3.6603568
-12.518882	-1.4032696	1.1992645
-1.491755	-11.951203	-3.2574372
-1.020323	-12.630348	-0.80499375
-6.482956	-0.8138146	2.4208436
-5.454759	-12.318691	-4.2176676
10.131887	-7.353564	-1.8300269
-2.5229106	-0.11023171	-0.0044101523
-10.33857	-1.4950014	7.4127584
8.082675	-6.678781	-3.6731682
11.682308	-7.178908	3.2137015
6.7392592	14.782059	-8.267736
0.72350997	-11.7098675	4.575723
10.681035	3.8351426	-8.198709
-9.154611	-2.3652315	6.9173946
-4.077396	-0.58272344	11.490691
6.103768	-8.137061	6.252249
4.7270045	-14.142501	2.7850254
2.5933998	-5.5011945	1.5301554
-2.360959	8.088668	4.7115564
10.996223	-8.006168	3.1850748
5.11817	14.079478	-0.13007133
4.047955	16.960619	-6.852988
0.6486073	-5.8081822	12.993531
2.1792326	-14.113285	-1.9091032
1.4218457	-9.049587	-2.1528025
7.6639686	12.159107	-9.21565
4.178484	-2.5148802	-5.604613
2.5902147	6.683969	6.084105
0.4303785	-7.9019628	10.642167
-12.824974	8.473651	2.0833745
1.9268271	2.733225	2.0070221
-1.5381027	-6.896765	3.6711452
-7.10582	4.8400397	3.3122725
-7.5698004	-12.24745	3.5043185
0.7903808	4.2940435	7.328292
10.683716	-6.8108244	0.08420303
9.773199	22.644436	-3.5395262
5.427658	12.568912	-3.891465
-0.5814272	2.7519522	9.925988
-2.6554637	-3.2282927	-1.4023919
-9.971581	-7.949367	2.2404044
-2.7899208	-8.141353	10.419523
-4.5803022	4.3021383	-1.0073907
-8.022401	3.9939687	7.5576096
2.5172079	-7.078742	-0.659593
-6.997662	-12.559759	4.053001
-10.670463	-1.7583776	8.953835
7.0552616	-3.6605978	-0.69906974
-6.4074726	-3.7327156	2.5845554
-0.17654474	-5.1705093	-3.7346487
6.185946	-2.124298	-5.5208406
2.7580562	5.339145	1.4326607
0.50386596	-10.098614	-9.975813
5.0968475	13.916696	-0.17928736
7.942664	19.717295	-1.1956952
-4.539739	-6.930314	-4.264529
-3.698184	5.419233	3.551512
-2.7956312	-1.3780406	5.003789
-9.909337	4.1730576	-5.1469016
-2.3045752	3.2783802	-6.785818
-1.9466562	-1.1330863	0.4086415
2.1599658	2.7392583	2.538764
-1.8522681	-0.08748362	6.04731
2.9060972	2.8784993	-0.6248717
1.7398599	-0.37300155	9.901199
8.981405	0.2068235	3.8397052
-6.395563	0.49611142	4.292847
-10.122244	-0.030144509	7.267744
-5.083203	4.5463305	-4.9950047
4.9805336	20.58844	-1.2696674
5.991266	8.448322	-1.9578987
-4.921864	0.7384344	10.70601
-7.923747	5.388505	-0.77949977
3.722127	17.34048	-7.045566
0.2064552	-4.2002025	1.8014612
-2.5034761	-12.37632	1.9230696
4.6753674	14.019897	-1.2239783
-4.5547876	-0.10708206	3.227333
3.9182012	12.63913	0.2284753
-5.3323035	-7.493376	4.212728
-8.566888	-3.1427238	6.448774
4.0452766	-5.4083114	-7.3121552
1.9394703	15.024344	-1.9067485
6.1306963	14.427363	0.054429956
0.17328136	-4.66094	12.0620775
-8.145379	-11.774214	2.6874485
13.379786	7.156376	-6.215015
7.272281	11.837991	-9.125217
-5.3358097	4.7022047	-0.43434873
-1.515189	-2.4453297	-6.951618
-10.525102	5.376752	-0.7943594
0.13805382	-2.081759	5.8423276
-1.2157719	2.3060987	-0.44350478
8.373872	6.440191	-4.005747
-5.0219903	-1.3993113	12.295942
-1.0222498	1.0464813	-8.193161
-0.5754163	7.436155	5.616431
11.074382	6.761747	-7.974244
-3.8447173	-3.268425	-8.651516
6.69786	-11.38411	-3.4206824
9.841512	-0.45593253	2.16145
-2.835903	-12.245884	2.4132788
11.764	12.979192	-2.1902187
3.0402093	-1.7666785	-0.09864941
-9.720317	2.6847684	-5.846337
-1.1001995	1.2877876	6.783835
8.826842	10.484347	-9.220294
2.0479484	5.8065166	6.4809213
-8.0993595	4.109622	-5.9353976
-8.93475	-10.555829	2.133862
10.401809	-6.9248843	1.4683998
8.567602	-5.5025644	6.20013
-8.804046	-10.401016	2.2440493
3.4955552	-7.9726615	8.506274
6.175535	19.537203	-7.133503
-11.802206	2.2173333	4.610394
-2.718287	13.662198	-6.636882
10.788192	10.2102585	-9.123922
3.8328445	16.789034	-7.3849463
-8.452793	-8.855943	-3.0606108
6.359172	15.040158	-6.3301487
3.3561718	-15.332437	-0.19869812
-4.45856	-12.327987	9.689567
14.30564	8.829072	-5.339362
-3.5645516	-3.3755803	-8.760872
1.777539	-2.8722897	1.0049683
-10.257968	-0.1766158	3.4278448
4.694723	-11.90519	8.632047
-6.5525136	5.7821293	-1.8556683
-3.5873208	-10.27794	3.5404978
-11.182797	-4.373539	2.3255165
-11.509559	-8.641747	2.2356324
-11.297421	-6.3693657	-2.3973799
-3.6672192	3.508548	-2.9688509
-4.1599984	1.5612316	-11.770585
0.037792664	4.206105	0.47056153
9.349752	8.062397	-5.8462844
3.4490888	13.19244	-2.9592059
-4.7826314	-9.536897	-3.8875418
4.021207	-11.22544	9.116618
-4.4979243	-0.9025966	9.235757
-5.751963	3.578388	-10.13807
0.37107915	0.88669837	-1.4984022
9.865752	-2.5476124	-0.41395333
-0.917727	-5.0011034	-7.0493946
-4.5094314	0.07266559	-3.1220179
7.5807667	6.1473384	-5.523924
-7.344375	5.8763075	4.952036
7.0094767	1.9843621	8.332737
-0.20922093	-7.918978	2.8396811
-2.2752814	-1.7632922	2.1183681
-7.392603	3.9425666	9.067702
3.6458144	12.423666	0.70249164
-0.236431	-7.5555882	11.367006
8.666076	-4.6445036	-7.2419925
-7.4761047	-3.1421032	-6.903922
-0.2775404	-6.248354	5.628916
2.525575	18.508947	-3.6042316
-9.86853	-7.5426884	-2.8593915
-2.0733967	-3.4957645	-7.1011715
-6.84127	5.1577516	5.3728786
-2.9714155	8.36738	8.080279
-6.466088	-1.0979394	1.6895849
5.150995	27.093233	-4.675318
3.0224354	4.1227636	-0.650892
-12.589684	4.7098026	3.077334
-13.522356	1.9994423	0.9852638
-0.6840226	12.494172	-9.28687
-0.6559707	-8.460803	0.586301
-13.833804	1.9731718	-0.7615273
-0.19551216	3.6010292	0.6035759
-7.25323	-3.6831734	-7.7984433
2.2730796	-9.881992	8.2152195
3.8724003	12.611031	-7.5555663
1.019633	-4.2359676	-6.2893286
3.2004106	4.312736	-4.003005
-13.135135	1.8464192	1.345756
11.247515	13.1240225	-7.14209
-1.3973845	-5.3188515	7.173162
5.3144903	-0.097564965	-1.3156589
8.55246	-11.983643	2.2934928
1.6478629	14.306583	-2.7204099
9.74695	-6.8742094	-6.4965525
-7.3065424	-8.113918	6.203661
-0.36384872	-6.746676	12.9863405
-2.5853043	0.8976975	-11.884014
4.0186553	22.552547	-5.3351035
-1.1631333	4.5495014	8.1868515
-7.674651	-12.113543	3.0252402
2.1641006	19.20342	-3.4597626
6.255844	-3.9755187	7.1661034
-7.0069113	-4.8579106	-8.413302
2.5183012	19.918875	-5.8902273
-0.7125654	8.071582	7.086168
6.078868	-8.271485	6.64073
-0.43091762	4.2867203	-1.6739442
2.9993923	-1.8966776	0.059284784
-5.52081	5.4910574	4.688538
4.9374194	-6.0052075	4.616843
2.5476208	-6.8637466	-3.8038456
9.802557	-7.0499234	-6.4243608
1.8226105	3.998685	-2.3692787
8.772778	8.673855	1.0886583
3.468597	-1.6616304	9.084134
3.8326235	-11.462504	8.856257
-1.3217466	8.384128	4.9294395
-1.0009575	-11.634077	3.9552789
-4.8897157	-6.7959495	0.73733586
0.19671357	-1.6878881	11.920567
-1.9072361	-5.0449276	6.821282
-2.5846715	-9.817151	3.198476
-0.85363704	1.2166764	-8.924475
1.9256605	-0.46282476	11.015722
5.241039	-13.361242	1.9792811
10.462311	10.319178	-6.147788
0.4490402	-11.3476715	4.3534336
0.28402656	7.341433	4.3580723
-9.887518	-3.7056997	-4.9711194
4.4687815	-4.6806107	7.147114
3.460428	-7.127882	-3.2702925
10.410279	4.60295	-8.079451
-6.108532	-1.3807188	2.1918318
-6.5956125	-7.0282	7.056081
-9.540632	3.9709585	7.8537617
-5.882013	-5.0142937	10.242762
6.5381026	-4.5619392	6.8188686
-2.9093866	3.2604816	-8.347789
7.3251348	-2.5609488	-7.93052
2.6428528	4.66403	-1.2576615
0.017090457	-5.0460877	-4.4229712
-7.4911513	6.034746	4.3248634
-2.006211	-5.407474	6.0226135
-13.534516	4.353722	3.9351873
-2.242628	2.330208	-11.981067
-10.188491	6.603417	-1.7917417
8.273155	-3.7682	0.11412839
1.7395818	-10.523754	-7.1467915
5.7387815	0.14290708	-0.5860116
9.842438	-6.6237483	-1.993071
-9.577019	-3.3907146	1.3768364
4.943621	-14.906697	1.745619
7.8341427	-4.197631	-8.04784
-1.3113563	0.74210036	4.1089215
5.1695166	-7.3587136	-2.5192358
2.4898067	19.912277	-5.962966
-9.608654	-2.6569164	-6.5369344
7.330332	18.500324	-6.7134733
4.0861764	21.00675	-5.464105
-8.416371	0.58940417	-7.8195753
8.15642	-4.3557086	-0.4278824
-1.5551946	2.9116864	5.1068363
2.7649221	-3.3042634	4.7614703
3.570197	10.271276	1.2461642
-10.905761	6.567552	-1.6934665
7.495977	20.68679	-3.7883317
-9.823823	8.367544	1.4551433
-4.8551087	-7.2423096	0.7849365
-7.760933	7.369412	0.6258595
10.809221	-5.1328077	-4.7256346
2.5648808	-8.273091	0.42698506
-3.7098882	-6.04154	9.60733
4.0931683	-11.722873	-7.517089
3.713746	19.47894	-5.5385017
2.9272568	-1.7925726	-7.947082
-2.912481	-8.47245	0.14313419
-3.4005044	-8.746653	-4.2429447
8.360161	-4.6755595	-0.16730452
-1.1724145	-9.6887665	9.160154
5.128277	5.066858	7.710179
-12.364393	-2.1901438	0.65418696
-8.807003	-3.6321204	9.960273
0.18826525	-2.0633533	5.7857757
-4.6061487	-10.940642	2.3140068
-9.408539	0.66380537	8.138925
10.228878	22.943779	-3.519481
7.3072863	-7.9808803	4.859707
5.481427	-2.3172	-6.3737345
1.6100538	-2.3656175	2.055291
-4.692898	-4.805505	10.284206
-5.5594797	3.3436944	0.36611158
3.7206347	1.1228745	2.2354689
-0.061880004	-6.647577	2.736892
1.7321311	15.016312	-1.068458
4.6671057	-1.4235594	-4.6658144
-0.7783088	1.136154	4.7058005
-11.29435	4.5245624	-4.5316987
-8.407864	-0.009644208	4.9807124
0.26105896	6.6505876	5.0668893
2.9858332	-14.099196	-2.5756547
6.341494	-2.113658	2.509135
-8.219106	6.015538	-3.0095756
-3.1737547	-12.083774	-2.4326642
-9.288182	8.168093	-2.8963292
8.269446	22.217962	-6.271814
0.24430467	2.0008793	-0.8556413
-1.9299331	-2.3261275	0.29013774
6.9342337	-6.6897936	3.002553
-7.850849	5.8264275	4.0187616
1.544553	20.230677	-2.1645753
-4.9714527	-1.4556044	-6.4292974
13.299072	11.691825	-3.124957
-12.77427	-0.17825806	4.480706
-13.679524	1.7149566	-2.5672643
-4.649117	-1.2102543	8.100642
2.910473	-1.7724313	-8.048127
9.561288	21.99619	-3.6358895
-0.16693799	3.7047877	-1.2093964
2.6837375	15.618881	-7.597158
9.387159	0.9198367	5.614732
-11.717024	1.4944865	0.16122627
-5.564913	-4.2869196	-6.9644575
-2.1181767	-6.8326025	12.066155
5.357324	2.7372162	9.394587
-5.4614906	-1.892243	6.478861
4.957144	22.506147	-4.8854556
-13.506045	1.460269	-2.4984508
-3.3854332	5.6418877	4.252785
4.069719	-4.940088	-8.300673
-6.156395	3.3462396	-9.886338
3.1629863	4.347851	-3.9326658
-2.8115108	-11.760673	-6.0855412
-3.4164083	1.3428925	-11.886358
5.523741	7.7589545	-4.4256797
3.7255816	11.585327	-6.8098116
6.3963284	12.682745	-8.053468
0.38846675	-8.925698	-6.545414
-3.3808372	-10.7007675	-6.4911203
-4.7867684	4.238282	7.4466367
4.3643355	4.3633833	7.359056
3.2016878	-6.0979385	1.431459
0.8197329	13.710651	-4.5312247
-0.115192726	-14.062049	-1.7782792
-2.2587264	2.3931234	-8.834938
-0.17472926	-7.4051485	-3.6681154
11.398234	7.846508	-4.9002953
-8.928948	4.1867323	4.61058
-0.0529933	7.809367	3.4568186
-2.261257	2.7604873	-3.7229362
-11.555168	-6.5143905	-2.3301408
7.744372	-9.8609295	4.9762564
2.7735121	16.05397	-6.3946986
-4.150291	4.491383	6.335567
2.8955867	-0.7543489	0.4204753
-7.279137	5.1379027	3.2227137
-6.0743747	-4.587757	10.768666
-1.8369865	-7.082763	11.946773
-3.7598283	-1.0806118	0.21959917
-0.7951334	-1.1734067	1.3726192
-8.463054	-6.62696	-0.60996985
-9.157027	4.504698	7.510519
-0.18916093	-5.980191	0.6914537
10.90789	5.628887	-8.006861
5.779376	15.970621	-6.3529377
-1.3331581	-9.335099	-7.972466
-4.164895	-12.301577	8.652269
-11.08754	-2.1222258	4.4355106
9.947955	22.43567	-5.8617396
-4.168172	-9.3481	-4.1234336
14.284006	10.92383	-5.4860497
5.6358604	13.539704	0.63759893
11.338223	-7.045739	2.8267176
7.133066	-1.8151246	-4.211265
10.281857	10.838906	-2.1138284
2.3095021	-2.5584116	1.6884671
-6.6847324	-4.8699193	-8.485236
8.211974	-4.8291006	-7.189941
-4.385462	-10.444605	0.64270085
-11.357585	4.0543466	-4.3161287
-4.155296	8.274106	7.693978
-4.7257905	-4.400631	-8.0869665
-0.2696928	-6.032795	-2.079681
6.1343365	8.149265	-3.8066
7.105985	-6.8949027	-3.9282098
-10.165205	7.187087	-0.7250146
6.779979	14.468126	-8.518121
-12.436906	1.4787239	4.677779
3.2514765	-6.647041	-1.3242842
-2.6327736	-6.901803	4.4446006
-0.78573734	-8.964096	4.5174794
-2.0689716	8.361007	4.9958363
4.1049647	-12.120525	8.281099
-3.5568638	-12.290095	8.724616
4.254562	3.0822046	-5.8212843
6.339355	7.7767367	-2.5263584
6.261616	5.41035	8.565865
-2.994603	7.9262176	9.072981
-1.0033743	-12.071655	-3.340208
8.527998	-9.220342	-2.5427547
3.4786031	-8.642375	10.087364
5.0121794	13.311637	-4.696341
8.014463	11.033633	-6.403309
2.8171632	12.743804	-3.7196674
6.2151213	0.41578078	-0.96283925
5.5287843	0.013297774	8.682795
-12.149767	1.0123231	0.6690463
-6.1860013	4.2888064	-8.814127
-0.8521045	2.052975	-9.294632
-9.610301	-8.759585	-3.4735558
-9.4494295	-0.63262373	3.6308744
3.406927	-2.7918582	1.7587692
-3.2772737	-10.621275	-6.4307504
5.0506372	22.807981	-3.3189921
3.8906357	12.179293	0.16686329
8.918756	-3.1870396	-6.293983
2.4162467	-14.132837	0.40893856
-1.0256534	4.522465	8.239781
-0.25404367	2.050583	-0.7782895
2.2479208	-1.8113517	8.040103
6.5746655	13.075986	-4.1682534
1.9345524	5.2415943	6.228797
8.001893	0.7804191	4.3182087
-11.68839	8.382676	2.3097131
3.49982	-12.057923	7.4009585
7.7854447	10.21481	0.89137644
-3.880411	-0.35543385	4.64856
-7.020728	-11.290153	-1.153795
1.5063541	2.4736714	-5.1453614
-12.684749	0.9694175	5.7019167
3.0952191	-13.060409	5.038611
-6.428075	-11.440571	-2.0566134
4.342844	-4.885365	-8.3504925
2.4522262	-7.5569525	5.975378
-9.504963	-2.8976195	-1.2139672
-4.3395824	-10.58273	7.781305
0.48618722	5.7204638	5.594145
-2.5302982	-11.887735	7.4681215
-12.729066	2.5095549	-3.4041545
-0.50518304	1.2965008	-7.572055
-4.8017325	-0.5440659	-4.8298693
8.389845	12.189446	-7.8922224
7.506053	21.26554	-3.7748163
-5.2142825	0.22521058	3.3553183
-10.075013	-7.190851	-1.547622
-2.3910365	-3.2911303	-7.1241846
-7.305192	-1.278023	-4.935183
10.680043	10.349456	-0.7135144
-3.3142369	2.747326	-1.5255022
-13.515127	4.419817	3.8118007
-5.19905	-4.049876	13.358198
-7.4382324	1.361257	2.6035054
-12.948087	-0.059720166	4.5332193
-0.37264815	12.946846	-8.060952
4.6832876	4.5822053	-1.7284424
4.556751	-9.951784	-2.8423178
8.543379	9.465257	0.76236886
-6.078304	0.6832802	-9.972082
2.1593337	-1.9166431	8.196143
6.782036	17.600872	-8.535973
-2.7854729	6.7540307	7.2568154
-9.00562	-0.45784938	-2.591877
-11.453163	2.5883055	3.1528614
-7.480804	-7.097059	3.5129123
-2.7050178	-7.5950413	-0.64739037
2.1106668	-0.41140622	3.321996
-4.8445325	-4.2432947	13.524813
-11.961952	-6.246121	-2.8061316
7.2710114	1.9500406	6.5566397
-8.346579	8.974846	-0.5279024
2.7480597	-7.019858	8.912181
2.1926656	22.267862	-2.3822386
-6.764469	-3.7956407	2.855343
-10.992822	1.1646395	6.8446307
-5.147903	-2.3888664	2.1991851
-0.3978879	-12.741084	3.98348
8.1023	8.991664	-9.021899
6.4256845	-4.1725564	-6.911455
-3.21381	-10.401099	7.3894725
-6.613243	6.819438	1.5188632
-6.3011503	-5.786878	5.3231997
3.3633685	10.051078	-6.6149974
3.1931624	-11.864316	2.1298537
-11.066461	-2.4969928	-6.4155717
3.6762543	-6.815157	1.492717
8.810466	-4.461786	5.696846
9.069938	-8.096172	2.949604
-5.768469	-4.439698	-6.969842
0.8458732	-8.1616955	9.271708
6.169403	-12.715061	0.6446512
-0.617367	5.540349	2.6693804
-10.153703	0.51588917	-5.6334023
-13.151763	0.49899065	4.648344
9.134993	9.204812	-6.3312593
-13.757079	1.8548305	1.214971
-10.3783865	-8.745977	-3.823626
-1.8176742	-8.673048	-4.0022435
-1.1691945	-4.1312966	-7.396944
8.499253	12.913276	-8.536663
-3.6650724	-0.010796637	-12.595522
2.7127502	-12.953843	5.5419292
-4.4465337	2.439134	-7.386009
0.5222684	5.329294	1.228303
-10.002865	-6.525475	-2.0516994
9.888757	-3.8612556	5.6162868
3.811867	-8.680249	8.942194
-3.3250742	-12.32766	-6.6012173
-3.3503675	-12.317419	8.685359
-13.679538	-4.8036327	-1.2714103
13.483526	7.6362576	-4.545173
12.376261	10.845844	-6.581392
5.9500995	-4.09419	-7.8709855
8.681763	-9.1182165	-2.652378
-12.614224	-3.4312382	-2.3941908
-3.4157495	0.8043429	-1.6534069
-6.5758357	-0.0062145675	7.0904517
3.2994637	-6.753314	1.4428947
-10.313207	-2.3034582	-4.9988947
-1.6766613	-13.015408	-1.8910397
9.455558	-4.420903	-5.3671527
0.7638261	-9.541571	-6.3989263
11.8509655	13.765221	-3.289197
-7.242109	-0.41804206	-5.2662063
2.148754	19.949104	-1.5200329
4.244137	-9.877829	-2.2670686
4.641078	-6.4415274	-7.0091834
5.361033	3.8033779	2.7808838
6.5892262	13.242663	-3.810076
0.6299533	13.788417	-4.920959
-10.50248	-3.1163394	5.5197587
4.06717	-12.694349	1.6068635
2.663294	19.804953	-5.055643
5.625868	1.4328096	-1.2171384
5.6619706	-6.56351	4.2511973
-7.6639876	3.3766024	-7.682845
-7.9225454	-10.45843	9.803353
5.710947	-5.190853	-7.691249
-0.29950622	-2.0954442	-6.459999
8.123718	-11.830216	2.3680437
-9.854457	7.2642956	3.9412787
10.112989	-3.8612754	4.7287946
-5.8160815	-4.925045	-8.436701
8.689525	-1.3402092	-2.716462
9.492095	0.3662463	-1.7347298
-5.2867923	0.12103219	-5.9066534
-1.533192	-5.4709997	7.255678
2.7380362	16.045542	-2.532373
5.179971	-3.0557518	6.689066
-1.5015799	-8.050621	-5.6976366
2.723209	-6.970312	-3.908805
-0.09585716	-10.167711	8.947461
7.4592385	0.6291902	-0.5504735
6.494993	22.844538	-2.1131568
3.3065987	10.808335	-5.829377
3.9140897	20.53583	-3.9712484
9.278637	-5.331252	-1.021289
9.239995	-6.6313324	-7.808547
-3.1984522	-4.668672	4.5061646
3.629881	4.456824	-1.2135967
-12.134844	-6.9517064	-0.29152665
1.0027231	-11.707473	-1.2250946
-0.1888093	-9.1022005	3.912667
10.153395	-7.3166666	-1.8408997
4.291531	19.941763	-2.354144
-5.159031	-3.5102613	1.7008878
4.952732	23.76615	-5.9539223
7.6170373	3.1551857	8.755183
-0.54544085	8.139887	8.5280075
-7.810037	0.57348305	-8.968865
9.592026	21.192064	-2.4073012
0.033888265	-8.860002	-4.5037055
3.2918546	10.323002	-6.465223
10.373461	7.765678	-7.9719086
-1.7320778	-15.8152895	-1.9671835
6.403523	4.5664144	6.02542
3.357923	2.5943277	2.0503554
7.314738	3.3860786	8.967026
-4.560438	5.6266265	3.5812905
-4.7294955	-10.619523	2.1227174
1.7117512	19.372704	-1.8286605
5.410615	-8.531553	8.77783
-9.450314	3.941073	3.2335005
3.9086823	-12.530429	6.9367175
1.3568839	7.146307	7.8698263
-4.5547366	0.07880087	-11.112061
0.5754073	5.578802	1.5843661
-3.502517	3.735293	9.717161
10.779267	-7.302774	4.6185145
-14.338102	-0.33624956	-1.4093292
8.577075	23.368382	-5.157986
-0.46986863	-5.3812027	6.302532
-10.491774	-1.5795673	-6.398231
5.8367267	13.344293	2.0446396
5.6285467	-10.990405	-2.4701538
3.1340303	21.166101	-5.680467
-11.253125	-4.434793	2.199659
0.25796995	-13.069782	3.80524
-2.674657	-10.363789	2.4441516
-2.1627045	13.550699	-7.2907124
2.2784007	-1.4335767	-6.0231156
-5.297715	4.1174936	-8.353197
7.7275934	-5.516857	-8.199312
8.6847515	-3.416121	-6.62463
7.646475	21.566753	-3.752654
-1.0108008	-5.3714795	7.314478
2.6094067	-14.397356	-1.4337426
-5.788222	-8.68767	-4.1953564
-10.735616	-1.6177632	7.2369885
7.5486093	6.311347	-5.240418
11.9896965	-7.967917	2.204803
3.6155114	14.558743	-1.7540151
-0.9764084	0.2392412	-1.7947693
2.673766	-2.124444	-6.0722036
7.5589714	20.078491	-3.630358
-6.7565107	1.36588	-7.362209
3.342222	-9.649175	-6.0612698
7.209454	-11.778269	-2.6817803
1.0615795	-0.84331524	8.681996
-7.934083	-0.70898914	3.0463212
-9.01243	2.0770917	-6.0464916
5.177899	-0.11867811	2.056182
8.66981	-3.3295367	-3.01988
3.098043	-3.6208706	1.8293334
-4.294782	-7.941548	-3.7901118
-7.1705256	-3.3857222	4.631117
3.9073145	15.987713	-0.9881675
6.0347404	-4.809806	-8.210283
1.4980762	-9.386	-1.9958907
-10.785697	0.12933384	-5.0664062
5.6196284	-10.045097	-4.339266
0.48709622	-7.743916	-1.3613648
7.1606636	-8.028216	5.4543014
3.7811565	15.685226	-1.3202043
-12.187635	-2.9572556	-6.023708
2.6251278	3.7401626	-1.0172747
-0.66029704	-9.0441475	3.975837
12.4653425	7.016159	-6.023319
8.551738	-1.2868198	-2.6798406
6.720942	13.887665	-7.2751784
-11.335135	-5.379075	2.530609
9.072319	-3.1371434	-3.495121
-6.4594746	3.8435578	7.486253
10.822972	-6.274047	1.6602033
-4.0227423	-3.5743692	-5.787509
10.846399	10.491629	-9.236917
1.463682	-7.6515536	12.428623
-2.9168522	-4.36592	4.432274
-3.6156363	4.3463497	9.672157
-5.680097	-4.482143	-7.294491
3.2190607	-2.9106483	1.6482161
-6.2603636	-9.626162	6.371354
-5.3847723	-2.6226497	13.455533
-6.048263	-4.9501157	-8.634916
0.52010447	-1.9023831	-2.9073346
-11.730353	6.514652	-1.741356
6.8006983	4.325729	8.137467
1.8739175	15.232007	-0.53267676
4.343801	15.666907	-0.90464497
-9.919968	6.6651807	4.055302
1.5596715	19.429956	-5.0360074
-12.479158	-4.3840466	-2.538613
-0.56252295	12.638225	-9.041102
4.466151	-15.098327	1.0173582
-5.39479	-2.8490365	13.555971
-1.3314534	-6.5559497	12.768445
0.8564562	-4.2350864	-6.290501
4.2817693	4.753277	-2.5566778
-1.6640424	3.9926264	10.503366
-8.253155	4.2720823	-1.0870397
10.658766	4.086933	-8.172666
5.6159368	-12.088001	1.6183659
-11.121842	1.3115424	-0.2628125
-9.891081	-3.3011594	4.236988
1.3655047	4.21606	-1.54558
-12.758581	-7.091755	-3.0250711
12.640719	12.648294	-2.2679996
-7.33034	-3.3140213	4.445966
4.7944527	-14.888037	0.52791715
13.396221	11.676252	-3.143529
-5.9371476	-13.32105	-2.9131353
4.5503774	-7.784851	-5.8373823
6.0329924	-7.754554	6.145788
-3.7211795	4.2969327	-7.0804086
-0.7114959	8.208546	4.059765
0.66188014	1.9372457	-5.858872
8.205192	5.0661044	-6.8940926
3.7181988	4.5967383	-3.6799657
-10.51598	4.626731	-4.803884
7.3457594	19.370558	-0.60913867
-5.5208416	-7.472472	4.1170673
0.6170774	7.895093	8.140875
6.5038323	-11.785682	5.155894
-8.003226	4.3625426	-5.9161196
-1.8703426	-8.669497	10.046534
3.2894857	-12.97619	4.782986
7.484516	-11.574821	3.4558861
-4.714792	-3.0719826	8.893645
9.395715	0.2100037	-1.6711323
-2.645816	-12.312762	2.8297486
11.423006	13.863318	-4.0508604
-6.6163263	-10.611375	-0.5759303
7.933172	11.1066265	-8.695759
-12.522166	6.27522	1.0693746
-3.6617043	-13.742573	-1.7674456
2.8482711	-4.9332585	-8.5137205
4.363026	12.39809	-8.904432
11.885595	-5.7922697	1.1890515
-12.557415	-8.9096985	3.232855
0.25762615	6.388814	5.2699685
9.883761	-7.6807156	-2.1449769
-5.9899216	0.23909049	3.0648594
4.0483046	21.046165	-5.384136
-2.6700163	-4.188842	5.7739925
9.118544	20.93826	-5.4779534
8.38676	9.683294	1.283227
-10.3687315	0.88731325	7.833483
-5.543257	-3.16408	14.062192
-7.4791236	-4.149188	10.375117
-1.4743588	-2.073499	0.9690983
-2.5531917	-10.844837	3.6672678
2.0564854	0.1641515	8.695822
-11.431177	3.1397681	2.7305584
7.1232285	-6.00181	6.3289666
3.6850111	0.26907942	4.5142465
2.166054	-9.945312	8.261197
-0.088002	-6.8859925	-2.350368
7.475485	-5.2654114	3.9274936
6.5786285	0.9834119	3.935228
10.42376	-5.559759	0.40760824
-0.47488046	-12.320624	-8.728133
1.0398376	4.2791743	6.8122435
11.579828	-7.937464	2.5349889
7.4999657	22.674526	-6.6777563
10.744262	13.794083	-5.6455564
-10.939095	-1.8180784	-0.39054364
-9.695245	6.0227356	5.961452
-3.9756217	-9.03467	2.3541284
7.3275514	13.607216	-8.065423
-8.798702	-6.962816	0.94202524
-2.122913	-4.8689466	6.2489934
10.6327715	4.724807	-8.096342
-1.1121758	-12.090842	4.6460247
-7.1884313	7.7521825	4.4317756
2.8536286	5.2662177	6.4055424
2.3974166	12.8743515	-7.9094505
1.0645639	7.5857034	7.542212
-7.3566427	-7.257086	7.052746
-5.694099	-4.074104	-6.4048467
-10.277743	-0.11950668	-6.3087087
-5.525752	-6.679991	-4.0281744
4.470333	20.715887	-1.4287103
-1.2147884	11.003338	-5.655422
6.287962	-12.156543	-1.8098512
7.6623945	23.775911	-3.2968528
6.083805	13.173353	-1.3595014
11.107894	13.69778	-2.6068459
-6.736024	7.0954757	1.5270927
7.9992137	-7.8419065	-6.310856
13.569747	7.186653	-4.8314195
-0.8193673	-4.5294743	-5.406388
1.5857948	-12.06057	3.3573353
11.410936	13.434878	-4.0074215
1.422175	19.638447	-4.3893
-3.375253	-0.07462555	11.038406
-2.6004407	-8.147609	1.7628306
-3.46465	0.60420156	-7.449271
1.4983675	6.7540765	8.043627
-6.6507225	-8.756912	6.2271976
-1.4775207	-1.2963136	6.8367577
-5.6331086	-9.66137	5.3048587
-7.054378	5.841593	4.572304
-11.804826	-7.1584573	-3.632772
-8.07001	5.066999	-4.680072
11.1007	7.4789896	-5.09638
-13.169748	1.0563041	-2.8275437
7.3330126	-5.445876	3.0003712
9.290999	-3.6152196	-3.5690253
2.7611244	15.536613	-7.847728
-13.258003	4.3915524	-4.0198145
-5.2039056	-2.5273728	10.832373
-0.34435692	0.22429924	9.7538805
1.2589248	20.277159	-2.5861883
-0.5803577	4.2794623	0.5011713
9.198527	-6.5296907	-4.652241
1.3394454	-6.0180154	5.389574
6.7579064	18.102057	-7.8083606
-13.8558855	-0.26029605	1.8792418
1.6546401	5.770893	0.42161
-1.9305477	5.257928	10.105083
9.613821	12.951971	-7.7380714
-5.758528	-1.8915935	11.723696
8.105264	0.22792006	-0.9911366
14.223358	10.687507	-5.7420363
3.587736	-6.5500455	-0.9136722
4.6844144	22.996674	-5.9142284
10.536559	13.240782	-1.7544296
4.7971044	12.084571	-8.146081
0.30388373	-14.462792	-1.2001897
-6.2927217	0.9094585	-10.10899
0.0010082037	-2.0715814	10.517001
4.640476	11.731543	-9.659886
-0.08419484	7.83622	6.2057295
-9.026122	8.193436	-2.701137
-0.2782901	-0.28999403	-10.768368
7.7106485	11.867496	-4.3608193
-0.17761019	-10.77059	-7.784235
5.2175136	20.782198	-3.2002878
10.737975	-3.963994	0.7270751
-4.8595276	-0.6140258	0.028334184
1.9974774	-14.605593	-1.6525147
-9.642813	3.82485	2.6300218
2.0531785	-4.7155643	9.00108
11.788667	13.084939	-3.8514476
-6.7289834	-0.9431955	13.144244
-0.0544126	-7.707375	-4.853127
4.6123266	-11.745493	8.830141
-12.05067	3.4219594	-2.3679318
-3.8124938	-13.851073	-4.526775
-11.7946	6.6250176	1.7811918
4.325773	12.723485	0.8007532
11.722833	-5.074007	1.3216566
-8.408445	-6.2910833	-0.73392004
-9.965576	-1.5620109	-7.2530565
0.9571352	3.741043	-3.4079697
11.180459	-7.8721294	3.006244
-14.431173	-3.3788188	-0.984248
-9.8932	-0.7359387	7.986519
4.930818	-11.211082	-2.2422142
7.6586623	-10.256066	4.8691063
7.656901	11.40696	-0.55765903
-8.539321	3.8526392	-1.0746752
4.3496103	-15.132656	0.63097197
11.42215	-4.19137	2.6484766
3.2851121	-6.081914	1.8691794
-5.191552	5.578598	7.8365393
-1.1297146	-0.11503135	5.5789447
4.035337	12.785346	-8.780759
7.088867	22.346708	-2.1292698
8.981507	-6.765391	-4.6532497
4.6306815	-4.655228	7.395708
1.0812294	20.068035	-3.1936722
10.365197	-5.8720183	1.3653369
4.483562	-0.6098035	-5.8163905
-0.5601186	-9.6011305	-0.03216624
5.165462	-10.263284	-2.509526
-7.3000474	0.24307281	7.349961
-2.9260256	-4.9575644	4.893809
4.5020785	21.039465	-1.7337327
-10.655624	2.8796668	-2.159155
4.143613	-1.3501165	3.9484897
9.569646	-10.276541	3.2252014
1.0880525	12.645599	-4.7519174
-2.0690532	-4.937328	-2.759968
-6.115937	-12.647674	3.972953
4.8095784	23.192942	-5.855047
6.231563	7.9774766	-4.7505813
-8.25535	8.938483	-0.2415651
-3.2004497	-8.513705	-4.284625
-4.951488	5.438023	7.569988
-12.43696	8.600858	2.0046475
2.138131	-12.750823	4.256354
7.755259	-3.0074341	1.1755093
4.875995	22.790312	-6.68409
0.12810963	-3.6991725	11.432457
-1.6157724	-15.788642	-1.5795741
4.408846	4.6616387	-2.2913904
8.348814	2.1818259	4.2922363
-3.1158652	-1.5507815	4.0032935
9.997849	21.880642	-3.189001
3.322436	3.437374	-4.772566
-0.57576793	-3.108311	-8.521594
-7.729279	8.100783	3.137537
0.9358716	-2.035935	-8.695865
-8.91183	-2.033642	6.550175
-3.8842723	1.8395483	-7.5482197
-2.0553727	8.427183	7.4977303
-9.091359	-3.1222553	-4.23969
8.90939	24.765629	-5.839402
7.6546326	-7.3465676	1.5700791
10.107541	-7.3326087	-1.8629155
-9.223974	-0.6626573	-2.1335492
-4.5135937	-10.71781	2.6253572
-10.842065	-2.5819762	-0.7959312
-5.7720275	-2.438547	2.821738
-5.686418	1.7866406	-3.1540675
5.2806597	-8.5951395	1.5854188
-1.0426534	12.259533	-9.8542385
5.121632	-8.857376	8.855966
-0.009518765	-9.214967	2.9221606
3.4381804	-15.018861	-0.71021104
-9.301758	5.9935994	-1.9875975
10.361457	21.897032	-2.8606002
3.2564275	-10.317764	-6.517835
-8.897612	-1.0987182	5.4395237
-2.2903934	-12.0037565	7.4439077
3.5358186	-4.616829	-7.565763
6.4156747	12.933245	0.5010924
-5.3083587	-0.8026896	-0.43068314
-4.1362824	2.5173013	-3.7011344
5.7575817	-12.27562	5.9262323
2.286647	0.003649514	3.7703135
0.58839756	-8.628993	9.224714
-6.1836157	-1.1661866	5.492619
-8.501273	-2.4134474	6.704753
9.083106	-4.5046453	5.197024
2.3739564	10.299096	-5.9978576
-0.6602074	4.792551	5.5039005
-2.055565	-2.6398566	5.1461315
6.2216105	6.3222446	-7.038323
-2.2071364	-1.5399272	2.358806
3.4741943	-5.3335156	-8.469359
6.448828	-2.093767	2.9225273
-1.1623788	-12.021527	4.171443
-2.1662443	8.617816	4.900087
-10.297124	-9.88013	0.4646428
2.3027985	-12.96434	4.9490614
8.605872	5.576855	-5.94753
-13.001085	-0.49240193	3.837609
7.9114394	9.3122635	-0.9185571
-10.591438	8.147682	0.7422596
3.6202629	0.3141258	4.517071
8.5423565	24.287687	-3.5792296
-5.511037	3.5966136	-9.377783
-9.527129	-1.8982537	-3.857957
3.700399	-4.214805	5.815417
-11.475939	-1.9027578	1.321016
-3.552184	3.738323	-8.073759
6.6878967	23.724556	-4.656783
-5.625571	-3.293245	2.1115308
-4.8348536	-6.5558305	-0.14730927
13.127859	13.219457	-3.288912
-2.816084	-10.079385	1.0160992
-0.19257557	-0.15507136	-10.675374
-4.5342965	-3.2306569	-6.3448834
3.752056	-0.25146684	8.688378
-1.7222812	4.4593806	10.435913
11.081844	8.939273	-3.2172625
-2.4968507	-0.23956266	-0.17260316
-0.7250683	2.2006805	10.572649
-10.297002	-3.3601713	6.422431
2.0887406	6.650017	6.6038013
-10.099575	-1.989553	7.5120263
-8.85083	-0.23612761	-2.4683053
-7.815608	-9.82295	10.006606
7.354044	13.001362	-8.548081
2.9647577	-7.037244	-3.51718
-1.587696	1.2084723	9.325967
3.5142703	0.67898697	10.175779
5.5499234	-2.1833556	3.4901085
-2.7965443	-11.61917	2.9666767
-12.327373	-8.115396	-1.2748448
8.865672	19.464241	-7.0381036
5.459227	7.6028643	-4.59552
-1.0100787	-1.8428493	1.1247513
-11.012665	8.18803	0.21925043
-2.3598075	-9.206451	-7.837668
11.4830265	-7.8022757	2.946898
-3.3223238	-2.3334358	0.44106907
-2.278075	8.391915	8.120158
3.1396759	-3.1958344	1.9005302
-2.8741965	-10.790185	-6.9260807
6.799752	-6.629857	5.327773
3.7108967	20.265148	-3.5159473
-3.2518315	-11.328203	7.4062
3.2621288	-2.627645	-0.064846195
-2.1501195	1.3284023	-11.254283
-1.9108809	-9.2928705	4.2410316
0.30387416	-9.963223	9.121128
-1.3926051	-13.897749	-3.9928043
-7.091425	5.372733	-5.1385827
-0.5067912	-9.794041	9.900237
0.08773299	1.8901999	-5.5125465
-2.4238143	-5.082657	5.796977
-6.1802993	-9.614719	6.227912
2.560475	2.4514325	1.0953771
-3.7071562	-13.170921	7.954495
6.546702	8.748599	-4.98098
3.1741931	10.558988	-6.057033
0.044601746	4.300463	6.060057
-1.0201788	-7.553106	13.485177
10.075351	21.609055	-3.2676609
-0.10436855	-8.961971	3.797301
-9.579447	-2.666954	-6.5376863
7.594702	-12.0723295	-3.2544684
7.7817807	12.978839	0.79025376
2.9943569	-11.820278	2.4050336
0.45669642	2.336399	-5.7108326
8.125858	10.614983	-8.949702
8.051778	5.1356516	-7.7084985
0.03960769	-13.716186	0.9231313
10.976818	-2.9095547	2.2633934
9.17738	0.93164575	5.7056217
-2.8358524	6.1668973	9.989371
-3.252454	2.578669	10.197796
4.9519944	2.52083	9.1049595
10.665166	10.0559025	-5.0556097
-7.796746	-9.297922	-1.9833553
3.3446996	-8.435961	8.39126
5.202855	-10.035307	-4.8509717
-0.4237921	14.157778	-7.913793
-9.81363	-3.6730704	-4.7812967
2.0475683	0.865458	-0.25890368
-7.907173	-10.409384	9.85397
-5.592457	0.39973578	-10.199261
5.8290014	-7.999987	-0.5823351
3.835662	0.84511775	9.377307
-4.086216	-8.777278	2.6819775
-8.723158	8.592192	2.1163943
-10.588266	-1.0874087	-6.3010216
7.4020433	7.244045	-6.787386
-13.090049	1.6549394	1.6763463
-0.08556034	-12.957423	3.199399
-0.95873195	1.2202886	6.5507708
14.71215	9.368757	-6.0931807
5.8633842	-12.38793	6.003363
5.606972	20.932653	-1.3017056
-2.3526342	-2.1628075	0.30148056
7.8965893	22.676588	-7.010257
5.268128	-12.38719	2.7228873
-8.496485	3.867515	-6.2351255
-14.227341	-1.4108862	0.23255849
-5.0453033	-0.5211182	-4.756147
4.7968154	-7.5842204	-9.095023
7.663346	12.165309	-9.265248
3.8400548	-9.032825	-6.4373927
-8.104073	8.914441	-0.4280476
-13.750897	1.8313546	1.8191761
-0.16732097	-11.744032	5.3224864
-9.225133	-4.421041	6.8385515
-14.146039	-1.28096	-1.2794291
-8.3453455	-11.587865	2.6469474
7.8901606	-2.6212666	-7.706603
-0.39414677	2.4550762	9.587719
1.2374675	15.207625	0.1467729
-1.3477597	-1.2068338	-2.412746
5.361927	12.282329	-5.426059
-9.176298	3.0906413	8.139161
3.9731312	12.348848	-0.7197962
0.035754263	-7.8692317	12.809006
1.3908159	-3.404122	-2.7909093
0.98465437	-3.0206206	-3.092208
-10.954375	-1.7956026	8.002484
-1.0688839	1.2041829	6.926935
-11.993961	8.414743	1.9842535
0.970107	-5.3251877	1.7513438
3.5416749	-12.781246	4.0054483
-12.857638	-0.24908891	4.555736
-10.721323	-8.558493	1.023577
-0.9870698	-8.438198	-0.0705512
10.392798	-4.2519517	4.3252363
-8.28801	-6.9927187	-0.93237174
-9.118559	-4.5112195	4.080977
-10.698167	7.187364	0.80655634
2.61366	6.7333665	8.8548975
4.4441743	-14.995786	0.4305322
-3.437426	-11.0006695	2.370299
-1.756466	-5.483943	13.201366
-0.86037797	-7.161931	12.734895
-0.9830207	-1.0719827	7.4070473
4.7407875	12.963042	-4.477934
1.7093602	-11.055188	-7.602074
5.486366	1.1229539	-1.115057
11.544007	13.6344595	-1.9546459
-7.157642	4.8007655	5.834247
0.9392412	-14.4233465	-4.1289034
3.2857153	-6.375684	-0.723795
-3.895016	-1.866854	2.0369053
10.995538	-3.9795697	4.830435
-2.1099997	4.4234304	3.174475
-1.0577002	2.5892572	-0.4567164
-6.3716216	1.38254	-9.627644
1.5344232	13.935754	-3.0088282
8.867281	20.285147	-6.9265704
-9.759898	6.9456587	2.2311625
-7.832061	2.8528645	4.262845
-14.240086	1.4665619	1.7632324
1.8063686	2.861758	-2.0459726
-3.1335168	-3.9162736	12.724724
-9.83113	-9.7865715	1.0031818
-5.6946907	3.4823341	-5.288145
-7.2266703	7.702256	4.4385233
0.48943585	-7.6736655	13.094768
-6.4911246	-4.2605424	10.713876
-3.3562999	-8.883829	-4.2887254
-5.8678946	3.5948906	-9.441347
-0.7841139	-4.115251	-8.36587
4.1658597	-10.217789	-2.6950462
6.1397386	5.5718513	8.795136
-2.114039	-1.6517214	-1.9683222
0.5444999	-2.5450122	9.035727
-1.2584897	-0.98911566	-2.2654266
4.88802	22.155094	-5.327183
-4.602956	-4.7558703	12.537291
-1.0732635	1.3133725	-5.219235
-7.9165263	-11.908073	2.876268
-0.9074308	13.438416	-7.8800635
-11.547635	-5.4748015	-2.3293455
-8.544279	6.7554107	-2.15836
-9.406518	8.037481	-3.0182145
3.532383	14.765439	-1.9252619
7.0863113	21.577702	-1.9641857
-9.524467	-3.575604	3.2409077
7.5318217	5.6672506	-7.9246564
3.642155	1.2512857	1.7297232
-12.42202	1.8458214	-3.9640863
3.3107405	-5.8051057	3.382266
7.008814	-2.8519123	2.5837836
-8.990605	-2.7991273	-1.31057
0.37665665	-4.322042	11.537171
3.2976208	16.002344	-0.82671934
-2.9386234	-7.2951202	11.842753
-8.225922	5.1731353	-4.2586145
2.3586535	14.717519	-2.6520731
-3.2988253	4.185341	9.903318
-4.4615564	-6.9911685	-2.4558816
-4.2823224	3.1748092	9.059322
-11.8853445	-4.76377	-2.456284
-11.951941	-9.669171	-1.897237
11.389869	14.4713955	-3.802697
-3.9907243	-6.1463475	10.006769
-1.0111921	-7.0709105	13.131654
-5.572101	-1.5414304	13.2388735
3.682323	-9.484501	-6.110011
-7.800743	4.745854	-5.145765
4.029426	0.58556753	9.458096
11.042237	6.4745264	-8.722129
3.0223503	-5.998823	4.341795
-2.056403	-2.131715	2.193963
-5.336041	-2.417745	-5.830642
-0.48002595	-13.541851	0.3257236
-11.246109	-2.045777	1.5149099
-3.2372432	8.221011	7.5345783
-1.4549185	3.349567	5.4686923
6.981221	-7.0201287	1.9543073
2.9325116	-3.5195503	1.8696262
-10.028546	-3.4796128	-0.8683188
4.095306	12.5958185	-8.653156
4.198069	12.344958	-4.8956046
3.4886189	10.26788	-6.8039074
-0.46652308	-12.58087	-0.95692414
1.329538	20.055347	-2.5786004
5.067339	-15.177932	2.129455
1.5359875	-8.818511	-5.014563
6.7579064	-5.761366	1.1505952
0.6530895	4.9348183	0.12452171
-4.919758	-4.473296	-8.547143
-8.952447	4.7697062	7.582682
-0.42402717	12.345932	-9.5604315
-5.390774	-10.170048	10.250365
0.39287534	-14.913652	-3.7143385
-7.251787	7.73085	4.013913
-2.2809472	2.3616385	-8.563738
-8.383719	-6.9939575	9.605016
-9.152047	8.158112	-3.0457535
-2.2934139	-9.519877	9.121379
4.4764047	12.591035	-4.788885
6.514197	19.59121	-7.229753
6.1320763	13.386027	0.83205557
-4.755193	3.5404892	-9.252465
1.7690005	5.467276	8.473456
-2.200077	1.0726498	-10.721115
5.6509767	12.51662	-4.4111366
-0.5663385	5.691642	2.539462
-7.8844905	-10.085975	9.979305
5.2891736	-11.315602	-2.3264492
3.9789436	0.77935684	3.7983944
9.758572	21.213371	-2.4119637
-8.628571	8.869569	2.2675931
4.1853075	-0.2289556	-3.6510484
3.528991	19.864912	-4.0596504
-0.5119138	13.558361	-6.092815
-9.120201	-5.8584085	-0.49055523
6.6744404	-6.6256227	4.7026777
2.2588534	-7.5073814	-3.102817
-0.88100815	-3.6158023	0.98174214
-11.099684	-1.0653396	-0.3987046
0.7500614	4.049968	6.3527694
8.516753	9.8676605	0.78590417
6.5552835	21.365973	-3.3791158
-11.307925	6.395207	-1.5561818
-6.268851	3.779532	7.1096582
8.985992	13.439702	-3.3929985
-0.2544122	-9.255649	-7.510195
-13.339487	0.8076683	-2.5247624
4.4520874	12.177606	-9.042431
8.247448	12.773142	-5.230079
3.9610014	-7.691704	9.412316
1.0649996	-8.244803	-2.125868
-0.11944706	-8.941918	-0.12920232
-8.695177	-3.9431698	9.7758045
2.751713	16.185867	-2.552722
-1.8713223	2.5878327	5.2337832
-0.36334983	-11.912008	-0.752736
10.31759	9.427301	-9.023226
7.7880697	-2.5220594	-8.034252
8.143683	12.79086	-9.139968
3.9286206	0.54263073	-6.37495
-6.7451725	-5.486683	2.3896153
-6.0266705	-8.582398	-4.228106
8.075982	24.247576	-6.8831706
-0.7492134	12.6736	-8.475807
5.642565	-11.778356	3.0610757
-1.6187415	1.4901731	5.130435
7.007948	-6.269353	1.02649
1.0524998	20.066322	-3.0645487
9.395687	10.178678	-5.7684383
-5.975916	-1.5288152	-5.7063694
-7.8430805	4.5935793	-5.800478
1.2544526	-1.1187474	11.64651
4.5163302	-9.088258	8.940404
-8.47763	-0.03626949	4.7331896
-11.813032	1.3745148	6.556839
-0.73869425	0.9639148	5.5036426
-6.443183	-13.836428	-4.0170984
-0.040717214	-7.377223	11.104737
5.176686	-6.8013153	-7.270762
3.1321182	2.7981703	1.735062
6.2711973	-11.315011	-2.4641201
7.8545837	9.793484	-5.068491
-3.6587527	-0.8557594	5.6109457
-11.304443	0.95981586	0.005719724
-6.674584	-8.341451	-1.0913306
-3.2054265	-4.6460876	-2.918686
10.812572	-5.061316	-2.5304494
-1.0001234	-9.518351	10.538296
3.5765843	12.509139	0.32732433
-4.457163	-10.903122	2.7456083
5.0876484	-4.7829084	-6.8167415
4.0046396	-12.335963	7.1904073
8.282096	-3.0355003	-7.199026
4.6225305	-5.405077	-6.9924054
3.2930803	0.45332786	-4.5073256
-1.2507913	-5.9784613	8.099286
0.5538242	-13.753704	-1.887083
-10.019425	-0.30246338	-7.195627
-7.114447	-7.190944	3.4164245
-9.703771	-3.1083117	-5.955421
-0.21947205	-7.5218296	2.6202672
11.694583	11.988955	-7.144449
-3.8203378	3.3408823	-2.264238
-12.959297	2.594067	-3.2567658
-11.176406	-9.341944	-0.25988683
2.811019	-8.744572	11.387858
1.0096173	-7.4562225	12.815607
-4.634071	-13.664055	-1.8600048
-1.9894214	1.4920796	-10.402051
-12.278592	-4.3046	-2.6902208
7.812627	21.310028	-3.5679343
1.0268668	15.556952	-0.15554763
6.7564063	-11.51161	-1.6129359
3.1610632	-6.3856807	4.277263
-4.4612417	-0.42355937	6.515021
-3.8832402	5.352639	9.651975
-0.7185439	1.2636333	-9.036847
-8.261905	-8.863654	-2.509064
0.3416609	-13.475788	-2.6202366
8.033866	9.524243	1.0453991
-6.363411	-1.2948866	12.275698
5.631711	-12.017866	2.679549
-1.8925077	-4.010391	-6.9404883
4.5122595	-3.7792866	-5.7632885
-10.726988	-8.090276	1.3477918
-0.790839	-8.164078	2.758915
6.026137	25.796547	-5.269381
1.7355031	19.399427	-5.1567955
11.4180565	-7.154859	1.5362093
4.610962	-9.80863	-2.834097
-0.048059113	4.2078543	-2.33303
0.17496854	12.930878	-8.154419
0.69641924	-3.0595214	11.419296
-5.8615255	-9.559638	5.910714
4.8155737	-1.103011	8.213838
3.138161	2.1964915	-1.7894087
11.885867	12.24248	-1.8678617
4.676713	-11.885133	8.648838
-0.5132322	-9.20531	3.3584313
3.5265422	16.19029	-1.0266037
5.3356156	-9.63052	-4.080084
3.7571118	-12.713813	1.2056268
10.827847	-8.67262	-5.838036
-8.196644	4.7054214	-0.1558365
3.8103447	0.34503567	4.1731834
-11.905399	3.4742353	3.5547662
-4.019781	-12.906791	-2.3384883
-9.871467	-7.582195	2.6578667
10.589117	-6.9610114	-6.307322
0.041330162	9.766633	2.940053
-8.831555	2.7159982	-5.291501
-0.891705	4.7824116	7.8352184
-12.879609	0.70715904	-2.1940057
-3.0162957	-15.687685	-2.517732
-12.633132	2.1839824	5.7641287
-2.4182212	-4.758759	3.525256
-14.087456	-0.938928	-1.663581
-2.9981053	-1.6719284	2.7221
8.695866	-7.473891	-6.2667804
2.3060668	-0.35930535	11.197324
4.173662	14.363373	-1.9425194
-6.050159	-8.811272	-1.1370021
7.0148907	8.471531	-2.507803
3.464068	-5.3566093	-8.469647
-8.568577	6.403426	5.1327496
-0.93324095	-9.499641	10.306005
-13.308875	7.620672	2.3170512
-8.70919	-7.14201	0.9017708
-8.45998	-7.2380786	0.7059535
4.9992814	-4.8855925	-8.44319
-1.2145069	-1.2857367	6.571113
-12.565289	-4.658878	3.0567617
-5.180108	-0.70465666	-0.27532697
-1.9884377	-6.7857575	12.247476
5.684751	6.062036	-7.2185555
-4.1246576	1.60337	-11.813373
-9.342281	-7.883006	-3.0245981
-1.9895507	-12.273515	-0.7879055
-11.184265	-8.762198	-1.4802632
7.9288225	12.2596245	-4.1229887
4.022942	-15.12818	0.16483869
-13.176407	-4.175301	-0.52271825
-12.280502	1.9684415	5.1590214
1.7114798	-10.427435	-6.9499803
3.4884324	10.15907	1.2860488
6.5531716	14.195074	-6.4754457
-4.4830556	2.7771356	1.2829913
-3.9209774	-1.9201143	9.009407
5.9619064	-11.613349	-4.6089907
10.560829	10.171824	-5.038869
6.6664205	-5.488885	6.26134
-8.037662	7.3987083	-1.1561866
-10.782193	-3.6485076	-0.52058053
-13.741024	2.278675	-1.110919
-6.3136535	-0.8532973	5.8960505
9.256605	1.2419196	5.5552955
9.252421	19.897175	-7.067279
-4.1404443	-0.18767887	-12.200507
-5.5492544	-8.252403	-0.90961933
-3.48834	3.838192	-7.4808626
-6.2244353	-12.047226	-1.4073628
4.8006744	-7.265657	-8.567722
-10.468006	4.549927	-4.823999
1.3350424	-1.6567258	-8.162897
9.538485	8.932377	0.7859434
-6.502319	-7.3928676	-4.2643514
-3.571305	-13.734547	-1.9068278
9.216096	24.906046	-6.6586003
1.6565086	6.130411	7.865305
6.5146503	1.1796412	4.1301537
4.154338	20.50766	-1.4764867
-5.906431	-13.037863	-3.202508
7.1290507	1.847644	5.2987885
8.276722	12.670944	-5.431591
-9.921563	-2.1146548	-7.3974514
3.0350401	-0.4460986	1.0458906
9.509546	23.217098	-3.4831126
8.471529	8.561981	0.8957947
0.9165693	-8.909456	9.05676
-2.1033158	5.4223037	10.114238
-1.8048397	-12.767696	-6.5007334
4.664069	-0.4342272	-3.6013122
-10.831595	-6.0585876	-2.5920765
5.01886	2.825863	9.029351
-11.413987	-5.482575	-1.7380458
1.6599044	15.272744	-0.09150133
-8.134967	-11.672779	3.5176404
0.49415997	-3.9585402	-1.9627091
-12.3034525	-4.678551	-3.1059785
10.196926	7.8253503	-7.968897
7.4355083	2.1940062	5.5005403
-5.725823	-1.5781718	-6.048528
-9.504225	7.8571568	-3.0869493
-6.7852907	-10.771967	-3.6794128
0.15137094	1.813461	-1.060266
-2.7937858	-10.062706	-7.1784067
-5.086291	-6.0573206	-3.008123
-12.687347	4.7072024	3.0131202
-5.2165046	-3.3915226	1.9406282
-0.598885	2.662832	-6.7090797
1.5098748	-5.620434	5.238212
-4.492065	0.82255757	-6.8560653
3.4830062	-15.537559	0.19962998
-12.232223	0.6597786	1.218731
6.2388277	25.554708	-5.5045266
2.3081365	5.3732553	1.9895921
7.014067	-3.6068182	-0.41865417
3.099538	4.8188076	7.121507
9.213441	2.160489	7.548493
-5.274302	0.29353532	-10.067669
-9.781055	-1.9807959	-1.8638237
7.764903	-6.773828	-3.8820682
4.4686675	11.699697	-9.3454
-0.9929944	-6.9176817	12.882627
2.7295961	-8.835759	7.1444945
-5.7320366	3.2125382	0.41756845
3.1965446	-2.6676362	0.05426922
-5.295969	-1.7702237	-5.977719
2.369659	2.2689347	0.6866945
0.478039	-1.5716386	12.138156
-9.113614	3.7163498	2.3687985
-9.465038	-5.7221904	-0.38527107
12.796663	11.073484	-6.3304644
1.307965	-9.64723	-1.5121889
-0.73975056	0.7684961	4.3259606
3.4770317	0.13765804	-0.53189224
5.828381	15.478392	-6.1575766
6.955851	-6.6606717	2.924344
1.0253505	4.583022	7.654361
1.76238	-0.6118243	-9.466545
11.225695	-4.1452737	4.3029876
-8.317425	-1.3864255	2.7843907
10.319732	-6.593418	1.148304
-9.369801	4.27126	6.2405906
6.367738	-9.855609	0.19017497
-4.4283996	-1.4459279	8.516015
4.3440347	22.167694	-6.360448
1.0259416	12.337535	-4.2196097
-2.041113	1.823493	5.3675933
-3.1409786	8.416105	8.6930685
-4.7464123	4.297533	9.221149
-2.6538153	-4.063148	5.7946696
4.9434075	-6.353445	1.0376536
-2.6862085	-7.6629343	-0.93998176
5.727636	3.1521287	8.080298
-10.738495	-2.4876738	-5.738565
5.6351633	13.166012	1.5309033
8.20883	24.365105	-5.0283856
-4.7644277	5.3839936	7.134308
5.1508546	-13.440761	1.8214065
1.4902261	7.471352	7.691065
1.4684957	-0.97047174	3.267603
1.4478862	-9.168563	8.4932785
7.085584	-6.8159304	-6.937572
-3.189743	-5.135162	5.012092
-5.027396	-1.8152026	6.756075
-2.557554	-3.1185284	6.6614895
4.9014177	-0.72846496	8.333178
1.4771087	-9.029895	-5.344272
-2.4480815	-8.725942	-8.241829
3.3230982	-5.9243665	-0.5490582
2.473051	-13.957414	-2.7078183
3.6262336	0.00840709	10.418407
1.964511	-1.8573736	-6.951103
-2.7023194	13.189849	-4.87449
-13.203545	4.401499	-4.0214634
8.256155	8.396834	-3.7113552
-5.288303	-7.5877643	-0.212297
-11.913748	-9.279013	-1.6761595
5.170063	7.668697	-4.607148
-8.7145	-10.359142	2.579646
7.3603077	-6.1331453	6.7214913
-6.52423	-11.98732	-1.7099847
-6.473066	-3.6131048	2.7427185
4.9004803	-8.970476	8.991097
2.2198188	5.3513203	2.8196828
6.942862	1.9270985	6.92988
-0.5776933	8.281785	6.835025
-6.354489	-3.5980527	2.6514523
7.2686276	10.156873	-1.0510372
-5.297541	-12.250496	-5.698968
4.4687467	3.4960022	-5.6982355
-4.7955728	-4.9016633	10.858459
-9.935487	7.2924366	-1.1662035
0.051396646	6.1592383	4.890389
7.109927	-2.8716385	2.923886
-1.6364304	-1.2233995	-2.08585
6.599611	10.640869	-0.031475313
-2.4578238	-12.22298	7.3428845
1.5216001	21.880146	-2.2543075
-9.503085	6.2632	4.5288305
-7.824271	-9.533472	2.2443576
6.2958093	13.0114155	1.6033777
4.566932	14.4165745	-4.3721204
-5.8502483	-10.453179	1.0028534
7.462519	3.3049607	5.524391
2.7179835	0.21543549	1.5266562
-0.043804783	-5.298001	-3.3418832
2.703648	-14.295313	-1.9550409
-2.7089329	-0.18944317	10.906696
-2.227275	-9.535988	-7.76101
-5.1111736	-2.0696332	11.974126
-1.5230647	13.352814	-7.8949
-8.601005	-5.1051607	6.799406
-4.555217	-1.1641042	12.04326
-1.3927199	-8.340008	-4.4711776
5.0821633	-14.831968	0.48843175
1.8114177	14.864243	-0.091833204
-0.013167058	5.634256	5.488895
-1.083063	-1.6664549	1.5111704
9.764158	11.089529	-3.3607905
5.253961	5.8175254	8.016833
4.1336412	-12.082932	8.325594
-11.671905	7.455008	1.3013546
-13.580582	1.5037242	-0.9393496
5.1105075	20.628954	-1.2123938
8.964784	-2.6424153	-3.1770191
2.5680354	10.452571	-5.9675584
-14.634567	0.9010294	-1.2214396
0.41535038	-9.029133	-6.2957587
1.789115	-1.523252	-8.818915
-5.8354096	4.715195	-5.520055
-7.948204	0.59819317	-8.829215
-4.5304394	5.806147	3.3532903
-2.3764176	-4.981155	-6.6498666
-9.18111	-7.15309	-1.9099615
0.2068042	-10.091922	-8.733679
-14.457906	0.07808585	-1.5244964
-9.919047	-3.4165251	-5.160011
-7.6812787	2.8297975	1.132616
-3.8986492	-4.064032	13.416863
5.135791	13.904825	-0.14264862
2.069985	-8.081516	11.79705
-11.309139	3.9630923	-4.2739134
2.4753911	-0.0987609	-3.7979794
-2.3442824	-11.749524	-2.7789881
9.278145	23.67964	-3.6585524
-11.15021	-8.839324	-1.922746
-3.235186	-10.795727	4.0307484
-11.011011	5.20034	-4.3072743
-13.352883	1.835511	-2.0661273
6.3277135	-4.017523	7.065688
-7.9346743	-8.559644	10.003024
2.46406	-9.402143	7.8413134
-1.0508997	13.623532	-5.9000754
2.3401725	-4.7767987	8.853529
8.891997	23.993067	-4.002708
5.5764704	3.1207883	10.067847
-3.116687	-10.492657	-0.08867555
8.535548	12.133637	-3.7700696
-13.142868	-0.23450476	5.198012
6.5980678	-7.6796694	-3.7432377
-2.555483	7.956269	8.743596
3.9325874	-1.4449177	10.051394
-9.161448	7.438163	-1.5435742
-12.16473	-6.3765445	3.192683
10.3640375	-6.1854367	-2.2724977
-5.125253	-4.696097	10.55223
12.778425	10.063593	-5.0580273
-3.329856	-3.400272	-8.653684
-10.610186	8.290418	-0.41654316
-0.36958328	-11.285671	-4.1616526
-5.0821686	-1.1118401	7.6936407
3.5477703	-2.7360206	-1.9242773
4.528735	23.462786	-5.4036508
-9.378967	6.5724745	2.0102482
-1.3658593	-5.3087487	-7.1666384
7.133134	-11.79728	-3.0739136
4.994523	-0.86248976	-3.920599
7.770636	13.210973	-7.7666593
5.2342834	-7.3189273	-3.6608365
6.2632546	3.381634	6.6739526
3.0972874	0.5975517	8.739573
-7.7879386	3.492435	9.142753
3.5946515	-0.3307983	6.053735
1.1619073	-10.659681	-1.1451136
-1.248534	13.187949	-8.171993
9.661347	22.290876	-6.259125
-3.2048903	-4.4236245	12.015414
-0.6306824	8.03125	3.5800629
-2.282036	-15.853142	-2.8341637
0.53412133	1.4556545	-1.2778556
11.04078	12.395975	-6.636612
-0.6587932	-0.5156035	1.269337
-3.8402333	-2.9233694	8.956274
4.798254	-7.490046	-8.955452
7.296393	3.4493577	3.6392598
-11.116579	6.6374426	-1.7166486
-6.858085	7.7021255	0.9648861
9.398848	-4.20527	5.5786247
-3.7695663	-2.3124895	8.985654
-6.342172	-4.2640176	-7.571471
-12.318125	-3.0420396	-5.998705
2.980064	12.64457	-3.6677918
-12.181455	1.3149754	0.32501015
6.410932	13.271701	-1.0885152
-3.5203676	2.1616125	10.430232
2.0536802	12.927367	-7.7099586
-8.16335	-9.867058	2.4498634
6.9126363	6.7217374	-6.68585
11.837102	-7.6994596	2.3204403
4.0091763	19.104477	-2.1300762
8.337974	-3.7435017	-0.99841005
-1.7564687	-15.622366	-3.6578972
-8.983019	-4.4784865	8.849953
8.131627	8.672773	0.01845734
7.5290213	18.493835	-6.4751654
2.7471285	-1.6619996	9.3734
7.5796576	-9.008477	6.4761343
8.604732	20.676575	-3.4372504
10.713322	12.618046	-5.2576537
-5.015582	-5.728944	-2.7134426
-8.9333105	3.9464276	2.441258
1.4070452	4.0991507	-1.5119346
0.9567373	-11.7462435	-1.1148837
-10.787113	4.368676	-5.0886416
-12.156675	-6.083358	-0.04773418
3.904217	16.802608	-7.847637
-7.37458	1.1078327	2.8133924
-9.417028	-3.5985148	3.4593897
-6.429577	-6.463436	4.1047044
-8.642149	1.2422847	-2.4080434
-4.2377124	4.45628	-3.7427025
1.026896	-7.882105	9.506899
-8.686698	3.4562612	-0.5731817
-9.844128	7.7074027	3.930368
-8.673421	-5.1252737	1.7659398
9.013086	-2.6280072	1.4203153
-3.11251	1.0749403	-12.07009
0.92748874	5.3863707	1.4963884
0.11576889	-2.3738136	9.768275
-10.093161	3.284661	7.931935
5.6031437	0.050114103	8.658495
0.39955637	-4.8177004	-4.675265
-2.1727676	2.8455298	2.4230113
2.6412632	-8.690767	0.9412899
-8.05448	9.076932	-0.98939735
-0.0977737	-13.836312	-1.3219571
4.1951365	4.0238667	7.4135675
-4.7256846	-6.7403836	11.601619
1.8837757	0.6068452	-0.6122812
-9.45842	-10.343598	1.1585842
8.058359	-5.1066384	-7.169226
-2.686228	13.655189	-6.376345
-9.650544	-5.7003984	0.1497791
13.517161	12.746375	-3.1652012
-4.2194138	3.0635097	6.3593774
1.7791095	-7.602984	6.0234404
5.7178755	-10.089936	1.2880691
-11.228928	-9.143927	-2.1105642
8.435328	13.33787	0.4811538
-7.827286	2.1553793	2.878469
3.900302	-0.78338814	11.044677
2.486004	-2.7627428	2.0010357
-2.3118732	-8.961939	9.547428
-3.8892164	1.8530319	-7.5294676
-9.817031	8.537595	-0.31888095
0.12613285	-5.8415885	7.1880946
-12.115265	2.6960695	3.9400048
0.2740864	5.631721	5.6315484
9.23723	4.050527	-8.05343
-0.74435747	-6.2105827	12.936797
11.179543	-7.8225503	3.2573133
0.15441681	-14.390746	-4.489683
-4.720303	-1.0528563	11.996376
-1.5683669	-4.8875947	-4.0038366
11.349751	14.252538	-3.75219
-13.984361	-0.86986274	1.1053728
-7.7060766	3.968068	8.641563
-5.5179667	-2.6364162	-5.757852
-13.778961	1.2402806	1.7694924
-3.0238874	-6.733952	-0.26720366
-9.9029665	-9.80317	1.8319257
-9.570069	4.973797	0.41747305
7.0072246	6.5962358	-7.1539316
8.188013	0.6169055	4.045878
5.991296	3.852097	7.3251657
0.70115453	7.4847794	5.780247
13.016109	13.162007	-3.0822582
-0.9033755	-12.914422	-7.9297137
-0.96316946	-8.278653	-0.19606285
-6.276098	-3.207717	2.6813526
7.8017592	12.760614	-9.308582
6.721823	-5.2898836	6.842763
-11.565566	-8.995965	-0.43077764
10.430255	-8.474139	2.9985478
-11.8644905	-9.294367	0.0008574859
-0.3894082	-2.8459494	10.991463
-4.6399016	0.85121065	-6.7763486
-1.634637	-9.250214	-8.053297
-11.432736	3.1498137	2.78805
-2.483517	3.436241	-6.8503466
-7.647992	2.798206	4.1783643
3.5332232	4.5727925	-3.7765949
5.821896	-4.6780057	-6.8651304
13.263563	13.199038	-3.0159369
-13.360824	1.7512469	-0.50000775
4.9985056	-12.026467	5.6652775
-1.3806295	-5.089104	3.9106615
-4.818487	3.9800098	0.861162
-1.4551384	-5.1313357	-3.5888593
-3.3391738	-10.418432	-6.36112
-9.135123	-4.779767	3.8504355
8.108997	19.555681	-3.8785067
-11.352282	-8.278549	2.704376
-6.1180806	-6.69539	3.9936264
-6.4632497	-2.0156178	6.4444613
-14.026291	-4.2177773	-1.0920961
0.754045	-2.3705988	-2.427671
-7.1302576	-12.449692	4.09171
8.005404	11.141933	-8.984931
8.692123	-2.2062297	-7.1479454
-5.1767926	-12.203363	-3.3865063
-1.9462128	1.3460697	11.413997
4.0286393	-4.0825543	5.960477
-10.541496	-0.5463159	-6.4729333
-6.0939455	2.786147	-8.247584
-5.704564	5.502518	8.145724
0.32376993	-12.343652	2.4845777
10.756644	-2.6118262	1.9725021
4.8792276	2.202796	10.174742
10.557877	-4.9676657	-1.2491369
-6.8367243	0.23715405	-4.702102
6.1169834	23.164951	-2.7657893
-4.2479324	-4.56699	9.858801
-0.8149871	-11.998456	4.2357917
-1.5764458	-1.2187965	6.716381
-0.7697898	0.62876743	-1.6498579
-2.651479	-12.327264	2.118088
3.5013494	-8.057021	10.200628
-4.124758	0.5952674	11.469609
-2.727071	-4.7610807	5.4997034
-9.813084	-3.2873676	8.13787
-13.894857	0.75306857	-1.8709387
0.80089253	-2.4950817	-3.1464114
6.590255	23.184526	-4.5220838
0.3114856	0.44605443	-10.215978
1.7804812	19.700659	-2.2103066
-3.1321173	1.690544	-3.6033225
-11.634547	7.865614	1.532369
11.333358	-3.702345	2.6629791
-5.656905	5.946012	-3.3472078
1.5527896	-12.586885	-2.782205
0.703296	-11.471671	4.753613
-9.07491	-3.1634579	10.2533865
-6.4776907	4.891977	2.2226062
-1.4761151	-8.1788	-5.6309977
-10.63322	-6.3569	-2.6200745
1.6559625	1.3059077	-5.998725
4.7796464	12.159005	-7.2962375
-11.966447	2.0726624	4.8980107
-11.7118225	8.061069	1.5821786
4.986765	23.0548	-6.1875343
-8.431555	-6.626964	0.060197603
7.4529305	18.42573	-6.8069577
9.670772	9.272312	0.565224
9.957856	21.212372	-4.202876
-1.5111864	3.0565965	4.5772233
-3.1564019	-1.8028114	0.26905188
10.025395	11.05742	-3.4523654
-0.72760934	13.566975	-6.193575
8.712909	13.111667	-7.72675
6.097149	-2.5981793	2.6486926
9.008524	-0.65315896	-1.1966037
-11.376683	4.0670714	-3.0134478
-7.3063736	-2.243823	-5.870484
-5.641641	1.3012449	-3.256729
2.4638944	3.35751	-4.733839
8.374034	0.3296403	-1.133209
4.6284585	-11.534284	8.741054
-9.693566	-7.6639686	-2.7885852
-1.6143992	-0.16136216	-2.4582946
5.40481	-7.354187	-6.941756
-0.68953025	-7.4226904	2.1889455
11.508632	11.1589575	-6.857724
3.8586905	-0.68742484	3.958872
-12.390649	-5.1205115	-0.11823338
-8.501224	2.0848827	2.7835863
-9.686163	5.617953	4.9583697
2.1033094	-5.990151	9.353599
4.0811973	-11.566734	8.962788
5.4490647	-12.155893	5.4867244
10.23891	21.704144	-2.6428366
9.465511	4.1238756	-8.04968
-7.5679197	-3.5101235	-7.61312
-8.290949	1.8144763	-6.3743224
1.8331126	-7.5014253	6.081985
0.7418088	-5.968594	12.90199
6.9470453	12.453324	-8.475087
-2.9076097	-10.885687	4.4791536
3.4434981	2.1102386	7.751629
0.9206454	-10.139472	8.790321
3.4508193	-11.854267	3.7874067
5.014578	0.035691205	9.200099
0.76257724	-10.450482	-0.5223762
7.9970274	5.868026	-4.7676573
-6.668831	-5.7242184	2.3929982
2.669444	-7.2502065	-0.47080815
-8.636454	2.230725	-6.242425
2.6400564	-7.8965197	6.276356
-7.8933177	2.4282997	4.4082756
4.018	3.9992256	7.069668
-6.0009446	6.001146	-4.49547
2.8657696	-3.1306007	0.33355606
5.9423294	20.998693	-6.138196
-14.116681	-4.040312	-1.1005918
-3.0384064	-10.940099	4.1430354
-9.244483	-3.8130188	-8.5616255
-0.942765	-13.213635	-3.8588161
0.38211572	1.0575422	8.295794
7.4760594	11.910379	-9.35459
-3.9112127	8.240076	7.7397203
-3.7743618	2.6008387	1.2140037
-4.4159365	-0.91411084	9.528892
7.8707113	-2.6919217	-7.8232107
4.9416595	-12.146046	3.1936517
-9.601358	-5.418215	0.29640672
7.2183385	-5.6033916	4.9597597
-12.037142	3.293201	-2.1317835
-10.890793	-3.609223	-0.67073417
-9.029146	-4.0774407	9.052648
-8.291339	5.266521	-3.445055
-9.012193	2.311543	-6.084693
-0.9112215	-12.8534355	-8.132129
8.555639	12.455253	-3.3459828
2.6502185	2.0718982	-6.9948936
10.29423	8.105539	-4.3323007
-5.5019183	-10.952324	-3.5042112
0.05140081	-8.949317	3.4565141
-5.048091	-7.376564	4.4500475
-11.457009	-4.2747025	2.2227404
0.05496433	-12.885275	2.4799824
-3.9915628	0.8878938	-7.284802
-12.12244	-6.599398	-0.5087386
-0.4831811	1.785549	-9.22509
-8.089039	-0.31911767	2.665348
-3.5374708	0.32009405	3.8168883
5.084632	-0.674541	8.424961
-4.979131	-12.030864	-3.3217509
3.7376132	20.558998	-3.7506733
1.0399983	5.4911222	-0.5037742
3.6955843	-8.4269495	1.7940758
4.7764883	-0.5835414	8.152518
7.341916	-11.308384	-3.240945
-0.02833703	-13.0767765	-2.2523537
8.936484	-3.6052928	1.2606884
-12.491753	-4.1673365	0.63067245
5.3822746	-4.9762964	-8.0674925
-4.0867877	-7.4572897	-3.73332
3.9961593	20.198082	-6.0438643
4.1444397	1.0874196	1.5746439
9.213669	4.1004553	-8.03637
-6.4831667	-12.632624	3.585673
-8.37053	-1.163223	2.7850685
8.747597	21.150295	-4.8463626
4.9056315	15.394358	-0.3935148
-0.13552468	-0.11085923	-10.552295
6.4525795	12.768503	0.600499
-1.9410474	-2.1234784	2.3353524
9.570712	21.17452	-2.420494
4.5247836	14.078451	-4.4803357
5.3247843	-14.034082	1.6752084
-13.483787	0.03875538	6.137547
1.9620336	14.982227	-0.05241319
-5.085225	-13.608249	-2.0299118
-0.2507048	-8.384946	-4.2785916
-3.6145704	-6.4034977	0.09742648
5.264983	26.31834	-4.7370577
-0.72778004	-8.352722	-0.27132288
6.043354	8.507199	-1.8295289
4.599885	-11.77015	3.9973433
-0.745254	-10.110933	8.7967615
0.4434937	-11.130556	3.7891352
2.8321657	16.099163	-6.0735755
-2.8894734	-3.72894	9.854041
-7.274437	-7.8966327	6.35417
-6.668843	7.8720665	0.92469114
-0.7642034	-12.593726	-8.433776
-1.8795724	4.25983	3.0035896
7.1733885	22.449934	-6.5836864
-10.740451	-2.3511386	-6.0983095
11.537345	-5.7017713	1.5324858
-5.231762	4.9844165	-1.1623181
-0.76592726	-5.147289	6.272594
7.3055687	-2.8726013	-5.370357
-2.1203837	4.0716834	2.0236073
-0.35892794	-11.8765955	2.1987774
-6.5558076	4.9897323	1.8299521
4.802321	-11.490226	-2.1908417
-3.795312	-8.689579	9.377741
-3.422664	6.6570525	9.325886
-1.5399569	-1.1238804	-2.1263087
1.216594	-9.309441	-1.794764
-7.449816	-3.4122455	6.0271063
-9.391217	-3.501538	6.735198
-5.5984254	-7.1170635	4.256169
-9.6305685	-0.8904042	5.0281134
9.821544	-7.541091	-2.0931525
-2.004079	13.355044	-8.078199
2.9784114	-7.2663155	-3.573972
0.7987791	-0.5017408	-8.201385
-8.667352	-0.1158711	4.9326525
5.397952	22.040804	-7.1364512
8.144924	2.8098233	8.379128
-1.4245466	-4.144361	13.66455
12.826751	7.593001	-4.1540003
8.118101	-5.474573	6.266743
10.683017	10.940245	-6.3362603
-3.5759656	3.5306761	9.686586
-8.294437	0.22998208	-6.160612
-3.966261	2.8557265	-10.074949
3.7602909	-0.4901193	4.146931
-1.7728511	-12.495668	-4.0599494
-12.638763	2.4692872	5.8193517
2.563748	-0.23183109	3.4090962
0.8225037	0.6456538	7.7942104
4.4387054	21.251808	-6.16181
-1.7104836	-11.748313	8.606351
0.98720974	-2.5156999	-8.624739
6.9031096	-7.8960404	5.686601
-9.3828745	-10.198109	-0.20946191
4.989974	-7.787333	5.5051436
9.716247	-5.5414066	-5.614956
4.068216	-11.554585	-7.463941
-7.0586243	6.0524473	-2.0584302
5.8519387	20.17054	-7.1058917
-3.8855934	-1.1510906	6.548401
7.14657	14.991866	-8.399541
9.512143	9.856754	-5.868656
2.740105	20.202202	-1.60522
6.400791	7.83498	-5.302969
1.1522593	13.13809	-3.599473
10.34017	-6.8362164	0.9679184
-4.637207	-0.7990704	-5.1696734
-1.8536497	0.19016823	-11.553463
-8.742709	-9.013165	1.0198069
8.694147	22.989822	-5.408999
-12.820768	6.37866	0.95336515
6.9214067	9.419591	-4.640139
5.1097074	23.176924	-2.9420285
-6.7780333	-4.1635876	-8.033992
3.8842645	-12.5634575	1.3112822
-9.97151	-5.149911	0.91681296
-0.5830119	-11.871923	5.0553813
7.1814566	2.3216271	3.8611066
2.048107	-12.863761	4.0143576
-0.9233075	8.479485	6.265537
2.867668	13.669364	-7.029677
7.758286	24.019419	-6.9870257
1.498298	-2.7485638	-7.207036
-10.17532	5.0584626	-2.7639909
-3.403626	2.5333853	-4.0480394
-1.7492793	-9.739309	-7.6661234
3.961981	-6.4817276	-0.8720368
-7.2288823	-5.7405944	-0.8282164
-15.523012	0.58821464	-1.6670333
-0.11028039	-9.161698	-1.4286884
-7.536987	8.011516	3.650259
-14.133872	-1.4763495	-0.45048505
-13.12556	8.038322	2.123527
8.4737625	-1.8516929	0.31339613
3.5634668	1.5824414	-6.116452
-3.9770002	-5.5700545	-4.0005016
9.6399	-6.3358693	-2.937747
9.275531	20.580082	-3.6019585
11.089548	7.3688517	-7.3761706
-8.245266	3.1687212	-5.2766004
-6.2940273	-5.229606	-8.835675
-11.726697	1.630854	6.1916366
-5.0537386	-6.935199	0.7979505
1.9884685	2.585164	2.1770499
4.4931574	-2.16658	-0.84143424
-2.7901425	-6.7162724	12.326033
8.618168	-0.65907854	-1.2179745
-1.2177669	-11.473605	3.1797657
11.315038	-7.8306518	3.0009038
-7.098417	-7.232535	7.089326
-6.956794	0.99807304	-7.124259
-1.0801771	-4.67427	-5.8406534
-6.4486036	-0.9633533	12.0932865
13.420953	10.343697	-5.1414237
-1.9661698	2.5659623	2.2558098
-4.3576345	0.06434718	3.9862063
-6.3516054	-3.8307896	5.7465053
7.479814	-1.5602953	-3.5060034
2.38361	5.8739276	0.21673459
-5.4294505	-1.4915433	-5.663092
11.427016	-7.019405	3.35906
3.6995828	21.607178	-2.0988503
7.176234	8.683549	-1.9562725
2.037429	-7.083981	-3.3939898
-10.721772	4.5230064	-4.7984557
-0.18693668	-6.8728404	-2.063155
-7.209593	7.4215527	-0.03406884
9.65903	-0.5369818	1.4124839
-5.9636145	5.979148	-4.2902284
-3.137689	-10.536043	7.773091
10.813532	-3.9516442	3.6534488
-0.85511976	-11.742368	-3.619306
7.434827	7.199823	-3.1609926
2.1928947	5.324848	2.6533015
-4.3126974	0.53155625	3.8754969
7.029095	-7.060762	2.525447
4.893628	14.513978	-4.5676775
-10.818649	-0.99500155	9.154644
-3.0837038	-13.689137	-5.389117
-6.1664305	-2.3475754	3.3844202
-6.8753896	0.06494255	-5.5003448
-9.584535	0.7855153	-7.3131914
-11.073065	-8.347391	2.5821333
-4.2505407	-5.8761096	-4.8335915
3.1147163	-2.2540152	9.8719635
9.276845	0.8701031	5.744479
4.2975492	0.56895554	-6.296701
-5.720845	-7.2947164	4.077302
-0.33684322	-0.3248615	1.2568111
4.6808267	-2.9772358	6.2594323
11.9037285	7.149016	-4.9009542
-5.3399734	-12.563128	-4.7409286
0.36885366	7.65527	5.1441236
-9.503288	-2.6547575	7.147558
-8.336481	7.1340485	-1.4628574
1.6389608	-7.679486	12.076021
1.4642344	-7.116828	9.543381
5.157593	-0.6357964	-0.9412296
5.9930463	20.993647	-3.5822446
10.701759	-7.4149055	4.8182154
-0.29517695	1.1564025	-1.3892273
-1.9784262	-15.743007	-1.3731176
-1.8378112	-3.300709	-6.275659
-3.3846095	2.8834493	10.064819
6.1536956	5.600732	8.729099
-0.16257082	-4.859236	-6.9874187
0.2856461	-6.2347503	12.784257
3.5293326	-0.02865063	3.7233863
-3.3371708	-6.8067083	11.9734335
3.3630152	-15.23411	-0.83311725
9.3459635	-5.1177435	-1.3202572
8.749236	0.09731395	3.626334
-5.8777857	-9.722899	5.977175
6.639372	-5.381113	1.9619237
7.5367503	3.880392	5.6255107
1.3844731	-0.8736939	-1.1406788
-1.9801623	-0.17231491	10.897513
6.729457	12.736463	-8.197631
-13.72977	4.251891	-3.6330826
1.691829	-0.4878466	-9.167332
3.89338	23.052782	-5.295129
5.1377645	-14.66611	1.8716114
0.01866749	-1.8003747	10.3153715
-9.446532	-0.40381765	4.6018276
-1.5213176	-2.1318624	0.61927253
-9.051829	-0.36983836	4.7036953
8.287345	21.007687	-6.958139
6.2667894	6.1369076	-7.141539
7.395069	23.671722	-3.6622963
-4.8380146	3.2898319	1.9240311
11.3934765	14.395032	-3.6421099
-8.903854	4.0626745	-1.4092832
-4.294847	-11.267221	9.4569235
11.887405	13.673511	-4.1348224
9.577554	10.183751	-0.09737068
6.972637	12.783437	-8.182915
2.4696903	-2.8101494	0.548354
3.4557822	-13.155268	4.5897217
-1.0447152	2.012333	10.905332
-3.7562418	-8.749847	-4.144855
-7.4086237	1.8595703	2.4413743
-4.2193995	4.100202	-3.7167897
2.5820386	0.38268483	-0.18922305
3.6314793	-8.52476	-3.4715025
-11.799772	-9.911409	-1.864999
0.18054281	-1.9976695	5.7407327
-6.470302	-6.156501	-1.1330725
-5.6326876	0.32311863	-10.35514
0.72237885	-3.6028447	-2.1584249
-7.830733	4.0331206	-8.015128
-4.5066004	-12.057668	9.8616905
-9.544206	-5.8351254	4.9092026
4.8427024	-3.1905634	6.248133
-7.945373	7.4096303	-2.504754
7.9470105	2.3899033	4.144149
0.25443515	-8.99867	2.366536
-0.075552166	-7.30656	2.6045692
-11.874351	-6.8007507	3.629487
7.7682576	9.406673	-0.9193545
-9.623536	-0.936083	3.959522
-6.3924217	-8.073221	-1.0959119
4.5802903	-7.758219	-6.1073437
1.7254907	-5.635226	5.2605615
2.819059	2.7785592	-1.567106
-8.255837	0.28270385	-8.691585
-2.3783467	-12.358577	2.0449984
7.178742	20.481	-3.7582235
-13.671564	0.75734144	5.4013076
0.9522115	-9.662048	-6.313616
1.2420778	2.31656	-5.4557366
6.1777883	-7.6961813	6.5636997
3.2894566	13.153552	-1.1211103
-13.85044	3.637968	-2.7231274
6.320848	3.7233484	6.2828026
7.908105	9.529714	-4.240007
-9.476796	7.4408646	-1.3556225
-2.4032025	8.532961	5.6617413
10.2204275	-9.36201	3.0748274
-1.8676114	2.4256494	-4.405682
-1.7816057	-12.887868	-1.8641398
-3.826812	2.3259413	-3.4933555
-13.973862	-0.7084399	-1.8814225
-4.909288	-4.6165633	-7.9228225
-5.3725443	-7.3921003	-0.4787757
-1.9961746	5.1919475	9.756011
-4.244812	-6.7965684	11.371525
6.996125	21.191	-3.995114
-6.419973	-6.7368774	5.292278
-8.475572	1.7906502	-6.2233243
7.5441203	6.2038174	-5.793036
-13.198776	0.017955594	-2.667118
-10.818087	8.160198	0.88506794
8.753999	9.083395	-8.544688
5.356195	2.884844	9.867345
-2.569698	-4.0901275	5.852226
-12.709504	-4.2128563	0.0369613
-5.558883	-1.0339196	-5.2063174
-7.2333055	-6.667847	5.918613
-9.655365	4.675984	5.8203635
4.0208697	20.302433	-1.6299103
9.529227	12.952913	-7.8874445
12.687831	11.501575	-6.9224935
-7.435981	-6.679172	-0.6653162
6.359918	0.39908856	8.409179
-12.616225	4.409741	2.8350203
7.348772	-2.2582517	1.2108257
2.7589066	15.977302	-6.3754497
7.1974287	21.23491	-3.5663588
-9.21184	-9.913917	1.6882018
-0.6483127	-15.601462	-3.5310202
2.8339715	13.7813425	-6.5686903
8.445211	3.1904397	5.616102
-6.380848	-6.53624	4.8084817
-2.0458584	0.8745733	-10.822194
-3.9681387	-2.6610177	8.941565
-1.1063594	12.905742	-8.384825
6.416409	20.484156	-7.0090714
-6.200895	-10.644396	0.1932823
5.3678885	0.8864097	-1.0234207
7.5578594	9.681794	-3.9625192
4.308302	-3.0038435	-0.68797445
-1.4401226	-10.782726	8.351008
-10.637169	-4.48406	-0.11695072
8.888346	0.15464042	4.217123
-6.3656096	4.1152635	-8.887876
7.06382	23.000349	-2.4972918
6.3093147	-2.4384189	2.679012
-11.924358	2.28392	3.7802546
4.509469	0.458449	-2.199427
0.04940552	6.459142	4.4506135
3.8155932	11.3181925	-7.757555
10.709249	-4.287592	3.9557393
-12.052492	-9.238221	-0.123253375
-4.82944	3.7755067	-8.79759
3.4393563	1.8360708	0.82559013
0.6647064	-8.395401	13.240952
3.8492653	13.005769	-8.961796
2.8784854	-9.323525	8.153901
6.091749	2.7501733	8.918725
-12.322393	2.144329	1.8799188
4.179766	20.993721	-4.986882
-1.9670678	4.5450516	4.944056
-7.4430857	-12.428255	3.219712
-13.5885515	1.9928377	-0.69434756
9.615487	-10.139866	3.4675484
3.5083513	-0.97186697	10.8452015
6.617049	22.109722	-1.8337045
8.69512	-3.9566076	-5.6722174
8.452242	-10.727589	-3.854942
4.697421	-6.964384	-3.7690976
4.820864	-7.323027	-0.41214663
-8.621889	-11.533023	2.2266402
-2.0093002	-2.357006	-0.030173177
-6.4243836	-6.629622	3.8669178
-4.187934	5.7092023	3.8138304
-4.9180994	3.907816	7.503634
-10.894987	0.80992943	6.8991857
-4.1012244	-5.1823797	-6.048707
-12.291446	-0.63545084	-3.2323751
6.836051	3.673319	3.6080737
7.308856	9.616684	-3.9327514
3.002154	-0.0723494	1.2623155
-10.027488	-7.6917667	-2.5145495
8.714033	-11.631568	-2.0321693
3.068445	-12.872553	4.7646027
-9.372065	1.2072458	8.147606
7.983137	13.44868	0.50979495
-4.6825404	0.37764344	3.6085906
-9.854432	-4.3192806	5.9728556
-10.697398	-0.48391297	7.81119
7.5431294	0.20313436	-1.5972552
-4.0392094	3.1822894	-1.6864941
7.2344093	26.039124	-4.233137
9.818339	-0.077653535	2.6062346
7.58505	-8.886293	6.265076
-11.932596	-6.734157	-0.35478973
2.9575844	-2.1626625	-0.20952825
3.7172134	-7.240116	10.124639
4.032845	11.615957	-8.081876
4.200427	12.648851	0.13434575
9.604128	-5.8197002	-5.8606997
0.27468482	-3.5364325	11.453452
-3.210297	-10.719908	7.51763
-9.885566	-3.8148923	-5.051763
-7.7551827	7.3438644	-1.9014034
-2.2806833	5.45537	3.5157044
2.6026022	5.1207476	1.6106877
-8.990584	-0.6851305	-1.9572806
-2.505613	-3.8431242	11.961605
-9.77186	7.6760526	-1.3098824
-10.296582	-2.2498286	1.5557603
0.20841092	-9.756645	-7.9196486
2.003517	-6.252634	9.785244
-8.882173	-7.9799876	-2.229361
-7.1052184	7.2510085	-1.7466178
-7.8518434	-1.0242049	13.505191
-0.98309463	12.31524	-9.768839
3.2800255	-4.181661	1.504861
-0.8098733	-12.755524	-0.6809306
-7.3638606	-6.897331	7.3929234
-8.222989	3.1816144	0.48069045
1.0808127	-2.1004064	10.243162
-5.912305	-0.29951155	12.549431
0.73902893	14.8237	0.3547701
10.282414	-5.932425	0.83416545
0.34994075	-11.095708	3.6536536
-1.048919	-5.3868003	-2.9818125
-8.382484	3.8581557	0.84685695
3.7999933	-0.9571668	8.988715
4.6361136	-7.842329	-0.22613439
-8.394608	-7.7850537	-0.83313966
4.4543166	-9.894444	-1.9371712
-3.6722374	-13.50568	7.5935464
9.237775	-6.9779506	-6.5130634
-1.5908831	-8.239375	2.2851417
-1.0970535	-10.198497	2.7481477
4.172382	-11.671171	3.2314296
-0.116769485	-8.103217	-0.8013407
-4.7803264	-1.3826414	5.2608857
-6.330158	-4.5352182	10.724847
-0.9773242	-6.6786146	10.996639
-7.698114	7.419837	-0.96701175
-11.172088	-10.123913	-2.1604729
11.245176	10.353294	-1.0136086
-11.364811	6.725951	1.2188909
2.751159	-13.129171	0.72710466
3.2520845	-8.834842	-3.599771
-8.822745	-8.444416	-3.1562066
3.9523447	-5.1026716	-7.641415
8.813988	19.174875	-7.1040874
7.2608924	-6.4103246	6.35434
9.3274145	-2.0359142	-1.157256
2.4069462	14.470864	-1.8579663
8.823284	21.22203	-2.225493
-0.41878122	1.4908184	9.011387
7.472281	12.520811	1.1740419
3.4603462	12.122176	1.1799471
4.0113773	-12.765966	1.5351348
9.363401	1.2634168	5.775786
3.5992315	21.824972	-2.0985236
-12.283367	-4.172473	-2.4099998
-5.332459	-2.1694038	6.563959
-1.302351	-9.149923	4.3979297
5.5990276	3.851174	7.6423774
10.766714	7.1952267	-6.0505543
6.575679	23.743652	-4.3960567
-0.4191022	-14.835963	-4.5946918
6.6094284	22.18087	-6.331882
-12.215342	-1.491538	-3.1710913
-1.44255	0.4182753	3.6070657
9.690387	8.786903	0.50142515
-6.998305	-9.350738	-1.7494335
-0.4613295	-8.435975	2.5147202
-3.375076	-2.8467698	-5.5039997
-12.194911	-5.6811733	-1.3376981
-0.43769586	-0.60916066	1.2366253
1.220519	-2.3043613	-8.679771
3.5464792	21.994202	-3.3069375
-10.119891	-8.971098	-3.7394137
-7.098445	-0.7913143	-5.2925167
9.391094	-2.8172853	-0.9994575
2.665491	3.4989123	0.26499316
2.1456509	-13.639191	-3.0791497
7.379775	-7.4733357	1.6250955
-3.1910477	-4.599538	12.072385
-10.173333	-3.20332	6.891166
1.0413113	12.416631	-4.332423
-9.190098	4.6523256	0.07088966
-9.861519	-0.36714372	4.614041
8.994468	-6.638374	-7.913082
4.278165	4.281079	7.375636
8.5755005	9.332554	1.1029773
-11.719733	6.001964	3.268824
-9.870236	-3.55828	8.534927
8.349077	0.7025428	4.197313
4.228367	-0.31982064	0.4913937
-6.9896207	-7.9060698	6.729147
7.3767853	3.442666	3.4957333
4.7089114	-12.277039	4.0476065
-0.96524304	-0.32990494	-1.9773282
3.1347039	1.1078838	-5.7283564
-0.5164698	-5.0237465	13.762552
10.925049	-7.758728	-6.5928416
-11.992868	3.0110016	3.3444192
9.008326	21.45308	-1.9740926
5.638986	3.8780909	2.928763
7.5403614	3.1684623	8.687203
6.008133	13.18307	1.683255
-2.344652	0.93959266	-11.67617
1.7590635	-7.4346533	9.674629
8.555241	-11.7939415	-2.0427094
4.3696585	-5.654086	-1.1461263
-5.6673913	0.9770493	-3.529612
-8.519924	-7.7308474	-0.91400456
-7.988611	-7.052804	3.1151674
-12.037027	0.19897418	0.24045676
-6.197263	-6.715539	4.0602555
8.759303	-3.9125803	5.50775
-7.950826	1.2536491	-3.7940361
2.4378934	-10.729017	-6.584895
-7.5843306	-9.22496	10.083298
-5.7431192	1.7030345	4.261129
-0.5667702	2.541084	10.128949
7.9910774	24.203798	-6.952928
0.35907835	-8.60224	9.3033495
6.985694	20.475517	-3.7705934
-5.869485	-5.442364	5.418463
-0.43020707	-2.404871	-8.258088
-0.19523603	4.5997143	-1.9849304
-12.268996	2.9848037	-2.8699293
8.346523	-10.526572	-3.7598326
7.3431854	6.314629	-2.8506432
-2.0116453	-8.215404	9.907315
7.052037	10.521586	-0.78108
-5.945039	0.5985584	3.8415189
6.14028	8.278289	-2.2507794
-2.5749655	13.2416525	-5.0240593
6.0404077	-12.406817	6.8294344
-8.297259	1.4603705	2.851821
2.9646513	9.862589	-6.371553
3.793411	9.713162	-6.9241576
7.3827205	-7.358245	1.704836
7.9249916	20.013067	-3.6919658
-12.397802	-4.692323	-2.5035024
3.8199039	-12.206791	7.8697495
1.507581	-6.5480304	5.8490715
-3.0912614	-10.301011	7.3904715
-1.3054016	-12.329322	-3.5739431
8.435098	-10.742661	-3.3885684
9.181748	-10.2286825	3.9269671
-8.690176	-4.327404	9.397189
5.430935	-14.670754	1.7069619
7.398377	5.631609	-5.895095
3.0640583	-2.3215601	-0.7480559
-10.693431	5.0828075	-3.5711114
6.657189	9.760393	-0.84106004
-8.612617	-3.6508203	10.176762
9.627581	20.563953	-5.1890607
7.4516587	-5.10333	-7.7933564
-11.467635	6.2023892	3.1863847
-4.352613	-5.8134446	-5.799945
11.567559	10.540696	-1.2590879
5.238985	3.7652922	2.756357
7.3405867	2.384326	8.525758
6.886052	6.757629	-6.6693087
-0.7303095	-9.376649	-8.231996
-0.2675559	-0.10665063	1.1215581
-11.633495	-4.9102154	2.255624
1.774515	14.515716	-6.425007
7.5721154	3.1754138	8.809266
-3.7846153	-5.518924	9.693509
7.3941045	20.177902	-2.9524689
4.666831	12.195988	-7.6479197
-0.17079355	4.3901253	5.8283405
3.121079	-7.615938	5.90039
6.219037	13.237072	-4.86601
-10.916609	-0.4911751	8.539649
4.8296266	-6.872217	-7.891464
-1.181922	1.3500303	-5.1218796
0.4460894	-9.994926	-9.977968
4.1607203	-12.222932	6.640098
-6.285158	-9.124915	6.246237
7.3835874	6.412168	-5.2124343
-0.24651477	12.747155	-8.207036
-4.3579354	-3.8933473	-6.4049964
3.2933993	-1.1721616	-8.337742
-9.853058	4.4702435	-1.1574906
1.6303163	1.3094246	-6.9666567
-3.5553772	-8.018169	-4.020666
5.208233	23.458204	-2.7593255
11.875746	12.306496	-7.2555733
3.9434192	-0.7360961	3.92921
8.546817	23.39127	-6.8754754
-11.445127	-5.735713	1.5395665
3.0040743	2.6314673	-1.7002101
-3.95518	-8.123303	-3.9602962
-7.209894	0.60181415	-5.257959
9.16701	1.0592642	5.397347
9.60619	-10.052716	3.5862164
-3.3887498	0.42415133	-12.411551
-0.6667071	-8.70461	-0.055696055
1.7926772	5.028722	8.808054
-6.626783	0.78478444	-9.762266
-10.122401	8.167292	-0.15295617
-8.1702585	-3.8436248	10.293163
-9.791777	5.7058125	5.6876745
11.898457	9.488176	-6.8231745
-4.211354	-5.6540394	-4.720221
3.699786	13.042641	-8.311214
9.194419	0.87305194	5.5791297
-6.5892973	0.08860139	12.051573
-0.07883938	9.505448	2.9011636
3.678995	6.102446	8.160376
12.737559	11.723428	-3.8582783
5.6887016	-0.4268254	1.6930271
3.6864676	1.3635544	8.605487
0.23700203	0.32539046	7.1548223
1.9428028	-5.129143	1.6944047
-3.5320811	-8.601247	-4.128805
-7.568937	-0.27497256	6.95699
5.793887	21.47829	-4.613172
-9.761499	-2.535186	-1.4699827
7.796616	20.78216	-1.8573594
3.5521069	10.212379	1.2416836
9.556818	-10.14356	3.5156555
-1.3699046	-2.5212524	-6.840285
-11.097178	-2.4802125	5.793936
-9.463732	-10.183047	0.6358904
5.5161023	2.933419	9.811116
11.249834	6.246812	-8.444228
0.033427168	7.4633136	3.595485
-9.075614	7.641231	3.2239463
7.5646467	-2.3999689	-4.2460203
-9.065074	3.706865	7.9706297
-5.1443605	-2.8332736	13.29359
4.406814	21.387598	-5.972336
-0.90429884	-1.869334	-8.852502
3.205349	-6.8457055	-3.0475068
3.577543	17.327673	-6.694342
-3.6235104	-3.749239	12.9646015
-3.1641057	-5.2206435	12.730167
-5.798959	-11.328772	-3.448165
-1.3092608	-2.9687266	1.2766575
-0.42593667	-5.9343276	4.5191174
9.2603855	20.556896	-6.891713
-0.4368562	-6.984372	-2.1038706
2.7234762	-2.1097143	-6.0456076
-9.2322645	3.3772032	2.3185434
0.19841997	-2.0371606	5.8773355
5.644836	-0.8257038	2.2735803
5.4476767	-4.585165	-6.845243
6.5155835	10.913212	1.955848
0.5752108	5.6407704	1.3728969
-1.7040787	8.34772	7.760815
7.366029	-0.946143	-3.0074542
9.2874775	0.9342217	5.559886
-2.9588468	6.4489627	9.74563
-3.8008807	-13.362442	7.457552
1.274416	-1.4501007	-2.4090571
1.6195736	6.6245627	7.648099
-3.542602	-1.4892355	6.5003138
13.2858305	12.94661	-3.009185
-1.199854	-5.896012	7.6783223
9.171457	-10.608903	-0.43550915
-7.0700955	-1.2471342	-5.2334223
-0.4414422	-9.035751	-0.4892101
4.1917276	15.955731	-0.52329576
-9.542834	-2.1819713	-3.0509622
-6.3100543	-9.911062	-3.7145941
11.334029	14.143344	-3.7463984
14.669867	9.441974	-6.097188
-1.6475903	-1.4630411	-1.7872224
-10.589923	-2.3827422	-5.4907722
-2.65234	-10.158214	2.5765538
-12.217184	4.723387	-4.5504713
-3.1686451	-6.89642	12.73591
1.265553	2.085913	-5.8099875
7.828537	-5.194137	6.3987403
2.8520663	-8.819299	11.121812
0.4330854	3.983534	2.3369918
-2.2952886	-2.7386513	-1.134951
-2.7681208	13.55248	-7.5228667
-5.9831963	3.0859165	0.11412353
8.86811	19.72843	-5.831206
-8.04628	5.8941517	4.5258503
-3.3484712	2.8767998	-1.3381507
-10.688885	-1.747715	8.377019
-4.4500003	-14.712337	-3.8474355
8.808531	-7.513942	-5.529905
-9.615787	1.6006806	8.359433
-9.73062	7.426121	-0.89559084
2.0684762	4.287774	-1.3578382
3.5047755	1.7592307	-0.8882776
-5.934884	-13.476868	-2.5601346
-7.338149	-7.0837674	7.1726713
-1.658405	0.8394087	-8.294153
8.895198	20.249636	-3.576275
7.9107876	-3.3495693	0.45986012
-12.736694	4.7680707	2.9980152
-3.5354784	-2.1953907	2.9314642
6.6916285	6.634209	-6.814028
4.4559097	15.49788	-3.5493288
8.323478	-8.155163	-6.1969137
-9.376739	-6.9910088	-1.7308291
-4.541175	-6.1142178	-5.918564
2.92747	-2.6996768	0.001007304
-10.825272	-8.079834	-3.5331438
2.8077989	18.686419	-4.15563
-3.2662215	5.563406	9.864987
11.950742	7.6101584	-4.283381
-9.237381	-8.357283	-2.866909
-4.8485546	3.9663515	-5.985456
9.829947	-0.6864235	1.6572753
-1.2231176	1.8574504	10.311358
-11.785632	-9.238716	-1.8436799
0.0098685175	-3.9856503	11.636597
11.307822	13.254729	-6.8499594
7.7945857	-11.7819	2.2341065
7.8327537	2.7863204	8.606723
5.6297445	-7.8183675	6.0583844
-5.3669724	-1.8396541	12.695123
-6.4972906	5.856287	-4.5345955
7.022848	8.256987	-2.5110054
5.4438934	1.5230769	-1.1349851
-9.442149	-1.4732467	-2.8813083
-7.108461	-7.652368	5.718672
-1.8330821	-11.982734	-7.268063
-4.380857	-12.269782	-2.4787645
5.0189705	-0.95152086	-4.1485105
5.512	23.46668	-3.0026755
-6.510257	-4.3110585	10.808971
-3.622089	3.1956549	-1.9637995
-10.833906	-2.6697805	5.8493595
8.556055	-8.135675	-6.2108917
-2.6628964	-5.6939745	12.704358
4.7479506	22.760817	-4.0771704
-6.7241187	-0.8136388	12.215356
8.756424	-11.132442	3.1461334
-5.7650194	4.6218576	-5.6302457
-3.894492	0.12359404	3.9732013
3.9977424	0.8521159	10.089359
-1.9951613	-11.665561	-2.958223
-1.4996414	-11.366712	7.707976
4.407192	-11.212233	6.287468
5.0163984	-0.8832956	-5.785706
