cluster,n_atoms,E_cluster,BE_per_atom
C-169395-3151-1,240,-8.984401234999243,-7.332564994854169
C-169395-3151-10,240,-9.616540526401668,-7.329931081139993
C-169395-3151-100,240,-8.802729407301932,-7.333321960802908
C-169395-3151-101,240,-11.13661811488843,-7.323597424521298
C-169395-3151-102,240,-8.970791711404308,-7.332621701202482
C-169395-3151-103,240,-8.956374850920898,-7.332681771454497
C-169395-3151-104,240,-8.91781717195697,-7.332842428450179
C-169395-3151-105,240,-8.62047126204369,-7.334081369741484
C-169395-3151-106,240,-11.40642423545217,-7.322473232352282
C-169395-3151-107,240,-9.655917333969548,-7.32976701110846
C-169395-3151-109,240,-8.848269932120436,-7.333132208616164
C-169395-3151-11,240,-8.369159480635227,-7.33512850216402
C-169395-3151-110,240,-8.86807115218149,-7.333049703532577
C-169395-3151-111,240,-8.494451965531738,-7.334606450143618
C-169395-3151-112,240,-8.984392339357212,-7.332565031919345
C-169395-3151-114,240,-8.984389763669054,-7.332565042651379
C-169395-3151-115,240,-9.209382686949034,-7.3316275721377115
C-169395-3151-116,240,-8.875679755074877,-7.3330180010205215
C-169395-3151-117,240,-8.662524592305026,-7.333906147532062
C-169395-3151-118,240,-8.663961554014264,-7.3339001601916065
C-169395-3151-12,240,-8.80912565695914,-7.33329530976267
C-169395-3151-120,240,-8.372071154776929,-7.335116370188429
C-169395-3151-121,240,-9.252084694971785,-7.331449647104284
C-169395-3151-122,240,-9.100837270524208,-7.332079844706149
C-169395-3151-123,240,-11.46319188478579,-7.322236700480059
C-169395-3151-124,240,-8.550822870927076,-7.334371571371137
C-169395-3151-125,240,-8.450426710706415,-7.33478988870539
C-169395-3151-126,240,-8.552457168118266,-7.334364761799507
C-169395-3151-127,240,-8.490531447616323,-7.334622785634932
C-169395-3151-128,240,-8.253382999587375,-7.335610904168386
C-169395-3151-129,240,-7.913658932952611,-7.337026421112697
C-169395-3151-13,240,-8.817655925399347,-7.333259766977503
C-169395-3151-130,240,-8.81476478904903,-7.333271813378962
C-169395-3151-132,240,-8.21175012593678,-7.3357843744752635
C-169395-3151-133,240,-8.968825896724518,-7.332629892096981
C-169395-3151-135,240,-10.29878305983168,-7.327088403917368
C-169395-3151-137,240,-8.521476334721894,-7.334493848605325
C-169395-3151-14,240,-11.13661609627964,-7.323597432932169
C-169395-3151-140,240,-9.602133547896496,-7.329991110217097
C-169395-3151-141,240,-8.957015317865638,-7.332679102842226
C-169395-3151-142,240,-11.07918681240864,-7.323836721614964
C-169395-3151-145,240,-9.116727856685813,-7.332013633930475
C-169395-3151-146,240,-8.455752187330303,-7.334767699219457
C-169395-3151-148,240,-8.462985041551368,-7.334737562326869
C-169395-3151-149,240,-8.549136017753009,-7.334378599926029
C-169395-3151-15,240,-10.17343704188027,-7.327610678992165
C-169395-3151-150,240,-8.102145775005708,-7.336241059270809
C-169395-3151-151,240,-11.13661207148231,-7.323597449702158
C-169395-3151-152,240,-8.802732051451354,-7.333321949785619
C-169395-3151-153,240,-8.725680192098574,-7.333642999199589
C-169395-3151-155,240,-8.956542455226252,-7.332681073103223
C-169395-3151-157,240,-8.128549060721042,-7.336131045580329
C-169395-3151-158,240,-8.984380715499327,-7.332565080352086
C-169395-3151-159,240,-7.664029733419532,-7.338066542777418
C-169395-3151-16,240,-11.6356923538795,-7.321517948525502
C-169395-3151-160,240,-8.623382054627543,-7.334069241439051
C-169395-3151-161,240,-8.667985635723326,-7.333883393184485
C-169395-3151-162,240,-8.51605757460309,-7.3345164267724865
C-169395-3151-163,240,-9.181316679804821,-7.331744513834146
C-169395-3151-164,240,-9.58684254303825,-7.33005482273734
C-169395-3151-165,240,-8.511415362050593,-7.334535769324789
C-169395-3151-166,240,-8.885182094158116,-7.332978407941008
C-169395-3151-167,240,-8.655162906308423,-7.333936821223714
C-169395-3151-168,240,-8.552327677571379,-7.334365301343452
C-169395-3151-17,240,-8.205388354632067,-7.335810881855699
C-169395-3151-19,240,-8.81904456570593,-7.333253980976225
C-169395-3151-2,240,-10.62040018307953,-7.325748332570502
C-169395-3151-20,240,-11.13661422474671,-7.3235974407302225
C-169395-3151-22,240,-9.905698774592754,-7.328726255105863
C-169395-3151-23,240,-8.745557618495786,-7.333560176589601
C-169395-3151-24,240,-8.552653335131861,-7.33436394443695
C-169395-3151-25,240,-8.62289831540888,-7.334071257019129
C-169395-3151-26,240,-8.497547941464536,-7.3345935502438975
C-169395-3151-27,240,-9.865168936952205,-7.328895129429366
C-169395-3151-28,240,-9.496055221659176,-7.330433103243086
C-169395-3151-29,240,-8.790503994185517,-7.333372900024227
C-169395-3151-3,240,-8.81964370213929,-7.333251484574419
C-169395-3151-30,240,-8.665867560013222,-7.333892218499945
C-169395-3151-31,240,-8.547481521242755,-7.334385493661488
C-169395-3151-32,240,-8.55267143829165,-7.3343638690071185
C-169395-3151-33,240,-8.632171461331327,-7.334032618911119
C-169395-3151-35,240,-8.360434267648673,-7.33516485721813
C-169395-3151-36,240,-8.647642581830649,-7.333968155909038
C-169395-3151-37,240,-7.751304244594053,-7.337702898980857
C-169395-3151-38,240,-10.3143812757749,-7.327023411350938
C-169395-3151-39,240,-8.814570366422778,-7.333272623473238
C-169395-3151-4,240,-8.941860565952055,-7.332742247641866
C-169395-3151-40,240,-8.706173349169044,-7.333724277711795
C-169395-3151-41,240,-8.620153289787543,-7.334082694625885
C-169395-3151-43,240,-8.455777074539126,-7.334767595522753
C-169395-3151-44,240,-9.298296105125484,-7.331257099561977
C-169395-3151-45,240,-9.223168944585964,-7.331570129397559
C-169395-3151-46,240,-7.83992577832137,-7.337333642590327
C-169395-3151-47,240,-9.134471231128908,-7.33193970320363
C-169395-3151-48,240,-8.626544714787062,-7.334056063688387
C-169395-3151-49,240,-9.63669715180153,-7.329847095200827
C-169395-3151-50,240,-8.136477729238623,-7.336098009461506
C-169395-3151-52,240,-8.728838965649562,-7.333629837643127
C-169395-3151-53,240,-8.790505703570604,-7.333372892901789
C-169395-3151-54,240,-8.543526423040465,-7.334401973237331
C-169395-3151-55,240,-7.724023580029693,-7.337816568416542
C-169395-3151-56,240,-8.53991229462337,-7.334417032105736
C-169395-3151-57,240,-8.695125269358147,-7.333770311377674
C-169395-3151-59,240,-8.925274338061504,-7.332811356924744
C-169395-3151-6,240,-8.810111062198427,-7.333291203907506
C-169395-3151-60,240,-7.242135314027188,-7.339824436191553
C-169395-3151-61,240,-8.620148922497767,-7.334082712822926
C-169395-3151-62,240,-8.98438678071315,-7.332565055080362
C-169395-3151-63,240,-8.819654002592863,-7.333251441655863
C-169395-3151-65,240,-9.107586819499836,-7.332051721585417
C-169395-3151-66,240,-8.722039586825112,-7.3336581683882285
C-169395-3151-67,240,-9.166856491102113,-7.331804764620407
C-169395-3151-68,240,-9.865159755709032,-7.3288951676845455
C-169395-3151-69,240,-10.17343081897179,-7.327610704920951
C-169395-3151-7,240,-8.445267595412812,-7.334811385019113
C-169395-3151-72,240,-8.790513809470662,-7.333372859127206
C-169395-3151-73,240,-8.936060723638152,-7.332766413651508
C-169395-3151-75,240,-8.813353592198043,-7.333277693365841
C-169395-3151-76,240,-8.984392960930148,-7.332565029329458
C-169395-3151-77,240,-10.51532832469556,-7.326186131980435
C-169395-3151-78,240,-8.984394463582335,-7.332565023068407
C-169395-3151-79,240,-8.719717469437187,-7.333667843877345
C-169395-3151-8,240,-8.8418935237428,-7.333158776984405
C-169395-3151-80,240,-9.556178106154384,-7.330182591224356
C-169395-3151-81,240,-8.626034675056898,-7.33405818885393
C-169395-3151-82,240,-8.975641791890496,-7.332601492533789
C-169395-3151-83,240,-8.779325963273036,-7.333419475153028
C-169395-3151-84,240,-9.268443220551164,-7.331381486581036
C-169395-3151-85,240,-8.33227998285968,-7.335282166738084
C-169395-3151-86,240,-10.82227049360218,-7.324907206276658
C-169395-3151-87,240,-8.548468703867847,-7.33438138040055
C-169395-3151-88,240,-8.547710993393597,-7.3343845375275265
C-169395-3151-89,240,-8.365929377922553,-7.335141960925323
C-169395-3151-9,240,-8.820204954556655,-7.3332491460226805
C-169395-3151-90,240,-8.821103485370413,-7.333245402144289
C-169395-3151-91,240,-8.984380009360837,-7.332565083294329
C-169395-3151-92,240,-8.449044233527953,-7.334795649026967
C-169395-3151-93,240,-8.843066627929456,-7.333153889050294
C-169395-3151-94,240,-9.606597086086234,-7.329972512141308
C-169395-3151-96,240,-8.548881383717069,-7.334379660901178
C-169395-3151-97,240,-11.13660365292729,-7.323597484779469
C-169395-3151-98,240,-8.66799819141188,-7.333883340869117
C-169395-3151-99,240,-8.38981013685854,-7.335042457763089
C-187658-4107-1,240,-8.088235647623861,-7.3362990181349
C-187658-4107-10,240,-8.816918206727198,-7.333262840805303
C-187658-4107-100,240,-8.98438218377718,-7.332565074234262
C-187658-4107-101,240,-13.83447505765734,-7.312356353926428
C-187658-4107-103,240,-8.975647910325824,-7.332601467040309
C-187658-4107-104,240,-8.486196350100068,-7.33464084854125
C-187658-4107-106,240,-8.918900594851602,-7.332837914188119
C-187658-4107-107,240,-8.975637092255292,-7.332601512115603
C-187658-4107-108,240,-8.936062610068003,-7.332766405791384
C-187658-4107-109,240,-9.665116813241797,-7.329728679944825
C-187658-4107-11,240,-8.45578103982186,-7.334767579000742
C-187658-4107-112,240,-8.44858005896524,-7.334797583087645
C-187658-4107-113,240,-8.08189968335847,-7.336325417986006
C-187658-4107-114,240,-8.45576398901552,-7.334767650045768
C-187658-4107-115,240,-10.01576084209744,-7.328267663157927
C-187658-4107-116,240,-9.105742661006248,-7.332059405579141
C-187658-4107-117,240,-9.106611593674197,-7.332055785026357
C-187658-4107-118,240,-8.06956563887687,-7.336376809838013
C-187658-4107-119,240,-9.665116602119946,-7.3297286808245
C-187658-4107-12,240,-8.819058537171363,-7.333253922761786
C-187658-4107-120,240,-8.984389972766486,-7.33256504178014
C-187658-4107-121,240,-9.223184937192453,-7.331570062761698
C-187658-4107-122,240,-8.723443089355541,-7.3336523204610184
C-187658-4107-123,240,-10.35768930256514,-7.326842961239311
C-187658-4107-125,240,-10.31437896612635,-7.327023420974474
C-187658-4107-126,240,-11.08010561973123,-7.32383289325112
C-187658-4107-127,240,-8.366477778482524,-7.335139675922989
C-187658-4107-128,240,-9.09459492940374,-7.332105854460818
C-187658-4107-129,240,-9.86515827592263,-7.328895173850323
C-187658-4107-13,240,-8.37371502273383,-7.335109520738609
C-187658-4107-130,240,-8.936057364254436,-7.33276642764894
C-187658-4107-131,240,-11.56452861900325,-7.321814464087486
C-187658-4107-132,240,-9.60664008102553,-7.329972332995727
C-187658-4107-133,240,-8.550574769979857,-7.3343726051250835
C-187658-4107-134,240,-10.36178799232932,-7.326825883365294
C-187658-4107-135,240,-9.170222460700822,-7.331790739747079
C-187658-4107-136,240,-8.993915876729842,-7.332525350513625
C-187658-4107-137,240,-8.79049387590701,-7.33337294218372
C-187658-4107-138,240,-8.900743841096501,-7.332913567328764
C-187658-4107-139,240,-8.975660243310875,-7.332601415652872
C-187658-4107-14,240,-8.279211171317748,-7.335503286786176
C-187658-4107-140,240,-8.802745474606674,-7.333321893855806
C-187658-4107-141,240,-8.854810113352872,-7.333104957861029
C-187658-4107-142,240,-8.035368108345011,-7.336519299548562
C-187658-4107-144,240,-9.266948372002178,-7.331387715116658
C-187658-4107-145,240,-8.80272114471388,-7.333321995230359
C-187658-4107-146,240,-8.963788049792198,-7.332650883125866
C-187658-4107-147,240,-8.53231668127032,-7.334448680494707
C-187658-4107-148,240,-8.5382317775838,-7.334424034260067
C-187658-4107-149,240,-8.742313590306246,-7.333573693373724
C-187658-4107-15,240,-8.984396281304011,-7.332565015494566
C-187658-4107-150,240,-9.15361601723147,-7.331859933261535
C-187658-4107-151,240,-8.9778226546267,-7.332592405605722
C-187658-4107-152,240,-8.382554201237578,-7.335072690828176
C-187658-4107-154,240,-11.40641670784855,-7.322473263717297
C-187658-4107-155,240,-8.98439586809454,-7.332565017216273
C-187658-4107-156,240,-14.10762107916102,-7.311218245503496
C-187658-4107-157,240,-8.54970571622862,-7.334376226182381
C-187658-4107-158,240,-8.848840307044215,-7.333129832053983
C-187658-4107-159,240,-8.814442607933044,-7.3332731558002795
C-187658-4107-16,240,-9.865162009083575,-7.328895158295484
C-187658-4107-160,240,-8.802750525857345,-7.333321872808927
C-187658-4107-162,240,-9.169985028361499,-7.3317917290484935
C-187658-4107-163,240,-9.145323391900378,-7.331894485867082
C-187658-4107-164,240,-8.812233486693584,-7.33328236047211
C-187658-4107-165,240,-8.369400804980069,-7.3351274966459155
C-187658-4107-166,240,-8.936063690220912,-7.332766401290746
C-187658-4107-168,240,-8.722355199819637,-7.333656853334085
C-187658-4107-17,240,-8.984380103471041,-7.332565082902204
C-187658-4107-170,240,-8.727305823130722,-7.333636225736955
C-187658-4107-171,240,-8.9843888318471,-7.33256504653397
C-187658-4107-172,240,-8.93607143221884,-7.332766369032422
C-187658-4107-173,240,-8.387961043858695,-7.3350501623172555
C-187658-4107-174,240,-11.06991099551465,-7.323875370852022
C-187658-4107-175,240,-10.68284502258491,-7.32548814573923
C-187658-4107-176,240,-8.44272934320362,-7.334821961069985
C-187658-4107-177,240,-8.820097675074207,-7.333249593020524
C-187658-4107-178,240,-9.298305728254304,-7.3312570594656075
C-187658-4107-179,240,-8.858412356691087,-7.333089948513787
C-187658-4107-18,240,-8.383000012048806,-7.33507083328313
C-187658-4107-180,240,-8.802737954027677,-7.333321925191552
C-187658-4107-182,240,-8.701587562959165,-7.333743385154336
C-187658-4107-183,240,-8.371055159866371,-7.335120603500557
C-187658-4107-184,240,-8.936064487365423,-7.33276639796931
C-187658-4107-185,240,-8.936066692971782,-7.332766388779285
C-187658-4107-186,240,-7.242138151376651,-7.339824424369264
C-187658-4107-188,240,-10.643086174444,-7.325653807606483
C-187658-4107-19,240,-8.819349154912594,-7.333252711854531
C-187658-4107-190,240,-8.361675566523706,-7.335159685139485
C-187658-4107-191,240,-11.08006349468478,-7.323833068772147
C-187658-4107-192,240,-9.108323038079519,-7.332048654008002
C-187658-4107-193,240,-9.122934427629774,-7.331987773218208
C-187658-4107-194,240,-8.372673184459053,-7.33511386173142
C-187658-4107-195,240,-8.66767936600166,-7.333884669308326
C-187658-4107-196,240,-8.975641732225629,-7.332601492782393
C-187658-4107-197,240,-8.379081526110676,-7.3350871603078724
C-187658-4107-198,240,-11.28740546240834,-7.322969143906632
C-187658-4107-199,240,-8.79048278799573,-7.333372988383351
C-187658-4107-2,240,-8.802743596343355,-7.333321901681902
C-187658-4107-20,240,-9.157984553444916,-7.331841731027312
C-187658-4107-200,240,-8.936087861034148,-7.332766300579024
C-187658-4107-201,240,-8.363562726180499,-7.3351518219742475
C-187658-4107-203,240,-8.98440038328771,-7.332564998402968
C-187658-4107-205,240,-8.622715829826586,-7.334072017375722
C-187658-4107-207,240,-8.9843758324321,-7.3325651006982
C-187658-4107-209,240,-8.802720784826459,-7.3333219967298895
C-187658-4107-21,240,-7.827127992310568,-7.3373869666987055
C-187658-4107-22,240,-8.944174841431359,-7.3327326048273695
C-187658-4107-23,240,-9.155003270035008,-7.331854153041521
C-187658-4107-24,240,-8.984389633375418,-7.332565043194268
C-187658-4107-25,240,-8.53229590525184,-7.33444876706145
C-187658-4107-26,240,-8.387964004468149,-7.335050149981383
C-187658-4107-27,240,-11.22705867016511,-7.323220588874311
C-187658-4107-28,240,-8.962417774141828,-7.3326565926077425
C-187658-4107-29,240,-8.449323367099014,-7.334794485970421
C-187658-4107-3,240,-8.719705039557704,-7.333667895668509
C-187658-4107-30,240,-9.00877150410058,-7.332463452066247
C-187658-4107-31,240,-8.88520543064829,-7.332978310705632
C-187658-4107-32,240,-9.327978524393592,-7.331133422815027
C-187658-4107-33,240,-8.819071853211247,-7.3332538672782865
C-187658-4107-34,240,-7.984948265357635,-7.336729382227676
C-187658-4107-36,240,-8.554170316434751,-7.334357623681522
C-187658-4107-37,240,-8.643852759562296,-7.333983946835157
C-187658-4107-38,240,-7.799660169476546,-7.3375014159605145
C-187658-4107-39,240,-8.389305255267264,-7.335044561436386
C-187658-4107-4,240,-8.816911301047249,-7.33326286957897
C-187658-4107-41,240,-9.622859913084296,-7.329904750362148
C-187658-4107-42,240,-8.614919592992592,-7.3341045016958635
C-187658-4107-44,240,-8.984393589938888,-7.332565026708588
C-187658-4107-45,240,-8.973023114587876,-7.332612403689216
C-187658-4107-46,240,-9.171881030695541,-7.331783829038769
C-187658-4107-47,240,-8.552027621938812,-7.334366551575255
C-187658-4107-48,240,-8.81906241205871,-7.333253906616422
C-187658-4107-49,240,-11.13662427716492,-7.323597398845147
C-187658-4107-5,240,-8.620128264506842,-7.334082798897888
C-187658-4107-50,240,-11.13660219466026,-7.323597490855581
C-187658-4107-51,240,-8.466774182851115,-7.33472177423812
C-187658-4107-52,240,-8.649435204030976,-7.3339606866498706
C-187658-4107-53,240,-8.548168389108573,-7.334382631712048
C-187658-4107-54,240,-8.645082405897181,-7.333978823308761
C-187658-4107-55,240,-8.451118840428796,-7.334787004831546
C-187658-4107-56,240,-8.631426805028086,-7.334035721645717
C-187658-4107-57,240,-8.964130467696533,-7.332649456384598
C-187658-4107-58,240,-8.671111243492682,-7.33387036981878
C-187658-4107-59,240,-8.839712486987075,-7.333167864637554
C-187658-4107-6,240,-9.160629041671648,-7.331830712326368
C-187658-4107-60,240,-9.160704770390572,-7.331830396790039
C-187658-4107-61,240,-8.91931324681131,-7.332836194804953
C-187658-4107-62,240,-8.503310354016653,-7.334569540191597
C-187658-4107-64,240,-8.814554251520626,-7.3332726906186645
C-187658-4107-65,240,-8.345733684816203,-7.335226109646599
C-187658-4107-66,240,-8.55021945434805,-7.334374085606883
C-187658-4107-67,240,-8.511061912438091,-7.334537242031508
C-187658-4107-68,240,-8.644587181096282,-7.333980886745432
C-187658-4107-69,240,-8.56921267966947,-7.334294947168044
C-187658-4107-7,240,-9.130963943356845,-7.33195431690268
C-187658-4107-70,240,-9.298303006396122,-7.331257070806683
C-187658-4107-71,240,-8.905844658767748,-7.332892313921801
C-187658-4107-72,240,-8.9844097578723,-7.332564959342198
C-187658-4107-73,240,-8.73046498455408,-7.3336230625643575
C-187658-4107-74,240,-8.539936766393001,-7.334416930140028
C-187658-4107-75,240,-8.816641907348286,-7.333263992052716
C-187658-4107-76,240,-9.063670256582032,-7.332234707264241
C-187658-4107-77,240,-9.865136483470945,-7.328895264652204
C-187658-4107-78,240,-9.917140294026437,-7.328678582108223
C-187658-4107-79,240,-8.936070631544176,-7.332766372368566
C-187658-4107-8,240,-10.36181583961967,-7.326825767334919
C-187658-4107-81,240,-8.819052585116486,-7.333253947562015
C-187658-4107-83,240,-8.795909242765577,-7.333350378155143
C-187658-4107-84,240,-8.765854096129221,-7.333475607932795
C-187658-4107-85,240,-8.631273392022331,-7.334036360866573
C-187658-4107-86,240,-8.885168453104047,-7.332978464778733
C-187658-4107-87,240,-8.455781514382764,-7.334767577023404
C-187658-4107-88,240,-9.665120541111994,-7.329728664412033
C-187658-4107-89,240,-11.44754498949878,-7.3223018958770885
C-187658-4107-9,240,-8.94275800445522,-7.33273850831477
C-187658-4107-91,240,-8.93605047428108,-7.332766456357162
C-187658-4107-92,240,-8.752263638287848,-7.333532234840467
C-187658-4107-93,240,-11.13662067196368,-7.323597413866818
C-187658-4107-94,240,-9.671038833756052,-7.32970400485935
C-187658-4107-95,240,-9.940818279260709,-7.328579923836414
C-187658-4107-96,240,-8.620147509339802,-7.334082718711084
C-187658-4107-97,240,-8.373727702447594,-7.3351094679064675
C-187658-4107-98,240,-8.996487984846784,-7.332514633396472
C-187658-4107-99,240,-8.819842743246012,-7.3332506552364745
C-2158988-7926-291,60,-2.156822359958879,-7.334052960667352
C-2495266-1868-1,240,-8.391041631790165,-7.3350373265342075
C-2495266-1868-10,240,-8.984389562636116,-7.332565043489016
C-2495266-1868-100,240,-8.7202756904453,-7.333665517956478
C-2495266-1868-101,240,-9.37128492226112,-7.330952979490578
C-2495266-1868-102,240,-8.79050361932287,-7.333372901586155
C-2495266-1868-104,240,-9.125251633154207,-7.331978118195191
C-2495266-1868-105,240,-8.552251330288444,-7.334365619457131
C-2495266-1868-106,240,-8.342668494360378,-7.335238881273498
C-2495266-1868-108,240,-8.547385086750952,-7.334385895471871
C-2495266-1868-109,240,-8.20536839816584,-7.335810965007642
C-2495266-1868-11,240,-9.865164379336054,-7.328895148419433
C-2495266-1868-110,240,-9.665098239915228,-7.329728757333686
C-2495266-1868-111,240,-8.79051271324488,-7.333372863694813
C-2495266-1868-112,240,-9.106778792717432,-7.332055088363677
C-2495266-1868-113,240,-9.088108042748248,-7.332132883155215
C-2495266-1868-114,240,-9.009605329095566,-7.332459977795435
C-2495266-1868-115,240,-8.55949712298515,-7.334335428654228
C-2495266-1868-116,240,-8.372655988733468,-7.335113933380277
C-2495266-1868-118,240,-8.534201904096248,-7.334440825399598
C-2495266-1868-119,240,-8.349931413719315,-7.335208619109503
C-2495266-1868-12,240,-8.984385336528495,-7.332565061097798
C-2495266-1868-121,240,-8.658255703087999,-7.333923934570467
C-2495266-1868-122,240,-8.810106587096216,-7.333291222553766
C-2495266-1868-123,240,-8.62022928746884,-7.33408237796888
C-2495266-1868-124,240,-8.984389629297874,-7.332565043211259
C-2495266-1868-125,240,-9.298277839695173,-7.331257175667937
C-2495266-1868-126,240,-9.047208432009096,-7.332303298199962
C-2495266-1868-127,240,-8.940712394077845,-7.332747031691342
C-2495266-1868-128,240,-9.865180218687783,-7.328895082422134
C-2495266-1868-129,240,-8.910823082442388,-7.332871570489823
C-2495266-1868-13,240,-8.916490498717907,-7.332847956255342
C-2495266-1868-130,240,-8.54351817498977,-7.33440200760421
C-2495266-1868-131,240,-8.45357259416675,-7.334776780857639
C-2495266-1868-132,240,-9.171551900568655,-7.331785200414298
C-2495266-1868-133,240,-9.556177744807515,-7.330182592729969
C-2495266-1868-134,240,-8.812224775309629,-7.333282396769543
C-2495266-1868-136,240,-8.814909248412878,-7.333271211464946
C-2495266-1868-137,240,-9.586852570826625,-7.33005478095489
C-2495266-1868-139,240,-8.984379607335233,-7.332565084969436
C-2495266-1868-14,240,-8.485897844864327,-7.334642092313064
C-2495266-1868-140,240,-8.984374376169987,-7.332565106765958
C-2495266-1868-141,240,-8.817668562812514,-7.333259714321614
C-2495266-1868-142,240,-8.374111485258469,-7.335107868811423
C-2495266-1868-143,240,-8.205364554319125,-7.33581098102367
C-2495266-1868-145,240,-9.86514850808534,-7.328895214549644
C-2495266-1868-146,240,-8.554379054202904,-7.334356753940821
C-2495266-1868-147,240,-8.387964933979738,-7.335050146108418
C-2495266-1868-149,240,-9.940817842639293,-7.32857992565567
C-2495266-1868-15,240,-9.621476956286347,-7.329910512682139
C-2495266-1868-150,240,-8.957674093945975,-7.332676357941891
C-2495266-1868-152,240,-8.819071167641427,-7.333253870134827
C-2495266-1868-153,240,-9.865153620961868,-7.328895193245993
C-2495266-1868-154,240,-8.620143460836788,-7.334082735579846
C-2495266-1868-155,240,-9.599208560192418,-7.330003297665865
C-2495266-1868-156,240,-9.672182930218858,-7.329699237790754
C-2495266-1868-157,240,-9.155764055275789,-7.331850983103018
C-2495266-1868-158,240,-9.665109051916389,-7.329728712283681
C-2495266-1868-159,240,-8.73461836834097,-7.333605756798579
C-2495266-1868-16,240,-8.373718075259015,-7.335109508019754
C-2495266-1868-161,240,-8.733529425118478,-7.333610294062007
C-2495266-1868-162,240,-8.810533048234392,-7.3332894456323565
C-2495266-1868-163,240,-9.071808735121243,-7.332200796936994
C-2495266-1868-164,240,-8.490501625087452,-7.334622909895469
C-2495266-1868-165,240,-8.975642046379809,-7.332601491473417
C-2495266-1868-166,240,-8.622894505707816,-7.334071272892884
C-2495266-1868-167,240,-8.790506139510544,-7.333372891085372
C-2495266-1868-168,240,-8.936074849158857,-7.332766354795171
C-2495266-1868-169,240,-8.262270191332846,-7.33557387420278
C-2495266-1868-170,240,-8.819577262758338,-7.333251761405174
C-2495266-1868-171,240,-8.620160497481745,-7.334082664593826
C-2495266-1868-172,240,-8.984377917604437,-7.332565092009982
C-2495266-1868-173,240,-8.5441659547703,-7.334399308521791
C-2495266-1868-174,240,-8.55311046572502,-7.3343620397261455
C-2495266-1868-175,240,-10.17346193144346,-7.327610575285652
C-2495266-1868-176,240,-8.620161854848574,-7.33408265893813
C-2495266-1868-179,240,-9.91274813082595,-7.328696882788225
C-2495266-1868-18,240,-9.0389770255412,-7.332337595726911
C-2495266-1868-180,240,-8.749996416822805,-7.3335416815965715
C-2495266-1868-181,240,-8.455790862697349,-7.334767538072095
C-2495266-1868-182,240,-9.151626290591317,-7.331868223789202
C-2495266-1868-183,240,-7.242145184929318,-7.339824395062794
C-2495266-1868-184,240,-8.455746264139993,-7.334767723899416
C-2495266-1868-185,240,-11.13004898851573,-7.323624795881185
C-2495266-1868-186,240,-8.756158224515083,-7.333516007397853
C-2495266-1868-187,240,-8.972173370814417,-7.332615944288273
C-2495266-1868-188,240,-8.270506844384274,-7.335539554815066
C-2495266-1868-189,240,-8.399538624144146,-7.3350019223994
C-2495266-1868-19,240,-8.81223936181996,-7.333282335992417
C-2495266-1868-191,240,-8.812203521099255,-7.333282485328753
C-2495266-1868-192,240,-8.534191000399368,-7.334440870831669
C-2495266-1868-193,240,-8.776846231492618,-7.333429807368781
C-2495266-1868-194,240,-8.81935069195685,-7.33325270545018
C-2495266-1868-195,240,-8.360160123410358,-7.33516599948579
C-2495266-1868-196,240,-8.346172854205863,-7.335224279774142
C-2495266-1868-197,240,-8.81679640177738,-7.333263348325928
C-2495266-1868-199,240,-8.535479499253157,-7.334435502086445
C-2495266-1868-2,240,-8.455761627171434,-7.3347676598867855
C-2495266-1868-20,240,-8.738382942334727,-7.333590071073605
C-2495266-1868-200,240,-11.13661433676059,-7.323597440263497
C-2495266-1868-201,240,-8.865449148863485,-7.333060628546402
C-2495266-1868-202,240,-8.984383661808664,-7.332565068075797
C-2495266-1868-203,240,-8.977795856281881,-7.332592517265493
C-2495266-1868-204,240,-8.362676833956641,-7.3351555131918476
C-2495266-1868-205,240,-11.40643888300635,-7.322473171320807
C-2495266-1868-206,240,-8.72399258259145,-7.333650030905869
C-2495266-1868-207,240,-8.360408410357001,-7.335164964956846
C-2495266-1868-208,240,-8.969324445208148,-7.332627814811632
C-2495266-1868-209,240,-9.865163267862169,-7.328895153050573
C-2495266-1868-21,240,-8.984393004607263,-7.33256502914747
C-2495266-1868-210,240,-9.078290366682573,-7.332173790138823
C-2495266-1868-211,240,-8.035378926880034,-7.336519254471333
C-2495266-1868-212,240,-8.389818665469084,-7.335042422227212
C-2495266-1868-213,240,-8.984383496512834,-7.332565068764529
C-2495266-1868-214,240,-10.71840284761602,-7.325339988134933
C-2495266-1868-215,240,-11.0801244502193,-7.3238328147907525
C-2495266-1868-217,240,-8.366833219297297,-7.335138194919594
C-2495266-1868-218,240,-15.71426859664114,-7.304523880847328
C-2495266-1868-219,240,-8.975629036284316,-7.332601545682149
C-2495266-1868-22,240,-8.620158978022108,-7.334082670924908
C-2495266-1868-220,240,-8.984400706766351,-7.33256499705514
C-2495266-1868-221,240,-8.55218774753597,-7.334365884385266
C-2495266-1868-222,240,-8.632302187827673,-7.334032074217385
C-2495266-1868-223,240,-8.536952026607564,-7.334429366555801
C-2495266-1868-224,240,-9.6984550500935,-7.32958977062461
C-2495266-1868-225,240,-8.544737298929837,-7.334396927921125
C-2495266-1868-226,240,-8.924808709347172,-7.332813297044386
C-2495266-1868-227,240,-8.819782676201479,-7.333250905515827
C-2495266-1868-228,240,-11.59458302139102,-7.321689237410871
C-2495266-1868-229,240,-8.447069368425662,-7.334803877631559
C-2495266-1868-23,240,-9.223194710119667,-7.331570022041167
C-2495266-1868-230,240,-8.76584572881655,-7.333475642796597
C-2495266-1868-231,240,-8.984394592790474,-7.332565022530039
C-2495266-1868-232,240,-8.620149692774179,-7.33408270961344
C-2495266-1868-233,240,-7.855851140971326,-7.33726728691262
C-2495266-1868-234,240,-9.159379183329536,-7.3318359200694605
C-2495266-1868-235,240,-8.738390535543028,-7.333590039435237
C-2495266-1868-236,240,-8.984395350979973,-7.332565019370917
C-2495266-1868-237,240,-8.542861860699068,-7.334404742247087
C-2495266-1868-238,240,-8.546361103433263,-7.3343901620690275
C-2495266-1868-24,240,-8.936072690229402,-7.332766363790711
C-2495266-1868-25,240,-8.45551735531544,-7.334768677686186
C-2495266-1868-26,240,-8.387959426902952,-7.335050169054571
C-2495266-1868-28,240,-8.544778695795475,-7.334396755434185
C-2495266-1868-29,240,-9.17498629626833,-7.331770890432215
C-2495266-1868-30,240,-9.556157156053333,-7.330182678516445
C-2495266-1868-31,240,-8.358757834136505,-7.335171842357765
C-2495266-1868-34,240,-10.71730615993739,-7.325344557666927
C-2495266-1868-36,240,-8.54193291520048,-7.3344086128533315
C-2495266-1868-37,240,-8.790506019717823,-7.333372891584508
C-2495266-1868-38,240,-8.205381134456347,-7.335810911939765
C-2495266-1868-39,240,-8.37061135523154,-7.335122452686535
C-2495266-1868-4,240,-8.620158415917324,-7.334082673267011
C-2495266-1868-41,240,-10.48103699428956,-7.326329012523794
C-2495266-1868-42,240,-8.450062445569042,-7.334791406476795
C-2495266-1868-45,240,-8.761292198570079,-7.333494615839291
C-2495266-1868-46,240,-9.150714867229196,-7.331872021386545
C-2495266-1868-47,240,-10.36181396368393,-7.326825775151317
C-2495266-1868-48,240,-8.345316810834916,-7.335227846621521
C-2495266-1868-49,240,-8.612096418383171,-7.334116264923404
C-2495266-1868-50,240,-8.631262268712758,-7.334036407213697
C-2495266-1868-51,240,-8.34616041696832,-7.335224331595965
C-2495266-1868-52,240,-8.650032847483914,-7.333958196468816
C-2495266-1868-53,240,-8.802747213936586,-7.333321886608598
C-2495266-1868-54,240,-8.810097352547329,-7.333291261031053
C-2495266-1868-55,240,-11.13660921566125,-7.323597461601411
C-2495266-1868-56,240,-8.984380156737792,-7.332565082680259
C-2495266-1868-57,240,-11.40640919296469,-7.322473295029313
C-2495266-1868-59,240,-9.118738059379417,-7.3320052580859185
C-2495266-1868-6,240,-9.85848511892041,-7.328922978671164
C-2495266-1868-60,240,-8.620148110721912,-7.334082716205326
C-2495266-1868-61,240,-8.614195640184672,-7.334107518165897
C-2495266-1868-62,240,-8.814913071880884,-7.333271195533829
C-2495266-1868-63,240,-9.86516088636331,-7.3288951629734855
C-2495266-1868-64,240,-10.1734544224514,-7.327610606573119
C-2495266-1868-65,240,-10.34896117149542,-7.326879328452103
C-2495266-1868-66,240,-8.44906960479597,-7.33479554331335
C-2495266-1868-67,240,-9.606611086364087,-7.329972453806816
C-2495266-1868-68,240,-9.0871366008191,-7.33213693082992
C-2495266-1868-69,240,-9.582019774396244,-7.330074917606682
C-2495266-1868-7,240,-9.865139341351037,-7.3288952527443705
C-2495266-1868-70,240,-8.936079230072252,-7.332766336541366
C-2495266-1868-71,240,-8.535216045722033,-7.334436599809491
C-2495266-1868-72,240,-8.544229134206212,-7.33439904527414
C-2495266-1868-73,240,-8.622882516111524,-7.334071322849535
C-2495266-1868-74,240,-8.802711595688926,-7.333322035017963
C-2495266-1868-76,240,-9.665099408516754,-7.329728752464514
C-2495266-1868-77,240,-8.674860611524455,-7.333854747451981
C-2495266-1868-78,240,-8.951090259902,-7.332703790583741
C-2495266-1868-79,240,-9.426034590549442,-7.3307248558727105
C-2495266-1868-8,240,-8.802736852490819,-7.333321929781288
C-2495266-1868-80,240,-8.455792430904562,-7.3347675315378975
C-2495266-1868-81,240,-8.353211835831404,-7.335194950684036
C-2495266-1868-83,240,-8.984398276396671,-7.332565007181681
C-2495266-1868-84,240,-9.98183691700943,-7.328409012845794
C-2495266-1868-85,240,-9.865166661252276,-7.328895138911449
C-2495266-1868-86,240,-8.529132974977633,-7.334461945937593
C-2495266-1868-87,240,-9.298292321491392,-7.331257115327119
C-2495266-1868-88,240,-8.984380878534235,-7.332565079672774
C-2495266-1868-89,240,-8.975644370770171,-7.3326014817884575
C-2495266-1868-9,240,-9.175389062027055,-7.331769212241554
C-2495266-1868-90,240,-8.346197205865334,-7.335224178308894
C-2495266-1868-91,240,-8.777259794280837,-7.333428084190497
C-2495266-1868-92,240,-8.975667089447336,-7.332601387127302
C-2495266-1868-93,240,-8.458067685368231,-7.334758051310966
C-2495266-1868-94,240,-8.925282634589323,-7.3328113223558775
C-2495266-1868-95,240,-8.631238322669175,-7.334036506988879
C-2495266-1868-96,240,-10.39182845859665,-7.326700714755847
C-2495266-1868-98,240,-8.68262751988617,-7.333822385333807
C-2495266-1868-99,240,-11.40641597131864,-7.322473266786172
C-2509655-3548-10,240,-10.36177816572557,-7.326825924309476
C-2509655-3548-100,240,-8.622890969745738,-7.33407128762606
C-2509655-3548-1000,240,-8.620161170189407,-7.334082661790877
C-2509655-3548-1001,240,-8.885172398725551,-7.332978448338644
C-2509655-3548-1002,240,-9.166580021134521,-7.331805916578606
C-2509655-3548-1004,240,-8.490517380123242,-7.334622844249486
C-2509655-3548-1005,240,-9.865166144241966,-7.328895141065658
C-2509655-3548-1007,240,-9.587705211455937,-7.3300512282856
C-2509655-3548-1008,240,-9.858501235906154,-7.328922911517057
C-2509655-3548-1009,240,-8.486187340094896,-7.334640886082938
C-2509655-3548-101,240,-8.724330769216772,-7.33364862179493
C-2509655-3548-1010,240,-11.13663118297974,-7.323597370070917
C-2509655-3548-1011,240,-8.547518174080484,-7.33438534094133
C-2509655-3548-1012,240,-8.870875632197585,-7.3330380181991766
C-2509655-3548-1013,240,-8.48619265596438,-7.3346408639334815
C-2509655-3548-1015,240,-8.418753854577073,-7.334921858939262
C-2509655-3548-1016,240,-8.975612853737612,-7.332601613109427
C-2509655-3548-1017,240,-8.968740051929181,-7.332630249783628
C-2509655-3548-1018,240,-8.652649335713166,-7.333947294434528
C-2509655-3548-1019,240,-8.75857033725701,-7.333505956928096
C-2509655-3548-1020,240,-8.779334908763449,-7.333419437880152
C-2509655-3548-1022,240,-8.5457261038783,-7.334392807900508
C-2509655-3548-1023,240,-10.97863305184916,-7.324255695617295
C-2509655-3548-1024,240,-8.160082747999148,-7.3359996552166695
C-2509655-3548-1025,240,-8.984381088130332,-7.332565078799457
C-2509655-3548-1027,240,-8.451950526409401,-7.334783539473294
C-2509655-3548-1028,240,-9.940102734164299,-7.328582905274315
C-2509655-3548-1029,240,-8.790504445840595,-7.333372898142331
C-2509655-3548-103,240,-8.389796120311768,-7.335042516165368
C-2509655-3548-1030,240,-11.13663988626533,-7.3235973338072275
C-2509655-3548-1032,240,-8.14132844153592,-7.336077798160266
C-2509655-3548-1033,240,-8.663384425458595,-7.333902564893922
C-2509655-3548-1034,240,-8.936041958501331,-7.332766491839577
C-2509655-3548-1035,240,-8.54719957993557,-7.334386668416935
C-2509655-3548-1036,240,-11.40642432689716,-7.322473231971261
C-2509655-3548-1037,240,-8.929382435044715,-7.33279423985398
C-2509655-3548-1039,240,-10.35769615135063,-7.326842932702705
C-2509655-3548-104,240,-9.107024360073694,-7.33205406516636
C-2509655-3548-1040,240,-8.450319039481087,-7.3347903373354955
C-2509655-3548-1041,240,-8.932318255554929,-7.332782007268521
C-2509655-3548-1042,240,-8.790490883930598,-7.333372954650289
C-2509655-3548-1043,240,-8.5428387458982,-7.334404838558757
C-2509655-3548-1044,240,-8.885161741012798,-7.33297849274578
C-2509655-3548-1045,240,-8.930999668370106,-7.332787501381791
C-2509655-3548-1047,240,-9.330593631770057,-7.331122526534291
C-2509655-3548-1048,240,-8.719706809159765,-7.333667888295167
C-2509655-3548-105,240,-9.865163682475226,-7.32889515132302
C-2509655-3548-1050,240,-10.17346046252957,-7.327610581406126
C-2509655-3548-1051,240,-8.984382881045224,-7.332565071328978
C-2509655-3548-1053,240,-9.352791984785473,-7.331030033396727
C-2509655-3548-1054,240,-8.93605141274251,-7.332766452446906
C-2509655-3548-1055,240,-9.170710808294398,-7.331788704965439
C-2509655-3548-1056,240,-9.981841096817268,-7.328408995429927
C-2509655-3548-1057,240,-8.936144434711967,-7.332766064855367
C-2509655-3548-1058,240,-8.455766782985371,-7.3347676384042275
C-2509655-3548-106,240,-8.728825797923571,-7.333629892508652
C-2509655-3548-1060,240,-8.373719067629512,-7.335109503884877
C-2509655-3548-1061,240,-8.372645207103949,-7.335113978303734
C-2509655-3548-1062,240,-10.17343518102486,-7.32761068674573
C-2509655-3548-1063,240,-8.742298177929273,-7.333573757591961
C-2509655-3548-1064,240,-8.160098617023673,-7.335999589095734
C-2509655-3548-1065,240,-8.756299215708012,-7.3335154199345505
C-2509655-3548-1066,240,-9.558283323190764,-7.3301738194867045
C-2509655-3548-1067,240,-9.057306862710112,-7.332261221405374
C-2509655-3548-1068,240,-8.620145013125443,-7.3340827291119775
C-2509655-3548-107,240,-8.540908210369397,-7.334412882456793
C-2509655-3548-1070,240,-8.847603987182229,-7.33313498338674
C-2509655-3548-1071,240,-8.802734508815316,-7.333321939546603
C-2509655-3548-1073,240,-8.819651440094933,-7.333251452332937
C-2509655-3548-1074,240,-8.622880748395579,-7.334071330215019
C-2509655-3548-1075,240,-8.726730596906414,-7.33363862251289
C-2509655-3548-1076,240,-8.648297043004796,-7.33396542898748
C-2509655-3548-1077,240,-9.022754441783693,-7.332405189825901
C-2509655-3548-1078,240,-11.13660684764415,-7.323597471468149
C-2509655-3548-1079,240,-11.13660640619465,-7.3235974733075215
C-2509655-3548-108,240,-8.88441943820634,-7.33298158567414
C-2509655-3548-1080,240,-8.373709015532759,-7.3351095457686135
C-2509655-3548-1081,240,-8.936115401381826,-7.332766185827576
C-2509655-3548-1082,240,-8.557359547076386,-7.334344335220515
C-2509655-3548-1083,240,-8.53591106469791,-7.3344337038970915
C-2509655-3548-1084,240,-8.373720591110661,-7.335109497537038
C-2509655-3548-1085,240,-8.865824237252086,-7.333059065678116
C-2509655-3548-1087,240,-8.975640905082743,-7.332601496228821
C-2509655-3548-1089,240,-8.556349490379693,-7.334348543790084
C-2509655-3548-109,240,-8.349890627786102,-7.335208789050891
C-2509655-3548-1090,240,-8.885176791303406,-7.332978430036236
C-2509655-3548-1091,240,-8.790517823702915,-7.333372842401237
C-2509655-3548-1093,240,-8.638603748907196,-7.334005817712887
C-2509655-3548-1094,240,-8.372062432485775,-7.335116406531309
C-2509655-3548-1095,240,-10.20856401118358,-7.327464316620068
C-2509655-3548-1096,240,-9.865145328995839,-7.328895227795851
C-2509655-3548-1097,240,-8.542867985419146,-7.33440471672742
C-2509655-3548-1098,240,-8.37267713111775,-7.335113845287009
C-2509655-3548-1099,240,-8.63290120082744,-7.3340295783298854
C-2509655-3548-11,240,-8.81934350842456,-7.333252735381564
C-2509655-3548-110,240,-11.40640461902003,-7.322473314087416
C-2509655-3548-1100,240,-8.34250831754287,-7.335239548676904
C-2509655-3548-1102,240,-9.556173846550946,-7.330182608972704
C-2509655-3548-1103,240,-8.624093755746957,-7.334066276017721
C-2509655-3548-1105,240,-11.13662639376268,-7.323597390025989
C-2509655-3548-1106,240,-8.819655022885941,-7.333251437404642
C-2509655-3548-1107,240,-10.17345657730871,-7.327610597594546
C-2509655-3548-1108,240,-8.335200474250277,-7.335269998023957
C-2509655-3548-1109,240,-10.20853215787429,-7.32746444934219
C-2509655-3548-111,240,-8.722357643091508,-7.333656843153785
C-2509655-3548-1112,240,-8.544327774676733,-7.33439863427218
C-2509655-3548-1113,240,-8.936054857955364,-7.332766438091852
C-2509655-3548-1114,240,-8.814752222912043,-7.333271865737866
C-2509655-3548-1115,240,-8.373740237692285,-7.335109415676282
C-2509655-3548-1116,240,-9.150511776149296,-7.331872867599378
C-2509655-3548-1117,240,-8.814910998599341,-7.333271204172503
C-2509655-3548-1118,240,-8.338253137312408,-7.335257278594531
C-2509655-3548-1119,240,-8.622896623309678,-7.334071264069542
C-2509655-3548-112,240,-8.373702090879107,-7.335109574621337
C-2509655-3548-1120,240,-8.984395522191292,-7.332565018657536
C-2509655-3548-1122,240,-11.21697714224411,-7.323262595240649
C-2509655-3548-1123,240,-8.958924539747033,-7.332671147751054
C-2509655-3548-1124,240,-8.819051437622313,-7.33325395234324
C-2509655-3548-1125,240,-8.490516410424457,-7.334622848289897
C-2509655-3548-1126,240,-8.603052043198824,-7.334153949820005
C-2509655-3548-1127,240,-8.984391390670185,-7.332565035872207
C-2509655-3548-1128,240,-8.81964563631522,-7.333251476515353
C-2509655-3548-1129,240,-8.802746589975873,-7.333321889208434
C-2509655-3548-113,240,-9.865169261984255,-7.328895128075065
C-2509655-3548-1130,240,-9.126553424168444,-7.331972694065965
C-2509655-3548-1131,240,-9.223177257422876,-7.331570094760738
C-2509655-3548-1132,240,-9.089825971918842,-7.332125725117005
C-2509655-3548-1133,240,-8.984396538311186,-7.332565014423704
C-2509655-3548-1134,240,-8.81748563986373,-7.333260476500568
C-2509655-3548-1135,240,-8.681588016674093,-7.333826716597191
C-2509655-3548-1136,240,-7.883256876414231,-7.337153096348274
C-2509655-3548-1137,240,-8.45213891815289,-7.334782754507696
C-2509655-3548-114,240,-8.342514212116054,-7.335239524116182
C-2509655-3548-1140,240,-8.540508386000754,-7.334414548391663
C-2509655-3548-1141,240,-8.490488376302782,-7.334622965098737
C-2509655-3548-1142,240,-8.632191257685196,-7.334032536426311
C-2509655-3548-1143,240,-9.602128782487119,-7.32999113007297
C-2509655-3548-1144,240,-9.906228974490622,-7.328724045939622
C-2509655-3548-1145,240,-8.790505841738405,-7.33337289232609
C-2509655-3548-1146,240,-8.552348618869408,-7.334365214088043
C-2509655-3548-1147,240,-8.709651818822085,-7.333709784088241
C-2509655-3548-1148,240,-8.252830488700805,-7.33561320629708
C-2509655-3548-1150,240,-8.984396671195125,-7.3325650138700205
C-2509655-3548-1151,240,-7.700855496313995,-7.337913102098692
C-2509655-3548-1152,240,-9.007360270240378,-7.332469332207332
C-2509655-3548-1153,240,-8.993834962920412,-7.332525687654498
C-2509655-3548-1154,240,-8.567150776738167,-7.334303538430258
C-2509655-3548-1155,240,-8.288320070973011,-7.335465333037613
C-2509655-3548-1156,240,-8.735965693776441,-7.333600142942598
C-2509655-3548-1157,240,-12.16557941964534,-7.319310085751478
C-2509655-3548-1158,240,-9.67178398286602,-7.3297009000713915
C-2509655-3548-1159,240,-8.377101632081814,-7.335095409866326
C-2509655-3548-116,240,-8.790507843564061,-7.33337288398515
C-2509655-3548-1161,240,-8.802748033309651,-7.333321883194543
C-2509655-3548-1162,240,-9.088127504210108,-7.33213280206579
C-2509655-3548-1163,240,-11.40642590475028,-7.322473225396874
C-2509655-3548-1164,240,-8.622702826934619,-7.33407207155444
C-2509655-3548-1166,240,-8.631230461300799,-7.334036539744579
C-2509655-3548-1167,240,-12.34557677881223,-7.318560096754949
C-2509655-3548-1168,240,-8.790480117749622,-7.333372999509376
C-2509655-3548-1169,240,-8.035366654889538,-7.336519305604627
C-2509655-3548-117,240,-8.819049670967233,-7.333253959704304
C-2509655-3548-1170,240,-8.456710423155585,-7.334763706570185
C-2509655-3548-1171,240,-8.819044295705714,-7.333253982101226
C-2509655-3548-1172,240,-8.414983308817527,-7.334937569546594
C-2509655-3548-1173,240,-8.78125834410524,-7.333411423566228
C-2509655-3548-1175,240,-8.544188421352379,-7.3343992149110315
C-2509655-3548-1176,240,-10.17554590164831,-7.327601892076465
C-2509655-3548-1179,240,-8.372675837362646,-7.335113850677655
C-2509655-3548-118,240,-8.046471359246004,-7.336473036003142
C-2509655-3548-1180,240,-8.977495491585724,-7.33259376878506
C-2509655-3548-1181,240,-8.342511680522811,-7.335239534664487
C-2509655-3548-1182,240,-8.814919444187739,-7.3332711689825505
C-2509655-3548-1183,240,-8.390222348235518,-7.335040740215685
C-2509655-3548-1184,240,-7.827095518151886,-7.3373871020077
C-2509655-3548-1185,240,-8.97562279415611,-7.332601571691016
C-2509655-3548-1186,240,-8.541085385683958,-7.334412144226317
C-2509655-3548-1187,240,-8.984407197638824,-7.332564970009838
C-2509655-3548-1189,240,-8.936070283188482,-7.332766373820048
C-2509655-3548-119,240,-11.13662002092454,-7.323597416579481
C-2509655-3548-1190,240,-8.790494540422698,-7.333372939414905
C-2509655-3548-1192,240,-8.482531330412753,-7.334656119456613
C-2509655-3548-1193,240,-7.827102202611065,-7.337387074155787
C-2509655-3548-1194,240,-8.54477647989916,-7.334396764667087
C-2509655-3548-1195,240,-11.13661457339359,-7.323597439277526
C-2509655-3548-1196,240,-8.346159035274137,-7.335224337353024
C-2509655-3548-1197,240,-11.74428952060071,-7.32106546033083
C-2509655-3548-1199,240,-8.816796346460574,-7.3332633485564145
C-2509655-3548-12,240,-8.541921036276072,-7.334408662348849
C-2509655-3548-120,240,-8.279202441673023,-7.3355033231596956
C-2509655-3548-1200,240,-8.925289948015712,-7.332811291883268
C-2509655-3548-1201,240,-8.3606906023367,-7.335163789156931
C-2509655-3548-1202,240,-8.936055489157079,-7.332766435461846
C-2509655-3548-1204,240,-12.42091602808997,-7.318246183216291
C-2509655-3548-1207,240,-11.136617649056,-7.323597426462267
C-2509655-3548-1208,240,-8.984380063270162,-7.332565083069707
C-2509655-3548-1209,240,-8.936064092358018,-7.332766399615175
C-2509655-3548-121,240,-8.168177446135054,-7.33596592730777
C-2509655-3548-1211,240,-8.984396676439559,-7.332565013848169
C-2509655-3548-1214,240,-8.81358159135301,-7.333276743369362
C-2509655-3548-1215,240,-8.664281992476152,-7.3338988250313495
C-2509655-3548-1216,240,-8.06956575323355,-7.336376809361527
C-2509655-3548-1217,240,-8.984387905469156,-7.332565050393878
C-2509655-3548-1218,240,-8.984385774721547,-7.332565059271993
C-2509655-3548-122,240,-9.127391344041692,-7.33196920273316
C-2509655-3548-1220,240,-9.556167347277453,-7.33018263605301
C-2509655-3548-1221,240,-8.984378822552113,-7.332565088239366
C-2509655-3548-1222,240,-8.455788187339538,-7.334767549219419
C-2509655-3548-1223,240,-8.346190540929534,-7.33522420607946
C-2509655-3548-1224,240,-8.369626833054744,-7.3351265548622715
C-2509655-3548-1226,240,-9.85849784909812,-7.328922925628758
C-2509655-3548-1228,240,-8.58940676979615,-7.334210805125849
C-2509655-3548-1229,240,-9.13050655888006,-7.331956222671333
C-2509655-3548-123,240,-8.765833270661751,-7.333475694705576
C-2509655-3548-1230,240,-8.312083503357714,-7.335366318736009
C-2509655-3548-1231,240,-10.17345171265596,-7.327610617863933
C-2509655-3548-1232,240,-8.790500415845404,-7.333372914933977
C-2509655-3548-1233,240,-8.458064194811847,-7.334758065854951
C-2509655-3548-1234,240,-8.618142869756255,-7.334091071376016
C-2509655-3548-1235,240,-8.64458970168097,-7.333980876242995
C-2509655-3548-1236,240,-8.984391612834674,-7.332565034946522
C-2509655-3548-1237,240,-8.610195769205708,-7.334124184294976
C-2509655-3548-1238,240,-8.538225730990382,-7.334424059454206
C-2509655-3548-1239,240,-9.586856904481188,-7.330054762897995
C-2509655-3548-124,240,-11.08011435388391,-7.323832856858817
C-2509655-3548-1240,240,-8.550227683576102,-7.334374051318433
C-2509655-3548-1241,240,-8.535212883459966,-7.334436612985583
C-2509655-3548-1242,240,-8.538233127312246,-7.334424028636199
C-2509655-3548-1243,240,-8.814917908565993,-7.3332711753809745
C-2509655-3548-1244,240,-8.75594119005273,-7.333516911708114
C-2509655-3548-1246,240,-8.98440373279823,-7.332564984446674
C-2509655-3548-1247,240,-8.933387745845758,-7.332777551058976
C-2509655-3548-1248,240,-8.872824727886657,-7.333029896967139
C-2509655-3548-1249,240,-8.622895523904392,-7.334071268650399
C-2509655-3548-1250,240,-10.1136407168436,-7.327859830346485
C-2509655-3548-1251,240,-8.98438973239311,-7.332565042781695
C-2509655-3548-1252,240,-8.819328004966428,-7.333252799979307
C-2509655-3548-1254,240,-8.812221270039553,-7.333282411374835
C-2509655-3548-1256,240,-9.865147012354111,-7.328895220781858
C-2509655-3548-1257,240,-8.93605284538304,-7.33276644647757
C-2509655-3548-1258,240,-8.965861788987825,-7.332642242545884
C-2509655-3548-1259,240,-8.812231275593957,-7.3332823696850244
C-2509655-3548-126,240,-8.6591143053775,-7.3339203570609275
C-2509655-3548-1260,240,-8.319080262276467,-7.335337165573848
C-2509655-3548-1261,240,-8.984390440269584,-7.332565039832209
C-2509655-3548-1262,240,-8.448712495813483,-7.334797031267444
C-2509655-3548-1264,240,-9.153148560604276,-7.331861880997482
C-2509655-3548-1265,240,-9.169487926206575,-7.331793800307472
C-2509655-3548-1266,240,-8.992626087296943,-7.332530724636262
C-2509655-3548-1267,240,-8.458067411352163,-7.334758052452699
C-2509655-3548-1268,240,-8.423982424159016,-7.334900073232671
C-2509655-3548-1269,240,-8.861997841587428,-7.333075008993386
C-2509655-3548-127,240,-8.724014008649887,-7.333649941630625
C-2509655-3548-1271,240,-8.972640534687539,-7.3326139977721345
C-2509655-3548-1273,240,-8.634236696562743,-7.334024013764322
C-2509655-3548-1275,240,-9.698571306389448,-7.329589286223378
C-2509655-3548-1276,240,-9.865148340686392,-7.32889521524714
C-2509655-3548-1277,240,-10.35767583826017,-7.3268430173405825
C-2509655-3548-1278,240,-8.975656475255764,-7.3326014313531
C-2509655-3548-1279,240,-8.222920203932993,-7.335737832483613
C-2509655-3548-128,240,-8.925305994704917,-7.332811225022062
C-2509655-3548-1280,240,-9.699434491566633,-7.329585689618472
C-2509655-3548-1281,240,-8.972341313621412,-7.332615244526577
C-2509655-3548-1282,240,-8.648409695334069,-7.333964959602775
C-2509655-3548-1283,240,-8.722348222945174,-7.333656882404395
C-2509655-3548-1284,240,-10.36175593701707,-7.326826016929095
C-2509655-3548-1285,240,-8.9843947563469,-7.332565021848554
C-2509655-3548-1287,240,-15.09970167970325,-7.30708457633457
C-2509655-3548-1288,240,-9.030337524732241,-7.332373593646949
C-2509655-3548-1289,240,-9.126831223640192,-7.331971536568165
C-2509655-3548-129,240,-9.22318298976255,-7.331570070875989
C-2509655-3548-1290,240,-8.01860072689769,-7.336589163637926
C-2509655-3548-1291,240,-11.13660505217473,-7.323597478949272
C-2509655-3548-1292,240,-8.975631327070358,-7.332601536137206
C-2509655-3548-1293,240,-8.455683058699298,-7.334767987255419
C-2509655-3548-1294,240,-8.6625249069654,-7.333906146220977
C-2509655-3548-1295,240,-8.379086258631535,-7.335087140589035
C-2509655-3548-1297,240,-9.865139430865979,-7.3288952523713915
C-2509655-3548-1299,240,-9.672571719359718,-7.329697617836001
C-2509655-3548-13,240,-9.382428865344519,-7.330906546394398
C-2509655-3548-1300,240,-8.819057408704076,-7.3332539274637325
C-2509655-3548-1301,240,-8.231367472206205,-7.335702635532474
C-2509655-3548-1302,240,-8.554430852663032,-7.334356538113904
C-2509655-3548-1303,240,-8.984392496865409,-7.33256503126306
C-2509655-3548-1305,240,-8.984395764031584,-7.332565017649868
C-2509655-3548-1306,240,-8.984384589879355,-7.332565064208836
C-2509655-3548-1308,240,-8.984400456676614,-7.3325649980971805
C-2509655-3548-1309,240,-11.95672194856845,-7.320180325214298
C-2509655-3548-131,240,-8.936086906519476,-7.332766304556169
C-2509655-3548-1310,240,-8.363639196700872,-7.335151503347079
C-2509655-3548-1311,240,-8.728844897501569,-7.333629812927076
C-2509655-3548-1312,240,-8.34073979969603,-7.335246917501267
C-2509655-3548-1313,240,-8.765845491389653,-7.333475643785876
C-2509655-3548-1314,240,-8.542788813152127,-7.334405046611866
C-2509655-3548-1315,240,-9.164258627685749,-7.331815589051309
C-2509655-3548-1316,240,-8.657081849394336,-7.333928825627523
C-2509655-3548-1317,240,-8.814453017075266,-7.333273112428853
C-2509655-3548-1318,240,-8.790489613091495,-7.333372959945452
C-2509655-3548-1319,240,-9.201482805444808,-7.331660488310646
C-2509655-3548-132,240,-8.650465001994636,-7.333956395825022
C-2509655-3548-1320,240,-8.250178026573861,-7.335624258222609
C-2509655-3548-1322,240,-8.618120935421857,-7.3340911627690755
C-2509655-3548-1323,240,-8.547916797409567,-7.334383680010793
C-2509655-3548-1324,240,-9.074008367905023,-7.332191631800396
C-2509655-3548-1326,240,-8.534204571171056,-7.334440814286787
C-2509655-3548-1327,240,-8.79777212311475,-7.333342616153688
C-2509655-3548-1328,240,-8.916480393150712,-7.3328479983618715
C-2509655-3548-1329,240,-8.885214066393129,-7.332978274723362
C-2509655-3548-133,240,-8.620137249029806,-7.334082761462375
C-2509655-3548-1330,240,-8.936052395123495,-7.332766448353652
C-2509655-3548-1331,240,-8.620153450238742,-7.334082693957338
C-2509655-3548-1332,240,-11.08009517626499,-7.3238329367655615
C-2509655-3548-1333,240,-8.550547550713961,-7.334372718538692
C-2509655-3548-1334,240,-8.817933289885591,-7.333258611292143
C-2509655-3548-1336,240,-11.13665931172262,-7.323597252867822
C-2509655-3548-1338,240,-10.01576174109024,-7.328267659412123
C-2509655-3548-1339,240,-7.70083837285385,-7.337913173446442
C-2509655-3548-1340,240,-8.620157664109769,-7.334082676399543
C-2509655-3548-1342,240,-8.390222621948269,-7.3350407390752155
C-2509655-3548-1344,240,-10.01576266450891,-7.328267655564546
C-2509655-3548-1345,240,-8.486184975545825,-7.334640895935225
C-2509655-3548-1346,240,-8.648313126079247,-7.333965361974669
C-2509655-3548-1347,240,-8.759584359040645,-7.33350173183733
C-2509655-3548-1349,240,-8.888052793870429,-7.332966446692207
C-2509655-3548-1350,240,-8.90935707302105,-7.332877678862412
C-2509655-3548-1351,240,-8.533255812114948,-7.334444767449521
C-2509655-3548-1352,240,-9.867695706821259,-7.328884601221578
C-2509655-3548-1353,240,-8.640030262561412,-7.333999873905994
C-2509655-3548-1354,240,-8.936080108731943,-7.332766332880284
C-2509655-3548-1355,240,-11.50915644501532,-7.322045181479102
C-2509655-3548-1356,240,-8.62014544823113,-7.3340827272990365
C-2509655-3548-1358,240,-8.547639420654935,-7.334384835747271
C-2509655-3548-136,240,-11.12634552933777,-7.323640226961092
C-2509655-3548-1360,240,-8.547642023988496,-7.334384824900047
C-2509655-3548-1362,240,-8.984404958914554,-7.332564979337856
C-2509655-3548-1363,240,-9.61293720595264,-7.329946094975197
C-2509655-3548-1364,240,-8.936080948756688,-7.33276632938018
C-2509655-3548-1365,240,-8.287194110281918,-7.335470024540492
C-2509655-3548-1366,240,-11.1366046747318,-7.323597480521951
C-2509655-3548-1367,240,-8.538237119171535,-7.334424012003452
C-2509655-3548-1368,240,-8.87833807969093,-7.333006924667955
C-2509655-3548-1369,240,-8.790489818019012,-7.333372959091587
C-2509655-3548-137,240,-8.539933701953561,-7.334416942908527
C-2509655-3548-1370,240,-8.975630397439243,-7.332601540010669
C-2509655-3548-1371,240,-8.322562676188834,-7.3353226555158795
C-2509655-3548-1372,240,-8.819052257774151,-7.333253948925941
C-2509655-3548-1373,240,-8.81888730957573,-7.333254636210101
C-2509655-3548-1375,240,-8.802744618457762,-7.333321897423092
C-2509655-3548-1378,240,-11.40641417196389,-7.3224732742834835
C-2509655-3548-1379,240,-8.657766937700481,-7.333925971092914
C-2509655-3548-138,240,-8.790500918185375,-7.333372912840894
C-2509655-3548-1380,240,-8.802763922643274,-7.333321816988986
C-2509655-3548-1381,240,-8.89065127426032,-7.332955619690582
C-2509655-3548-1382,240,-10.36180372053753,-7.326825817831093
C-2509655-3548-1383,240,-9.141100152359341,-7.331912082698503
C-2509655-3548-1384,240,-8.764966748033375,-7.333479305216527
C-2509655-3548-1385,240,-8.984391070931968,-7.33256503720445
C-2509655-3548-1386,240,-8.622893881849734,-7.334071275492293
C-2509655-3548-1387,240,-9.223172656647215,-7.331570113930637
C-2509655-3548-1388,240,-9.61293608138794,-7.329946099660884
C-2509655-3548-1389,240,-8.372056962268761,-7.33511642932388
C-2509655-3548-139,240,-8.312566734036151,-7.335364305274849
C-2509655-3548-1390,240,-8.55055033958983,-7.3343727069183755
C-2509655-3548-1391,240,-9.865167631646937,-7.328895134868137
C-2509655-3548-1392,240,-8.685674548589827,-7.3338096893808755
C-2509655-3548-1393,240,-8.942759572435142,-7.33273850178152
C-2509655-3548-1394,240,-8.929380246641475,-7.332794248972326
C-2509655-3548-1396,240,-8.36784108360033,-7.335133995484998
C-2509655-3548-1397,240,-8.936076481192675,-7.3327663479950305
C-2509655-3548-1398,240,-8.857231667649094,-7.333094868051462
C-2509655-3548-14,240,-8.504202559177036,-7.334565822670096
C-2509655-3548-140,240,-8.018616229952984,-7.336589099041862
C-2509655-3548-1400,240,-8.819047876134185,-7.333253967182774
C-2509655-3548-1401,240,-9.088108500684893,-7.332132881247146
C-2509655-3548-1402,240,-9.47575753068696,-7.330517676955471
C-2509655-3548-1403,240,-8.984380709074035,-7.332565080378858
C-2509655-3548-1404,240,-8.54375683663068,-7.334401013180705
C-2509655-3548-1406,240,-11.13661033400235,-7.323597456941656
C-2509655-3548-1407,240,-8.975630592714836,-7.332601539197021
C-2509655-3548-1408,240,-8.969378156503833,-7.3326275910145675
C-2509655-3548-1409,240,-8.81492150424647,-7.333271160398973
C-2509655-3548-141,240,-9.865155299049258,-7.328895186253961
C-2509655-3548-1410,240,-9.129632823609224,-7.331959863234961
C-2509655-3548-1411,240,-8.738332233171096,-7.3335902823617864
C-2509655-3548-1412,240,-9.606614966657157,-7.329972437638928
C-2509655-3548-1413,240,-8.449715282943218,-7.334792852987736
C-2509655-3548-1414,240,-9.556176957800833,-7.3301825960091636
C-2509655-3548-1415,240,-8.620168442278958,-7.334082631490504
C-2509655-3548-1416,240,-8.790503385217356,-7.333372902561594
C-2509655-3548-1417,240,-9.85850006708472,-7.328922916387146
C-2509655-3548-1418,240,-11.40643584881662,-7.322473183963264
C-2509655-3548-1419,240,-8.566824471743502,-7.334304898034402
C-2509655-3548-142,240,-8.819663256475918,-7.333251403098017
C-2509655-3548-1420,240,-12.48392755007246,-7.317983635208032
C-2509655-3548-1421,240,-8.035377110499466,-7.336519262039586
C-2509655-3548-1422,240,-8.990245069105928,-7.332540645545392
C-2509655-3548-1423,240,-9.665115492836957,-7.329728685446512
C-2509655-3548-1424,240,-8.458068166296583,-7.334758049307098
C-2509655-3548-1425,240,-9.139955253308846,-7.331916853111212
C-2509655-3548-1426,240,-8.819045885366052,-7.333253975477642
C-2509655-3548-1428,240,-8.975642263598948,-7.332601490568337
C-2509655-3548-1429,240,-8.855716582944083,-7.333101180904399
C-2509655-3548-143,240,-8.553410458966924,-7.334360789754304
C-2509655-3548-1430,240,-8.62046274777974,-7.334081405217584
C-2509655-3548-1431,240,-8.369041394974222,-7.335128994187608
C-2509655-3548-1432,240,-9.750144739184721,-7.3293743969200635
C-2509655-3548-1433,240,-10.17345239764709,-7.327610615009804
C-2509655-3548-1435,240,-11.08007244154292,-7.323833031493572
C-2509655-3548-1436,240,-8.622893298627822,-7.3340712779223844
C-2509655-3548-1439,240,-9.602208585891875,-7.329990797558783
C-2509655-3548-144,240,-8.62015113672208,-7.334082703596991
C-2509655-3548-1440,240,-8.722776852864015,-7.3336550964464005
C-2509655-3548-1442,240,-9.139874035492944,-7.331917191518779
C-2509655-3548-1445,240,-8.703870581578876,-7.3337338725767545
C-2509655-3548-1446,240,-8.957679705512291,-7.332676334560365
C-2509655-3548-1447,240,-8.98438666299168,-7.332565055570868
C-2509655-3548-1448,240,-9.298295393338663,-7.331257102527756
C-2509655-3548-1449,240,-8.984391714837994,-7.332565034521508
C-2509655-3548-145,240,-8.144447237293734,-7.336064803177943
C-2509655-3548-1450,240,-11.13662071796169,-7.323597413675159
C-2509655-3548-1453,240,-8.727495748219468,-7.333635434382418
C-2509655-3548-1454,240,-8.728835401559778,-7.333629852493501
C-2509655-3548-1455,240,-8.80274193603944,-7.333321908599836
C-2509655-3548-1456,240,-8.794528693130577,-7.3333561304452894
C-2509655-3548-1457,240,-7.979720830497202,-7.336751163206261
C-2509655-3548-1458,240,-8.71850572833383,-7.333672892798608
C-2509655-3548-1459,240,-11.13662422004482,-7.323597399083146
C-2509655-3548-146,240,-8.79051146357924,-7.333372868901753
C-2509655-3548-1460,240,-9.136067422167306,-7.331933052407636
C-2509655-3548-1461,240,-8.504195296750211,-7.334565852930208
C-2509655-3548-1462,240,-11.08013276687451,-7.323832780138022
C-2509655-3548-1463,240,-8.921389236028048,-7.3328275448498825
C-2509655-3548-1464,240,-8.73932567690468,-7.333586143012897
C-2509655-3548-1465,240,-9.25501906758033,-7.331437420551748
C-2509655-3548-1466,240,-9.09464577112705,-7.332105642620304
C-2509655-3548-1467,240,-8.992868740756368,-7.332529713580182
C-2509655-3548-1468,240,-8.372659714407003,-7.335113917856637
C-2509655-3548-1469,240,-8.795285552463762,-7.333352976864734
C-2509655-3548-147,240,-8.733481206925788,-7.3336104949711425
C-2509655-3548-1470,240,-9.011751311640023,-7.3324510362015
C-2509655-3548-1471,240,-8.510850765605236,-7.334538121809978
C-2509655-3548-1472,240,-9.043185700529374,-7.332320059581127
C-2509655-3548-1473,240,-8.350427928374176,-7.335206550298441
C-2509655-3548-1474,240,-8.984373967982824,-7.3325651084667385
C-2509655-3548-1475,240,-8.691561214504592,-7.33378516160623
C-2509655-3548-1476,240,-10.61426128164816,-7.325773911326466
C-2509655-3548-1477,240,-8.373724140964637,-7.33510948274598
C-2509655-3548-1479,240,-8.656118444254101,-7.333932839815607
C-2509655-3548-1480,240,-9.681827218375235,-7.32965905325677
C-2509655-3548-1481,240,-8.861030160986909,-7.333079040995887
C-2509655-3548-1483,240,-10.33041959946351,-7.326956585002235
C-2509655-3548-1484,240,-8.242577610779849,-7.335655926621751
C-2509655-3548-1486,240,-8.936066556165418,-7.332766389349311
C-2509655-3548-1487,240,-9.150658261228733,-7.33187225724488
C-2509655-3548-1488,240,-8.390211753776653,-7.335040784359264
C-2509655-3548-1489,240,-8.45330114140931,-7.334777911910794
C-2509655-3548-149,240,-8.539923075634508,-7.334416987184856
C-2509655-3548-1490,240,-11.26203816976239,-7.323074840959323
C-2509655-3548-1491,240,-8.035361421516708,-7.336519327410347
C-2509655-3548-1492,240,-8.451787167636247,-7.334784220134849
C-2509655-3548-1493,240,-8.490513348633213,-7.334622861047362
C-2509655-3548-1494,240,-8.93606943096266,-7.332766377370989
C-2509655-3548-1495,240,-8.848273596634165,-7.333132193347357
C-2509655-3548-1496,240,-8.45576968572382,-7.334767626309484
C-2509655-3548-1497,240,-9.123184417151721,-7.3319867315952
C-2509655-3548-1498,240,-8.984389166996795,-7.332565045137513
C-2509655-3548-1499,240,-8.987285339858195,-7.332552977750591
C-2509655-3548-15,240,-8.984372716358614,-7.332565113681839
C-2509655-3548-150,240,-9.839585985324238,-7.329001725061149
C-2509655-3548-1500,240,-8.620130895102118,-7.334082787937074
C-2509655-3548-151,240,-8.658253414776862,-7.333923944105096
C-2509655-3548-152,240,-9.41460872555235,-7.330772463643531
C-2509655-3548-153,240,-8.552665540371677,-7.334363893581784
C-2509655-3548-155,240,-8.817253482804702,-7.333261443821646
C-2509655-3548-156,240,-8.984380513431532,-7.332565081194035
C-2509655-3548-157,240,-8.93606981098153,-7.3327663757875765
C-2509655-3548-158,240,-9.171545109204024,-7.33178522871165
C-2509655-3548-159,240,-8.72954825620978,-7.333626882265793
C-2509655-3548-16,240,-8.18530618517141,-7.335894557561786
C-2509655-3548-160,240,-9.6021261567367,-7.329991141013597
C-2509655-3548-161,240,-8.749981290849272,-7.333541744621461
C-2509655-3548-162,240,-8.984395676673659,-7.33256501801386
C-2509655-3548-163,240,-9.132213683919085,-7.331949109650337
C-2509655-3548-164,240,-9.084595452864566,-7.332147518946398
C-2509655-3548-165,240,-8.389807669253114,-7.3350424680447786
C-2509655-3548-166,240,-8.984370247782934,-7.332565123967571
C-2509655-3548-167,240,-9.12317035167245,-7.331986790201365
C-2509655-3548-168,240,-9.264292760278487,-7.331398780165506
C-2509655-3548-169,240,-8.608211713139568,-7.334132451195251
C-2509655-3548-17,240,-8.885185073197754,-7.332978395528342
C-2509655-3548-170,240,-8.486186701081543,-7.3346408887454935
C-2509655-3548-171,240,-11.0801419340837,-7.323832741941318
C-2509655-3548-172,240,-10.3576907363154,-7.326842955265352
C-2509655-3548-173,240,-8.984382618749049,-7.332565072421878
C-2509655-3548-174,240,-8.450061910478016,-7.334791408706341
C-2509655-3548-175,240,-8.802761217173249,-7.333321828261778
C-2509655-3548-176,240,-8.819658041337728,-7.333251424827759
C-2509655-3548-177,240,-9.865165840204362,-7.328895142332482
C-2509655-3548-178,240,-8.542371853014735,-7.334406783945772
C-2509655-3548-179,240,-10.90328062482031,-7.324569664063248
C-2509655-3548-18,240,-8.819057996787434,-7.333253925013385
C-2509655-3548-181,240,-8.79051551136831,-7.333372852035965
C-2509655-3548-182,240,-11.08010601993736,-7.323832891583594
C-2509655-3548-183,240,-10.17345306170585,-7.327610612242892
C-2509655-3548-184,240,-8.936062750293639,-7.33276640520711
C-2509655-3548-185,240,-8.975644407246072,-7.332601481636474
C-2509655-3548-186,240,-8.8598311080837,-7.333084037049651
C-2509655-3548-187,240,-8.984398223317935,-7.332565007402843
C-2509655-3548-188,240,-8.372073391346461,-7.33511636086939
C-2509655-3548-189,240,-8.176820453136907,-7.335929914778595
C-2509655-3548-191,240,-8.532309695829527,-7.33444870960071
C-2509655-3548-192,240,-8.984382451206761,-7.332565073119971
C-2509655-3548-193,240,-8.765847279167936,-7.3334756363368
C-2509655-3548-194,240,-8.550534714621666,-7.33437277202241
C-2509655-3548-195,240,-8.819045945448655,-7.333253975227297
C-2509655-3548-196,240,-8.984377221748652,-7.332565094909381
C-2509655-3548-197,240,-8.85774793780028,-7.333092716925832
C-2509655-3548-198,240,-8.544218052677397,-7.334399091447177
C-2509655-3548-199,240,-8.664518081055503,-7.333897841328935
C-2509655-3548-2,240,-8.998113600462746,-7.3325078599980715
C-2509655-3548-200,240,-9.858478488628352,-7.328923006297382
C-2509655-3548-205,240,-8.36705771438523,-7.335137259523394
C-2509655-3548-206,240,-8.279209449342845,-7.335503293961071
C-2509655-3548-208,240,-9.612115066238822,-7.329949520557338
C-2509655-3548-209,240,-8.333488576566563,-7.335277130930972
C-2509655-3548-21,240,-9.612129582367668,-7.329949460073467
C-2509655-3548-210,240,-8.453504552797812,-7.334777064363342
C-2509655-3548-211,240,-8.885189174181527,-7.33297837844091
C-2509655-3548-212,240,-8.297494671130874,-7.335427105536954
C-2509655-3548-213,240,-8.553861683131109,-7.33435890965362
C-2509655-3548-214,240,-8.982400421298356,-7.332573331577923
C-2509655-3548-215,240,-8.669567129132908,-7.333876803628613
C-2509655-3548-216,240,-10.25147109098593,-7.327285537120892
C-2509655-3548-217,240,-8.72341000168465,-7.333652458326314
C-2509655-3548-218,240,-8.814927917989182,-7.333271133675044
C-2509655-3548-22,240,-8.984385476895623,-7.332565060512935
C-2509655-3548-220,240,-8.817664999337321,-7.333259729169428
C-2509655-3548-221,240,-8.559524247951936,-7.334335315633534
C-2509655-3548-222,240,-8.958471642775375,-7.332673034821769
C-2509655-3548-223,240,-8.936062292448547,-7.332766407114798
C-2509655-3548-224,240,-9.022751112093967,-7.332405203699608
C-2509655-3548-225,240,-8.455768305397775,-7.334767632060843
C-2509655-3548-226,240,-9.095620601110836,-7.332101580828705
C-2509655-3548-227,240,-8.94071505290713,-7.332747020612887
C-2509655-3548-228,240,-8.279213673576699,-7.335503276360097
C-2509655-3548-229,240,-8.975649828427818,-7.332601459048218
C-2509655-3548-23,240,-8.455776198275162,-7.334767599173854
C-2509655-3548-230,240,-8.866640239514977,-7.333055665668687
C-2509655-3548-232,240,-8.98439185917245,-7.3325650339201145
C-2509655-3548-233,240,-8.735953245903438,-7.333600194808736
C-2509655-3548-234,240,-8.591264477141799,-7.334203064678576
C-2509655-3548-235,240,-8.749203849511437,-7.333544983960369
C-2509655-3548-236,240,-11.13661602888942,-7.323597433212961
C-2509655-3548-237,240,-9.101782570666385,-7.332075905955557
C-2509655-3548-24,240,-11.93487623476352,-7.3202713490218185
C-2509655-3548-240,240,-11.12636410099256,-7.323640149579197
C-2509655-3548-241,240,-8.885186554190728,-7.332978389357538
C-2509655-3548-242,240,-9.865152554712065,-7.328895197688699
C-2509655-3548-243,240,-8.548944555320114,-7.334379397686166
C-2509655-3548-244,240,-8.86108945058312,-7.333078793955903
C-2509655-3548-245,240,-9.038952648341395,-7.332337697298578
C-2509655-3548-246,240,-8.982600254029105,-7.332572498941545
C-2509655-3548-248,240,-8.819060138385458,-7.33325391609006
C-2509655-3548-249,240,-8.975633337384963,-7.332601527760896
C-2509655-3548-25,240,-8.665867733071064,-7.33389221777887
C-2509655-3548-250,240,-8.646595148340941,-7.333972520215245
C-2509655-3548-251,240,-8.984395387496095,-7.332565019218766
C-2509655-3548-252,240,-8.549339478384745,-7.334377752173396
C-2509655-3548-253,240,-8.790509906871554,-7.333372875388035
C-2509655-3548-254,240,-11.13662323073657,-7.323597403205264
C-2509655-3548-255,240,-8.620138042158437,-7.334082758157673
C-2509655-3548-257,240,-11.84243971861101,-7.320656501172453
C-2509655-3548-258,240,-8.925289098280368,-7.332811295423832
C-2509655-3548-259,240,-9.074006816771837,-7.332191638263451
C-2509655-3548-26,240,-8.455781990961393,-7.33476757503766
C-2509655-3548-260,240,-8.815541542263583,-7.333268576907234
C-2509655-3548-261,240,-8.870526697305854,-7.333039472094558
C-2509655-3548-262,240,-10.03353184806921,-7.3281936172997115
C-2509655-3548-264,240,-11.40642330988644,-7.322473236208807
C-2509655-3548-265,240,-9.991449020616246,-7.328368962414099
C-2509655-3548-266,240,-8.724524824896847,-7.333647813229596
C-2509655-3548-267,240,-8.723028702435027,-7.333654047073187
C-2509655-3548-268,240,-8.848797226833454,-7.33313001155486
C-2509655-3548-27,240,-8.810104021678987,-7.333291233243004
C-2509655-3548-271,240,-9.865139198690079,-7.328895253338791
C-2509655-3548-272,240,-8.936102303476385,-7.332766240402181
C-2509655-3548-273,240,-8.458048376855817,-7.3347581317631
C-2509655-3548-274,240,-8.004139722306784,-7.336649417823722
C-2509655-3548-276,240,-8.790504899187582,-7.333372896253384
C-2509655-3548-277,240,-8.455782908176188,-7.334767571215933
C-2509655-3548-278,240,-8.790507025883949,-7.33337288739215
C-2509655-3548-279,240,-8.546682964362876,-7.334388820981821
C-2509655-3548-28,240,-9.8651405594498,-7.328895247668958
C-2509655-3548-280,240,-8.984378584029237,-7.332565089233212
C-2509655-3548-282,240,-9.865153226952325,-7.328895194887698
C-2509655-3548-283,240,-11.40641230773425,-7.322473282051107
C-2509655-3548-284,240,-7.700861981262418,-7.337913075078073
C-2509655-3548-286,240,-9.088117646731266,-7.33213284313862
C-2509655-3548-287,240,-9.073988214653548,-7.332191715772277
C-2509655-3548-288,240,-8.987249604460418,-7.332553126648081
C-2509655-3548-289,240,-8.539938544235502,-7.334416922732351
C-2509655-3548-29,240,-8.984402136970214,-7.332564991095958
C-2509655-3548-291,240,-8.984390085166961,-7.332565041311804
C-2509655-3548-292,240,-13.81738875118911,-7.312427546870045
C-2509655-3548-293,240,-8.98438574099287,-7.33256505941253
C-2509655-3548-294,240,-8.279214611149985,-7.335503272453542
C-2509655-3548-295,240,-8.936083760882456,-7.33276631766299
C-2509655-3548-296,240,-8.992232948855657,-7.332532362713101
C-2509655-3548-297,240,-9.13507913656621,-7.3319371702643075
C-2509655-3548-298,240,-8.833888573969048,-7.333192130941796
C-2509655-3548-3,240,-9.042808632355543,-7.332321630698519
C-2509655-3548-300,240,-10.1734586196886,-7.327610589084631
C-2509655-3548-301,240,-8.936067659399171,-7.332766384752503
C-2509655-3548-302,240,-8.85222869282703,-7.333115713779887
C-2509655-3548-303,240,-8.936073220487385,-7.332766361581303
C-2509655-3548-304,240,-9.865150252039484,-7.328895207283169
C-2509655-3548-305,240,-8.984396947687713,-7.332565012717968
C-2509655-3548-306,240,-8.559054501092751,-7.334337272912113
C-2509655-3548-307,240,-8.936054836551827,-7.332766438181034
C-2509655-3548-308,240,-9.25650182379547,-7.3314312424008525
C-2509655-3548-309,240,-8.993723678942224,-7.332526151337741
C-2509655-3548-31,240,-8.555544379517645,-7.334351898418676
C-2509655-3548-310,240,-8.372674490578936,-7.335113856289254
C-2509655-3548-311,240,-9.672580139217551,-7.329697582753259
C-2509655-3548-313,240,-8.942340106484062,-7.332740249556315
C-2509655-3548-314,240,-8.86382989065369,-7.3330673754556095
C-2509655-3548-315,240,-9.865145362935888,-7.328895227654433
C-2509655-3548-316,240,-9.073997194354911,-7.332191678356854
C-2509655-3548-317,240,-8.726806738072213,-7.333638305258033
C-2509655-3548-319,240,-11.01225304129824,-7.324115612327924
C-2509655-3548-32,240,-8.78989534808743,-7.333375436049636
C-2509655-3548-320,240,-8.761283977630363,-7.333494650093206
C-2509655-3548-321,240,-9.950285794282355,-7.328540475857157
C-2509655-3548-322,240,-9.088114604590306,-7.332132855814207
C-2509655-3548-323,240,-8.369057847171002,-7.335128925636787
C-2509655-3548-324,240,-7.24213340082183,-7.339824444163242
C-2509655-3548-325,240,-8.375665247619601,-7.335101394801585
C-2509655-3548-326,240,-8.62015199240539,-7.334082700031644
C-2509655-3548-328,240,-9.088127401563831,-7.332132802493485
C-2509655-3548-329,240,-10.17343445204346,-7.327610689783152
C-2509655-3548-33,240,-8.632172452905596,-7.334032614779559
C-2509655-3548-330,240,-8.542836010336426,-7.334404849956931
C-2509655-3548-331,240,-8.813127206233556,-7.333278636640694
C-2509655-3548-332,240,-8.984382695476663,-7.332565072102181
C-2509655-3548-333,240,-8.346181304924027,-7.3352242445628155
C-2509655-3548-334,240,-8.36261700274638,-7.335155762488556
C-2509655-3548-336,240,-9.164564993310067,-7.331814312527874
C-2509655-3548-337,240,-8.98625301208688,-7.332557279116304
C-2509655-3548-338,240,-9.606989754208662,-7.329970876024131
C-2509655-3548-339,240,-9.163196462310657,-7.331820014740372
C-2509655-3548-34,240,-9.088110418639294,-7.33213287325567
C-2509655-3548-340,240,-8.853534122843735,-7.333110274488151
C-2509655-3548-341,240,-11.13661497693306,-7.323597437596112
C-2509655-3548-342,240,-8.451435841590756,-7.334785683993371
C-2509655-3548-343,240,-10.17344936733832,-7.327610627636091
C-2509655-3548-345,240,-8.332853340402627,-7.3352797777483225
C-2509655-3548-346,240,-10.17345291499699,-7.327610612854179
C-2509655-3548-348,240,-9.18132009626913,-7.331744499598879
C-2509655-3548-350,240,-11.40639633636948,-7.322473348598461
C-2509655-3548-351,240,-8.80841382098203,-7.333298275745908
C-2509655-3548-352,240,-8.790509496479025,-7.333372877098004
C-2509655-3548-354,240,-8.819057211117967,-7.333253928287008
C-2509655-3548-356,240,-9.490212952367935,-7.3304574460318
C-2509655-3548-357,240,-11.40642308019443,-7.322473237165856
C-2509655-3548-358,240,-8.54090155548697,-7.334412910185471
C-2509655-3548-359,240,-8.54846122526992,-7.334381411561376
C-2509655-3548-36,240,-10.67206666732627,-7.325533055552807
C-2509655-3548-360,240,-8.984396692469373,-7.332565013781378
C-2509655-3548-361,240,-8.936081563747532,-7.332766326817718
C-2509655-3548-362,240,-8.710749631991535,-7.333705209866702
C-2509655-3548-363,240,-9.29829829933448,-7.33125709041944
C-2509655-3548-364,240,-8.499502873662447,-7.3345854046930725
C-2509655-3548-365,240,-8.550573896429636,-7.334372608764877
C-2509655-3548-366,240,-8.547632053761514,-7.33438486644266
C-2509655-3548-367,240,-8.819046262234432,-7.333253973907357
C-2509655-3548-368,240,-9.068496727487636,-7.332214596968801
C-2509655-3548-37,240,-8.73849156110458,-7.333589618495397
C-2509655-3548-370,240,-8.7009761504687,-7.33374593270638
C-2509655-3548-371,240,-9.298275777454235,-7.331257184260608
C-2509655-3548-372,240,-9.219937634300443,-7.331583593190414
C-2509655-3548-373,240,-8.984391917525443,-7.3325650336769765
C-2509655-3548-374,240,-8.657549412910354,-7.333926877446206
C-2509655-3548-375,240,-8.45577147405381,-7.334767618858109
C-2509655-3548-376,240,-8.372063148218853,-7.335116403549089
C-2509655-3548-377,240,-9.073999144871376,-7.332191670229703
C-2509655-3548-379,240,-7.938362287929822,-7.336923490466959
C-2509655-3548-380,240,-11.29578768095777,-7.322934217996009
C-2509655-3548-381,240,-9.13458061851829,-7.33193924742284
C-2509655-3548-382,240,-8.984390671405485,-7.332565038869144
C-2509655-3548-383,240,-8.936054386536103,-7.3327664400560995
C-2509655-3548-384,240,-9.865164075152911,-7.328895149686862
C-2509655-3548-385,240,-9.870478414168169,-7.328873006607632
C-2509655-3548-386,240,-8.940709326506036,-7.3327470444728915
C-2509655-3548-387,240,-8.790505319126316,-7.33337289450364
C-2509655-3548-388,240,-8.560086152568568,-7.3343329743642975
C-2509655-3548-39,240,-8.834657245685456,-7.3331889281429765
C-2509655-3548-390,240,-10.31436736296943,-7.32702346932096
C-2509655-3548-391,240,-9.475759362529415,-7.330517669322793
C-2509655-3548-393,240,-7.857503195789359,-7.337260403350878
C-2509655-3548-394,240,-8.934155160086897,-7.332774353499638
C-2509655-3548-395,240,-11.13660601210231,-7.323597474949574
C-2509655-3548-396,240,-8.556381670801695,-7.334348409704992
C-2509655-3548-397,240,-8.44458776883204,-7.334814217629867
C-2509655-3548-398,240,-8.84882468003721,-7.333129897166511
C-2509655-3548-399,240,-9.586860400136167,-7.330054748332766
C-2509655-3548-4,240,-8.486189824148852,-7.334640875732713
C-2509655-3548-40,240,-8.561601188741303,-7.334326661713577
C-2509655-3548-400,240,-8.536958636761737,-7.334429339013493
C-2509655-3548-401,240,-8.65212515002116,-7.333949478541578
C-2509655-3548-402,240,-10.19432291391936,-7.3275236545253355
C-2509655-3548-403,240,-9.153409630997574,-7.331860793204176
C-2509655-3548-404,240,-8.80274531476783,-7.3333218945218
C-2509655-3548-405,240,-9.865179404657924,-7.328895085813925
C-2509655-3548-406,240,-8.635638606600203,-7.334018172472499
C-2509655-3548-407,240,-8.535026788076358,-7.334437388383015
C-2509655-3548-408,240,-8.659094452253397,-7.333920439782277
C-2509655-3548-409,240,-9.624229670572484,-7.329899043039281
C-2509655-3548-410,240,-9.558273366400316,-7.330173860973332
C-2509655-3548-411,240,-8.819340907589005,-7.3332527462183785
C-2509655-3548-413,240,-8.607949717294993,-7.3341335428446035
C-2509655-3548-414,240,-11.37467237140178,-7.322605531785825
C-2509655-3548-415,240,-14.10764228665151,-7.311218157138952
C-2509655-3548-416,240,-8.433343725507706,-7.334861067810384
C-2509655-3548-418,240,-9.544700296072367,-7.330230415433032
C-2509655-3548-419,240,-8.430976703971583,-7.334870930400118
C-2509655-3548-42,240,-9.132069893599322,-7.33194970877667
C-2509655-3548-420,240,-8.860375534432974,-7.3330817686065295
C-2509655-3548-421,240,-9.160483303503659,-7.331831319568734
C-2509655-3548-423,240,-10.46199017867282,-7.32640837425553
C-2509655-3548-425,240,-8.651211918214715,-7.333953283674105
C-2509655-3548-426,240,-9.073990945104367,-7.332191704395398
C-2509655-3548-427,240,-8.387956083449923,-7.335050182985625
C-2509655-3548-428,240,-9.865151304519213,-7.3288952028978365
C-2509655-3548-429,240,-9.14449229556905,-7.331897948768462
C-2509655-3548-43,240,-8.54673369958838,-7.334388609585048
C-2509655-3548-430,240,-8.810093695640074,-7.333291276268167
C-2509655-3548-431,240,-8.812237139336052,-7.3332823452527665
C-2509655-3548-432,240,-9.66511493330248,-7.329728687777906
C-2509655-3548-434,240,-8.544188414347534,-7.334399214940219
C-2509655-3548-435,240,-8.534184008936084,-7.334440899962766
C-2509655-3548-436,240,-9.85848739845091,-7.328922969173121
C-2509655-3548-437,240,-8.636495207066215,-7.33401460330389
C-2509655-3548-439,240,-8.82010751846502,-7.333249552006396
C-2509655-3548-44,240,-8.702618763084564,-7.333739088487148
C-2509655-3548-440,240,-8.984393828904373,-7.332565025712898
C-2509655-3548-441,240,-8.936079501695591,-7.332766335409602
C-2509655-3548-442,240,-11.13662431347058,-7.323597398693873
C-2509655-3548-443,240,-9.088106208517857,-7.332132890797841
C-2509655-3548-444,240,-8.936063006575163,-7.33276640413927
C-2509655-3548-445,240,-8.984385348569946,-7.332565061047625
C-2509655-3548-447,240,-9.822000675387747,-7.329074997185884
C-2509655-3548-448,240,-8.486191354148957,-7.334640869357712
C-2509655-3548-449,240,-8.581994752128583,-7.3342416885327975
C-2509655-3548-45,240,-8.984391622767042,-7.332565034905136
C-2509655-3548-450,240,-9.940817228967019,-7.328579928212637
C-2509655-3548-451,240,-8.541646651656633,-7.334409805618097
C-2509655-3548-452,240,-8.718493943367005,-7.333672941902637
C-2509655-3548-453,240,-8.018627534048404,-7.3365890519414645
C-2509655-3548-454,240,-8.555753940921843,-7.334351025246159
C-2509655-3548-455,240,-8.868717405160305,-7.333047010811831
C-2509655-3548-457,240,-9.161387964074457,-7.331827550149689
C-2509655-3548-46,240,-9.865174452721629,-7.328895106446993
C-2509655-3548-460,240,-10.36182438499494,-7.326825731729188
C-2509655-3548-461,240,-8.44447439578208,-7.334814690017575
C-2509655-3548-463,240,-8.552030371138693,-7.334366540120255
C-2509655-3548-464,240,-11.08011689553115,-7.32383284626862
C-2509655-3548-465,240,-9.088126488385749,-7.332132806298392
C-2509655-3548-466,240,-8.279227936264595,-7.3355032169322305
C-2509655-3548-467,240,-8.414982315150958,-7.3349375736868705
C-2509655-3548-468,240,-8.505491909489153,-7.334560450377128
C-2509655-3548-469,240,-8.390239289347454,-7.335040669627719
C-2509655-3548-47,240,-8.984371508780976,-7.332565118713413
C-2509655-3548-470,240,-9.171551582034668,-7.331785201741522
C-2509655-3548-471,240,-9.10747003772567,-7.332052208176142
C-2509655-3548-472,240,-9.596598163110876,-7.330014174320371
C-2509655-3548-473,240,-9.698474229046159,-7.329589690712307
C-2509655-3548-474,240,-8.936069447713415,-7.332766377301194
C-2509655-3548-475,240,-8.53193337550878,-7.334450277602047
C-2509655-3548-476,240,-8.307866196064749,-7.33538389084973
C-2509655-3548-477,240,-9.088107867008418,-7.332132883887465
C-2509655-3548-478,240,-8.54590560266449,-7.334392059988898
C-2509655-3548-479,240,-8.97563533325935,-7.3326015194447525
C-2509655-3548-48,240,-8.059512817477607,-7.336418696593843
C-2509655-3548-480,240,-8.699916085975367,-7.333750349641769
C-2509655-3548-482,240,-9.85849312437951,-7.328922945315085
C-2509655-3548-483,240,-8.817670510973915,-7.3332597062042755
C-2509655-3548-484,240,-9.603295156488514,-7.329986270181298
C-2509655-3548-486,240,-8.98440407403731,-7.332564983024844
C-2509655-3548-488,240,-8.64458249100592,-7.333980906287476
C-2509655-3548-489,240,-9.29830129902802,-7.331257077920716
C-2509655-3548-49,240,-8.936056851518142,-7.332766429785341
C-2509655-3548-490,240,-9.161592793383749,-7.331826696694234
C-2509655-3548-491,240,-8.56923184307687,-7.334294867320512
C-2509655-3548-492,240,-9.865147741669421,-7.328895217743043
C-2509655-3548-493,240,-9.865153072784771,-7.328895195530063
C-2509655-3548-494,240,-8.933961098304328,-7.332775162090399
C-2509655-3548-496,240,-9.865162688266178,-7.328895155465558
C-2509655-3548-498,240,-8.62014625335953,-7.334082723944335
C-2509655-3548-5,240,-8.490527731117028,-7.334622801120346
C-2509655-3548-50,240,-8.313517948610672,-7.335360341880788
C-2509655-3548-500,240,-8.888587921031508,-7.332964216995702
C-2509655-3548-501,240,-9.24520858606622,-7.331478297558058
C-2509655-3548-502,240,-8.984399531180118,-7.332565001953416
C-2509655-3548-503,240,-9.298309309390842,-7.331257044544205
C-2509655-3548-504,240,-9.865166526359031,-7.328895139473504
C-2509655-3548-505,240,-8.37218712053065,-7.335115886997788
C-2509655-3548-506,240,-13.99429328822507,-7.311690444632395
C-2509655-3548-507,240,-8.637088252355996,-7.33401213228185
C-2509655-3548-508,240,-9.088154237625298,-7.332132690676561
C-2509655-3548-509,240,-10.24083599139739,-7.327329850035843
C-2509655-3548-51,240,-8.577476807506814,-7.334260513302055
C-2509655-3548-510,240,-8.035380605960151,-7.336519247475166
C-2509655-3548-511,240,-8.833357315717603,-7.333194344517843
C-2509655-3548-512,240,-8.722375789425458,-7.33365676754406
C-2509655-3548-513,240,-8.418760866932876,-7.334921829721113
C-2509655-3548-514,240,-9.088121863136067,-7.332132825570266
C-2509655-3548-515,240,-9.300102512560422,-7.331249572864332
C-2509655-3548-516,240,-8.984389867865225,-7.332565042217228
C-2509655-3548-518,240,-8.984389372959983,-7.332565044279333
C-2509655-3548-52,240,-8.984390384159758,-7.332565040066001
C-2509655-3548-520,240,-8.802732738513724,-7.33332194692286
C-2509655-3548-521,240,-9.073988041063455,-7.332191716495569
C-2509655-3548-522,240,-8.817658842956561,-7.3332597548210146
C-2509655-3548-523,240,-8.708108328707564,-7.333716215297051
C-2509655-3548-526,240,-15.18966538946497,-7.306709727543895
C-2509655-3548-527,240,-8.363610071333323,-7.335151624702777
C-2509655-3548-528,240,-8.819049619219467,-7.333253959919919
C-2509655-3548-529,240,-9.074010100635087,-7.332191624580687
C-2509655-3548-53,240,-9.615158321760388,-7.329936840325998
C-2509655-3548-530,240,-8.330508728366006,-7.335289546965141
C-2509655-3548-531,240,-9.936581877389727,-7.328597575510876
C-2509655-3548-532,240,-8.909631098746333,-7.3328765370885565
C-2509655-3548-533,240,-8.790503942123024,-7.333372900241154
C-2509655-3548-534,240,-10.17345982960456,-7.327610584043314
C-2509655-3548-535,240,-11.08009510232587,-7.323832937073642
C-2509655-3548-537,240,-8.396758247216324,-7.335013507303265
C-2509655-3548-538,240,-8.54285813188401,-7.334404757783816
C-2509655-3548-539,240,-8.370332190844685,-7.33512361587148
C-2509655-3548-54,240,-9.07679226275671,-7.332180032238513
C-2509655-3548-540,240,-8.396748402640425,-7.3350135483223315
C-2509655-3548-541,240,-11.13661042972527,-7.323597456542811
C-2509655-3548-543,240,-9.865148060785549,-7.328895216413394
C-2509655-3548-544,240,-8.455770170554711,-7.334767624289356
C-2509655-3548-545,240,-8.532325431219098,-7.334448644036587
C-2509655-3548-546,240,-10.36212491546653,-7.32682447951889
C-2509655-3548-547,240,-8.923656350250962,-7.3328180985406215
C-2509655-3548-548,240,-8.98439523054273,-7.332565019872738
C-2509655-3548-549,240,-8.925286949952179,-7.332811304375199
C-2509655-3548-550,240,-8.790485461282524,-7.333372977244656
C-2509655-3548-552,240,-8.54032712100419,-7.334415303662483
C-2509655-3548-553,240,-8.451522217875768,-7.334785324092184
C-2509655-3548-554,240,-8.936064402243451,-7.332766398323986
C-2509655-3548-555,240,-8.288315756844751,-7.335465351013147
C-2509655-3548-556,240,-11.33770337741112,-7.3227595692607865
C-2509655-3548-557,240,-8.984387120635551,-7.332565053664018
C-2509655-3548-559,240,-9.865154016533554,-7.328895191597777
C-2509655-3548-560,240,-8.819050004728181,-7.333253958313633
C-2509655-3548-562,240,-8.035366390796403,-7.336519306705015
C-2509655-3548-563,240,-8.486180560324017,-7.334640914331983
C-2509655-3548-564,240,-8.98438192715828,-7.332565075303507
C-2509655-3548-565,240,-9.130974019819302,-7.331954274917419
C-2509655-3548-566,240,-7.973124684036659,-7.336778647149846
C-2509655-3548-568,240,-8.799874515106994,-7.333333856187054
C-2509655-3548-569,240,-8.372662818180105,-7.33511390492425
C-2509655-3548-570,240,-9.886494358385244,-7.328806273506728
C-2509655-3548-571,240,-8.755219518029977,-7.333519918674876
C-2509655-3548-573,240,-8.54849629999043,-7.334381265416707
C-2509655-3548-574,240,-8.544310656477405,-7.33439870559801
C-2509655-3548-575,240,-8.035392342009281,-7.336519198574961
C-2509655-3548-576,240,-11.1366245091892,-7.323597397878378
C-2509655-3548-577,240,-8.490514009222414,-7.334622858294907
C-2509655-3548-578,240,-8.806152636364732,-7.33330769734848
C-2509655-3548-579,240,-9.665101897957342,-7.329728742091844
C-2509655-3548-58,240,-8.342507571054513,-7.335239551787272
C-2509655-3548-581,240,-8.98439123210335,-7.332565036532902
C-2509655-3548-583,240,-9.038969245970303,-7.33233762814179
C-2509655-3548-584,240,-8.819649849318976,-7.333251458961171
C-2509655-3548-585,240,-8.975631695856471,-7.332601534600598
C-2509655-3548-586,240,-8.547495150567064,-7.334385436872637
C-2509655-3548-587,240,-8.63216830484321,-7.3340326320631535
C-2509655-3548-588,240,-8.547830414041496,-7.334384039941494
C-2509655-3548-589,240,-10.38480382754289,-7.326729984051905
C-2509655-3548-59,240,-8.71776382918211,-7.333675984045074
C-2509655-3548-590,240,-8.458060437081453,-7.3347580815121605
C-2509655-3548-591,240,-8.79050099485427,-7.33337291252144
C-2509655-3548-592,240,-8.936058297838462,-7.332766423759007
C-2509655-3548-593,240,-8.545754394529839,-7.334392690022792
C-2509655-3548-594,240,-8.342510551898583,-7.335239539367089
C-2509655-3548-595,240,-8.722025484045375,-7.333658227149811
C-2509655-3548-596,240,-9.15938355354593,-7.3318359018602255
C-2509655-3548-597,240,-8.93607756307229,-7.332766343487198
C-2509655-3548-598,240,-8.546775083958526,-7.334388437150173
C-2509655-3548-60,240,-8.674604297806555,-7.333855815425806
C-2509655-3548-600,240,-8.486275689509613,-7.334640517960377
C-2509655-3548-601,240,-8.984373989778211,-7.332565108375923
C-2509655-3548-602,240,-8.693028030493402,-7.333779049872944
C-2509655-3548-603,240,-8.936055111274568,-7.332766437036356
C-2509655-3548-605,240,-8.39952999880889,-7.335001958338296
C-2509655-3548-607,240,-8.059521404614204,-7.336418660814107
C-2509655-3548-608,240,-11.37032463135865,-7.322623647369339
C-2509655-3548-609,240,-8.984388748565133,-7.332565046880978
C-2509655-3548-61,240,-8.423945511611294,-7.334900227034953
C-2509655-3548-610,240,-9.298291763960103,-7.331257117650166
C-2509655-3548-611,240,-8.728844334429944,-7.333629815273208
C-2509655-3548-612,240,-8.851848645939512,-7.333117297308585
C-2509655-3548-613,240,-11.13661674192118,-7.323597430241994
C-2509655-3548-614,240,-8.453152505811595,-7.334778531225784
C-2509655-3548-615,240,-9.088111607166645,-7.332132868303472
C-2509655-3548-616,240,-8.455770537815791,-7.3347676227591005
C-2509655-3548-62,240,-8.940705827884878,-7.3327470590504795
C-2509655-3548-620,240,-8.458073210713678,-7.334758028288693
C-2509655-3548-621,240,-8.324832688584719,-7.335313197130897
C-2509655-3548-622,240,-8.455771514699293,-7.334767618688753
C-2509655-3548-623,240,-8.490520744605515,-7.334622830230811
C-2509655-3548-624,240,-9.86515650540071,-7.328895181227496
C-2509655-3548-625,240,-8.552917718351516,-7.334362842840203
C-2509655-3548-626,240,-8.429047914284745,-7.334878967023814
C-2509655-3548-627,240,-8.337222518678013,-7.335261572838841
C-2509655-3548-628,240,-8.299640803526541,-7.335418163318639
C-2509655-3548-629,240,-10.17345453491719,-7.327610606104511
C-2509655-3548-63,240,-8.936122049575616,-7.332766158126768
C-2509655-3548-630,240,-9.006705605461656,-7.332472059977244
C-2509655-3548-631,240,-8.794884019992013,-7.3333546499167
C-2509655-3548-632,240,-8.547462648249857,-7.334385572298959
C-2509655-3548-633,240,-8.882193752967092,-7.332990859362637
C-2509655-3548-634,240,-9.78552749036507,-7.329226968790146
C-2509655-3548-635,240,-8.209429942313928,-7.335794041907025
C-2509655-3548-636,240,-9.038964010033235,-7.332337649958195
C-2509655-3548-637,240,-8.984388243569065,-7.332565048985129
C-2509655-3548-638,240,-8.790502070539471,-7.3333729080394185
C-2509655-3548-639,240,-8.868721642313952,-7.3330469931570255
C-2509655-3548-64,240,-10.17346154189769,-7.327610576908759
C-2509655-3548-640,240,-9.159300411854485,-7.331836248283939
C-2509655-3548-641,240,-8.39674362561361,-7.33501356822661
C-2509655-3548-642,240,-9.858488009286155,-7.328922966627974
C-2509655-3548-643,240,-8.535239260632679,-7.334436503080697
C-2509655-3548-644,240,-9.011757487748449,-7.332451010467715
C-2509655-3548-645,240,-8.819044938918724,-7.333253979421172
C-2509655-3548-646,240,-8.614945530059444,-7.334104393624752
C-2509655-3548-647,240,-8.541212730577383,-7.334411613622594
C-2509655-3548-648,240,-8.279204457823308,-7.33550331475907
C-2509655-3548-649,240,-8.812229816999684,-7.333282375762502
C-2509655-3548-65,240,-8.808258706139737,-7.333298922057751
C-2509655-3548-650,240,-7.827116532472271,-7.337387014448032
C-2509655-3548-652,240,-9.865189092257527,-7.3288950454489274
C-2509655-3548-653,240,-8.353948906329157,-7.3351918795569615
C-2509655-3548-655,240,-10.36176288572547,-7.326825987976144
C-2509655-3548-656,240,-8.271129916447585,-7.335536958681469
C-2509655-3548-657,240,-8.981159330060102,-7.332578502791416
C-2509655-3548-658,240,-8.035379506079737,-7.336519252058
C-2509655-3548-659,240,-8.534192589138344,-7.334440864211923
C-2509655-3548-66,240,-8.49051333767787,-7.334622861093009
C-2509655-3548-660,240,-9.136987184459965,-7.33192922006475
C-2509655-3548-661,240,-8.93605810760919,-7.332766424551628
C-2509655-3548-662,240,-11.03408756107604,-7.324024635162183
C-2509655-3548-663,240,-7.827126740195821,-7.33738697191585
C-2509655-3548-664,240,-8.802731909356298,-7.333321950377682
C-2509655-3548-665,240,-11.1366051154445,-7.323597478685647
C-2509655-3548-666,240,-8.847503255831688,-7.333135403100701
C-2509655-3548-667,240,-10.03353885124077,-7.32819358811983
C-2509655-3548-668,240,-8.852197234521444,-7.33311584485616
C-2509655-3548-67,240,-8.455779781214469,-7.33476758424494
C-2509655-3548-671,240,-8.250168491339226,-7.335624297952752
C-2509655-3548-672,240,-8.43628287909519,-7.334848821337103
C-2509655-3548-673,240,-8.984400729221571,-7.332564996961577
C-2509655-3548-676,240,-8.458065829238523,-7.33475805904484
C-2509655-3548-677,240,-8.812584951390246,-7.333280896035874
C-2509655-3548-678,240,-9.771767434828098,-7.329284302354883
C-2509655-3548-679,240,-8.547350156704741,-7.33438604101373
C-2509655-3548-68,240,-8.62289538987176,-7.334071269208867
C-2509655-3548-680,240,-8.756392599925352,-7.333515030833643
C-2509655-3548-682,240,-8.71259248648114,-7.333697531306329
C-2509655-3548-683,240,-8.79051328132532,-7.3333728613278115
C-2509655-3548-684,240,-8.542369214430067,-7.334406794939875
C-2509655-3548-685,240,-9.86516972463463,-7.328895126147356
C-2509655-3548-686,240,-8.65910888662148,-7.3339203796390775
C-2509655-3548-687,240,-9.171186761159177,-7.331786721828504
C-2509655-3548-688,240,-9.858489312081579,-7.328922961199661
C-2509655-3548-69,240,-8.765812368362583,-7.333475781798489
C-2509655-3548-691,240,-11.13661446837704,-7.323597439715096
C-2509655-3548-692,240,-9.298293777277902,-7.331257109261342
C-2509655-3548-693,240,-8.372651317418855,-7.335113952844088
C-2509655-3548-694,240,-8.542427081818659,-7.3344065538257555
C-2509655-3548-695,240,-12.63849333291269,-7.317339611112863
C-2509655-3548-696,240,-9.981840071112176,-7.328408999703699
C-2509655-3548-697,240,-8.486181331218969,-7.334640911119921
C-2509655-3548-698,240,-8.834929328677765,-7.333187794463842
C-2509655-3548-699,240,-8.867273170394622,-7.333053028456689
C-2509655-3548-7,240,-8.957680613079567,-7.332676330778835
C-2509655-3548-70,240,-8.035370066096993,-7.336519291391263
C-2509655-3548-700,240,-8.597896508569452,-7.334175431214294
C-2509655-3548-702,240,-9.088114288985413,-7.332132857129227
C-2509655-3548-703,240,-11.40641428838059,-7.322473273798414
C-2509655-3548-704,240,-8.34618885500923,-7.335224213104128
C-2509655-3548-705,240,-8.620142376887658,-7.334082740096301
C-2509655-3548-706,240,-10.48102700930647,-7.32632905412789
C-2509655-3548-707,240,-8.8201201035113,-7.333249499568703
C-2509655-3548-708,240,-8.490503627733352,-7.334622901551111
C-2509655-3548-709,240,-10.92413144389936,-7.324482785650419
C-2509655-3548-71,240,-8.800925640282738,-7.333329476498822
C-2509655-3548-710,240,-8.455762694164257,-7.334767655440983
C-2509655-3548-711,240,-8.984387649789868,-7.332565051459209
C-2509655-3548-712,240,-8.361353622194885,-7.335161026574188
C-2509655-3548-713,240,-8.279215732101378,-7.335503267782911
C-2509655-3548-715,240,-9.107606567013752,-7.332051639304109
C-2509655-3548-716,240,-9.142098397317147,-7.331907923344512
C-2509655-3548-717,240,-9.106312493134654,-7.332057031278605
C-2509655-3548-718,240,-8.362899696512704,-7.335154584597864
C-2509655-3548-719,240,-9.995341952278068,-7.3283527418655074
C-2509655-3548-720,240,-8.984400383905642,-7.332564998400392
C-2509655-3548-721,240,-8.957676598580115,-7.332676347505916
C-2509655-3548-722,240,-8.983758138278256,-7.33256767442384
C-2509655-3548-723,240,-8.387952880834494,-7.335050196329856
C-2509655-3548-724,240,-9.124405688617847,-7.3319816429640925
C-2509655-3548-726,240,-11.08010788264017,-7.323832883822332
C-2509655-3548-727,240,-8.556330063190677,-7.334348624736705
C-2509655-3548-728,240,-9.161586410644023,-7.331826723288983
C-2509655-3548-729,240,-8.819055043271131,-7.333253937319703
C-2509655-3548-73,240,-8.293203720088608,-7.335444984499631
C-2509655-3548-730,240,-9.85848335482579,-7.328922986021559
C-2509655-3548-731,240,-8.372058250623068,-7.335116423955737
C-2509655-3548-733,240,-8.362224897241852,-7.335157396261492
C-2509655-3548-735,240,-8.504194905539032,-7.334565854560254
C-2509655-3548-736,240,-11.40641311689637,-7.322473278679598
C-2509655-3548-737,240,-7.827093064578701,-7.337387112230922
C-2509655-3548-738,240,-11.13661135177912,-7.323597452700921
C-2509655-3548-739,240,-8.183271997921546,-7.335903033341993
C-2509655-3548-740,240,-8.34843277068831,-7.335214863455465
C-2509655-3548-741,240,-8.67379828242934,-7.333859173823211
C-2509655-3548-742,240,-11.40642118840651,-7.322473245048306
C-2509655-3548-743,240,-8.535924500381824,-7.334433647915076
C-2509655-3548-744,240,-8.670126473149697,-7.333874473028543
C-2509655-3548-745,240,-8.819704262466795,-7.333251232239721
C-2509655-3548-746,240,-8.414853306578074,-7.33493811122259
C-2509655-3548-748,240,-8.765848489946027,-7.333475631291892
C-2509655-3548-75,240,-9.159374208034055,-7.331835940799858
C-2509655-3548-750,240,-8.455768321313904,-7.334767631994525
C-2509655-3548-751,240,-8.205381392722847,-7.335810910863655
C-2509655-3548-753,240,-8.878719752802526,-7.333005334363323
C-2509655-3548-755,240,-8.51843294819699,-7.334506529382512
C-2509655-3548-757,240,-8.984384101547041,-7.332565066243554
C-2509655-3548-758,240,-8.634617666585594,-7.334022426389226
C-2509655-3548-759,240,-8.541192447940396,-7.334411698133581
C-2509655-3548-76,240,-11.08010371095816,-7.323832901204341
C-2509655-3548-760,240,-9.606949369507886,-7.329971044293717
C-2509655-3548-761,240,-8.974427656954676,-7.332606551429355
C-2509655-3548-762,240,-8.825128654732742,-7.33322863060528
C-2509655-3548-763,240,-8.885174034307793,-7.332978441523718
C-2509655-3548-764,240,-9.6066296588978,-7.329972376421258
C-2509655-3548-765,240,-8.936064530090203,-7.332766397791291
C-2509655-3548-766,240,-8.035369385917994,-7.336519294225341
C-2509655-3548-767,240,-8.819646012676989,-7.333251474947179
C-2509655-3548-768,240,-8.790492470101803,-7.333372948041243
C-2509655-3548-769,240,-8.629965249833495,-7.334041811459027
C-2509655-3548-77,240,-9.18134746176255,-7.331744385575989
C-2509655-3548-770,240,-8.379084041623935,-7.335087149826567
C-2509655-3548-771,240,-8.984385961291094,-7.3325650584946205
C-2509655-3548-772,240,-9.930450141078191,-7.328623124412174
C-2509655-3548-773,240,-8.270508279044062,-7.335539548837317
C-2509655-3548-774,240,-8.622890738117032,-7.334071288591178
C-2509655-3548-775,240,-8.448728657905146,-7.334796963925395
C-2509655-3548-776,240,-8.62290013487871,-7.334071249438005
C-2509655-3548-777,240,-8.331902050925525,-7.335283741454477
C-2509655-3548-778,240,-8.830422415189055,-7.333206573270045
C-2509655-3548-779,240,-8.396749748913983,-7.335013542712858
C-2509655-3548-78,240,-9.09916790467914,-7.332086800397169
C-2509655-3548-780,240,-8.554439530879,-7.33435650195467
C-2509655-3548-781,240,-12.32117373666226,-7.31866177609724
C-2509655-3548-782,240,-8.559128272039334,-7.334336965533169
C-2509655-3548-783,240,-8.765841580331283,-7.3334756600819535
C-2509655-3548-784,240,-9.08022645470806,-7.3321657231053825
C-2509655-3548-785,240,-8.544115895036398,-7.334399517104015
C-2509655-3548-786,240,-8.735472447782294,-7.3336021981342405
C-2509655-3548-787,240,-8.358515845278745,-7.335172850644671
C-2509655-3548-788,240,-8.790505406500623,-7.333372894139581
C-2509655-3548-789,240,-9.296149475879101,-7.331266043850504
C-2509655-3548-79,240,-8.882524670544846,-7.332989480539396
C-2509655-3548-790,240,-8.660725208138706,-7.333913644966088
C-2509655-3548-792,240,-8.975638181645955,-7.3326015075764746
C-2509655-3548-793,240,-8.79050415700914,-7.333372899345795
C-2509655-3548-794,240,-9.068514182432256,-7.332214524239865
C-2509655-3548-795,240,-8.984394567023715,-7.332565022637401
C-2509655-3548-796,240,-8.433480551776801,-7.33486049770093
C-2509655-3548-797,240,-8.33853636335806,-7.335256098486008
C-2509655-3548-798,240,-8.373709532949444,-7.3351095436127105
C-2509655-3548-799,240,-8.882504615932868,-7.332989564100279
C-2509655-3548-8,240,-11.76707800595894,-7.320970508308505
C-2509655-3548-80,240,-8.018609376696416,-7.336589127597098
C-2509655-3548-800,240,-10.29688447351353,-7.327096314693693
C-2509655-3548-801,240,-8.323364549746293,-7.335319314376057
C-2509655-3548-802,240,-8.888397013738816,-7.332965012442755
C-2509655-3548-804,240,-8.731464902600848,-7.333618896239162
C-2509655-3548-805,240,-8.550426211169645,-7.334373224120126
C-2509655-3548-806,240,-8.460889857867475,-7.3347462922588855
C-2509655-3548-807,240,-8.677240441495652,-7.333844831493768
C-2509655-3548-808,240,-8.812235536246032,-7.333282351932308
C-2509655-3548-809,240,-11.93258192962539,-7.32028090862656
C-2509655-3548-81,240,-8.622899263147858,-7.334071253070217
C-2509655-3548-810,240,-9.29829529205809,-7.331257102949758
C-2509655-3548-811,240,-8.812242842868057,-7.33328232148805
C-2509655-3548-812,240,-10.03352098814032,-7.328193662549415
C-2509655-3548-813,240,-10.9444841457077,-7.324397982726217
C-2509655-3548-814,240,-8.876862195628567,-7.333013074184881
C-2509655-3548-815,240,-8.620138480630422,-7.334082756330706
C-2509655-3548-816,240,-8.458068183019776,-7.334758049237418
C-2509655-3548-817,240,-9.865163280024145,-7.3288951529999
C-2509655-3548-818,240,-8.659101272944861,-7.33392041136273
C-2509655-3548-819,240,-13.99922343452566,-7.311669902356143
C-2509655-3548-82,240,-8.346190333450792,-7.335224206943955
C-2509655-3548-821,240,-10.38927230882562,-7.326711365379893
C-2509655-3548-822,240,-8.93606104048261,-7.332766412331322
C-2509655-3548-823,240,-10.4620127774562,-7.326408280093932
C-2509655-3548-826,240,-7.913664639670757,-7.337026397334705
C-2509655-3548-827,240,-8.634618112522615,-7.334022424531156
C-2509655-3548-828,240,-8.548467674029826,-7.334381384691542
C-2509655-3548-829,240,-9.038956545918044,-7.332337681058674
C-2509655-3548-83,240,-8.458068792822738,-7.334758046696572
C-2509655-3548-831,240,-8.916472465499712,-7.332848031393751
C-2509655-3548-832,240,-8.360110480865853,-7.335166206329726
C-2509655-3548-833,240,-8.84775305013084,-7.333134362291121
C-2509655-3548-834,240,-8.32376171114551,-7.335317659536893
C-2509655-3548-835,240,-8.936049677470285,-7.332766459677207
C-2509655-3548-836,240,-9.83972594632844,-7.3290011418902985
C-2509655-3548-837,240,-8.984373108225467,-7.33256511204906
C-2509655-3548-838,240,-8.984406547993988,-7.332564972716692
C-2509655-3548-84,240,-8.63230822542639,-7.334032049060723
C-2509655-3548-840,240,-8.63905147812799,-7.334003952174466
C-2509655-3548-842,240,-8.722499289722366,-7.333656252959489
C-2509655-3548-843,240,-8.667493270048737,-7.33388544470813
C-2509655-3548-844,240,-10.39290301754772,-7.3266962374268845
C-2509655-3548-845,240,-8.783843742801082,-7.333400651071662
C-2509655-3548-846,240,-11.13661401855142,-7.323597441589369
C-2509655-3548-847,240,-8.940339799100865,-7.332748584170413
C-2509655-3548-849,240,-8.936069261732122,-7.332766378076116
C-2509655-3548-85,240,-9.457217813533843,-7.330594925776942
C-2509655-3548-850,240,-8.267633108736407,-7.335551528713598
C-2509655-3548-851,240,-8.817660149028862,-7.333259749379047
C-2509655-3548-852,240,-8.79050800176961,-7.33337288332596
C-2509655-3548-853,240,-8.814915074802038,-7.333271187188325
C-2509655-3548-854,240,-8.455771486952575,-7.3347676188043645
C-2509655-3548-855,240,-8.722364966507428,-7.333656812639552
C-2509655-3548-856,240,-9.008467015793899,-7.332464720767525
C-2509655-3548-857,240,-8.184405377000273,-7.335898310929165
C-2509655-3548-858,240,-8.338881770410643,-7.335254659289956
C-2509655-3548-859,240,-9.15062500096875,-7.331872395829296
C-2509655-3548-860,240,-8.68033236175033,-7.333831948492707
C-2509655-3548-861,240,-10.5397650551724,-7.3260843122701145
C-2509655-3548-862,240,-9.298305240060413,-7.331257061499747
C-2509655-3548-863,240,-8.936058830454945,-7.332766421539771
C-2509655-3548-864,240,-11.2906897254123,-7.322955459477449
C-2509655-3548-867,240,-8.490538301038637,-7.334622757079005
C-2509655-3548-868,240,-8.936065136691692,-7.332766395263785
C-2509655-3548-869,240,-9.556183543854736,-7.330182568567271
C-2509655-3548-87,240,-8.918696143206846,-7.332838766069971
C-2509655-3548-870,240,-8.644997703119909,-7.3339791762369995
C-2509655-3548-871,240,-8.34616114096914,-7.3352243285792955
C-2509655-3548-872,240,-8.785088868899072,-7.333395463046254
C-2509655-3548-873,240,-8.48225558674057,-7.334657268388581
C-2509655-3548-874,240,-8.455769820768172,-7.334767625746799
C-2509655-3548-875,240,-8.113317421204698,-7.3361945107449795
C-2509655-3548-876,240,-8.455786171623592,-7.3347675576182345
C-2509655-3548-877,240,-8.984376083307238,-7.332565099652886
C-2509655-3548-878,240,-10.35766839077785,-7.326843048371758
C-2509655-3548-879,240,-8.620162087519358,-7.334082657968669
C-2509655-3548-88,240,-8.819344306086549,-7.333252732057972
C-2509655-3548-880,240,-8.93604165409979,-7.332766493107917
C-2509655-3548-881,240,-8.975662035879873,-7.332601408183834
C-2509655-3548-882,240,-10.51651442653637,-7.326181189889431
C-2509655-3548-883,240,-8.363575542958813,-7.335151768571005
C-2509655-3548-884,240,-8.79940941311932,-7.333335794112003
C-2509655-3548-885,240,-9.10574630009575,-7.332059390416267
C-2509655-3548-886,240,-8.53577454405087,-7.334434272733121
C-2509655-3548-887,240,-8.984393527614358,-7.332565026968273
C-2509655-3548-888,240,-8.504205008046283,-7.334565812466474
C-2509655-3548-889,240,-9.55826557394524,-7.330173893441895
C-2509655-3548-89,240,-9.865148623086146,-7.328895214070474
C-2509655-3548-890,240,-8.288111358291019,-7.335466202673787
C-2509655-3548-891,240,-9.865173233303155,-7.328895111527903
C-2509655-3548-892,240,-8.66328219577669,-7.33390299085093
C-2509655-3548-893,240,-10.36181779380435,-7.326825759192482
C-2509655-3548-894,240,-11.40642227492098,-7.3224732405211626
C-2509655-3548-895,240,-9.421259630033983,-7.330744751541525
C-2509655-3548-896,240,-8.984381436697833,-7.332565077347093
C-2509655-3548-897,240,-8.55234277525627,-7.334365238436432
C-2509655-3548-898,240,-9.178594283808495,-7.331755857150798
C-2509655-3548-899,240,-10.35771107391211,-7.3268428705253665
C-2509655-3548-9,240,-8.90359406080315,-7.33290169141332
C-2509655-3548-90,240,-8.18531712209225,-7.335894511991282
C-2509655-3548-900,240,-8.936095249505794,-7.3327662697937255
C-2509655-3548-901,240,-8.932365131557235,-7.332781811951845
C-2509655-3548-902,240,-9.849415093151523,-7.328960770445202
C-2509655-3548-903,240,-11.16303404765935,-7.323487358134753
C-2509655-3548-904,240,-8.765839684580026,-7.333475667980917
C-2509655-3548-905,240,-8.279221035543296,-7.335503245685236
C-2509655-3548-906,240,-8.359503404316644,-7.335168735815347
C-2509655-3548-908,240,-8.9896552258517,-7.332543103225618
C-2509655-3548-909,240,-9.586842253906326,-7.330054823942057
C-2509655-3548-91,240,-10.56865221302212,-7.325963949112408
C-2509655-3548-910,240,-8.819359013662545,-7.333252670776406
C-2509655-3548-911,240,-8.567483384878619,-7.334302152563006
C-2509655-3548-912,240,-8.525823347194198,-7.334475736053358
C-2509655-3548-913,240,-8.55223865917302,-7.334365672253445
C-2509655-3548-914,240,-8.13410416566053,-7.336107899309748
C-2509655-3548-915,240,-8.936064726744977,-7.332766396971896
C-2509655-3548-916,240,-14.762456627283,-7.308489764052988
C-2509655-3548-917,240,-8.816428330607117,-7.333264881955803
C-2509655-3548-918,240,-8.455767598924387,-7.334767635004481
C-2509655-3548-919,240,-8.984391514112296,-7.332565035357865
C-2509655-3548-92,240,-8.802749735175674,-7.333321876103435
C-2509655-3548-920,240,-9.050191359311995,-7.3322908693362
C-2509655-3548-921,240,-8.01861941353954,-7.336589085776919
C-2509655-3548-922,240,-9.073996086512423,-7.332191682972865
C-2509655-3548-923,240,-8.98439455818051,-7.332565022674247
C-2509655-3548-925,240,-8.802728922504018,-7.333321962822899
C-2509655-3548-926,240,-8.539924163721206,-7.334416982651161
C-2509655-3548-927,240,-8.396769473139532,-7.335013460528585
C-2509655-3548-928,240,-9.763827023236443,-7.329317387403181
C-2509655-3548-93,240,-9.586851487020464,-7.330054785470748
C-2509655-3548-930,240,-8.945650437660946,-7.332726456509746
C-2509655-3548-931,240,-8.81442260873063,-7.333273239130289
C-2509655-3548-932,240,-8.66512244346415,-7.333895323152233
C-2509655-3548-933,240,-8.802750112307898,-7.33332187453205
C-2509655-3548-934,240,-8.813607132855653,-7.333276636946435
C-2509655-3548-935,240,-8.348540972156874,-7.335214412616013
C-2509655-3548-936,240,-8.816903281277954,-7.333262902994675
C-2509655-3548-938,240,-8.547628718733547,-7.33438488033861
C-2509655-3548-940,240,-8.866932060762595,-7.333054449746823
C-2509655-3548-941,240,-8.87835317125314,-7.333006861786445
C-2509655-3548-942,240,-8.133467542295255,-7.336110551907103
C-2509655-3548-943,240,-10.51597563470728,-7.326183434855386
C-2509655-3548-944,240,-10.85680674239047,-7.324763305240039
C-2509655-3548-945,240,-8.834663662917535,-7.33318890140451
C-2509655-3548-946,240,-8.936064469163743,-7.332766398045151
C-2509655-3548-947,240,-8.98440255265861,-7.332564989363922
C-2509655-3548-948,240,-8.62015643327791,-7.334082681528008
C-2509655-3548-949,240,-8.819655275187255,-7.333251436353387
C-2509655-3548-95,240,-8.379759637513857,-7.335084334843692
C-2509655-3548-950,240,-9.865145538555126,-7.328895226922686
C-2509655-3548-951,240,-9.671785191559671,-7.3297008950351685
C-2509655-3548-953,240,-9.062585429875686,-7.332239227375518
C-2509655-3548-954,240,-8.539923089736273,-7.334416987126099
C-2509655-3548-955,240,-8.723773840297639,-7.333650942332094
C-2509655-3548-956,240,-9.779823680667562,-7.329250734663885
C-2509655-3548-957,240,-8.936050057819271,-7.3327664580924194
C-2509655-3548-958,240,-8.984398431533053,-7.332565006535279
C-2509655-3548-959,240,-9.057863885089791,-7.332258900478792
C-2509655-3548-96,240,-10.0157133507722,-7.32826786103845
C-2509655-3548-960,240,-8.984392249328613,-7.332565032294464
C-2509655-3548-961,240,-9.665109057836482,-7.329728712259015
C-2509655-3548-962,240,-8.984389150818144,-7.332565045204925
C-2509655-3548-966,240,-8.382723341192875,-7.335071986078363
C-2509655-3548-967,240,-8.433338697227278,-7.334861088761553
C-2509655-3548-969,240,-8.362616913175078,-7.3351557628617705
C-2509655-3548-97,240,-8.93606230175205,-7.332766407076033
C-2509655-3548-971,240,-8.814921418181333,-7.333271160757578
C-2509655-3548-973,240,-8.285961473304676,-7.3354751605278965
C-2509655-3548-974,240,-8.97564668045832,-7.3326014721647566
C-2509655-3548-975,240,-10.35768753907517,-7.3268429685871865
C-2509655-3548-976,240,-9.865148737063919,-7.328895213595567
C-2509655-3548-977,240,-8.819636879795866,-7.33325151300085
C-2509655-3548-978,240,-8.502310292254045,-7.334573707115608
C-2509655-3548-979,240,-8.984388811490259,-7.33256504661879
C-2509655-3548-98,240,-8.802768965010742,-7.3333217959791215
C-2509655-3548-980,240,-8.790498103885037,-7.333372924567145
C-2509655-3548-981,240,-9.865137771646086,-7.328895259284808
C-2509655-3548-982,240,-8.332976237335217,-7.3352792656777694
C-2509655-3548-983,240,-9.86515810732588,-7.328895174552809
C-2509655-3548-984,240,-8.920837868054246,-7.332829842216441
C-2509655-3548-985,240,-8.63110480314007,-7.33403706332025
C-2509655-3548-986,240,-8.981317612292523,-7.332577843282114
C-2509655-3548-987,240,-8.987988174410747,-7.332550049273289
C-2509655-3548-988,240,-8.984400443402922,-7.332564998152488
C-2509655-3548-989,240,-8.984385083595692,-7.3325650621516845
C-2509655-3548-99,240,-8.369049406397982,-7.335128960806674
C-2509655-3548-990,240,-8.267625213301226,-7.335551561611244
C-2509655-3548-991,240,-8.53230530172046,-7.334448727909498
C-2509655-3548-992,240,-8.984382367365686,-7.3325650734693095
C-2509655-3548-994,240,-9.032711470991737,-7.332363702204201
C-2509655-3548-995,240,-8.730495075307887,-7.333622937186217
C-2509655-3548-996,240,-9.865174631831495,-7.328895105700702
C-2509655-3548-997,240,-8.753163669680104,-7.333528484709666
C-2509655-3548-998,240,-9.041464669267642,-7.332327230544718
C-2509655-3548-999,240,-8.451958972515945,-7.334783504281183
C-53965-5632-1,240,-8.814920343789714,-7.333271165234209
C-53965-5632-100,240,-10.25583125981716,-7.3272673697507615
C-53965-5632-1002,240,-8.928273709737185,-7.332798859542762
C-53965-5632-1003,240,-8.636320683613828,-7.3340153304849425
C-53965-5632-1005,240,-8.938663116835995,-7.332755570346516
C-53965-5632-1006,240,-8.885192033969572,-7.3329783665251265
C-53965-5632-1007,240,-8.620157076460904,-7.3340826788480795
C-53965-5632-1008,240,-11.4064253474102,-7.322473227719124
C-53965-5632-101,240,-8.65910407587384,-7.333920399683859
C-53965-5632-1010,240,-8.984388581740928,-7.33256504757608
C-53965-5632-1011,240,-8.687992768887405,-7.333800030129636
C-53965-5632-1012,240,-9.582551334445938,-7.330072702773141
C-53965-5632-1013,240,-8.622899342381688,-7.334071252740076
C-53965-5632-1014,240,-8.975647337048398,-7.3326014694289645
C-53965-5632-1015,240,-10.01574550159024,-7.328267727076707
C-53965-5632-1017,240,-9.214956349898895,-7.331604348542088
C-53965-5632-1018,240,-8.82019088093128,-7.333249204662787
C-53965-5632-1019,240,-9.138239215950666,-7.331924003266872
C-53965-5632-102,240,-8.39380306086965,-7.33502582057971
C-53965-5632-1020,240,-8.975645924069665,-7.332601475316377
C-53965-5632-1021,240,-10.17348551974371,-7.327610477001068
C-53965-5632-1023,240,-8.288303775017333,-7.335465400937427
C-53965-5632-1024,240,-11.46021658123249,-7.322249097578197
C-53965-5632-1027,240,-10.2987587500817,-7.327088505207993
C-53965-5632-1028,240,-8.823187118416774,-7.333236720339929
C-53965-5632-1029,240,-8.360444961723672,-7.335164812659484
C-53965-5632-103,240,-8.542838827705511,-7.3344048382178935
C-53965-5632-1030,240,-9.671011216370147,-7.329704119931791
C-53965-5632-1031,240,-8.817666493807634,-7.3332597229424685
C-53965-5632-1032,240,-11.54247452614453,-7.321906356141064
C-53965-5632-1033,240,-8.975645719616432,-7.332601476168264
C-53965-5632-1034,240,-13.27999541335972,-7.314666685777667
C-53965-5632-1035,240,-8.342499261523441,-7.335239586410319
C-53965-5632-1036,240,-8.534189450581751,-7.334440877289242
C-53965-5632-1037,240,-8.802736565807052,-7.333321930975804
C-53965-5632-1038,240,-8.819658372298356,-7.333251423448757
C-53965-5632-1039,240,-8.58879775001017,-7.334213342708291
C-53965-5632-104,240,-8.98440001808159,-7.33256499992466
C-53965-5632-1040,240,-9.865159392997477,-7.328895169195844
C-53965-5632-1041,240,-8.853872179884114,-7.33310886591715
C-53965-5632-1042,240,-9.58684031303049,-7.330054832029039
C-53965-5632-1043,240,-8.549715011510468,-7.3343761874520395
C-53965-5632-1044,240,-9.000576874151902,-7.3324975963577
C-53965-5632-1045,240,-8.819646608284618,-7.333251472465481
C-53965-5632-1046,240,-8.957353215377081,-7.332677694935929
C-53965-5632-1047,240,-9.865163665075732,-7.328895151395518
C-53965-5632-1048,240,-9.16648867888558,-7.33180629717131
C-53965-5632-1049,240,-8.790502769063659,-7.333372905128901
C-53965-5632-105,240,-10.03352336708625,-7.3281936526371405
C-53965-5632-1050,240,-8.539917575856487,-7.334417010100598
C-53965-5632-1051,240,-8.9360543403349,-7.332766440248604
C-53965-5632-1052,240,-10.17346191188741,-7.327610575367135
C-53965-5632-1053,240,-8.366549573038636,-7.335139376779006
C-53965-5632-1054,240,-8.93608167923424,-7.3327663263365235
C-53965-5632-1056,240,-8.819056415108543,-7.333253931603715
C-53965-5632-1057,240,-11.14424535293941,-7.323565644362753
C-53965-5632-1058,240,-8.522836249217665,-7.334488182294927
C-53965-5632-1059,240,-8.984374628038047,-7.332565105716508
C-53965-5632-106,240,-8.378077111131672,-7.335091345370285
C-53965-5632-1060,240,-9.251301651630467,-7.331452909784873
C-53965-5632-1061,240,-9.865143255576653,-7.328895236435097
C-53965-5632-1062,240,-8.925288283177606,-7.332811298820093
C-53965-5632-1063,240,-8.814924656383623,-7.333271147265068
C-53965-5632-1064,240,-8.790506570917872,-7.333372889287842
C-53965-5632-1065,240,-8.555317483650683,-7.334352843818122
C-53965-5632-1066,240,-8.279211455945333,-7.335503285600227
C-53965-5632-1067,240,-9.86516849081602,-7.328895131288266
C-53965-5632-1068,240,-8.936063456638728,-7.332766402264005
C-53965-5632-1069,240,-8.765839600926462,-7.333475668329473
C-53965-5632-107,240,-8.785243884343187,-7.33339481714857
C-53965-5632-1070,240,-8.799471989559983,-7.333335533376833
C-53965-5632-1071,240,-8.297503756272317,-7.335427067682199
C-53965-5632-1072,240,-8.98438694875367,-7.3325650543801935
C-53965-5632-1073,240,-9.586824902530438,-7.3300548962394565
C-53965-5632-1074,240,-8.967687313866866,-7.332634636192221
C-53965-5632-1075,240,-8.81812695278967,-7.333257804363376
C-53965-5632-1076,240,-8.790485663312008,-7.333372976402867
C-53965-5632-1077,240,-9.084004894465801,-7.332149979606393
C-53965-5632-1078,240,-8.984399510164767,-7.33256500204098
C-53965-5632-1079,240,-8.620162670194226,-7.334082655540857
C-53965-5632-108,240,-7.958057611598176,-7.33684142661834
C-53965-5632-1080,240,-9.045173778572128,-7.332311775922616
C-53965-5632-1081,240,-8.802751078483213,-7.33332187050632
C-53965-5632-1082,240,-8.819348655773943,-7.333252713934275
C-53965-5632-1084,240,-8.390238547961209,-7.335040672716828
C-53965-5632-1085,240,-8.353942175728617,-7.33519190760113
C-53965-5632-1086,240,-8.819051674621344,-7.333253951355744
C-53965-5632-1087,240,-8.270499730034343,-7.33553958445819
C-53965-5632-1088,240,-8.30743279701681,-7.335385696679096
C-53965-5632-1089,240,-8.776390202951621,-7.333431707487701
C-53965-5632-1090,240,-8.936055731350276,-7.332766434452707
C-53965-5632-1091,240,-7.827108858095338,-7.337387046424603
C-53965-5632-1092,240,-8.984381060697721,-7.33256507891376
C-53965-5632-1093,240,-8.486199634614037,-7.334640834855775
C-53965-5632-1095,240,-8.984406619928077,-7.332564972416966
C-53965-5632-1096,240,-9.038969590332137,-7.332337626706949
C-53965-5632-1097,240,-8.134943187112782,-7.336104403387029
C-53965-5632-1098,240,-8.455774962795203,-7.334767604321686
C-53965-5632-1099,240,-8.735956898960271,-7.333600179587665
C-53965-5632-11,240,-8.80273621232544,-7.333321932448643
C-53965-5632-1100,240,-8.561883221546504,-7.33432548657689
C-53965-5632-1102,240,-8.810527153009774,-7.333289470195792
C-53965-5632-1103,240,-8.957681434679115,-7.332676327355503
C-53965-5632-1104,240,-9.586834250570348,-7.33005485728929
C-53965-5632-1105,240,-10.63279575714799,-7.325696684345217
C-53965-5632-1106,240,-8.802743749869796,-7.3333219010422095
C-53965-5632-1107,240,-8.984383003925624,-7.332565070816977
C-53965-5632-1108,240,-9.091077871738714,-7.332120508867756
C-53965-5632-111,240,-8.919230625648792,-7.332836539059796
C-53965-5632-1110,240,-8.984394083380273,-7.332565024652582
C-53965-5632-1111,240,-8.936061331904003,-7.332766411117066
C-53965-5632-1113,240,-9.155567028646766,-7.331851804047305
C-53965-5632-1114,240,-8.54413353145511,-7.334399443618937
C-53965-5632-1115,240,-11.1366171480959,-7.323597428549601
C-53965-5632-1116,240,-8.936087402119256,-7.332766302491169
C-53965-5632-1117,240,-7.813650229681459,-7.337443124042993
C-53965-5632-1119,240,-8.54192733570018,-7.334408636101249
C-53965-5632-112,240,-8.984406649764399,-7.332564972292648
C-53965-5632-1120,240,-8.766593861890794,-7.333472525575455
C-53965-5632-1121,240,-8.814923873029791,-7.333271150529042
C-53965-5632-1122,240,-8.366556870581526,-7.335139346372577
C-53965-5632-1123,240,-11.40644087187069,-7.322473163033872
C-53965-5632-1124,240,-8.346169413740844,-7.335224294109413
C-53965-5632-1125,240,-8.486194477270747,-7.334640856344705
C-53965-5632-1127,240,-9.865154565739768,-7.328895189309418
C-53965-5632-1128,240,-9.556158385800627,-7.330182673392497
C-53965-5632-1129,240,-9.795841763762267,-7.329183992650991
C-53965-5632-113,240,-8.790491805625665,-7.333372950809893
C-53965-5632-1130,240,-7.913654354640564,-7.337026440188997
C-53965-5632-1131,240,-8.387962767928089,-7.335050155133633
C-53965-5632-1132,240,-9.068493957523119,-7.332214608510321
C-53965-5632-1133,240,-8.744298980574584,-7.333565420914272
C-53965-5632-1136,240,-8.98438227272642,-7.332565073863639
C-53965-5632-1137,240,-9.865151117799982,-7.328895203675833
C-53965-5632-1138,240,-12.84424717083105,-7.316482303454871
C-53965-5632-1139,240,-9.038967034297857,-7.332337637357091
C-53965-5632-114,240,-11.40643659920578,-7.322473180836642
C-53965-5632-1140,240,-9.168416055332909,-7.331798266436112
C-53965-5632-1141,240,-8.450210382823316,-7.334790790071569
C-53965-5632-1143,240,-8.819656823955272,-7.333251429900186
C-53965-5632-1144,240,-9.298281107041804,-7.331257162053992
C-53965-5632-1145,240,-8.819060421827995,-7.33325391490905
C-53965-5632-1146,240,-8.819059203378698,-7.333253919985922
C-53965-5632-1147,240,-8.867506859605024,-7.333052054751645
C-53965-5632-1148,240,-8.564724988228809,-7.334313645882379
C-53965-5632-115,240,-8.544868670367025,-7.334396380540137
C-53965-5632-1150,240,-8.535978603916131,-7.3344334224836825
C-53965-5632-1151,240,-8.984404337195746,-7.332564981928352
C-53965-5632-1152,240,-8.814913531405479,-7.333271193619144
C-53965-5632-1153,240,-8.765828560676763,-7.333475714330514
C-53965-5632-1154,240,-11.33401718314532,-7.322774928403561
C-53965-5632-1155,240,-9.865161671013015,-7.328895159704112
C-53965-5632-1156,240,-8.975622046191338,-7.332601574807536
C-53965-5632-1157,240,-9.13591650906018,-7.331933681212249
C-53965-5632-1158,240,-8.83499853799657,-7.33318750609168
C-53965-5632-1159,240,-7.24215578107072,-7.339824350912205
C-53965-5632-116,240,-9.86516674165833,-7.328895138576423
C-53965-5632-1160,240,-11.08010369788186,-7.323832901258825
C-53965-5632-1161,240,-8.936066070398189,-7.33276639137334
C-53965-5632-1162,240,-8.98438353602643,-7.33256506859989
C-53965-5632-1163,240,-9.133895639965646,-7.331942101500143
C-53965-5632-1164,240,-9.029229949935564,-7.332378208541935
C-53965-5632-1166,240,-9.223161337481915,-7.331570161093825
C-53965-5632-1167,240,-8.789112765485244,-7.333378696810478
C-53965-5632-1168,240,-9.15886702818685,-7.3318380540492205
C-53965-5632-1169,240,-8.765825067111741,-7.333475728887034
C-53965-5632-117,240,-8.751781431175742,-7.333534244036768
C-53965-5632-1171,240,-9.159596903239652,-7.331835012903168
C-53965-5632-1172,240,-8.984415663171934,-7.332564934736784
C-53965-5632-1173,240,-9.98184973338592,-7.328408959444226
C-53965-5632-1174,240,-8.622907290745337,-7.334071219621894
C-53965-5632-1175,240,-8.34250522143528,-7.335239561577353
C-53965-5632-1176,240,-8.735952795618275,-7.333600196684924
C-53965-5632-1177,240,-10.89777244079615,-7.324592614830015
C-53965-5632-1179,240,-8.368542165728886,-7.335131074309462
C-53965-5632-118,240,-8.915364656503359,-7.332852647264569
C-53965-5632-1180,240,-8.819648849496982,-7.3332514631270955
C-53965-5632-1181,240,-8.812232184049396,-7.333282365899794
C-53965-5632-1183,240,-11.08012408595057,-7.323832816308539
C-53965-5632-1184,240,-8.451862683249747,-7.334783905486459
C-53965-5632-1185,240,-9.590264206677386,-7.33004056580551
C-53965-5632-1186,240,-8.952683866635493,-7.332697150555686
C-53965-5632-1188,240,-8.735941038051081,-7.333600245674787
C-53965-5632-1189,240,-9.251312648290194,-7.331452863965457
C-53965-5632-119,240,-9.86517204250728,-7.328895116489552
C-53965-5632-1190,240,-11.48197577119985,-7.322158434286667
C-53965-5632-1191,240,-7.979714447384838,-7.3367511898025635
C-53965-5632-1192,240,-11.08009929945323,-7.323832919585612
C-53965-5632-1193,240,-8.94070209545134,-7.332747074602286
C-53965-5632-1194,240,-11.13660698681448,-7.323597470888273
C-53965-5632-1195,240,-8.975646082801468,-7.332601474654994
C-53965-5632-1196,240,-9.14133363345389,-7.3319111098606085
C-53965-5632-1198,240,-8.45185808663961,-7.334783924639002
C-53965-5632-1199,240,-8.7830856307162,-7.333403809872015
C-53965-5632-12,240,-8.561606471788997,-7.334326639700879
C-53965-5632-120,240,-8.987214575395578,-7.332553272602518
C-53965-5632-1200,240,-13.17135975361645,-7.315119334359932
C-53965-5632-1201,240,-8.936059649647834,-7.332766418126467
C-53965-5632-1202,240,-11.4306532239163,-7.322372278233682
C-53965-5632-1203,240,-8.5448912597604,-7.3343962864176655
C-53965-5632-1204,240,-8.723430378125643,-7.333652373424476
C-53965-5632-1205,240,-8.735960949606875,-7.333600162709971
C-53965-5632-1206,240,-11.406432730967,-7.322473196954304
C-53965-5632-1208,240,-8.81429288978071,-7.333273779625913
C-53965-5632-1210,240,-9.605151192255821,-7.329978536698934
C-53965-5632-1211,240,-9.421981995964794,-7.33074174168348
C-53965-5632-1212,240,-8.611767801510872,-7.33411763416037
C-53965-5632-1213,240,-11.13660579699208,-7.323597475845866
C-53965-5632-1215,240,-9.5868426689286,-7.330054822212798
C-53965-5632-1216,240,-8.833380735018732,-7.333194246937422
C-53965-5632-1218,240,-8.984377841156023,-7.332565092328517
C-53965-5632-1219,240,-8.561615259911022,-7.334326603083705
C-53965-5632-122,240,-8.555476504541096,-7.334352181231079
C-53965-5632-1220,240,-9.524680013417921,-7.330313833277425
C-53965-5632-1221,240,-8.205370730952552,-7.335810955287697
C-53965-5632-1222,240,-9.865140192501114,-7.328895249197912
C-53965-5632-1223,240,-8.452921046295572,-7.334779495640435
C-53965-5632-1224,240,-9.096456690393854,-7.332098097123359
C-53965-5632-1226,240,-10.63535465763644,-7.325686022259847
C-53965-5632-1227,240,-8.738365834152996,-7.3335901423576955
C-53965-5632-1228,240,-8.966655399052009,-7.3326389358372825
C-53965-5632-1229,240,-8.933561586485691,-7.332776826722976
C-53965-5632-123,240,-8.648306344261998,-7.333965390232241
C-53965-5632-1230,240,-8.454178023542509,-7.33477425823524
C-53965-5632-1231,240,-10.2377470563826,-7.327342720598406
C-53965-5632-1232,240,-8.542849392703834,-7.334404794197067
C-53965-5632-1233,240,-8.984396498771993,-7.33256501458845
C-53965-5632-1234,240,-8.548405433692063,-7.334381644026283
C-53965-5632-1235,240,-8.369061531646778,-7.335128910284805
C-53965-5632-1236,240,-8.885170618018002,-7.332978455758258
C-53965-5632-1238,240,-9.865153077323594,-7.328895195511151
C-53965-5632-1239,240,-8.323352685211315,-7.335319363811619
C-53965-5632-124,240,-8.647648224068993,-7.333968132399713
C-53965-5632-1240,240,-8.936065221287832,-7.3327663949113004
C-53965-5632-1241,240,-8.342509604367258,-7.3352395433151365
C-53965-5632-1243,240,-10.11364784250614,-7.327859800656224
C-53965-5632-1244,240,-8.936083355653007,-7.332766319351446
C-53965-5632-1245,240,-11.56452342859143,-7.321814485714202
C-53965-5632-1246,240,-8.984395946990764,-7.332565016887538
C-53965-5632-1247,240,-8.532311978968425,-7.3344487000876315
C-53965-5632-1248,240,-8.36771154504534,-7.335134535228978
C-53965-5632-1249,240,-10.97875457444965,-7.324255189273127
C-53965-5632-125,240,-8.936134625239662,-7.332766105728168
C-53965-5632-1250,240,-8.458072899930784,-7.334758029583622
C-53965-5632-1251,240,-9.55829019213969,-7.330173790866084
C-53965-5632-1252,240,-8.984394070343626,-7.332565024706901
C-53965-5632-1253,240,-10.00766159563148,-7.328301410018201
C-53965-5632-1254,240,-8.55895774167082,-7.334337676076371
C-53965-5632-1255,240,-9.074005469803508,-7.332191643875818
C-53965-5632-1257,240,-8.726544439832661,-7.333639398167364
C-53965-5632-1258,240,-8.932721141935291,-7.33278032857527
C-53965-5632-126,240,-8.413778147492726,-7.334942591052114
C-53965-5632-1260,240,-11.40642237133197,-7.32247324011945
C-53965-5632-1261,240,-8.819050689235823,-7.333253955461517
C-53965-5632-1262,240,-8.984384332516138,-7.332565065281183
C-53965-5632-1263,240,-8.814476808663695,-7.333273013297235
C-53965-5632-1264,240,-8.819650729634104,-7.333251455293191
C-53965-5632-1265,240,-8.620138977042707,-7.334082754262322
C-53965-5632-1266,240,-8.984403912731025,-7.332564983696954
C-53965-5632-1267,240,-8.486198640715493,-7.334640838997019
C-53965-5632-1269,240,-8.907707405041704,-7.332884552478992
C-53965-5632-127,240,-8.993962058368675,-7.332525158090131
C-53965-5632-1270,240,-8.620168046899668,-7.3340826331379185
C-53965-5632-1272,240,-8.984379150954405,-7.332565086871023
C-53965-5632-1273,240,-10.17346158145723,-7.327610576743927
C-53965-5632-1274,240,-8.749463358796898,-7.333543902671679
C-53965-5632-1275,240,-8.909376932249431,-7.332877596115627
C-53965-5632-1276,240,-8.936093731251994,-7.332766276119783
C-53965-5632-1277,240,-9.615156237974,-7.329936849008442
C-53965-5632-1278,240,-8.745502800261402,-7.33356040499891
C-53965-5632-1279,240,-11.13659602424127,-7.323597516565661
C-53965-5632-128,240,-8.751384264123619,-7.333535898899485
C-53965-5632-1280,240,-11.13662075635151,-7.323597413515202
C-53965-5632-1281,240,-8.38005010786418,-7.335083124550565
C-53965-5632-1282,240,-8.722371672940692,-7.33365678469608
C-53965-5632-1283,240,-10.35769764254486,-7.3268429264893955
C-53965-5632-1284,240,-8.7220277440794,-7.333658217733002
C-53965-5632-1285,240,-9.003222144189332,-7.332486574399211
C-53965-5632-1286,240,-8.98439318246637,-7.33256502840639
C-53965-5632-1287,240,-8.396722639348775,-7.33501365566938
C-53965-5632-1288,240,-8.539933237413653,-7.33441694484411
C-53965-5632-1289,240,-8.885190020260078,-7.332978374915583
C-53965-5632-129,240,-8.852972493815244,-7.333112614609103
C-53965-5632-1290,240,-8.622592499688722,-7.334072531251297
C-53965-5632-1291,240,-9.159387788185619,-7.331835884215893
C-53965-5632-1292,240,-9.107581710016385,-7.332051742874932
C-53965-5632-1293,240,-8.98437922262776,-7.332565086572385
C-53965-5632-1294,240,-8.563856847925313,-7.334317263133644
C-53965-5632-1296,240,-8.819036227664226,-7.333254015718066
C-53965-5632-1297,240,-8.819052046016651,-7.333253949808264
C-53965-5632-1298,240,-8.957683379528286,-7.332676319251965
C-53965-5632-1299,240,-8.802751478837235,-7.333321868838178
C-53965-5632-13,240,-8.346169979517727,-7.335224291752009
C-53965-5632-130,240,-8.812397228730857,-7.333281678213622
C-53965-5632-1300,240,-8.48620266497569,-7.334640822229267
C-53965-5632-1301,240,-8.814431346193377,-7.333273202724194
C-53965-5632-1302,240,-8.513765620867492,-7.334525976579719
C-53965-5632-1303,240,-8.802752872493082,-7.333321863031278
C-53965-5632-1304,240,-8.791134431851535,-7.333370273200618
C-53965-5632-1305,240,-8.490506295259507,-7.334622890436418
C-53965-5632-1306,240,-8.612687217927425,-7.334113803258635
C-53965-5632-1307,240,-9.865169336152748,-7.32889512776603
C-53965-5632-1309,240,-8.563698104827129,-7.33431792456322
C-53965-5632-1310,240,-8.95103614518678,-7.332704016061721
C-53965-5632-1311,240,-8.620143992392528,-7.334082733365031
C-53965-5632-1312,240,-9.767520178308576,-7.329301999257047
C-53965-5632-1313,240,-10.53976086304663,-7.326084329737305
C-53965-5632-1314,240,-8.423477948980382,-7.334902175212581
C-53965-5632-1315,240,-8.700776849599832,-7.333746763126667
C-53965-5632-1316,240,-9.891572805136992,-7.328785113311929
C-53965-5632-1317,240,-9.854275184734043,-7.328940520063608
C-53965-5632-1318,240,-9.865160910797782,-7.328895162871675
C-53965-5632-1319,240,-8.820063595057254,-7.333249735020595
C-53965-5632-1320,240,-11.13658982527013,-7.323597542394707
C-53965-5632-1321,240,-9.298298811307118,-7.33125708828622
C-53965-5632-1322,240,-8.960571420820434,-7.3326642857465805
C-53965-5632-1323,240,-8.441704428084629,-7.334826231549647
C-53965-5632-1324,240,-8.632197924320977,-7.334032508648662
C-53965-5632-1325,240,-11.08008151775005,-7.3238329936760405
C-53965-5632-1326,240,-8.584569429952385,-7.334230960708532
C-53965-5632-1327,240,-11.1366135507532,-7.323597443538528
C-53965-5632-1328,240,-8.802732576556998,-7.333321947597679
C-53965-5632-133,240,-8.659093661966606,-7.333920443075139
C-53965-5632-1330,240,-10.35767057979523,-7.326843039250853
C-53965-5632-1331,240,-8.936065496701602,-7.332766393763744
C-53965-5632-1332,240,-8.819058716923427,-7.333253922012819
C-53965-5632-1334,240,-8.81905132233793,-7.3332539528235925
C-53965-5632-1335,240,-8.451951162339553,-7.3347835368235845
C-53965-5632-1336,240,-8.98440393057176,-7.332564983622618
C-53965-5632-1337,240,-8.936071289023198,-7.33276636962907
C-53965-5632-1338,240,-9.865175980105825,-7.328895100082892
C-53965-5632-1340,240,-8.55220321736213,-7.334365819927657
C-53965-5632-1341,240,-8.035370107849591,-7.336519291217294
C-53965-5632-1342,240,-8.907078378773525,-7.332887173421777
C-53965-5632-1343,240,-9.34779550891733,-7.331050852046178
C-53965-5632-1344,240,-9.167553034351949,-7.331801862356867
C-53965-5632-1345,240,-9.309669157830447,-7.331209711842373
C-53965-5632-1346,240,-9.15937584204173,-7.331835933991493
C-53965-5632-1347,240,-8.789892324404073,-7.333375448648316
C-53965-5632-1348,240,-8.984371162153387,-7.332565120157694
C-53965-5632-135,240,-8.99813684562929,-7.332507763143211
C-53965-5632-1350,240,-8.213989006273358,-7.335775045807194
C-53965-5632-1351,240,-10.06570070470104,-7.328059580397079
C-53965-5632-1352,240,-8.816906208283536,-7.333262890798818
C-53965-5632-1353,240,-8.635505747460043,-7.33401872605225
C-53965-5632-1354,240,-9.791417482417087,-7.329202427156596
C-53965-5632-1355,240,-8.790504760640363,-7.3333728968306655
C-53965-5632-1356,240,-8.833367266487894,-7.333194303056301
C-53965-5632-1357,240,-8.984387181964747,-7.332565053408479
C-53965-5632-1358,240,-9.294563608194256,-7.331272651632523
C-53965-5632-1359,240,-9.022544029752812,-7.332406066542696
C-53965-5632-136,240,-8.984400896055773,-7.332564996266433
C-53965-5632-1360,240,-9.011750326717797,-7.332451040305342
C-53965-5632-1361,240,-8.342509377043392,-7.335239544262319
C-53965-5632-1362,240,-9.865172003174582,-7.328895116653439
C-53965-5632-1363,240,-8.622878355194807,-7.3340713401866875
C-53965-5632-1366,240,-8.3603290969132,-7.335165295429529
C-53965-5632-1367,240,-10.23204108364666,-7.327366495484806
C-53965-5632-1369,240,-8.790508354159057,-7.33337288185767
C-53965-5632-137,240,-8.814898999176823,-7.333271254170096
C-53965-5632-1370,240,-8.610203751654872,-7.334124151034771
C-53965-5632-1372,240,-8.940272098066252,-7.332748866258057
C-53965-5632-1373,240,-9.858493946654866,-7.328922941888938
C-53965-5632-1374,240,-8.802751761832964,-7.333321867659029
C-53965-5632-1375,240,-9.856081493543734,-7.328932993776901
C-53965-5632-1376,240,-8.984381571376352,-7.332565076785931
C-53965-5632-1377,240,-8.720840668314622,-7.333663163882022
C-53965-5632-1378,240,-8.80314200863751,-7.333320241630677
C-53965-5632-1379,240,-8.286746827956094,-7.3354718882168495
C-53965-5632-138,240,-8.790534735324442,-7.333372771936149
C-53965-5632-1381,240,-8.226645874301212,-7.335722308857077
C-53965-5632-1382,240,-8.787304471627898,-7.333386231368217
C-53965-5632-1383,240,-8.63218902877709,-7.334032545713429
C-53965-5632-1384,240,-8.486186208398275,-7.33464089079834
C-53965-5632-1385,240,-10.36179391145279,-7.326825858702279
C-53965-5632-1386,240,-9.91467884707127,-7.328688838137203
C-53965-5632-1387,240,-9.865165960963173,-7.32889514182932
C-53965-5632-1388,240,-8.595236943161764,-7.334186512736825
C-53965-5632-1389,240,-9.07398360148107,-7.332191734993828
C-53965-5632-139,240,-8.53635622180466,-7.334431849075814
C-53965-5632-1390,240,-8.80272884277051,-7.333321963155123
C-53965-5632-1391,240,-8.984375791004188,-7.3325651008708155
C-53965-5632-1392,240,-8.61286211572982,-7.334113074517792
C-53965-5632-1393,240,-8.726673140985117,-7.333638861912561
C-53965-5632-1394,240,-8.81757307974491,-7.333260112167729
C-53965-5632-1395,240,-9.12794258494678,-7.331966905896055
C-53965-5632-1396,240,-8.334942755927205,-7.335271071850303
C-53965-5632-1397,240,-8.556994206099949,-7.334345857474584
C-53965-5632-1398,240,-8.936055264976014,-7.332766436395933
C-53965-5632-1399,240,-8.930520671961629,-7.332789497200159
C-53965-5632-14,240,-8.984397992695312,-7.33256500836377
C-53965-5632-140,240,-8.574531864805762,-7.334272783896642
C-53965-5632-1400,240,-8.342504279003938,-7.335239565504151
C-53965-5632-1401,240,-8.765828675603741,-7.3334757138516515
C-53965-5632-1402,240,-8.984385870779521,-7.332565058871752
C-53965-5632-1403,240,-8.738368332398988,-7.333590131948338
C-53965-5632-1404,240,-9.141549884776781,-7.331910208813429
C-53965-5632-1405,240,-8.76582500070216,-7.333475729163741
C-53965-5632-1406,240,-8.98438212717908,-7.332565074470087
C-53965-5632-1407,240,-8.901528536126891,-7.332910297766137
C-53965-5632-1408,240,-8.035382917506968,-7.336519237843721
C-53965-5632-1409,240,-11.00834638639998,-7.324131890056666
C-53965-5632-141,240,-8.790499956576037,-7.333372916847599
C-53965-5632-1410,240,-8.625671727985354,-7.334059701133395
C-53965-5632-1411,240,-8.940699486727665,-7.332747085471968
C-53965-5632-1412,240,-8.211573052372195,-7.3357851122817825
C-53965-5632-1413,240,-8.458064930783122,-7.334758062788404
C-53965-5632-1414,240,-8.984371768630206,-7.332565117630708
C-53965-5632-1415,240,-8.984380341389075,-7.332565081910878
C-53965-5632-1416,240,-9.60692576623731,-7.3299711426406775
C-53965-5632-1417,240,-8.984394479057402,-7.332565023003927
C-53965-5632-1419,240,-8.543783249000082,-7.334400903129166
C-53965-5632-142,240,-8.819644598063647,-7.333251480841401
C-53965-5632-1420,240,-8.81490899478339,-7.333271212521736
C-53965-5632-1422,240,-11.40644237000591,-7.322473156791642
C-53965-5632-1423,240,-8.935571505935282,-7.332768452058603
C-53965-5632-1425,240,-8.669823473251077,-7.333875735528121
C-53965-5632-1426,240,-8.984368342075427,-7.3325651319080185
C-53965-5632-1427,240,-9.60659681552898,-7.329972513268629
C-53965-5632-1428,240,-8.93606218342118,-7.332766407569078
C-53965-5632-1429,240,-9.428472505684585,-7.330714697892981
C-53965-5632-143,240,-8.62289559371477,-7.334071268359522
C-53965-5632-1430,240,-8.490529385634522,-7.334622794226522
C-53965-5632-1431,240,-8.639226493453968,-7.3340032229439425
C-53965-5632-1432,240,-8.817563182942788,-7.333260153404405
C-53965-5632-1433,240,-9.392770161127864,-7.330863457661967
C-53965-5632-1434,240,-8.699884619868785,-7.333750480750547
C-53965-5632-1435,240,-8.984363785766295,-7.3325651508926395
C-53965-5632-1436,240,-8.94156979678719,-7.332743459180053
C-53965-5632-1437,240,-9.081925765868283,-7.332158642642215
C-53965-5632-1438,240,-9.13152181319582,-7.331951992445017
C-53965-5632-1439,240,-8.394016145976616,-7.335024932725097
C-53965-5632-144,240,-8.98440015494106,-7.332564999354412
C-53965-5632-1440,240,-9.475766568766383,-7.330517639296806
C-53965-5632-1441,240,-10.17345118519757,-7.327610620061677
C-53965-5632-1442,240,-9.130151993356815,-7.33195770002768
C-53965-5632-1445,240,-8.984384065227085,-7.332565066394888
C-53965-5632-1446,240,-9.85890531857044,-7.32892122783929
C-53965-5632-1447,240,-11.4064091182097,-7.322473295340793
C-53965-5632-1448,240,-8.8148271912703,-7.333271553369707
C-53965-5632-145,240,-8.790505908999592,-7.333372892045834
C-53965-5632-1450,240,-8.984378038190732,-7.332565091507538
C-53965-5632-1452,240,-8.942717049259123,-7.33273867896142
C-53965-5632-1453,240,-9.865160747601246,-7.328895163551661
C-53965-5632-1454,240,-8.54764313999236,-7.334384820250032
C-53965-5632-1455,240,-14.48436450358343,-7.309648481235069
C-53965-5632-1456,240,-9.306987194920568,-7.331220886687831
C-53965-5632-1457,240,-8.819065841751094,-7.333253892326037
C-53965-5632-1458,240,-9.427844204305782,-7.330717315815392
C-53965-5632-1459,240,-9.921611679438026,-7.328659951335675
C-53965-5632-146,240,-8.279202742921559,-7.335503321904493
C-53965-5632-1460,240,-8.454542280084443,-7.3347727404996474
C-53965-5632-1462,240,-8.657880233149573,-7.333925499028543
C-53965-5632-1463,240,-8.342499490476447,-7.335239585456348
C-53965-5632-1464,240,-11.13658557817456,-7.323597560090939
C-53965-5632-1466,240,-9.742587552750846,-7.329405885196872
C-53965-5632-1468,240,-9.197714765309124,-7.331676188477878
C-53965-5632-1469,240,-8.98440139472703,-7.332564994188638
C-53965-5632-147,240,-8.984391815468245,-7.332565034102216
C-53965-5632-1470,240,-8.33455742473276,-7.335272677396946
C-53965-5632-1471,240,-8.632159582041922,-7.334032668408159
C-53965-5632-1472,240,-9.665113687396092,-7.329728692969183
C-53965-5632-1473,240,-9.298302910131891,-7.331257071207784
C-53965-5632-1474,240,-8.79050738198821,-7.333372885908383
C-53965-5632-1475,240,-8.298921151562048,-7.335421161868491
C-53965-5632-1476,240,-8.19613883758453,-7.335849421510064
C-53965-5632-1477,240,-9.865162741995944,-7.328895155241684
C-53965-5632-1478,240,-8.729339067724968,-7.333627753884479
C-53965-5632-1479,240,-8.93245842417718,-7.3327814232325945
C-53965-5632-148,240,-11.16437106008939,-7.323481787249627
C-53965-5632-1480,240,-8.513471384078276,-7.33452720256634
C-53965-5632-1481,240,-7.320179657193958,-7.339499251428359
C-53965-5632-1483,240,-8.34613250267733,-7.335224447905511
C-53965-5632-1484,240,-8.552351985706157,-7.334365200059557
C-53965-5632-1485,240,-8.540913481099654,-7.334412860495418
C-53965-5632-1487,240,-10.01575879428744,-7.328267671690469
C-53965-5632-1488,240,-9.865149760989668,-7.328895209329209
C-53965-5632-1489,240,-9.94082151160111,-7.328579910368329
C-53965-5632-149,240,-8.944084617707794,-7.33273298075955
C-53965-5632-1490,240,-8.387960133567631,-7.335050166110134
C-53965-5632-1491,240,-8.39540015839415,-7.335019166006691
C-53965-5632-1492,240,-11.98163030284541,-7.320076540404811
C-53965-5632-1493,240,-8.936070525342878,-7.33276637281107
C-53965-5632-1494,240,-8.984387817769406,-7.332565050759294
C-53965-5632-1495,240,-7.700847283270958,-7.337913136319703
C-53965-5632-1497,240,-9.605149023736946,-7.32997854573443
C-53965-5632-1498,240,-8.480442600372292,-7.334664822498449
C-53965-5632-1499,240,-10.98836866899939,-7.324215130545836
C-53965-5632-150,240,-9.574771146022693,-7.330105120224905
C-53965-5632-1500,240,-8.81964160286464,-7.333251493321397
C-53965-5632-152,240,-11.32639453182296,-7.322806689450738
C-53965-5632-153,240,-9.647799133948208,-7.329800836941883
C-53965-5632-156,240,-11.1366026801639,-7.32359748883265
C-53965-5632-157,240,-9.5868396710579,-7.330054834703925
C-53965-5632-16,240,-9.8651777702818,-7.328895092623825
C-53965-5632-160,240,-8.886160587152279,-7.332974330886866
C-53965-5632-161,240,-8.533238260663692,-7.334444840580568
C-53965-5632-162,240,-8.868218539595448,-7.333049089418352
C-53965-5632-163,240,-8.627034636368515,-7.3340540223484645
C-53965-5632-165,240,-8.802742043036549,-7.333321908154015
C-53965-5632-166,240,-9.449915846135962,-7.3306253506411
C-53965-5632-167,240,-8.545114886786827,-7.334395354638388
C-53965-5632-168,240,-8.984371694439927,-7.332565117939834
C-53965-5632-169,240,-8.984386873941006,-7.332565054691912
C-53965-5632-17,240,-10.63279112714971,-7.3256967036368765
C-53965-5632-170,240,-8.511476330482493,-7.334535515289656
C-53965-5632-171,240,-8.538437491627896,-7.334423177118216
C-53965-5632-173,240,-8.533650943353818,-7.334443121069358
C-53965-5632-175,240,-8.70100618155119,-7.33374580757687
C-53965-5632-176,240,-8.984382059792482,-7.332565074750864
C-53965-5632-177,240,-8.819355653779267,-7.333252684775919
C-53965-5632-178,240,-8.817652399232761,-7.333259781669864
C-53965-5632-179,240,-8.802760629049462,-7.333321830712293
C-53965-5632-180,240,-8.715311176309791,-7.333686203432042
C-53965-5632-182,240,-8.354160577964304,-7.335190997591815
C-53965-5632-183,240,-8.496759207996167,-7.33459683663335
C-53965-5632-184,240,-8.774543189642735,-7.333439403376488
C-53965-5632-185,240,-8.458050102035067,-7.334758124574853
C-53965-5632-186,240,-8.651289170480476,-7.333952961789665
C-53965-5632-187,240,-8.55266893867314,-7.334363879422195
C-53965-5632-188,240,-8.79050596680911,-7.333372891804961
C-53965-5632-189,240,-8.725477081303902,-7.333643845494566
C-53965-5632-19,240,-8.297959173825943,-7.335425170109058
C-53965-5632-190,240,-8.984398317927386,-7.332565007008636
C-53965-5632-191,240,-8.936069954013432,-7.332766375191611
C-53965-5632-192,240,-8.486214509646679,-7.3346407728764715
C-53965-5632-193,240,-8.346211167961568,-7.335224120133493
C-53965-5632-194,240,-10.89347580894077,-7.324610517462746
C-53965-5632-195,240,-8.817570039794052,-7.333260124834192
C-53965-5632-196,240,-8.765852950871079,-7.333475612704704
C-53965-5632-198,240,-8.738381412304756,-7.33359007744873
C-53965-5632-199,240,-8.984386098781197,-7.3325650579217445
C-53965-5632-2,240,-10.35769375953717,-7.326842942668595
C-53965-5632-20,240,-8.810111933387024,-7.333291200277554
C-53965-5632-200,240,-8.622900006227749,-7.33407124997405
C-53965-5632-201,240,-8.93606411719627,-7.332766399511682
C-53965-5632-202,240,-8.952039408685893,-7.332699835797142
C-53965-5632-203,240,-8.632285235663016,-7.334032144851404
C-53965-5632-204,240,-8.012652981852503,-7.336613945908948
C-53965-5632-205,240,-8.984388726486069,-7.332565046972975
C-53965-5632-206,240,-9.382913153918498,-7.330904528525339
C-53965-5632-207,240,-8.373722394830152,-7.335109490021541
C-53965-5632-208,240,-8.37265364401915,-7.33511394314992
C-53965-5632-209,240,-8.631265099588942,-7.334036395418379
C-53965-5632-21,240,-8.55958674932802,-7.334335055211133
C-53965-5632-211,240,-8.752576587543178,-7.333530930885236
C-53965-5632-212,240,-8.369074933464859,-7.335128854443896
C-53965-5632-213,240,-8.32501889550022,-7.335312421268749
C-53965-5632-214,240,-8.790519626065743,-7.333372834891392
C-53965-5632-215,240,-8.655182063901355,-7.333936741400411
C-53965-5632-216,240,-8.55726616478419,-7.334344724313399
C-53965-5632-217,240,-8.374129354656642,-7.335107794355597
C-53965-5632-218,240,-8.724345223288614,-7.333648561569631
C-53965-5632-219,240,-8.984395339207598,-7.3325650194199685
C-53965-5632-220,240,-8.53524597188386,-7.33443647511715
C-53965-5632-221,240,-8.796391719799386,-7.333348367834168
C-53965-5632-222,240,-8.95895936609241,-7.332671002641281
C-53965-5632-223,240,-8.406299482339444,-7.334973752156919
C-53965-5632-224,240,-8.632180543474396,-7.334032581068857
C-53965-5632-225,240,-8.256071658155763,-7.335599701424351
C-53965-5632-226,240,-8.350423006090406,-7.335206570807957
C-53965-5632-227,240,-8.98438716717081,-7.332565053470121
C-53965-5632-229,240,-8.400285821664514,-7.334998809076398
C-53965-5632-23,240,-8.722486798022995,-7.333656305008237
C-53965-5632-231,240,-9.425574697733838,-7.330726772092776
C-53965-5632-233,240,-8.632176015326614,-7.334032599936139
C-53965-5632-234,240,-10.9133294007344,-7.324527794163606
C-53965-5632-235,240,-8.623738921767425,-7.334067754492636
C-53965-5632-238,240,-8.984365389036782,-7.332565144212347
C-53965-5632-239,240,-8.37372044896901,-7.335109498129296
C-53965-5632-24,240,-8.486198141651057,-7.334640841076453
C-53965-5632-240,240,-8.984368851769155,-7.332565129784295
C-53965-5632-241,240,-8.936040846842625,-7.332766496471489
C-53965-5632-243,240,-9.012627434683724,-7.332447385688818
C-53965-5632-244,240,-8.765823941568684,-7.333475733576797
C-53965-5632-245,240,-9.145993543524769,-7.331891693568647
C-53965-5632-246,240,-8.72341604885111,-7.333652433129787
C-53965-5632-247,240,-8.472973615090535,-7.334695943270456
C-53965-5632-248,240,-9.921319352514098,-7.3286611693645245
C-53965-5632-250,240,-9.886503743743795,-7.328806234401068
C-53965-5632-251,240,-9.606929503087532,-7.329971127070468
C-53965-5632-252,240,-9.828495017645986,-7.329047937426475
C-53965-5632-253,240,-8.34112951709178,-7.335245293678784
C-53965-5632-255,240,-8.619182958788398,-7.334086737671715
C-53965-5632-256,240,-8.790493941103117,-7.333372941912071
C-53965-5632-257,240,-8.723424864117879,-7.333652396399509
C-53965-5632-258,240,-8.279217435664957,-7.335503260684729
C-53965-5632-259,240,-9.865165651870992,-7.3288951431172045
C-53965-5632-26,240,-10.08669571984309,-7.32797210116732
C-53965-5632-260,240,-8.279208520822111,-7.3355032978299075
C-53965-5632-261,240,-8.821543987014845,-7.333243566720771
C-53965-5632-263,240,-9.626771929297774,-7.329888450294592
C-53965-5632-264,240,-8.544721570117126,-7.334396993457845
C-53965-5632-267,240,-8.836797747027312,-7.3331800093873865
C-53965-5632-268,240,-8.315480381098117,-7.335352165078758
C-53965-5632-269,240,-8.630813280656625,-7.334038277997264
C-53965-5632-27,240,-8.873406310706692,-7.333027473705388
C-53965-5632-270,240,-8.984388230983514,-7.3325650490375684
C-53965-5632-271,240,-8.490546721335237,-7.334622721994436
C-53965-5632-272,240,-8.458070640381822,-7.33475803899841
C-53965-5632-273,240,-9.140846638242198,-7.331913139007324
C-53965-5632-274,240,-8.035388475919126,-7.336519214683671
C-53965-5632-276,240,-8.66251775357819,-7.333906176026757
C-53965-5632-28,240,-9.858488418898764,-7.328922964921255
C-53965-5632-280,240,-8.45173333264485,-7.334784444447313
C-53965-5632-281,240,-8.366869612173552,-7.33513804328261
C-53965-5632-282,240,-8.779048319419648,-7.333420632002418
C-53965-5632-283,240,-9.088113533800088,-7.332132860275832
C-53965-5632-284,240,-9.038965267360984,-7.332337644719329
C-53965-5632-286,240,-9.88649373776726,-7.328806276092636
C-53965-5632-287,240,-9.865162836095916,-7.328895154849601
C-53965-5632-288,240,-8.543459052689876,-7.3344022539471245
C-53965-5632-289,240,-9.865165543082643,-7.328895143570489
C-53965-5632-29,240,-8.279210706782827,-7.335503288721738
C-53965-5632-290,240,-9.940821531909462,-7.32857991028371
C-53965-5632-291,240,-8.373716669424516,-7.335109513877398
C-53965-5632-292,240,-8.984383086423923,-7.332565070473233
C-53965-5632-293,240,-8.54815525031958,-7.334382686457002
C-53965-5632-294,240,-8.731842904545172,-7.333617321231062
C-53965-5632-295,240,-8.333318897930463,-7.33527783792529
C-53965-5632-296,240,-8.653216741259572,-7.333944930244752
C-53965-5632-297,240,-11.06431357015996,-7.323898693457666
C-53965-5632-299,240,-8.732731418224756,-7.3336136190907295
C-53965-5632-3,240,-9.129581450928578,-7.331960077287798
C-53965-5632-30,240,-8.490522906447067,-7.334622821223137
C-53965-5632-300,240,-8.486165668635637,-7.334640976380684
C-53965-5632-301,240,-8.802731777792594,-7.333321950925864
C-53965-5632-302,240,-9.865164667804427,-7.328895147217481
C-53965-5632-303,240,-8.346187451923463,-7.3352242189503185
C-53965-5632-304,240,-11.13663806780811,-7.323597341384133
C-53965-5632-307,240,-9.223160654251702,-7.331570163940618
C-53965-5632-308,240,-9.612133297814536,-7.329949444592439
C-53965-5632-309,240,-9.622851159143888,-7.3299047868369005
C-53965-5632-31,240,-10.17342255174298,-7.327610739367738
C-53965-5632-310,240,-11.08011330575188,-7.323832861226034
C-53965-5632-312,240,-9.903051059132949,-7.328737287253613
C-53965-5632-314,240,-8.346164284095806,-7.335224315482934
C-53965-5632-315,240,-8.984381799592104,-7.332565075835033
C-53965-5632-316,240,-8.890700146625742,-7.332955416055726
C-53965-5632-317,240,-8.72002604748007,-7.3336665581355
C-53965-5632-318,240,-8.984397497430274,-7.332565010427373
C-53965-5632-319,240,-9.052693486706602,-7.332280443805389
C-53965-5632-32,240,-8.841955999988418,-7.333158516666715
C-53965-5632-320,240,-9.865160878963696,-7.328895163004318
C-53965-5632-321,240,-8.55081895459727,-7.334371587689178
C-53965-5632-322,240,-8.414986405437604,-7.33493755664401
C-53965-5632-323,240,-8.556433823501473,-7.334348192402077
C-53965-5632-325,240,-8.584573438314242,-7.3342309440070235
C-53965-5632-326,240,-8.819052370224737,-7.333253948457397
C-53965-5632-327,240,-8.441809720021451,-7.334825792833244
C-53965-5632-328,240,-10.85679703463971,-7.324763345689002
C-53965-5632-329,240,-8.984393387452664,-7.33256502755228
C-53965-5632-330,240,-8.607393889093693,-7.3341358587954435
C-53965-5632-332,240,-8.627551320780535,-7.334051869496747
C-53965-5632-333,240,-9.11680906258319,-7.33201329557257
C-53965-5632-334,240,-9.913730306750276,-7.328692790388541
C-53965-5632-335,240,-8.607909787371165,-7.334133709219286
C-53965-5632-336,240,-8.538241261867901,-7.334423994742218
C-53965-5632-337,240,-8.645103774267552,-7.333978734273885
C-53965-5632-338,240,-8.802737857651966,-7.333321925593117
C-53965-5632-339,240,-9.6069470517692,-7.3299710539509615
C-53965-5632-34,240,-8.984390574567335,-7.332565039272636
C-53965-5632-340,240,-8.83857347493422,-7.333172610521107
C-53965-5632-342,240,-8.790508920153057,-7.333372879499362
C-53965-5632-343,240,-8.81640900546336,-7.3332649624772355
C-53965-5632-344,240,-8.279213889026337,-7.33550327546239
C-53965-5632-345,240,-9.909359295909733,-7.3287110029337095
C-53965-5632-346,240,-8.366549520370809,-7.3351393769984545
C-53965-5632-347,240,-8.911446329286512,-7.332868973627972
C-53965-5632-349,240,-8.972905911303423,-7.332612892036236
C-53965-5632-35,240,-8.984407380164678,-7.332564969249314
C-53965-5632-350,240,-9.258677863922085,-7.331422175566991
C-53965-5632-351,240,-9.586848818479545,-7.3300547965896685
C-53965-5632-352,240,-8.538258157186277,-7.3344239243450575
C-53965-5632-354,240,-10.3576929292908,-7.326842946127955
C-53965-5632-355,240,-9.496053965111205,-7.330433108478703
C-53965-5632-356,240,-8.935850445341153,-7.332767289811078
C-53965-5632-357,240,-8.644585232443854,-7.333980894864817
C-53965-5632-358,240,-11.40641561791052,-7.3224732682587055
C-53965-5632-359,240,-8.98439007892302,-7.33256504133782
C-53965-5632-360,240,-8.817494031838493,-7.333260441534006
C-53965-5632-361,240,-8.936063784595957,-7.332766400897516
C-53965-5632-363,240,-8.458063117943807,-7.334758070341901
C-53965-5632-364,240,-8.666555036969774,-7.3338893540126255
C-53965-5632-366,240,-10.36833917664029,-7.326798586763998
C-53965-5632-367,240,-10.39109230572893,-7.326703782059463
C-53965-5632-368,240,-9.100691637441708,-7.3320804515106595
C-53965-5632-369,240,-8.876211730439447,-7.333015784456502
C-53965-5632-37,240,-9.86516628489162,-7.328895140479618
C-53965-5632-370,240,-9.665122641433054,-7.329728655660696
C-53965-5632-371,240,-8.891698777875055,-7.332951255092187
C-53965-5632-372,240,-8.353196259112003,-7.335195015587033
C-53965-5632-373,240,-8.882504791757952,-7.332989563367675
C-53965-5632-374,240,-9.298291505273344,-7.331257118728028
C-53965-5632-375,240,-8.67112371839423,-7.333870317840024
C-53965-5632-376,240,-8.34615792746587,-7.3352243419688925
C-53965-5632-377,240,-8.753671130203966,-7.333526370290817
C-53965-5632-378,240,-8.648942232922172,-7.333962740696157
C-53965-5632-379,240,-8.548459779915765,-7.334381417583685
C-53965-5632-38,240,-11.12934298787827,-7.323627737550507
C-53965-5632-382,240,-9.102579665495238,-7.332072584727102
C-53965-5632-384,240,-8.3425164308796,-7.3352395148713345
C-53965-5632-385,240,-9.14429747014144,-7.331898760541077
C-53965-5632-386,240,-11.13659425355792,-7.3235975239435085
C-53965-5632-387,240,-8.438628374689628,-7.334839048438793
C-53965-5632-389,240,-8.325018998683715,-7.335312420838818
C-53965-5632-39,240,-8.720032360119093,-7.3336665318328365
C-53965-5632-390,240,-8.98439084637036,-7.332565038140123
C-53965-5632-391,240,-8.548861797355475,-7.334379742511018
C-53965-5632-392,240,-8.81223914074162,-7.333282336913576
C-53965-5632-393,240,-10.18732547750204,-7.327552810510408
C-53965-5632-394,240,-10.31436707866189,-7.3270234705055755
C-53965-5632-395,240,-8.645180625278744,-7.333978414061338
C-53965-5632-396,240,-9.038972180100895,-7.332337615916246
C-53965-5632-397,240,-8.819065473848186,-7.3332538938589655
C-53965-5632-398,240,-9.146308199366104,-7.331890382502641
C-53965-5632-399,240,-8.984389189178923,-7.332565045045087
C-53965-5632-4,240,-9.85280407370637,-7.32894664969289
C-53965-5632-40,240,-9.829919685593097,-7.329042001310029
C-53965-5632-400,240,-8.965197223682884,-7.332645011567988
C-53965-5632-401,240,-8.743852770710122,-7.333567280122041
C-53965-5632-402,240,-9.865162098189774,-7.328895157924209
C-53965-5632-403,240,-8.486195743789201,-7.334640851067545
C-53965-5632-404,240,-8.486189792814928,-7.334640875863271
C-53965-5632-406,240,-10.97055405246785,-7.324289358114717
C-53965-5632-407,240,-8.72721184207871,-7.333636617324672
C-53965-5632-408,240,-8.984399376046323,-7.332565002599807
C-53965-5632-409,240,-9.858492575784634,-7.328922947600898
C-53965-5632-41,240,-8.790504983556014,-7.333372895901849
C-53965-5632-410,240,-8.75479221456812,-7.333521699105966
C-53965-5632-411,240,-11.40642832485681,-7.322473215313097
C-53965-5632-412,240,-8.955610829064524,-7.332684954878898
C-53965-5632-413,240,-8.620477411223757,-7.334081344119901
C-53965-5632-415,240,-8.98440866803326,-7.332564963883195
C-53965-5632-417,240,-8.53417328333303,-7.334440944652779
C-53965-5632-418,240,-11.00950432181686,-7.324127065325763
C-53965-5632-419,240,-9.088091653330828,-7.332132951444454
C-53965-5632-42,240,-8.387965080042438,-7.335050145499823
C-53965-5632-420,240,-8.486179410821933,-7.334640919121575
C-53965-5632-421,240,-8.790498552432071,-7.333372922698199
C-53965-5632-422,240,-8.984386114780623,-7.3325650578550805
C-53965-5632-423,240,-8.546365273716457,-7.334390144692848
C-53965-5632-424,240,-8.267616059133095,-7.335551599753612
C-53965-5632-425,240,-8.71850392091954,-7.333672900329502
C-53965-5632-426,240,-8.98438468078567,-7.332565063830059
C-53965-5632-427,240,-9.026612458839914,-7.332389114754833
C-53965-5632-428,240,-9.852806164325788,-7.328946640981976
C-53965-5632-429,240,-10.65397851319552,-7.325608422861685
C-53965-5632-430,240,-8.334010259557251,-7.335274957251844
C-53965-5632-431,240,-8.018596081331014,-7.336589182994454
C-53965-5632-432,240,-8.984365814930745,-7.3325651424377885
C-53965-5632-433,240,-8.984392296058225,-7.332565032099756
C-53965-5632-436,240,-9.865142955736093,-7.328895237684433
C-53965-5632-437,240,-9.865170412646545,-7.328895123280639
C-53965-5632-438,240,-8.533245598784285,-7.334444810005065
C-53965-5632-439,240,-8.80272846449953,-7.333321964731252
C-53965-5632-44,240,-8.802724023100481,-7.333321983237082
C-53965-5632-440,240,-8.984381187326388,-7.33256507838614
C-53965-5632-441,240,-9.950271428263253,-7.32854053571557
C-53965-5632-442,240,-8.342507557978868,-7.335239551841754
C-53965-5632-443,240,-8.486195312272727,-7.3346408528655305
C-53965-5632-444,240,-8.97564420122113,-7.332601482494912
C-53965-5632-445,240,-9.981854025111259,-7.328408941562036
C-53965-5632-446,240,-8.544206060075467,-7.334399141416352
C-53965-5632-447,240,-9.010295387255312,-7.332457102553103
C-53965-5632-448,240,-8.54422909297405,-7.334399045445941
C-53965-5632-449,240,-8.572519949845509,-7.334281166875644
C-53965-5632-45,240,-8.538238381103653,-7.334424006745402
C-53965-5632-450,240,-8.984384635963028,-7.33256506401682
C-53965-5632-451,240,-9.088124913042368,-7.332132812862324
C-53965-5632-452,240,-8.790480342139501,-7.3333729985744185
C-53965-5632-453,240,-8.790504514424509,-7.333372897856564
C-53965-5632-454,240,-8.984392095467618,-7.332565032935551
C-53965-5632-455,240,-8.54972741519295,-7.334376135770029
C-53965-5632-456,240,-8.745759059646774,-7.333559337251471
C-53965-5632-457,240,-8.958626904691778,-7.332672387897118
C-53965-5632-458,240,-8.486207934050617,-7.334640800274789
C-53965-5632-459,240,-8.820114733226918,-7.333249521944888
C-53965-5632-460,240,-8.752467089353596,-7.333531387127693
C-53965-5632-461,240,-8.620159073364988,-7.334082670527646
C-53965-5632-463,240,-9.396337473299566,-7.330848593861251
C-53965-5632-464,240,-9.865165498192912,-7.32889514375753
C-53965-5632-466,240,-8.967713429453198,-7.332634527377278
C-53965-5632-467,240,-10.35771723419032,-7.32684284485754
C-53965-5632-468,240,-8.845769741683181,-7.33314262607632
C-53965-5632-469,240,-8.779348336878174,-7.333419381929674
C-53965-5632-47,240,-10.17346098957405,-7.327610579210107
C-53965-5632-470,240,-8.814910487487161,-7.333271206302137
C-53965-5632-471,240,-8.98438394783374,-7.332565066884026
C-53965-5632-472,240,-9.605133263473531,-7.329978611402193
C-53965-5632-473,240,-9.86515598429467,-7.328895183398772
C-53965-5632-474,240,-10.36181738344589,-7.326825760902309
C-53965-5632-475,240,-8.544172471881502,-7.33439928136716
C-53965-5632-476,240,-9.912784736800933,-7.32869673026333
C-53965-5632-477,240,-9.865170051050281,-7.328895124787291
C-53965-5632-479,240,-8.820215003210915,-7.333249104153287
C-53965-5632-48,240,-10.90428900021139,-7.32456546249912
C-53965-5632-481,240,-8.819645907233111,-7.333251475386529
C-53965-5632-482,240,-12.92366570254921,-7.316151392906045
C-53965-5632-483,240,-9.858492707883645,-7.328922947050485
C-53965-5632-484,240,-10.03352760146116,-7.328193634993911
C-53965-5632-485,240,-8.614612281231073,-7.334105782161537
C-53965-5632-487,240,-8.667174824252934,-7.333886771565613
C-53965-5632-488,240,-8.544730290798418,-7.3343969571216725
C-53965-5632-489,240,-8.975652257436503,-7.332601448927348
C-53965-5632-49,240,-8.653796343694577,-7.3339425152346065
C-53965-5632-490,240,-7.913657215277459,-7.337026428269677
C-53965-5632-491,240,-8.854099324242638,-7.333107919482321
C-53965-5632-492,240,-8.316100432431222,-7.335349581531536
C-53965-5632-493,240,-8.455751671222764,-7.334767701369905
C-53965-5632-494,240,-8.399092739674296,-7.335003780251357
C-53965-5632-495,240,-8.490521804897362,-7.334622825812928
C-53965-5632-496,240,-8.779334293994694,-7.333419440441689
C-53965-5632-497,240,-10.54141389150845,-7.326077442118715
C-53965-5632-498,240,-8.546335168815,-7.334390270129938
C-53965-5632-499,240,-8.543191027332444,-7.334403370719448
C-53965-5632-5,240,-9.192378105685888,-7.331698424559642
C-53965-5632-50,240,-8.718497684120807,-7.333672926316163
C-53965-5632-500,240,-8.936061229209084,-7.332766411544962
C-53965-5632-501,240,-8.53418703934567,-7.33444088733606
C-53965-5632-502,240,-8.984372360425397,-7.332565115164894
C-53965-5632-504,240,-8.534184964208025,-7.334440895982467
C-53965-5632-506,240,-10.17749299201986,-7.327593779199917
C-53965-5632-507,240,-8.550345317184735,-7.3343735611783965
C-53965-5632-508,240,-8.984392383698825,-7.332565031734588
C-53965-5632-509,240,-8.848272686537996,-7.333132197139425
C-53965-5632-51,240,-8.991707110796463,-7.332534553705015
C-53965-5632-510,240,-9.050039587658448,-7.33229150171809
C-53965-5632-511,240,-8.696153372340376,-7.3337660276152485
C-53965-5632-512,240,-8.346173968126394,-7.3352242751328065
C-53965-5632-513,240,-8.681613572591074,-7.333826610114204
C-53965-5632-514,240,-8.118931917401596,-7.336171117010826
C-53965-5632-515,240,-8.957683124186815,-7.332676320315888
C-53965-5632-516,240,-8.649977699444344,-7.333958426252314
C-53965-5632-518,240,-8.72234320334845,-7.3336569033193815
C-53965-5632-52,240,-9.105806315446408,-7.332059140352306
C-53965-5632-520,240,-8.9756288403694,-7.332601546498461
C-53965-5632-521,240,-8.03537908071061,-7.336519253830373
C-53965-5632-522,240,-9.556177853519435,-7.330182592277002
C-53965-5632-523,240,-8.387578633150875,-7.335051755695204
C-53965-5632-524,240,-8.620167039148615,-7.334082637336881
C-53965-5632-525,240,-9.86515551417345,-7.32889518535761
C-53965-5632-527,240,-8.631254855790825,-7.334036438100871
C-53965-5632-528,240,-9.586851874956125,-7.330054783854349
C-53965-5632-529,240,-8.984364455715347,-7.332565148101185
C-53965-5632-53,240,-8.871166361259464,-7.333036806828086
C-53965-5632-530,240,-8.940715359956327,-7.332747019333515
C-53965-5632-531,240,-8.984386175447845,-7.3325650576023005
C-53965-5632-532,240,-9.126883457816396,-7.331971318925765
C-53965-5632-533,240,-8.351675000947031,-7.33520135416272
C-53965-5632-534,240,-10.35768948755092,-7.326842960468538
C-53965-5632-535,240,-8.678284882778186,-7.333840479655091
C-53965-5632-536,240,-8.359006806915179,-7.335170804971186
C-53965-5632-537,240,-8.726805650142007,-7.333638309791074
C-53965-5632-538,240,-8.720054924293384,-7.3336664378154435
C-53965-5632-539,240,-8.818880446745057,-7.333254664805229
C-53965-5632-54,240,-11.13660831520568,-7.32359746535331
C-53965-5632-540,240,-8.802741863433452,-7.33332190890236
C-53965-5632-542,240,-8.984392625637758,-7.332565030726509
C-53965-5632-544,240,-8.807930238085893,-7.333300290674642
C-53965-5632-546,240,-8.456373620254963,-7.334765109915605
C-53965-5632-547,240,-11.13663078399222,-7.323597371733366
C-53965-5632-548,240,-9.605144596261109,-7.329978564182245
C-53965-5632-549,240,-9.586844505311669,-7.3300548145612
C-53965-5632-55,240,-8.848266420233529,-7.333132223249026
C-53965-5632-550,240,-8.919783607744545,-7.332834234967731
C-53965-5632-551,240,-8.534186603777009,-7.334440889150929
C-53965-5632-552,240,-8.802742727053104,-7.333321905303945
C-53965-5632-553,240,-8.453940899948336,-7.334775246250215
C-53965-5632-554,240,-9.088136037920318,-7.332132766508665
C-53965-5632-555,240,-11.13662024149497,-7.323597415660438
C-53965-5632-556,240,-8.448616316004316,-7.334797432016648
C-53965-5632-557,240,-9.886510625683487,-7.328806205726319
C-53965-5632-558,240,-9.865161077801345,-7.328895162175828
C-53965-5632-559,240,-8.988936083682177,-7.332546099651324
C-53965-5632-56,240,-8.876450863255108,-7.333014788069771
C-53965-5632-560,240,-8.790508516200466,-7.333372881182498
C-53965-5632-561,240,-8.724682664185194,-7.333647155565895
C-53965-5632-562,240,-8.814915239117772,-7.333271186503676
C-53965-5632-564,240,-8.541075584592669,-7.334412185064197
C-53965-5632-565,240,-9.137514329994413,-7.331927023625023
C-53965-5632-567,240,-8.93606650212298,-7.332766389574488
C-53965-5632-568,240,-8.649984764642358,-7.33395839681399
C-53965-5632-569,240,-8.542839793883779,-7.334404834192151
C-53965-5632-57,240,-9.298295324987837,-7.331257102812551
C-53965-5632-570,240,-8.802748325616285,-7.333321881976599
C-53965-5632-574,240,-8.84842722672807,-7.333131553221966
C-53965-5632-575,240,-8.972517789757019,-7.332614509209346
C-53965-5632-577,240,-8.29512043169029,-7.33543699820129
C-53965-5632-578,240,-8.547888051855416,-7.334383799783936
C-53965-5632-579,240,-8.79048971533574,-7.333372959519434
C-53965-5632-58,240,-8.936080557750133,-7.332766331009375
C-53965-5632-580,240,-8.654156383373136,-7.333941015069278
C-53965-5632-581,240,-7.799662774937498,-7.337501405104427
C-53965-5632-582,240,-8.984384605844562,-7.332565064142314
C-53965-5632-585,240,-8.984401574604354,-7.332564993439148
C-53965-5632-587,240,-9.078667841773738,-7.332172217325943
C-53965-5632-588,240,-8.936087975573956,-7.332766300101776
C-53965-5632-59,240,-8.727494785227055,-7.333635438394888
C-53965-5632-590,240,-8.455768345667224,-7.334767631893054
C-53965-5632-591,240,-8.387957028043367,-7.335050179049819
C-53965-5632-592,240,-8.832819742247,-7.333196584407304
C-53965-5632-593,240,-8.632186695785865,-7.334032555434225
C-53965-5632-594,240,-9.088100045851208,-7.3321329164756195
C-53965-5632-595,240,-10.51652924407649,-7.326181128149681
C-53965-5632-596,240,-8.814915966553919,-7.333271183472692
C-53965-5632-597,240,-9.166613930324932,-7.331805775290312
C-53965-5632-598,240,-8.716645477243931,-7.333680643844817
C-53965-5632-599,240,-8.79048513876387,-7.333372978588484
C-53965-5632-6,240,-9.298300647837669,-7.331257080634009
C-53965-5632-600,240,-8.455760666434392,-7.334767663889857
C-53965-5632-602,240,-8.93606290952661,-7.332766404543639
C-53965-5632-603,240,-9.01462565626249,-7.332439059765573
C-53965-5632-604,240,-8.73687858502566,-7.33359633922906
C-53965-5632-605,240,-10.17344872609213,-7.327610630307949
C-53965-5632-606,240,-10.71944573827393,-7.325335642757192
C-53965-5632-607,240,-9.181324431774085,-7.331744481534274
C-53965-5632-608,240,-8.984371177042219,-7.332565120095657
C-53965-5632-609,240,-8.829969971890717,-7.333208458450455
C-53965-5632-61,240,-9.86515091824972,-7.328895204507292
C-53965-5632-610,240,-8.535033508157461,-7.334437360382677
C-53965-5632-611,240,-8.739323362916803,-7.333586152654513
C-53965-5632-612,240,-8.723427236190155,-7.333652386515874
C-53965-5632-613,240,-9.865152384583968,-7.328895198397566
C-53965-5632-614,240,-8.511795581548938,-7.334534185076879
C-53965-5632-615,240,-8.76025508996446,-7.333498937125148
C-53965-5632-616,240,-8.867506618228951,-7.3330520557573795
C-53965-5632-617,240,-8.29459202178577,-7.335439199909226
C-53965-5632-618,240,-9.160577098012938,-7.331830928758279
C-53965-5632-619,240,-8.279201850365027,-7.3355033256234785
C-53965-5632-62,240,-11.1366296938225,-7.32359737627574
C-53965-5632-620,240,-10.03352742498329,-7.328193635729236
C-53965-5632-621,240,-8.848956439203857,-7.333129348169984
C-53965-5632-623,240,-8.632199558457105,-7.334032501839761
C-53965-5632-624,240,-8.48618195427857,-7.334640908523839
C-53965-5632-626,240,-8.539926276366412,-7.334416973848473
C-53965-5632-627,240,-8.819059372436353,-7.333253919281515
C-53965-5632-628,240,-8.528047983240105,-7.334466466736499
C-53965-5632-629,240,-8.546700820183267,-7.33438874658257
C-53965-5632-63,240,-8.458067101171508,-7.3347580537451185
C-53965-5632-630,240,-8.803518934299825,-7.333318671107084
C-53965-5632-631,240,-8.777253756171541,-7.333428109349285
C-53965-5632-632,240,-8.146944324822035,-7.336054398646575
C-53965-5632-633,240,-8.936088673351959,-7.332766297194366
C-53965-5632-634,240,-8.639049640447038,-7.334003959831471
C-53965-5632-635,240,-8.643840401954693,-7.333983998325189
C-53965-5632-636,240,-7.700853995103682,-7.337913108353734
C-53965-5632-637,240,-10.17344065280538,-7.327610663946644
C-53965-5632-638,240,-11.13662574090679,-7.323597392746222
C-53965-5632-639,240,-8.936087091387208,-7.332766303785887
C-53965-5632-640,240,-8.819053675255303,-7.33325394301977
C-53965-5632-641,240,-8.735935280736479,-7.333600269663598
C-53965-5632-643,240,-8.620162722925139,-7.3340826553211445
C-53965-5632-644,240,-8.75739653581027,-7.333510847767457
C-53965-5632-645,240,-8.455770371611447,-7.3347676234516195
C-53965-5632-646,240,-8.451723764816105,-7.334784484313266
C-53965-5632-647,240,-9.081939326480764,-7.332158586139664
C-53965-5632-648,240,-8.722778748792592,-7.333655088546697
C-53965-5632-649,240,-9.223178659627424,-7.331570088918219
C-53965-5632-65,240,-8.504214262418007,-7.334565773906592
C-53965-5632-650,240,-8.98439158034191,-7.332565035081909
C-53965-5632-653,240,-8.735995884063415,-7.3336000171497355
C-53965-5632-655,240,-9.223179705201419,-7.331570084561661
C-53965-5632-656,240,-11.13662630409602,-7.323597390399599
C-53965-5632-657,240,-9.950603661890383,-7.32853915140879
C-53965-5632-658,240,-8.81906311947984,-7.333253903668834
C-53965-5632-659,240,-8.564106589412502,-7.334316222544115
C-53965-5632-66,240,-10.63372487045686,-7.325692813039763
C-53965-5632-660,240,-8.659085136151893,-7.333920478599367
C-53965-5632-661,240,-8.819669177486647,-7.333251378427138
C-53965-5632-662,240,-10.17346486543567,-7.327610563060685
C-53965-5632-663,240,-8.97091066145402,-7.332621205577274
C-53965-5632-664,240,-9.865158218482634,-7.328895174089655
C-53965-5632-665,240,-8.98088892832858,-7.332579629465298
C-53965-5632-666,240,-8.518102840996209,-7.334507904829183
C-53965-5632-668,240,-8.346156520054882,-7.335224347833105
C-53965-5632-669,240,-9.9369193777922,-7.328596169259199
C-53965-5632-67,240,-10.60565741669061,-7.325809760763789
C-53965-5632-670,240,-9.126773877854871,-7.331971775508937
C-53965-5632-671,240,-8.426038264224616,-7.334891507232397
C-53965-5632-672,240,-9.687696609311484,-7.329634597461203
C-53965-5632-673,240,-9.953929566287183,-7.328525293473803
C-53965-5632-674,240,-9.088120531717822,-7.332132831117843
C-53965-5632-675,240,-8.802735800302468,-7.333321934165406
C-53965-5632-676,240,-8.655513274125179,-7.3339353613578115
C-53965-5632-677,240,-9.17015801969978,-7.33179100825125
C-53965-5632-678,240,-8.396732332314565,-7.335013615282023
C-53965-5632-679,240,-9.858460280922941,-7.32892308216282
C-53965-5632-68,240,-8.984386654861993,-7.332565055604742
C-53965-5632-680,240,-8.936066272737413,-7.332766390530261
C-53965-5632-681,240,-8.816907330529128,-7.333262886122795
C-53965-5632-682,240,-10.17343872888023,-7.327610671962999
C-53965-5632-683,240,-8.483277587111575,-7.334653010053701
C-53965-5632-684,240,-8.744998887745723,-7.333562504634393
C-53965-5632-685,240,-8.732276183575369,-7.333615515901769
C-53965-5632-686,240,-8.761116860702334,-7.3334953464137405
C-53965-5632-687,240,-9.682918549403638,-7.329654506044151
C-53965-5632-688,240,-8.289831044955438,-7.335459037312686
C-53965-5632-689,240,-8.984389968192275,-7.3325650417991985
C-53965-5632-69,240,-9.212831751866842,-7.331613201033888
C-53965-5632-690,240,-9.66511493634062,-7.329728687765248
C-53965-5632-691,240,-8.93612796498251,-7.33276613347924
C-53965-5632-693,240,-8.814785312470036,-7.333271727864708
C-53965-5632-694,240,-8.387960431940039,-7.335050164866916
C-53965-5632-695,240,-8.55054983509335,-7.334372709020444
C-53965-5632-697,240,-9.088106470600161,-7.332132889705832
C-53965-5632-7,240,-8.455789642666831,-7.334767543155555
C-53965-5632-700,240,-8.816785449623836,-7.3332633939599
C-53965-5632-701,240,-11.13660051658799,-7.323597497847549
C-53965-5632-702,240,-8.984395485172708,-7.33256501881178
C-53965-5632-703,240,-9.857277254469997,-7.328928011439708
C-53965-5632-704,240,-9.86516707848435,-7.328895137172982
C-53965-5632-705,240,-10.35767861610815,-7.326843005766216
C-53965-5632-706,240,-8.984391585993595,-7.33256503505836
C-53965-5632-707,240,-10.56401931889917,-7.325983252837919
C-53965-5632-708,240,-8.535038554450743,-7.334437339356455
C-53965-5632-709,240,-7.242124093674266,-7.339824482943024
C-53965-5632-71,240,-9.904775897859304,-7.328730100425586
C-53965-5632-710,240,-8.486195058142298,-7.334640853924407
C-53965-5632-711,240,-8.535024210652415,-7.334437399122281
C-53965-5632-712,240,-8.802747670870554,-7.333321884704706
C-53965-5632-713,240,-9.16922726783123,-7.331794886384036
C-53965-5632-714,240,-8.814764954414118,-7.333271812689941
C-53965-5632-715,240,-9.00323623848257,-7.332486515672989
C-53965-5632-716,240,-8.621769789660569,-7.334075959209747
C-53965-5632-717,240,-7.976817494159211,-7.336763260441003
C-53965-5632-718,240,-8.790505502787529,-7.333372893738385
C-53965-5632-719,240,-9.116827867427297,-7.332013217219053
C-53965-5632-72,240,-8.194906853304063,-7.3358545547778995
C-53965-5632-720,240,-8.486184064551185,-7.334640899731037
C-53965-5632-721,240,-9.698464159208715,-7.329589732669963
C-53965-5632-722,240,-9.803826656122812,-7.329150722266155
C-53965-5632-723,240,-9.088129490965347,-7.332132793787644
C-53965-5632-724,240,-8.918373263543991,-7.332840111401899
C-53965-5632-725,240,-8.620129334641184,-7.334082794438995
C-53965-5632-726,240,-8.363569139552224,-7.335151795251865
C-53965-5632-727,240,-8.279219802222363,-7.335503250824074
C-53965-5632-728,240,-8.936065315668975,-7.332766394518046
C-53965-5632-729,240,-9.108188529074516,-7.332049214462189
C-53965-5632-73,240,-8.81222396827969,-7.333282400132167
C-53965-5632-730,240,-9.858486682253172,-7.328922972157278
C-53965-5632-731,240,-8.96634915049704,-7.332640211872929
C-53965-5632-733,240,-8.804420189082439,-7.333314915878822
C-53965-5632-734,240,-9.08812766350834,-7.332132801402048
C-53965-5632-735,240,-8.490546600884082,-7.3346227224963165
C-53965-5632-736,240,-8.133615748812232,-7.336109934379949
C-53965-5632-737,240,-9.658662820940561,-7.329755571579414
C-53965-5632-738,240,-8.738376211596117,-7.33359009911835
C-53965-5632-74,240,-8.984398638106393,-7.332565005674557
C-53965-5632-740,240,-8.544165928448853,-7.334399308631463
C-53965-5632-741,240,-8.583872484097954,-7.334233864649591
C-53965-5632-742,240,-10.95793554222308,-7.324341935240737
C-53965-5632-743,240,-8.940709459978029,-7.332747043916758
C-53965-5632-744,240,-8.916495136696447,-7.332847936930431
C-53965-5632-745,240,-8.936059064024139,-7.332766420566566
C-53965-5632-746,240,-8.3141271099122,-7.335357803708699
C-53965-5632-747,240,-8.936055649237908,-7.332766434794842
C-53965-5632-748,240,-15.45057145606838,-7.3056226189330475
C-53965-5632-75,240,-8.984400365479368,-7.332564998477169
C-53965-5632-750,240,-8.541933221999976,-7.334408611575
C-53965-5632-751,240,-8.490541538974206,-7.334622743587607
C-53965-5632-752,240,-9.719778303600235,-7.329500923734999
C-53965-5632-753,240,-8.657187718311853,-7.3339283845070335
C-53965-5632-755,240,-8.620151384813866,-7.3340827025632755
C-53965-5632-757,240,-8.367455934002733,-7.335135600274989
C-53965-5632-759,240,-8.37372204209466,-7.335109491491272
C-53965-5632-760,240,-8.486167152612735,-7.334640970197446
C-53965-5632-761,240,-9.665087901189036,-7.329728800411712
C-53965-5632-762,240,-8.678303876899417,-7.333840400512918
C-53965-5632-763,240,-8.984392764169282,-7.332565030149294
C-53965-5632-764,240,-8.632180195708107,-7.3340325825178825
C-53965-5632-765,240,-10.17341901529196,-7.32761075410295
C-53965-5632-766,240,-8.49605801558184,-7.334599758268409
C-53965-5632-767,240,-8.372066772566363,-7.3351163884476405
C-53965-5632-769,240,-8.450211499497073,-7.334790785418762
C-53965-5632-77,240,-9.865160754941142,-7.328895163521079
C-53965-5632-770,240,-8.805904007485443,-7.333308733302144
C-53965-5632-771,240,-8.42346685017881,-7.334902221457588
C-53965-5632-772,240,-9.004576243498809,-7.332480932318755
C-53965-5632-773,240,-8.34423858100211,-7.335232339245824
C-53965-5632-774,240,-11.40644229598942,-7.3224731571000445
C-53965-5632-776,240,-8.989329628869614,-7.33254445987971
C-53965-5632-777,240,-8.502374858477667,-7.334573438089676
C-53965-5632-778,240,-10.97864936430361,-7.324255627648735
C-53965-5632-779,240,-8.72134417275362,-7.33366106594686
C-53965-5632-780,240,-8.455783241680843,-7.3347675698263295
C-53965-5632-781,240,-11.40642374411923,-7.322473234399504
C-53965-5632-783,240,-8.722499780495255,-7.333656250914602
C-53965-5632-784,240,-9.298273083640565,-7.33125719548483
C-53965-5632-785,240,-8.79049007101756,-7.333372958037427
C-53965-5632-786,240,-8.390216404792977,-7.33504076498003
C-53965-5632-787,240,-8.984371010500398,-7.332565120789582
C-53965-5632-788,240,-8.819325549628841,-7.33325281020988
C-53965-5632-789,240,-9.125782756273223,-7.331975905182195
C-53965-5632-79,240,-8.751300073848476,-7.3335362496922984
C-53965-5632-791,240,-8.963538736260686,-7.332651921932247
C-53965-5632-792,240,-9.425588254902241,-7.330726715604573
C-53965-5632-793,240,-8.722013301083546,-7.333658277912152
C-53965-5632-794,240,-8.816796249958973,-7.333263348958504
C-53965-5632-795,240,-9.095969475088523,-7.332100127187131
C-53965-5632-796,240,-9.219633268759711,-7.3315848613801675
C-53965-5632-797,240,-9.069126683054412,-7.33221197215394
C-53965-5632-798,240,-9.15911538618258,-7.331837019224239
C-53965-5632-799,240,-8.372677133417648,-7.335113845277426
C-53965-5632-80,240,-8.790502798318029,-7.333372905007008
C-53965-5632-800,240,-8.819057247727962,-7.333253928134467
C-53965-5632-801,240,-9.088116835728455,-7.332132846517798
C-53965-5632-802,240,-8.546779385423235,-7.334388419227404
C-53965-5632-803,240,-9.665113899015509,-7.329728692087435
C-53965-5632-804,240,-8.977818223594182,-7.332592424068357
C-53965-5632-805,240,-9.145068273144616,-7.331895548861897
C-53965-5632-806,240,-8.534190358832971,-7.334440873504862
C-53965-5632-807,240,-8.395729451762074,-7.335017793950992
C-53965-5632-808,240,-8.853261495450601,-7.333111410435622
C-53965-5632-81,240,-9.407532343972042,-7.3308019485667835
C-53965-5632-810,240,-8.753991921475993,-7.333525033660517
C-53965-5632-811,240,-8.728844404200894,-7.333629814982497
C-53965-5632-812,240,-8.279209730585375,-7.335503292789228
C-53965-5632-813,240,-8.364507808441159,-7.335147884131495
C-53965-5632-814,240,-8.620151649973808,-7.334082701458442
C-53965-5632-815,240,-8.790498794306664,-7.333372921690389
C-53965-5632-816,240,-8.819064961763093,-7.333253895992653
C-53965-5632-817,240,-9.033687752398643,-7.332359634365005
C-53965-5632-818,240,-9.081968947106624,-7.332158462720389
C-53965-5632-819,240,-8.819577732868005,-7.333251759446383
C-53965-5632-82,240,-8.583020548584049,-7.334237414380899
C-53965-5632-820,240,-8.630466506402255,-7.334039722889991
C-53965-5632-821,240,-8.351931936953557,-7.335200283596026
C-53965-5632-822,240,-8.811572173812026,-7.3332851159424495
C-53965-5632-823,240,-9.173747305981331,-7.331776052891744
C-53965-5632-824,240,-8.510555809031986,-7.3345393507956995
C-53965-5632-825,240,-8.54674586717348,-7.3343885588867765
C-53965-5632-826,240,-8.389793524452298,-7.335042526981449
C-53965-5632-827,240,-9.297277017864873,-7.331261345758896
C-53965-5632-828,240,-8.279211919921238,-7.335503283666995
C-53965-5632-829,240,-8.835641827258017,-7.333184825719758
C-53965-5632-83,240,-8.984384909505634,-7.33256506287706
C-53965-5632-830,240,-8.887933047910927,-7.332966945633704
C-53965-5632-831,240,-11.40641520636665,-7.3224732699734725
C-53965-5632-833,240,-8.401869217926448,-7.334992211591972
C-53965-5632-834,240,-11.13662330546026,-7.323597402893915
C-53965-5632-835,240,-11.12636170137557,-7.323640159577602
C-53965-5632-836,240,-8.54718548266952,-7.334386727155544
C-53965-5632-838,240,-8.81889571816816,-7.3332546011743
C-53965-5632-839,240,-8.790012374499817,-7.333374948439584
C-53965-5632-84,240,-8.37267288683312,-7.335113862971529
C-53965-5632-840,240,-9.367236228332283,-7.330969849048615
C-53965-5632-841,240,-8.822975811428993,-7.333237600785712
C-53965-5632-842,240,-11.08011511973207,-7.323832853667783
C-53965-5632-843,240,-8.532302646079048,-7.334448738974671
C-53965-5632-844,240,-8.967494774445086,-7.332635438439811
C-53965-5632-845,240,-8.342501403498908,-7.335239577485421
C-53965-5632-846,240,-8.984389628134174,-7.332565043216108
C-53965-5632-847,240,-8.538234429285934,-7.334424023211309
C-53965-5632-849,240,-8.56104830448956,-7.33432896539796
C-53965-5632-85,240,-7.827123835959221,-7.337386984016836
C-53965-5632-850,240,-11.0801002319822,-7.323832915700074
C-53965-5632-851,240,-8.984393830597003,-7.332565025705846
C-53965-5632-852,240,-8.92950073030652,-7.332793746957056
C-53965-5632-854,240,-8.817669004144499,-7.333259712482731
C-53965-5632-855,240,-8.790501922487676,-7.333372908656301
C-53965-5632-857,240,-8.440785132157892,-7.334830061949342
C-53965-5632-858,240,-8.814435806505415,-7.333273184139561
C-53965-5632-859,240,-8.885185929772051,-7.3329783919592835
C-53965-5632-86,240,-8.333597181874588,-7.335276678408856
C-53965-5632-860,240,-9.29829836580147,-7.331257090142494
C-53965-5632-861,240,-8.810119233892612,-7.33329116985878
C-53965-5632-862,240,-8.542855081031911,-7.3344047704957
C-53965-5632-863,240,-11.29481933239003,-7.322938252781708
C-53965-5632-864,240,-8.98438266296728,-7.332565072237636
C-53965-5632-865,240,-8.542841557140173,-7.334404826845248
C-53965-5632-866,240,-8.722788366658627,-7.333655048472255
C-53965-5632-868,240,-8.53323972698632,-7.33444483447089
C-53965-5632-869,240,-8.867087812493331,-7.333053800781277
C-53965-5632-87,240,-8.802729702256869,-7.33332195957393
C-53965-5632-871,240,-8.82018917078605,-7.333249211788391
C-53965-5632-872,240,-9.672578914118246,-7.32969758785784
C-53965-5632-873,240,-8.340839384833085,-7.335246502563195
C-53965-5632-874,240,-9.08811074852097,-7.3321328718811625
C-53965-5632-875,240,-8.346200993578371,-7.335224162526757
C-53965-5632-876,240,-8.984397478893085,-7.332565010504612
C-53965-5632-878,240,-8.943701108197086,-7.332734578715845
C-53965-5632-879,240,-8.817672665824427,-7.333259697225731
C-53965-5632-88,240,-8.926589976364548,-7.332805875098481
C-53965-5632-880,240,-8.81765750564737,-7.333259760393136
C-53965-5632-881,240,-9.074003608822839,-7.332191651629905
C-53965-5632-883,240,-8.984385668814555,-7.332565059713272
C-53965-5632-884,240,-12.0885341773353,-7.319631107594436
C-53965-5632-885,240,-8.373709188657884,-7.335109545047259
C-53965-5632-886,240,-8.404662807628915,-7.334980571634879
C-53965-5632-888,240,-8.387958110704062,-7.335050174538733
C-53965-5632-889,240,-8.936084718320286,-7.332766313673665
C-53965-5632-89,240,-11.93069314893619,-7.320288778546099
C-53965-5632-890,240,-8.936080674403419,-7.332766330523318
C-53965-5632-891,240,-9.612943978134298,-7.329946066757773
C-53965-5632-892,240,-8.455784689689748,-7.334767563792959
C-53965-5632-893,240,-8.814562015888697,-7.333272658267131
C-53965-5632-894,240,-8.631409536617381,-7.334035793597427
C-53965-5632-895,240,-8.984368499255998,-7.3325651312531
C-53965-5632-896,240,-11.0800703408825,-7.323833040246323
C-53965-5632-897,240,-8.62289237112815,-7.334071281786966
C-53965-5632-898,240,-10.43414660366054,-7.326524389151414
C-53965-5632-899,240,-8.458064208311264,-7.334758065798703
C-53965-5632-9,240,-9.109696473644448,-7.3320429313598146
C-53965-5632-90,240,-8.71586052856628,-7.333683914464307
C-53965-5632-900,240,-8.659094956540015,-7.333920437681083
C-53965-5632-901,240,-9.025845539572888,-7.332392310251779
C-53965-5632-902,240,-8.61549046905505,-7.3341021230456045
C-53965-5632-903,240,-11.13664245053352,-7.323597323122777
C-53965-5632-904,240,-8.732731602207988,-7.333613618324134
C-53965-5632-905,240,-8.835529520786821,-7.333185293663388
C-53965-5632-907,240,-8.486190147820373,-7.334640874384081
C-53965-5632-909,240,-8.327712820428323,-7.335301196581549
C-53965-5632-91,240,-8.984384079079204,-7.332565066337169
C-53965-5632-910,240,-8.65869483577108,-7.333922104850954
C-53965-5632-911,240,-8.270914762985603,-7.335537855154227
C-53965-5632-912,240,-10.3618174701419,-7.326825760541075
C-53965-5632-913,240,-9.8651512576772,-7.328895203093012
C-53965-5632-914,240,-9.890685755056479,-7.328788809353932
C-53965-5632-915,240,-8.668703765640295,-7.333880400976499
C-53965-5632-916,240,-8.54814935529053,-7.334382711019623
C-53965-5632-917,240,-8.387966040973382,-7.335050141495944
C-53965-5632-918,240,-8.810101650044112,-7.333291243124816
C-53965-5632-919,240,-9.050350101764376,-7.332290207909314
C-53965-5632-92,240,-9.865156832495444,-7.3288951798646025
C-53965-5632-920,240,-8.907066413176523,-7.332887223278431
C-53965-5632-922,240,-8.94071915276862,-7.33274700353013
C-53965-5632-925,240,-8.984388848757161,-7.332565046463512
C-53965-5632-926,240,-10.17344008629054,-7.327610666307122
C-53965-5632-927,240,-8.81765145689371,-7.333259785596277
C-53965-5632-929,240,-9.088117290907185,-7.33213284462122
C-53965-5632-93,240,-9.159274051284857,-7.331836358119646
C-53965-5632-930,240,-8.76585928412632,-7.3334755863161405
C-53965-5632-931,240,-8.79050330349513,-7.333372902902103
C-53965-5632-932,240,-10.51240146852819,-7.326198327214466
C-53965-5632-933,240,-8.547904490549195,-7.334383731289378
C-53965-5632-936,240,-8.361098148960489,-7.335162091045998
C-53965-5632-937,240,-8.732735092851103,-7.333613603779787
C-53965-5632-938,240,-8.548856863290379,-7.334379763069623
C-53965-5632-94,240,-8.660117623757447,-7.333916176567677
C-53965-5632-940,240,-8.018618551152663,-7.336589089370197
C-53965-5632-941,240,-8.551324202086972,-7.3343694824913035
C-53965-5632-942,240,-8.814908400939785,-7.333271214996084
C-53965-5632-943,240,-8.455520463663879,-7.334768664734734
C-53965-5632-944,240,-8.765846611585792,-7.333475639118392
C-53965-5632-945,240,-9.681820228667103,-7.329659082380554
C-53965-5632-946,240,-10.64528607990397,-7.325644641333733
C-53965-5632-947,240,-8.486200792362963,-7.33464083003182
C-53965-5632-948,240,-7.827122477610415,-7.337386989676623
C-53965-5632-949,240,-8.535213247949404,-7.334436611466876
C-53965-5632-95,240,-11.13660645624034,-7.323597473098999
C-53965-5632-950,240,-8.936059334592558,-7.3327664194391975
C-53965-5632-952,240,-10.65890901499055,-7.325587879104206
C-53965-5632-953,240,-10.36179437921102,-7.326825856753287
C-53965-5632-954,240,-8.871592498148615,-7.3330350312577135
C-53965-5632-956,240,-8.693040003516167,-7.333778999985349
C-53965-5632-957,240,-9.55815941921328,-7.330174335753278
C-53965-5632-959,240,-8.594616158062225,-7.3341890993414065
C-53965-5632-96,240,-8.44838065889439,-7.334798413921273
C-53965-5632-960,240,-8.77285473003311,-7.333446438624862
C-53965-5632-962,240,-8.984392972309514,-7.332565029282043
C-53965-5632-963,240,-8.130087647635607,-7.336124634801518
C-53965-5632-964,240,-8.372664153907364,-7.335113899358719
C-53965-5632-966,240,-8.632186554261953,-7.334032556023908
C-53965-5632-967,240,-8.955860713915683,-7.332683913692018
C-53965-5632-968,240,-10.17344954504123,-7.327610626895662
C-53965-5632-969,240,-8.659091761296942,-7.333920450994596
C-53965-5632-971,240,-8.486182936552602,-7.334640904431031
C-53965-5632-973,240,-10.34433512374237,-7.326898603651073
C-53965-5632-974,240,-8.730818618877995,-7.3336215890880085
C-53965-5632-975,240,-8.56641169732502,-7.334306617927812
C-53965-5632-977,240,-8.817570411619597,-7.333260123284918
C-53965-5632-978,240,-8.988382996506912,-7.332548404181221
C-53965-5632-979,240,-8.984396786815775,-7.332565013388267
C-53965-5632-980,240,-9.073995339563618,-7.332191686085151
C-53965-5632-981,240,-8.035385361888531,-7.336519227658798
C-53965-5632-982,240,-9.151186255283722,-7.331870057269652
C-53965-5632-983,240,-9.556155376638404,-7.330182685930674
C-53965-5632-984,240,-8.790499026951908,-7.333372920721033
C-53965-5632-985,240,-7.993384478557509,-7.336694231339343
C-53965-5632-986,240,-9.061832351377447,-7.332242365202593
C-53965-5632-987,240,-8.205377789404867,-7.33581092587748
C-53965-5632-988,240,-8.93606069212796,-7.3327664137828
C-53965-5632-989,240,-9.8584946708759,-7.32892293887135
C-53965-5632-99,240,-9.439988308692442,-7.330666715380448
C-53965-5632-990,240,-9.599921015519339,-7.330000329102003
C-53965-5632-991,240,-8.545740512367146,-7.334392747865137
C-53965-5632-992,240,-8.73273597001523,-7.333613600124936
C-53965-5632-993,240,-8.855104880862534,-7.3331037296630734
C-53965-5632-994,240,-8.636086809128619,-7.334016304961964
C-53965-5632-995,240,-8.81756313388988,-7.333260153608792
C-53965-5632-996,240,-8.936088498738465,-7.332766297921923
C-53965-5632-997,240,-8.819647972959332,-7.333251466779336
C-53965-5632-998,240,-8.6782883414211,-7.333840465244078
C-53965-5632-999,240,-8.631423600778028,-7.334035734996758
C-71174-8496-1,240,-11.13659952723606,-7.323597501969849
C-71174-8496-10,240,-9.665101546331451,-7.329728743556952
C-71174-8496-100,240,-8.984385478060805,-7.332565060508079
C-71174-8496-101,240,-8.80274782583596,-7.333321884059017
C-71174-8496-102,240,-9.088136932092043,-7.332132762782949
C-71174-8496-103,240,-8.379060926620758,-7.33508724613908
C-71174-8496-104,240,-8.8060369080189,-7.33330817954992
C-71174-8496-105,240,-9.55826478651612,-7.33017389672285
C-71174-8496-106,240,-8.790504919006173,-7.333372896170807
C-71174-8496-107,240,-8.373746460136761,-7.33510938974943
C-71174-8496-108,240,-9.199915135725005,-7.331667020267813
C-71174-8496-109,240,-8.638693453807575,-7.334005443942469
C-71174-8496-11,240,-9.621700999887137,-7.329909579167137
C-71174-8496-110,240,-8.8196417253881,-7.333251492810883
C-71174-8496-111,240,-8.620139784734453,-7.33408275089694
C-71174-8496-112,240,-8.984393889436175,-7.332565025460682
C-71174-8496-113,240,-8.700520802249924,-7.333747829990625
C-71174-8496-114,240,-8.984378458140295,-7.332565089757749
C-71174-8496-115,240,-8.83467041406568,-7.333188873274726
C-71174-8496-116,240,-8.395495559547841,-7.335018768501883
C-71174-8496-117,240,-8.701314186836983,-7.333744524221513
C-71174-8496-118,240,-9.151347250466648,-7.331869386456389
C-71174-8496-119,240,-8.209438091361294,-7.335794007952661
C-71174-8496-12,240,-8.979262887512263,-7.332586404635365
C-71174-8496-120,240,-8.310843722144115,-7.335371484491065
C-71174-8496-121,240,-8.620047775113454,-7.33408313427036
C-71174-8496-122,240,-8.802750526934238,-7.333321872804441
C-71174-8496-123,240,-8.936052220557636,-7.332766449081009
C-71174-8496-124,240,-9.586861387473663,-7.3300547442188595
C-71174-8496-125,240,-11.13663544605144,-7.323597352308118
C-71174-8496-126,240,-8.81935611690246,-7.333252682846239
C-71174-8496-13,240,-8.72883484757343,-7.333629854801777
C-71174-8496-130,240,-8.858904433181191,-7.333087898195078
C-71174-8496-131,240,-8.984400973340604,-7.332564995944414
C-71174-8496-132,240,-9.86513359421134,-7.328895276690786
C-71174-8496-133,240,-9.088119813934421,-7.332132834108607
C-71174-8496-134,240,-8.35452020904562,-7.335189499128976
C-71174-8496-135,240,-8.781577647088548,-7.333410093137131
C-71174-8496-136,240,-8.984392011760127,-7.332565033284333
C-71174-8496-137,240,-8.342500693345492,-7.3352395804443935
C-71174-8496-138,240,-9.865157117553444,-7.32889517867686
C-71174-8496-139,240,-8.984384051958365,-7.332565066450173
C-71174-8496-14,240,-8.814757094433435,-7.333271845439861
C-71174-8496-141,240,-9.85848609321663,-7.328922974611597
C-71174-8496-142,240,-8.546543270634118,-7.334389403039024
C-71174-8496-143,240,-8.79049968846035,-7.333372917964748
C-71174-8496-144,240,-10.51652814125978,-7.32618113274475
C-71174-8496-146,240,-8.64889424147414,-7.333962940660524
C-71174-8496-147,240,-8.922170954191834,-7.332824287690867
C-71174-8496-148,240,-8.936072120880702,-7.332766366162997
C-71174-8496-149,240,-8.866486651189412,-7.333056305620044
C-71174-8496-15,240,-8.984391524938575,-7.332565035312756
C-71174-8496-150,240,-8.632209468696011,-7.334032460547101
C-71174-8496-151,240,-8.744299880752076,-7.333565417163532
C-71174-8496-152,240,-8.814918996335143,-7.333271170848604
C-71174-8496-154,240,-8.542856269747118,-7.33440476554272
C-71174-8496-156,240,-8.88517673888442,-7.332978430254648
C-71174-8496-157,240,-8.790484898622866,-7.333372979589071
C-71174-8496-158,240,-12.36101220607595,-7.318495782474684
C-71174-8496-159,240,-8.372654159329908,-7.335113941002792
C-71174-8496-16,240,-8.929692415940929,-7.3327929482669125
C-71174-8496-160,240,-8.603061816437224,-7.334153909098178
C-71174-8496-161,240,-8.812241169132468,-7.333282328461948
C-71174-8496-162,240,-10.17344419808793,-7.327610649174633
C-71174-8496-163,240,-8.560496840776068,-7.334331263163433
C-71174-8496-164,240,-8.362237493347617,-7.335157343777718
C-71174-8496-165,240,-8.657556350608369,-7.333926848539132
C-71174-8496-166,240,-8.73836078808027,-7.333590163382999
C-71174-8496-168,240,-9.692112421549098,-7.329616198243545
C-71174-8496-169,240,-8.970280303537317,-7.332623832068594
C-71174-8496-17,240,-8.082695957770083,-7.336322100175958
C-71174-8496-170,240,-9.00800174153812,-7.332466659410258
C-71174-8496-171,240,-8.984402208391492,-7.332564990798369
C-71174-8496-172,240,-8.82020701498025,-7.333249137437582
C-71174-8496-173,240,-8.676261092128927,-7.333848912116129
C-71174-8496-174,240,-8.534194517816903,-7.334440856175762
C-71174-8496-176,240,-8.802748478288512,-7.333321881340464
C-71174-8496-177,240,-8.62016333902092,-7.334082652754079
C-71174-8496-178,240,-8.717254702566313,-7.333678105405974
C-71174-8496-179,240,-8.455771870775404,-7.334767617205102
C-71174-8496-18,240,-9.55616066490858,-7.330182663896214
C-71174-8496-180,240,-8.396754302437081,-7.335013523739845
C-71174-8496-181,240,-8.814560701200758,-7.333272663744997
C-71174-8496-182,240,-9.155454683048665,-7.331852272153964
C-71174-8496-183,240,-8.814914682727014,-7.33327118882197
C-71174-8496-184,240,-9.865162573564456,-7.328895155943481
C-71174-8496-185,240,-7.827118786586325,-7.33738700505589
C-71174-8496-186,240,-8.984389884588472,-7.332565042147548
C-71174-8496-187,240,-9.157432313960422,-7.331844032025164
C-71174-8496-188,240,-8.504198571644078,-7.334565839284816
C-71174-8496-189,240,-8.983540498617339,-7.332568581255761
C-71174-8496-19,240,-8.957662513962958,-7.332676406191821
C-71174-8496-190,240,-8.810096054367033,-7.3332912664401375
C-71174-8496-191,240,-8.420638503412453,-7.334914006235781
C-71174-8496-192,240,-8.14385285517996,-7.3360672797700825
C-71174-8496-193,240,-8.536933426387657,-7.334429444056719
C-71174-8496-194,240,-9.899765084989745,-7.3287509788125424
C-71174-8496-195,240,-10.17345435335463,-7.327610606861023
C-71174-8496-196,240,-8.582604852386345,-7.3342391464483905
C-71174-8496-197,240,-8.035776866192936,-7.336517596390863
C-71174-8496-198,240,-8.97201291895491,-7.332616612837687
C-71174-8496-199,240,-8.67898154207559,-7.333837576908018
C-71174-8496-2,240,-8.300457019494337,-7.3354147624187735
C-71174-8496-20,240,-8.936061811598487,-7.3327664091183395
C-71174-8496-200,240,-8.539941779302689,-7.334416909252906
C-71174-8496-201,240,-9.079277984778926,-7.3321696750634215
C-71174-8496-203,240,-8.819636746802718,-7.3332515135549885
C-71174-8496-204,240,-8.620154499190578,-7.3340826895867055
C-71174-8496-205,240,-9.865168675406196,-7.3288951305191405
C-71174-8496-206,240,-8.97566079287946,-7.332601413363003
C-71174-8496-207,240,-11.13661116463869,-7.323597453480672
C-71174-8496-208,240,-8.819056772227242,-7.33325393011572
C-71174-8496-209,240,-8.31208539588971,-7.33536631085046
C-71174-8496-21,240,-7.989354164648622,-7.336711024313964
C-71174-8496-210,240,-9.428028159366862,-7.330716549335971
C-71174-8496-211,240,-10.17346094866951,-7.3276105793805435
C-71174-8496-212,240,-8.636325698908797,-7.33401530958788
C-71174-8496-214,240,-8.984376312852769,-7.332565098696446
C-71174-8496-215,240,-11.56100016703285,-7.321829165970696
C-71174-8496-219,240,-8.655191067953611,-7.333936703883526
C-71174-8496-220,240,-8.81964777612307,-7.333251467599487
C-71174-8496-221,240,-8.576891773865169,-7.334262950942229
C-71174-8496-222,240,-7.208177760817719,-7.339965925996593
C-71174-8496-223,240,-8.34615758437604,-7.335224343398433
C-71174-8496-224,240,-8.652664596885593,-7.333947230846309
C-71174-8496-225,240,-8.620167317813165,-7.334082636175778
C-71174-8496-227,240,-8.984397795936648,-7.332565009183597
C-71174-8496-228,240,-9.14975530814326,-7.331876019549402
C-71174-8496-23,240,-8.458050356330432,-7.334758123515289
C-71174-8496-230,240,-9.08812013667187,-7.332132832763866
C-71174-8496-231,240,-9.298282012953022,-7.331257158279362
C-71174-8496-232,240,-8.719710691595477,-7.333667872118352
C-71174-8496-233,240,-8.455772258634704,-7.334767615589022
C-71174-8496-234,240,-10.36181597485358,-7.326825766771444
C-71174-8496-235,240,-8.480152723864212,-7.334666030317233
C-71174-8496-236,240,-8.984377194435966,-7.332565095023184
C-71174-8496-237,240,-8.984388276451911,-7.332565048848116
C-71174-8496-238,240,-8.551044949906203,-7.334370646042058
C-71174-8496-24,240,-8.738204363200722,-7.33359081515333
C-71174-8496-240,240,-11.42133918113311,-7.322411086745278
C-71174-8496-242,240,-10.43251792957066,-7.326531175293455
C-71174-8496-243,240,-11.13660637151003,-7.3235974734520415
C-71174-8496-244,240,-8.549096993696542,-7.334378762526264
C-71174-8496-245,240,-8.984377720471018,-7.332565092831371
C-71174-8496-246,240,-8.39134978577274,-7.33503604255928
C-71174-8496-247,240,-8.97563469542999,-7.332601522102375
C-71174-8496-248,240,-8.351354403744867,-7.3352026899843965
C-71174-8496-249,240,-8.9155835006108,-7.332851735414121
C-71174-8496-25,240,-8.984376781909512,-7.3325650967420435
C-71174-8496-250,240,-8.337217543056221,-7.335261593570599
C-71174-8496-251,240,-11.12635164510207,-7.323640201478741
C-71174-8496-252,240,-8.404677346389107,-7.334980511056712
C-71174-8496-253,240,-11.98518906583189,-7.3200617122257
C-71174-8496-254,240,-8.868010400746167,-7.333049956663557
C-71174-8496-255,240,-8.486187819169242,-7.334640884086794
C-71174-8496-256,240,-8.390225051816651,-7.335040728950763
C-71174-8496-257,240,-10.85680685773052,-7.324763304759456
C-71174-8496-258,240,-9.154659567193457,-7.331855585136694
C-71174-8496-259,240,-9.865143492505707,-7.3288952354478925
C-71174-8496-26,240,-10.36178047469073,-7.326825914688788
C-71174-8496-260,240,-8.549538702746965,-7.334376922071887
C-71174-8496-261,240,-8.546548084875166,-7.334389382979686
C-71174-8496-262,240,-8.45577300998698,-7.334767612458387
C-71174-8496-263,240,-8.984385100770853,-7.332565062080121
C-71174-8496-264,240,-8.97563924978061,-7.332601503125914
C-71174-8496-265,240,-8.971576211230124,-7.3326184324532075
C-71174-8496-266,240,-11.08013118780731,-7.323832786717469
C-71174-8496-267,240,-8.98438184496784,-7.3325650756459675
C-71174-8496-268,240,-8.975644426092737,-7.332601481557947
C-71174-8496-269,240,-8.936066508956072,-7.332766389546015
C-71174-8496-27,240,-9.12371357181561,-7.331984526784101
C-71174-8496-270,240,-8.354924647027842,-7.335187813970717
C-71174-8496-272,240,-8.54695780272552,-7.334387675821977
C-71174-8496-274,240,-8.546124098563327,-7.33439114958932
C-71174-8496-276,240,-8.550703555205986,-7.334372068519975
C-71174-8496-278,240,-8.453197075326747,-7.334778345519472
C-71174-8496-279,240,-11.40641324796466,-7.322473278133481
C-71174-8496-28,240,-8.544195223848886,-7.334399186567296
C-71174-8496-280,240,-8.373717174911526,-7.335109511771202
C-71174-8496-281,240,-10.48103354048524,-7.326329026914645
C-71174-8496-283,240,-8.984386188399196,-7.3325650575483365
C-71174-8496-284,240,-11.13664151567655,-7.323597327018015
C-71174-8496-285,240,-8.632193031889354,-7.334032529033794
C-71174-8496-286,240,-8.654529321522316,-7.333939461160324
C-71174-8496-287,240,-8.790509146112242,-7.333372878557865
C-71174-8496-288,240,-9.865139878491776,-7.328895250506283
C-71174-8496-289,240,-8.765850850311361,-7.333475621457036
C-71174-8496-29,240,-8.814909979944186,-7.3332712084169
C-71174-8496-290,240,-8.729947503387471,-7.333625218735886
C-71174-8496-291,240,-8.971537987818548,-7.332618591717423
C-71174-8496-292,240,-11.40640961153614,-7.322473293285266
C-71174-8496-293,240,-8.563614344598736,-7.334318273564171
C-71174-8496-294,240,-8.984384814209477,-7.332565063274127
C-71174-8496-295,240,-9.162582457894759,-7.331822573092105
C-71174-8496-296,240,-8.781127201632469,-7.333411969993198
C-71174-8496-297,240,-9.927871542808347,-7.3286338685716315
C-71174-8496-299,240,-8.279208694886883,-7.335503297104638
C-71174-8496-301,240,-10.17346282630425,-7.327610571557065
C-71174-8496-302,240,-8.466734651778856,-7.3347219389509215
C-71174-8496-303,240,-8.727394552965213,-7.333635856029312
C-71174-8496-304,240,-11.13661388617766,-7.323597442140926
C-71174-8496-305,240,-8.756342235336673,-7.333515240686097
C-71174-8496-306,240,-8.631258563212892,-7.33403642265328
C-71174-8496-307,240,-8.978645063698302,-7.332588978901257
C-71174-8496-308,240,-8.984379230536124,-7.332565086539432
C-71174-8496-309,240,-8.885413059502863,-7.332977445585405
C-71174-8496-31,240,-8.984391801932802,-7.3325650341586135
C-71174-8496-310,240,-8.814925140647231,-7.333271145247304
C-71174-8496-311,240,-8.790502920494973,-7.333372904497938
C-71174-8496-312,240,-8.807406292815724,-7.333302473779934
C-71174-8496-313,240,-8.984394516908782,-7.332565022846213
C-71174-8496-314,240,-8.620479095200876,-7.3340813371033295
C-71174-8496-315,240,-10.56980617399836,-7.3259591409416736
C-71174-8496-316,240,-8.620156865826228,-7.334082679725724
C-71174-8496-317,240,-8.984389852134548,-7.332565042282772
C-71174-8496-318,240,-8.652266867950484,-7.333948888050206
C-71174-8496-319,240,-8.544230854536154,-7.334399038106099
C-71174-8496-32,240,-8.802749284594947,-7.333321877980854
C-71174-8496-322,240,-8.984403006413757,-7.332564987473276
C-71174-8496-323,240,-10.35770309773448,-7.32684290375944
C-71174-8496-324,240,-8.137382627055603,-7.336094239053935
C-71174-8496-325,240,-8.790503573692,-7.333372901776284
C-71174-8496-326,240,-8.936064634260532,-7.332766397357248
C-71174-8496-327,240,-9.940826912990618,-7.328579887862539
C-71174-8496-328,240,-8.984396625300963,-7.332565014061246
C-71174-8496-329,240,-10.05943948879326,-7.328085668796694
C-71174-8496-33,240,-8.427319889908564,-7.33488616712538
C-71174-8496-330,240,-8.885202973939263,-7.33297832094192
C-71174-8496-331,240,-8.486192763908734,-7.334640863483713
C-71174-8496-332,240,-8.744291937224157,-7.333565450261565
C-71174-8496-333,240,-8.984390915581885,-7.332565037851742
C-71174-8496-336,240,-9.940823323216081,-7.328579902819933
C-71174-8496-337,240,-9.0619013207001,-7.332242077830416
C-71174-8496-338,240,-8.389807881527776,-7.335042467160301
C-71174-8496-339,240,-8.532330614973716,-7.334448622437609
C-71174-8496-34,240,-8.630828083905895,-7.334038216317058
C-71174-8496-340,240,-8.640290181131709,-7.333998790911951
C-71174-8496-341,240,-8.279218483209714,-7.335503256319959
C-71174-8496-342,240,-8.944867409126626,-7.332729719128639
C-71174-8496-343,240,-8.346172142786527,-7.335224282738389
C-71174-8496-344,240,-8.279195145758955,-7.3355033535593375
C-71174-8496-345,240,-9.088118597563343,-7.332132839176819
C-71174-8496-346,240,-8.790509756978025,-7.333372876012591
C-71174-8496-347,240,-9.865158951247455,-7.328895171036469
C-71174-8496-348,240,-10.55644520124191,-7.326014811661492
C-71174-8496-349,240,-8.779649953912847,-7.333418125192029
C-71174-8496-35,240,-11.13661009730709,-7.323597457927887
C-71174-8496-351,240,-8.820524300439946,-7.3332478154148335
C-71174-8496-352,240,-9.865167160112783,-7.328895136832863
C-71174-8496-353,240,-8.34619650905199,-7.335224181212284
C-71174-8496-354,240,-8.936080963920176,-7.332766329316999
C-71174-8496-355,240,-8.886599185490027,-7.332972503393791
C-71174-8496-356,240,-8.790490048531959,-7.333372958131117
C-71174-8496-357,240,-9.251307412864264,-7.331452885779732
C-71174-8496-358,240,-8.66395435147905,-7.33390019020217
C-71174-8496-359,240,-8.45807807313091,-7.33475800802862
C-71174-8496-36,240,-9.298308840777924,-7.331257046496758
C-71174-8496-360,240,-8.817574704532595,-7.333260105397781
C-71174-8496-361,240,-8.940700822584295,-7.332747079905898
C-71174-8496-362,240,-8.810514826847806,-7.333289521554801
C-71174-8496-363,240,-8.802733904067864,-7.333321942066383
C-71174-8496-364,240,-8.62015953891554,-7.334082668587852
C-71174-8496-365,240,-10.02681505164971,-7.32822160395146
C-71174-8496-367,240,-8.65910658629387,-7.333920389223776
C-71174-8496-368,240,-8.589873395698216,-7.334208860851257
C-71174-8496-369,240,-9.569740295462251,-7.3301260821022405
C-71174-8496-37,240,-8.535489557851049,-7.334435460175621
C-71174-8496-370,240,-8.620132953347039,-7.3340827793610535
C-71174-8496-372,240,-9.096443604698695,-7.332098151647089
C-71174-8496-373,240,-9.088121007346793,-7.332132829136055
C-71174-8496-375,240,-9.006818359215758,-7.332471590169934
C-71174-8496-376,240,-9.197719486045024,-7.331676168808145
C-71174-8496-377,240,-9.553133000634883,-7.330195279164021
C-71174-8496-379,240,-9.22318367091252,-7.331570068037864
C-71174-8496-38,240,-8.490499426962451,-7.334622919054323
C-71174-8496-380,240,-11.13659342703082,-7.3235975273873715
C-71174-8496-381,240,-8.98439897219936,-7.332565004282502
C-71174-8496-382,240,-8.726818335061152,-7.333638256937245
C-71174-8496-383,240,-9.113287491523105,-7.3320279687853205
C-71174-8496-384,240,-8.7592142852736,-7.33350327381136
C-71174-8496-386,240,-8.62015129311539,-7.334082702945352
C-71174-8496-387,240,-8.87795924766083,-7.333008503134747
C-71174-8496-388,240,-8.817667505704877,-7.33325971872623
C-71174-8496-389,240,-8.128782993007086,-7.33613007086247
C-71174-8496-39,240,-9.171546103990941,-7.331785224566704
C-71174-8496-390,240,-8.724009666848598,-7.333649959721464
C-71174-8496-391,240,-9.858495471103291,-7.3289229355370695
C-71174-8496-392,240,-8.802749439350222,-7.333321877336041
C-71174-8496-394,240,-9.665109760926493,-7.329728709329473
C-71174-8496-395,240,-8.450974632626997,-7.334787605697387
C-71174-8496-396,240,-8.7206008893857,-7.3336641629608925
C-71174-8496-397,240,-8.378318717928307,-7.335090338675299
C-71174-8496-398,240,-9.876840284053053,-7.3288464988164455
C-71174-8496-40,240,-8.841363548089035,-7.333160985216296
C-71174-8496-401,240,-7.242136138128894,-7.339824432757796
C-71174-8496-402,240,-8.984383502996124,-7.332565068737517
C-71174-8496-403,240,-8.486189438893758,-7.334640877337943
C-71174-8496-404,240,-8.878042759068826,-7.333008155170546
C-71174-8496-405,240,-11.13662492607713,-7.323597396141346
C-71174-8496-406,240,-8.364793471405154,-7.335146693869145
C-71174-8496-407,240,-11.36842716508575,-7.32263155347881
C-71174-8496-409,240,-9.665139170664755,-7.329728586788897
C-71174-8496-41,240,-8.790498537731871,-7.333372922759451
C-71174-8496-412,240,-8.984375919970152,-7.332565100333457
C-71174-8496-413,240,-8.458072292144417,-7.334758032116065
C-71174-8496-414,240,-8.483481382102134,-7.334652160907908
C-71174-8496-415,240,-8.984374305538859,-7.332565107060254
C-71174-8496-416,240,-9.096418957906112,-7.332098254342058
C-71174-8496-417,240,-8.670923581239744,-7.333871151744834
C-71174-8496-418,240,-8.7904940818025,-7.333372941325822
C-71174-8496-42,240,-8.28374071175888,-7.335484413701005
C-71174-8496-420,240,-8.48950300087283,-7.334627070829696
C-71174-8496-421,240,-8.984399308204988,-7.332565002882479
C-71174-8496-422,240,-8.53974769432173,-7.334417717940326
C-71174-8496-423,240,-8.279191919885182,-7.335503367000479
C-71174-8496-426,240,-8.562996110989683,-7.334320849537543
C-71174-8496-428,240,-7.963318438609516,-7.336819506505793
C-71174-8496-429,240,-9.144648836763619,-7.331897296513485
C-71174-8496-43,240,-8.533234604470959,-7.334444855814705
C-71174-8496-430,240,-11.40643426996623,-7.322473190541808
C-71174-8496-431,240,-10.35769130245232,-7.326842952906448
C-71174-8496-432,240,-8.790501561210377,-7.333372910161623
C-71174-8496-433,240,-9.298310063092572,-7.331257041403782
C-71174-8496-434,240,-9.298285650628456,-7.331257143122381
C-71174-8496-435,240,-10.11111321224963,-7.327870361615626
C-71174-8496-437,240,-8.632177326935773,-7.3340325944711005
C-71174-8496-439,240,-8.345740902232569,-7.3352260795740305
C-71174-8496-440,240,-9.428051111514158,-7.330716453702024
C-71174-8496-441,240,-8.808819056993464,-7.333296587262526
C-71174-8496-442,240,-8.632174144699153,-7.33403260773042
C-71174-8496-443,240,-8.653650224608368,-7.333943124064132
C-71174-8496-444,240,-9.865157350678947,-7.328895177705504
C-71174-8496-445,240,-8.984381162932621,-7.3325650784877805
C-71174-8496-446,240,-8.478458449102083,-7.334673089795407
C-71174-8496-447,240,-8.79049952583901,-7.333372918642337
C-71174-8496-448,240,-8.546236791953218,-7.334390680033528
C-71174-8496-450,240,-9.260717848228229,-7.3314136756323816
C-71174-8496-451,240,-11.48285685366429,-7.322154763109732
C-71174-8496-452,240,-10.1734595369893,-7.327610585262544
C-71174-8496-454,240,-8.984385102576677,-7.3325650620725975
C-71174-8496-455,240,-11.13663804054571,-7.3235973414977265
C-71174-8496-457,240,-10.17346227927714,-7.327610573836345
C-71174-8496-458,240,-9.827048634820668,-7.329053964021581
C-71174-8496-459,240,-8.632173645543416,-7.334032609810236
C-71174-8496-46,240,-8.279206059691933,-7.335503308084617
C-71174-8496-460,240,-10.31437798432278,-7.327023425065321
C-71174-8496-461,240,-8.984400366020587,-7.332564998474914
C-71174-8496-462,240,-9.369791377532444,-7.330959202593615
C-71174-8496-465,240,-9.586835018104894,-7.330054854091229
C-71174-8496-466,240,-11.01658275044227,-7.324097571873157
C-71174-8496-467,240,-8.8107201985452,-7.333288665839395
C-71174-8496-468,240,-9.109593741370173,-7.3320433594109575
C-71174-8496-469,240,-9.130969819088378,-7.331954292420464
C-71174-8496-47,240,-9.07399458527932,-7.332191689228003
C-71174-8496-471,240,-8.455770301273239,-7.334767623744694
C-71174-8496-472,240,-8.984387065360592,-7.3325650538943306
C-71174-8496-473,240,-8.682277056329118,-7.333823845598628
C-71174-8496-474,240,-8.984387540341338,-7.332565051915244
C-71174-8496-475,240,-8.814908732367797,-7.333271213615134
C-71174-8496-476,240,-8.622897075262298,-7.3340712621864075
C-71174-8496-477,240,-9.865153439670737,-7.328895194001372
C-71174-8496-478,240,-8.99588098217427,-7.332517162574274
C-71174-8496-479,240,-8.472962895816769,-7.334695987934096
C-71174-8496-48,240,-8.997302425383467,-7.332511239894235
C-71174-8496-480,240,-10.35768459708957,-7.32684298084546
C-71174-8496-481,240,-8.8333692197299,-7.333194294917791
C-71174-8496-482,240,-8.81904059621133,-7.3332539975157855
C-71174-8496-484,240,-8.98439917613535,-7.3325650034327685
C-71174-8496-485,240,-11.5406422114016,-7.321913990785827
C-71174-8496-486,240,-8.632182699139925,-7.334032572086916
C-71174-8496-487,240,-8.538227985887,-7.334424050058804
C-71174-8496-489,240,-8.548845368117295,-7.334379810966178
C-71174-8496-49,240,-10.7183872369012,-7.325340053179578
C-71174-8496-490,240,-8.552181088732256,-7.3343659121302816
C-71174-8496-491,240,-8.802740067067868,-7.333321916387217
C-71174-8496-493,240,-8.620159252179764,-7.3340826697825845
C-71174-8496-494,240,-9.865165501209676,-7.328895143744959
C-71174-8496-495,240,-8.984402204117862,-7.332564990816175
C-71174-8496-496,240,-8.868293017963977,-7.333048779091817
C-71174-8496-497,240,-10.36179865034419,-7.326825838956899
C-71174-8496-498,240,-8.687541212802456,-7.333801911613323
C-71174-8496-499,240,-11.48859942647111,-7.322130835723036
C-71174-8496-5,240,-9.865161567114956,-7.328895160137021
C-71174-8496-50,240,-9.86515994424097,-7.328895166898996
C-71174-8496-500,240,-8.73486932186675,-7.3336047111588885
C-71174-8496-501,240,-8.34424355565151,-7.335232318518119
C-71174-8496-502,240,-8.98438410392404,-7.33256506623365
C-71174-8496-504,240,-9.586845063100025,-7.3300548122370826
C-71174-8496-505,240,-8.88530109886545,-7.33297791208806
C-71174-8496-506,240,-8.875514357700439,-7.333018690176248
C-71174-8496-507,240,-8.584579208252553,-7.334230919965615
C-71174-8496-508,240,-9.424844601823539,-7.330729814159069
C-71174-8496-51,240,-8.372663261288073,-7.335113903077966
C-71174-8496-511,240,-11.08010327579531,-7.323832903017519
C-71174-8496-512,240,-8.726794559505377,-7.33363835600206
C-71174-8496-513,240,-8.290734111735805,-7.335455274534434
C-71174-8496-515,240,-8.932447991546766,-7.3327814667018885
C-71174-8496-516,240,-8.936071302494343,-7.33276636957294
C-71174-8496-517,240,-8.62015462003996,-7.334082689083166
C-71174-8496-519,240,-9.591932687345848,-7.330033613802725
C-71174-8496-520,240,-9.251303046866715,-7.331452903971388
C-71174-8496-522,240,-8.814918314621863,-7.333271173689075
C-71174-8496-523,240,-9.177844385733197,-7.331758981726112
C-71174-8496-524,240,-8.371111232230408,-7.335120369865707
C-71174-8496-526,240,-8.535019074575294,-7.334437420522603
C-71174-8496-527,240,-8.532292278747045,-7.334448782171887
C-71174-8496-528,240,-10.06816384419967,-7.328049317315834
C-71174-8496-529,240,-8.984400150946655,-7.332564999371056
C-71174-8496-53,240,-8.849468585330229,-7.33312721422779
C-71174-8496-530,240,-8.342507346652893,-7.33523955272228
C-71174-8496-532,240,-8.866777923589424,-7.333055091985044
C-71174-8496-533,240,-8.744293507035119,-7.333565443720687
C-71174-8496-534,240,-8.018598622891922,-7.336589172404617
C-71174-8496-535,240,-8.620162523858504,-7.334082656150589
C-71174-8496-536,240,-9.180374679318678,-7.331748438836172
C-71174-8496-537,240,-8.936068990906527,-7.332766379204556
C-71174-8496-538,240,-9.940800943394708,-7.328579996069189
C-71174-8496-539,240,-8.455807091569355,-7.334767470451794
C-71174-8496-54,240,-8.374042164509488,-7.335108157647877
C-71174-8496-540,240,-9.15418826792424,-7.331857548883649
C-71174-8496-541,240,-9.143385718265982,-7.331902559507225
C-71174-8496-542,240,-8.131358835316265,-7.336119338186182
C-71174-8496-543,240,-8.936067058867764,-7.3327663872547175
C-71174-8496-544,240,-9.897741319101096,-7.328759411170412
C-71174-8496-545,240,-11.40640741578959,-7.32247330243421
C-71174-8496-546,240,-8.379637646059013,-7.33508484314142
C-71174-8496-547,240,-8.34250616831987,-7.335239557632
C-71174-8496-548,240,-11.40643977655309,-7.322473167597695
C-71174-8496-55,240,-8.732734835681025,-7.333613604851329
C-71174-8496-550,240,-8.718523606867056,-7.33367281830472
C-71174-8496-551,240,-8.666712611036969,-7.333888697454013
C-71174-8496-552,240,-8.936072070796904,-7.33276636637168
C-71174-8496-553,240,-8.279210945553318,-7.335503287726861
C-71174-8496-555,240,-8.390218294847692,-7.335040757104801
C-71174-8496-557,240,-11.40640007471389,-7.3224733330220255
C-71174-8496-558,240,-8.53325089444593,-7.334444787939808
C-71174-8496-559,240,-8.660047889911247,-7.333916467125369
C-71174-8496-56,240,-9.038969234220147,-7.332337628190749
C-71174-8496-560,240,-9.66512437654429,-7.3297286484310655
C-71174-8496-561,240,-8.936068333926519,-7.3327663819419735
C-71174-8496-562,240,-8.546228709157438,-7.334390713711843
C-71174-8496-563,240,-11.52388235676326,-7.321983823513486
C-71174-8496-564,240,-10.03354091248031,-7.328193579531332
C-71174-8496-565,240,-8.817239498076686,-7.3332615020913465
C-71174-8496-566,240,-8.81965786428572,-7.333251425565476
C-71174-8496-567,240,-8.288311068937157,-7.335465370546094
C-71174-8496-568,240,-9.602148431980886,-7.32999104820008
C-71174-8496-569,240,-9.018136676198342,-7.33242443051584
C-71174-8496-57,240,-8.819149161061588,-7.3332535451622425
C-71174-8496-570,240,-11.40639992540482,-7.322473333644146
C-71174-8496-572,240,-8.984398194374249,-7.33256500752344
C-71174-8496-573,240,-8.632161694992286,-7.334032659604199
C-71174-8496-574,240,-9.129297947856749,-7.331961258550597
C-71174-8496-575,240,-8.035368677887316,-7.336519297175469
C-71174-8496-576,240,-8.620150516523818,-7.33408270618115
C-71174-8496-577,240,-11.40641450533499,-7.322473272894437
C-71174-8496-578,240,-8.964674100794063,-7.332647191246691
C-71174-8496-579,240,-8.622883570570163,-7.334071318455957
C-71174-8496-58,240,-8.81965297611684,-7.333251445932846
C-71174-8496-580,240,-8.787484787639364,-7.333385480051502
C-71174-8496-581,240,-8.802756700418128,-7.333321847081591
C-71174-8496-582,240,-9.298311362233223,-7.331257035990694
C-71174-8496-583,240,-8.620166450395669,-7.334082639790018
C-71174-8496-584,240,-8.741146554775149,-7.333578556021769
C-71174-8496-585,240,-11.13665434082675,-7.323597273579889
C-71174-8496-586,240,-8.802735345966076,-7.333321936058474
C-71174-8496-587,240,-8.38795361745837,-7.33505019326059
C-71174-8496-588,240,-9.11087116943084,-7.332038036794038
C-71174-8496-589,240,-8.866677853321484,-7.3330555089444935
C-71174-8496-59,240,-8.936070842414317,-7.3327663714899405
C-71174-8496-590,240,-8.551783020074335,-7.3343675707496905
C-71174-8496-591,240,-8.729505090745045,-7.333627062121895
C-71174-8496-592,240,-8.975628714249332,-7.332601547023961
C-71174-8496-593,240,-9.47773172621051,-7.330509451140789
C-71174-8496-594,240,-9.028712639520968,-7.332380364001995
C-71174-8496-595,240,-9.167018910490812,-7.331804087872954
C-71174-8496-596,240,-8.765836641071884,-7.3334756806622
C-71174-8496-597,240,-8.735936472321422,-7.333600264698661
C-71174-8496-598,240,-11.76553849597745,-7.320976922933427
C-71174-8496-599,240,-8.307428834267334,-7.335385713190552
C-71174-8496-6,240,-8.76414205915353,-7.333482741420194
C-71174-8496-60,240,-8.396745706942472,-7.335013559554406
C-71174-8496-600,240,-8.457701162571421,-7.334759578489286
C-71174-8496-601,240,-10.1734570579798,-7.327610595591751
C-71174-8496-602,240,-7.827115836325644,-7.337387017348643
C-71174-8496-603,240,-8.984399670637936,-7.332565001372342
C-71174-8496-604,240,-8.936078720171363,-7.3327663386659525
C-71174-8496-605,240,-8.3720497183999,-7.335116459506667
C-71174-8496-606,240,-8.454001425189047,-7.334774994061712
C-71174-8496-607,240,-8.559734573371514,-7.334334439277618
C-71174-8496-609,240,-8.670301094237361,-7.333873745440678
C-71174-8496-61,240,-8.984389708335451,-7.332565042881936
C-71174-8496-610,240,-9.496064031554786,-7.330433066535188
C-71174-8496-611,240,-8.80274272675625,-7.333321905305183
C-71174-8496-612,240,-8.659090317291009,-7.3339204570112875
C-71174-8496-613,240,-9.698456047518036,-7.329589766468675
C-71174-8496-614,240,-8.64508980149186,-7.333978792493784
C-71174-8496-615,240,-8.267643068627025,-7.335551487214054
C-71174-8496-616,240,-8.81765596930064,-7.333259766794581
C-71174-8496-617,240,-8.936072064840705,-7.332766366396497
C-71174-8496-619,240,-9.159699616027309,-7.331834584933219
C-71174-8496-620,240,-8.279204979862243,-7.335503312583907
C-71174-8496-621,240,-8.984365951906723,-7.332565141867055
C-71174-8496-622,240,-9.671786319550835,-7.3297008903352046
C-71174-8496-623,240,-8.267632136576946,-7.335551532764262
C-71174-8496-624,240,-9.86516452481038,-7.32889514781329
C-71174-8496-625,240,-8.728838675541132,-7.333629838851912
C-71174-8496-628,240,-8.34619911767093,-7.335224170343038
C-71174-8496-63,240,-11.13661442768006,-7.323597439884666
C-71174-8496-630,240,-8.550235378929584,-7.33437401925446
C-71174-8496-631,240,-8.735969000226198,-7.333600129165723
C-71174-8496-632,240,-8.265543686959232,-7.335560234637669
C-71174-8496-633,240,-8.957698006040314,-7.332676258308165
C-71174-8496-634,240,-8.72476407438856,-7.333646816356715
C-71174-8496-635,240,-11.78655967244122,-7.320889334698162
C-71174-8496-637,240,-8.362089641952638,-7.335157959825197
C-71174-8496-638,240,-8.98241684946581,-7.332573263127226
C-71174-8496-639,240,-9.85848687280427,-7.3289229713633155
C-71174-8496-64,240,-9.16188474583326,-7.331825480225694
C-71174-8496-640,240,-8.644567236621018,-7.3339809698474125
C-71174-8496-642,240,-8.848273413964327,-7.333132194108482
C-71174-8496-643,240,-8.814440200095895,-7.333273165832933
C-71174-8496-644,240,-8.629459303362728,-7.334043919569322
C-71174-8496-645,240,-10.42711116395658,-7.326553703483514
C-71174-8496-646,240,-8.39378968594869,-7.335025876308547
C-71174-8496-647,240,-8.9907286096805,-7.332538630792998
C-71174-8496-648,240,-8.53231047653814,-7.334448706347757
C-71174-8496-649,240,-8.810107882288957,-7.333291217157129
C-71174-8496-65,240,-8.819065986599446,-7.333253891722502
C-71174-8496-650,240,-8.965166343744505,-7.332645140234397
C-71174-8496-651,240,-7.700847076864468,-7.337913137179731
C-71174-8496-652,240,-10.0696013679298,-7.328043327633625
C-71174-8496-653,240,-8.984388072323718,-7.33256504969865
C-71174-8496-654,240,-9.075538397389584,-7.332185256677543
C-71174-8496-655,240,-9.159209436528805,-7.331836627347797
C-71174-8496-657,240,-8.802746949384035,-7.333321887710899
C-71174-8496-658,240,-8.846083311702499,-7.333141319534573
C-71174-8496-659,240,-8.378262511811094,-7.335090572867454
C-71174-8496-66,240,-11.13659603498144,-7.32359751652091
C-71174-8496-660,240,-10.35770809062812,-7.326842882955716
C-71174-8496-661,240,-8.542835169457351,-7.334404853460595
C-71174-8496-662,240,-8.951341271016295,-7.332702744704099
C-71174-8496-663,240,-8.690117102920938,-7.333791178737829
C-71174-8496-664,240,-8.791416306847111,-7.33336909872147
C-71174-8496-665,240,-8.4049570083044,-7.334979345798732
C-71174-8496-666,240,-8.373717990710622,-7.335109508372039
C-71174-8496-668,240,-8.804957984156255,-7.333312675066015
C-71174-8496-669,240,-8.536958982160433,-7.334429337574331
C-71174-8496-67,240,-8.814912430941874,-7.333271198204409
C-71174-8496-670,240,-11.4246104898722,-7.322397456292198
C-71174-8496-671,240,-8.332865735416334,-7.335279726102431
C-71174-8496-673,240,-8.455761910929839,-7.334767658704459
C-71174-8496-674,240,-8.56578889697428,-7.3343092129292735
C-71174-8496-675,240,-8.885189368273425,-7.332978377632194
C-71174-8496-676,240,-8.371110721343584,-7.335120371994402
C-71174-8496-677,240,-8.645093623470375,-7.333978776568873
C-71174-8496-678,240,-8.64084049449083,-7.333996497939621
C-71174-8496-68,240,-8.554386309525356,-7.334356723710311
C-71174-8496-680,240,-8.984393831982159,-7.332565025700075
C-71174-8496-681,240,-8.38980090096316,-7.335042496245987
C-71174-8496-682,240,-8.379063119522222,-7.33508723700199
C-71174-8496-683,240,-8.626441238119076,-7.33405649484117
C-71174-8496-684,240,-8.069570297985528,-7.33637679042506
C-71174-8496-686,240,-9.967851037138464,-7.328467287345257
C-71174-8496-687,240,-10.17345688841076,-7.327610596298288
C-71174-8496-688,240,-9.088112943502987,-7.3321328627354045
C-71174-8496-689,240,-8.969047862816653,-7.332628967238263
C-71174-8496-69,240,-11.40644017986847,-7.322473165917215
C-71174-8496-690,240,-9.073993930631685,-7.332191691955701
C-71174-8496-691,240,-8.387949958306466,-7.335050208507056
C-71174-8496-692,240,-8.790493815074583,-7.333372942437189
C-71174-8496-693,240,-10.36181093105819,-7.326825787787257
C-71174-8496-694,240,-9.138151937727608,-7.331924366926135
C-71174-8496-695,240,-8.956272200179772,-7.332682199165918
C-71174-8496-696,240,-9.569787558308827,-7.330125885173713
C-71174-8496-698,240,-9.556180220019773,-7.330182582416584
C-71174-8496-699,240,-8.742328978126842,-7.333573629257804
C-71174-8496-7,240,-8.984390319035564,-7.332565040337352
C-71174-8496-70,240,-8.543761275127787,-7.334400994686968
C-71174-8496-700,240,-8.366489425993194,-7.335139627391695
C-71174-8496-702,240,-8.814445484884155,-7.333273143812983
C-71174-8496-703,240,-8.98439447707096,-7.332565023012204
C-71174-8496-704,240,-9.586856101975938,-7.330054766241767
C-71174-8496-705,240,-8.81963841206087,-7.333251506616413
C-71174-8496-706,240,-8.810113257005295,-7.333291194762478
C-71174-8496-707,240,-8.371533876938589,-7.335118608846089
C-71174-8496-709,240,-10.3576985702668,-7.326842922623888
C-71174-8496-71,240,-8.648580747671508,-7.333964246884702
C-71174-8496-710,240,-8.373718789528512,-7.335109505043631
C-71174-8496-712,240,-7.524609674108351,-7.338647459691215
C-71174-8496-713,240,-8.548401959845643,-7.334381658500643
C-71174-8496-714,240,-8.741739393911848,-7.3335760858587005
C-71174-8496-715,240,-8.984389586337944,-7.332565043390258
C-71174-8496-717,240,-9.166972429554818,-7.331804281543522
C-71174-8496-718,240,-8.320456300073898,-7.335331432083025
C-71174-8496-719,240,-8.36906215976651,-7.335128907667639
C-71174-8496-72,240,-10.17344221092684,-7.327610657454471
C-71174-8496-720,240,-8.620145715407968,-7.3340827261858
C-71174-8496-721,240,-8.724347083546817,-7.333648553818555
C-71174-8496-722,240,-9.22317940865815,-7.331570085797257
C-71174-8496-723,240,-9.925218362797805,-7.328644923488342
C-71174-8496-724,240,-8.984377914427995,-7.332565092023216
C-71174-8496-725,240,-11.08011501745393,-7.323832854093942
C-71174-8496-726,240,-8.209746902690798,-7.335792721238788
C-71174-8496-727,240,-11.06989479887935,-7.3238754383380025
C-71174-8496-728,240,-8.728838407960163,-7.333629839966832
C-71174-8496-729,240,-8.936055460623074,-7.332766435580737
C-71174-8496-73,240,-8.372657013331466,-7.3351139291111185
C-71174-8496-730,240,-8.774334479197995,-7.333440273003342
C-71174-8496-731,240,-7.242145467055743,-7.339824393887268
C-71174-8496-732,240,-10.03353761703533,-7.328193593262353
C-71174-8496-734,240,-8.542376509922466,-7.33440676454199
C-71174-8496-735,240,-8.812232865521251,-7.333282363060328
C-71174-8496-736,240,-8.26762984663978,-7.335551542305668
C-71174-8496-737,240,-8.802743009500533,-7.3333219041270805
C-71174-8496-738,240,-8.279207453843396,-7.335503302275653
C-71174-8496-74,240,-8.620145619240507,-7.334082726586498
C-71174-8496-740,240,-8.362239190066349,-7.335157336708057
C-71174-8496-741,240,-8.920303460963575,-7.332832068912651
C-71174-8496-742,240,-8.861063341725625,-7.33307890274281
C-71174-8496-743,240,-9.865133531102733,-7.328895276953739
C-71174-8496-744,240,-8.293237843613127,-7.335444842318279
C-71174-8496-745,240,-9.865164410351808,-7.328895148290201
C-71174-8496-746,240,-8.358728776203964,-7.335171963432484
C-71174-8496-748,240,-9.86517481581751,-7.328895104934094
C-71174-8496-749,240,-8.869048039234182,-7.333045633169857
C-71174-8496-75,240,-8.330628867249406,-7.33528904638646
C-71174-8496-750,240,-8.3967378632292,-7.335013592236545
C-71174-8496-751,240,-8.98439496651255,-7.332565020972864
C-71174-8496-752,240,-9.43296398115423,-7.330695983411857
C-71174-8496-753,240,-9.316562361074427,-7.33118099016219
C-71174-8496-754,240,-8.984400859847318,-7.332564996417303
C-71174-8496-755,240,-8.814916782707982,-7.33327118007205
C-71174-8496-756,240,-8.337313998996308,-7.335261191670849
C-71174-8496-757,240,-8.32375480658257,-7.3353176883059055
C-71174-8496-758,240,-8.71849344334214,-7.333672943986074
C-71174-8496-759,240,-8.984384344490289,-7.33256506523129
C-71174-8496-760,240,-8.984380379542392,-7.332565081751906
C-71174-8496-761,240,-8.64891951211592,-7.333962835366183
C-71174-8496-762,240,-8.56041514882354,-7.334331603546569
C-71174-8496-763,240,-9.251306494424036,-7.331452889606567
C-71174-8496-764,240,-8.635211652028604,-7.33401995144988
C-71174-8496-765,240,-8.726825570621756,-7.333638226789076
C-71174-8496-766,240,-8.990061389038294,-7.332541410879006
C-71174-8496-767,240,-8.819648174671654,-7.333251465938869
C-71174-8496-768,240,-8.936072189716684,-7.33276636587618
C-71174-8496-769,240,-9.858503617234813,-7.328922901594854
C-71174-8496-77,240,-8.279194101613706,-7.335503357909943
C-71174-8496-770,240,-8.490546445780355,-7.334622723142582
C-71174-8496-771,240,-9.50544407523867,-7.330393983019838
C-71174-8496-772,240,-8.81664306644722,-7.333263987223137
C-71174-8496-774,240,-8.555971872994496,-7.334350117195856
C-71174-8496-775,240,-8.631424675517483,-7.334035730518677
C-71174-8496-776,240,-8.551036664235784,-7.334370680565684
C-71174-8496-777,240,-8.984391862865712,-7.332565033904726
C-71174-8496-778,240,-8.768088550072058,-7.333466297708033
C-71174-8496-779,240,-8.544898611912446,-7.334396255783698
C-71174-8496-78,240,-8.534988482487295,-7.334437547989636
C-71174-8496-781,240,-9.865157048594178,-7.32889517896419
C-71174-8496-782,240,-11.52278103889031,-7.321988412337957
C-71174-8496-784,240,-8.486185163319291,-7.334640895152836
C-71174-8496-785,240,-8.9843830205429,-7.332565070747737
C-71174-8496-786,240,-7.840659959765437,-7.337330583500977
C-71174-8496-787,240,-8.728033000340133,-7.333633195831916
C-71174-8496-789,240,-8.957717770682432,-7.3326761759554895
C-71174-8496-790,240,-8.36262081426685,-7.335155746607222
C-71174-8496-792,240,-9.223172917000948,-7.331570112845829
C-71174-8496-793,240,-8.671817314361984,-7.333867427856825
C-71174-8496-795,240,-9.107590687039423,-7.332051705470669
C-71174-8496-796,240,-8.620154079200121,-7.334082691336666
C-71174-8496-797,240,-8.81905093940041,-7.333253954419165
C-71174-8496-798,240,-8.532298463561883,-7.334448756401826
C-71174-8496-799,240,-8.620167248113985,-7.334082636466191
C-71174-8496-8,240,-8.932558385005704,-7.332781006729143
C-71174-8496-80,240,-8.997888546823292,-7.3325087977215695
C-71174-8496-802,240,-8.486202271506817,-7.334640823868722
C-71174-8496-803,240,-8.936060206281748,-7.332766415807159
C-71174-8496-804,240,-8.239228373712102,-7.335669881776199
C-71174-8496-806,240,-11.08010505729107,-7.32383289559462
C-71174-8496-807,240,-8.662527872693726,-7.333906133863776
C-71174-8496-808,240,-8.936042082059034,-7.332766491324754
C-71174-8496-809,240,-8.45263386800566,-7.3347806922166425
C-71174-8496-81,240,-10.01573361665872,-7.328267776597255
C-71174-8496-810,240,-8.968453720793981,-7.332631442830024
C-71174-8496-812,240,-8.700977843604624,-7.333745925651646
C-71174-8496-813,240,-8.975636880519087,-7.3326015129978375
C-71174-8496-814,240,-10.33040540119395,-7.326956644161692
C-71174-8496-815,240,-11.13660244546471,-7.323597489810564
C-71174-8496-816,240,-8.984386696568817,-7.332565055430963
C-71174-8496-817,240,-9.665125414031117,-7.3297286441082035
C-71174-8496-818,240,-8.735935994984589,-7.333600266687564
C-71174-8496-819,240,-8.318408964709304,-7.335339962647044
C-71174-8496-82,240,-8.817656589034803,-7.333259764212355
C-71174-8496-820,240,-8.975628978572626,-7.332601545922614
C-71174-8496-821,240,-9.279351682017376,-7.331336034658261
C-71174-8496-822,240,-8.936075585865014,-7.332766351725563
C-71174-8496-823,240,-10.33322943844983,-7.326944877339793
C-71174-8496-824,240,-8.630820061577374,-7.334038249743427
C-71174-8496-825,240,-8.536879654324382,-7.334429668106981
C-71174-8496-826,240,-10.17346316324468,-7.327610570153147
C-71174-8496-827,240,-8.528541604499734,-7.334464409981251
C-71174-8496-828,240,-8.98436806815291,-7.332565133049362
C-71174-8496-829,240,-8.455779478518572,-7.334767585506173
C-71174-8496-83,240,-8.984380459896734,-7.332565081417097
C-71174-8496-830,240,-8.451319413650904,-7.334786169109788
C-71174-8496-831,240,-10.25550840179048,-7.32726871499254
C-71174-8496-832,240,-8.556380685314343,-7.33434841381119
C-71174-8496-833,240,-8.925296516387842,-7.33281126451505
C-71174-8496-834,240,-9.073995405348356,-7.332191685811049
C-71174-8496-835,240,-8.486202851957145,-7.334640821450178
C-71174-8496-836,240,-8.750028776684598,-7.333541546763814
C-71174-8496-837,240,-8.936078371297574,-7.332766340119593
C-71174-8496-838,240,-10.35771089783586,-7.326842871259017
C-71174-8496-839,240,-8.817798153928157,-7.333259174358632
C-71174-8496-84,240,-8.452160879294796,-7.3347826630029385
C-71174-8496-840,240,-8.984384578746715,-7.332565064255221
C-71174-8496-841,240,-8.861149297104262,-7.3330785445953985
C-71174-8496-842,240,-8.984387686962421,-7.332565051304323
C-71174-8496-843,240,-8.501543128830082,-7.334576903629875
C-71174-8496-844,240,-8.936073512362245,-7.332766360365157
C-71174-8496-845,240,-8.580962760095353,-7.334245988499602
C-71174-8496-846,240,-8.814914245690618,-7.3332711906429555
C-71174-8496-847,240,-8.975632700609399,-7.332601530414127
C-71174-8496-848,240,-9.865162632105948,-7.328895155699558
C-71174-8496-850,240,-9.413157192376756,-7.33077851169843
C-71174-8496-852,240,-9.605137009144594,-7.329978595795231
C-71174-8496-853,240,-9.02204130822056,-7.3324081612157475
C-71174-8496-855,240,-11.40643549717891,-7.322473185428421
C-71174-8496-856,240,-7.97971249165783,-7.3367511979514255
C-71174-8496-857,240,-8.984400555709994,-7.332564997684542
C-71174-8496-859,240,-8.28170728832344,-7.335492886298653
C-71174-8496-86,240,-8.639549025119392,-7.3340018790620025
C-71174-8496-860,240,-8.455766333672676,-7.334767640276364
C-71174-8496-861,240,-8.451734913549705,-7.334784437860209
C-71174-8496-862,240,-9.690788765504198,-7.329621713477065
C-71174-8496-863,240,-7.964675969708724,-7.336813850126214
C-71174-8496-864,240,-8.546142263344226,-7.334391073902732
C-71174-8496-865,240,-8.812220756759,-7.333282413513504
C-71174-8496-866,240,-9.162198249944494,-7.331824173958564
C-71174-8496-867,240,-7.827128150829267,-7.337386966038211
C-71174-8496-868,240,-8.930186788747061,-7.33279088838022
C-71174-8496-869,240,-8.396725492648283,-7.3350136437806315
C-71174-8496-87,240,-9.605132124374911,-7.329978616148438
C-71174-8496-870,240,-11.13665200005943,-7.323597283333085
C-71174-8496-871,240,-10.4810403146093,-7.326328998689127
C-71174-8496-872,240,-8.660091856968984,-7.3339162839292955
C-71174-8496-874,240,-8.93605639569023,-7.3327664316846235
C-71174-8496-875,240,-8.584747501088488,-7.334230218745464
C-71174-8496-876,240,-9.865171167500584,-7.328895120135414
C-71174-8496-877,240,-8.647336138772683,-7.333969432755113
C-71174-8496-878,240,-7.4553110233892,-7.338936204069212
C-71174-8496-88,240,-8.984400772894483,-7.332564996779606
C-71174-8496-880,240,-8.360046620687754,-7.335166472413801
C-71174-8496-881,240,-10.88497528426055,-7.324645936315581
C-71174-8496-882,240,-8.372676556601744,-7.335113847680826
C-71174-8496-883,240,-8.455778405382347,-7.334767589977574
C-71174-8496-884,240,-11.13662298574006,-7.323597404226082
C-71174-8496-885,240,-9.865162445284446,-7.328895156477982
C-71174-8496-886,240,-8.819052691498452,-7.333253947118757
C-71174-8496-887,240,-8.80270618358922,-7.333322057568378
C-71174-8496-888,240,-9.125068210163143,-7.331978882457653
C-71174-8496-889,240,-8.536373694891594,-7.334431776271285
C-71174-8496-89,240,-8.984393293457051,-7.332565027943929
C-71174-8496-890,240,-9.130975010808728,-7.331954270788297
C-71174-8496-891,240,-9.858503584959305,-7.328922901729336
C-71174-8496-892,240,-11.08011887740687,-7.323832838010804
C-71174-8496-893,240,-8.98438734106389,-7.332565052745567
C-71174-8496-895,240,-8.691725971674604,-7.333784475118022
C-71174-8496-896,240,-9.98182681278231,-7.32840905494674
C-71174-8496-897,240,-8.539938162201313,-7.334416924324161
C-71174-8496-898,240,-8.984377106311165,-7.33256509539037
C-71174-8496-9,240,-9.730726382631715,-7.3294553067390344
C-71174-8496-90,240,-9.86517368380359,-7.328895109650818
C-71174-8496-900,240,-9.00177078129184,-7.332492621744617
C-71174-8496-901,240,-8.936063686306564,-7.3327664013070555
C-71174-8496-902,240,-8.790503719833064,-7.333372901167362
C-71174-8496-903,240,-8.346162550566007,-7.335224322705974
C-71174-8496-904,240,-10.36180945122057,-7.3268257939532475
C-71174-8496-905,240,-8.819658246039435,-7.333251423974835
C-71174-8496-907,240,-9.298303191329312,-7.331257070036128
C-71174-8496-908,240,-10.05908460992612,-7.328087147458641
C-71174-8496-909,240,-9.061901181319366,-7.332242078411169
C-71174-8496-91,240,-9.752565222565991,-7.3293643115726415
C-71174-8496-911,240,-8.98438505077671,-7.33256506228843
C-71174-8496-912,240,-8.984381437419502,-7.332565077344086
C-71174-8496-913,240,-9.157677985968238,-7.3318430083917985
C-71174-8496-914,240,-11.13661776746793,-7.323597425968884
C-71174-8496-915,240,-9.556148474990556,-7.330182714687539
C-71174-8496-916,240,-8.67375399354662,-7.333859358360223
C-71174-8496-917,240,-8.984393683573735,-7.332565026318443
C-71174-8496-919,240,-8.472352181046189,-7.334698532578973
C-71174-8496-920,240,-11.406439239153,-7.322473169836862
C-71174-8496-921,240,-9.665111382797598,-7.329728702571676
C-71174-8496-922,240,-8.819062325960699,-7.333253906975163
C-71174-8496-923,240,-8.814420788989786,-7.333273246712542
C-71174-8496-924,240,-9.298286710312471,-7.3312571387070316
C-71174-8496-925,240,-8.86818461262389,-7.333049230780733
C-71174-8496-926,240,-9.157245248603887,-7.33184481146415
C-71174-8496-927,240,-8.98439299630533,-7.332565029182061
C-71174-8496-93,240,-8.964396507344267,-7.332648347886066
C-71174-8496-930,240,-8.490524640981965,-7.334622813995908
C-71174-8496-931,240,-8.72233794170431,-7.333656925242898
C-71174-8496-932,240,-8.205380184107996,-7.3358109158995495
C-71174-8496-933,240,-8.61738582021367,-7.3340942257491095
C-71174-8496-934,240,-8.984380528108536,-7.3325650811328815
C-71174-8496-935,240,-9.593766964993215,-7.330025970979195
C-71174-8496-936,240,-8.790504931539248,-7.333372896118586
C-71174-8496-937,240,-9.013880742139028,-7.332442163574421
C-71174-8496-938,240,-8.670541823685259,-7.3338727424013115
C-71174-8496-939,240,-8.98202114505018,-7.332574911895624
C-71174-8496-94,240,-8.279216358190158,-7.335503265174208
C-71174-8496-940,240,-8.279211482365945,-7.335503285490142
C-71174-8496-942,240,-9.780337943013999,-7.329248591904108
C-71174-8496-943,240,-8.819053636693774,-7.333253943180442
C-71174-8496-944,240,-8.279222442477998,-7.335503239823009
C-71174-8496-945,240,-8.846812993987289,-7.3331382791917195
C-71174-8496-946,240,-8.916552535385831,-7.332847697769226
C-71174-8496-947,240,-8.390221149118041,-7.335040745212008
C-71174-8496-948,240,-8.681600859904943,-7.333826663083729
C-71174-8496-949,240,-8.373155427894856,-7.335111852383772
C-71174-8496-951,240,-8.927037965658547,-7.332804008476422
C-71174-8496-952,240,-8.279216530748041,-7.335503264455216
C-71174-8496-953,240,-8.975646046976538,-7.332601474804264
C-71174-8496-955,240,-8.45577417149899,-7.334767607618755
C-71174-8496-957,240,-8.972650012509197,-7.332613958281212
C-71174-8496-958,240,-10.17346699697287,-7.327610554179279
C-71174-8496-959,240,-8.984384113827733,-7.332565066192385
C-71174-8496-96,240,-8.622884282951697,-7.3340713154877015
C-71174-8496-961,240,-8.38798086167616,-7.335050079743016
C-71174-8496-962,240,-9.089141385062268,-7.332128577562241
C-71174-8496-97,240,-9.133946376041619,-7.331941890099826
C-71174-8496-98,240,-8.666608946174392,-7.33388912939094
C-71174-8496-99,240,-8.663808105369728,-7.3339007995609595
C-97510-5923-10,240,-9.088123580815383,-7.332132818413269
C-97510-5923-100,240,-11.26868788700334,-7.3230471338041525
C-97510-5923-1000,240,-9.884848109216204,-7.328813132878266
C-97510-5923-1001,240,-9.123982862238107,-7.331983404740674
C-97510-5923-1002,240,-8.984403307605552,-7.33256498621831
C-97510-5923-1003,240,-8.783157970015537,-7.333403508458269
C-97510-5923-1004,240,-8.297501887767277,-7.335427075467636
C-97510-5923-1005,240,-8.848277206700695,-7.333132178305414
C-97510-5923-1006,240,-8.984382909172748,-7.332565071211779
C-97510-5923-1007,240,-8.936064721357804,-7.332766396994343
C-97510-5923-1008,240,-9.473297585514043,-7.330527926727025
C-97510-5923-101,240,-8.964034316633267,-7.332649857014029
C-97510-5923-1012,240,-8.813563054739747,-7.333276820605251
C-97510-5923-1013,240,-8.9313872252366,-7.332785886561513
C-97510-5923-1014,240,-8.548459659027177,-7.3343814180873865
C-97510-5923-1015,240,-8.374397782048861,-7.33510667590813
C-97510-5923-1017,240,-8.975631422481252,-7.332601535739661
C-97510-5923-1018,240,-12.85996494539616,-7.316416812727516
C-97510-5923-102,240,-11.40639852630161,-7.322473339473743
C-97510-5923-1020,240,-8.54784040399377,-7.334383998316692
C-97510-5923-1021,240,-8.802739079350975,-7.333321920502704
C-97510-5923-1022,240,-8.882193568799192,-7.3329908601300025
C-97510-5923-1023,240,-9.920997443318658,-7.328662510652839
C-97510-5923-1024,240,-9.170222674565386,-7.331790738855977
C-97510-5923-1025,240,-8.568786815972432,-7.334296721600114
C-97510-5923-1026,240,-8.548467232561048,-7.334381386530995
C-97510-5923-1027,240,-8.687837938364622,-7.333800675256814
C-97510-5923-1028,240,-9.845767384863072,-7.328975969229736
C-97510-5923-1029,240,-9.160556877989924,-7.331831013008375
C-97510-5923-103,240,-8.984391677024169,-7.332565034679066
C-97510-5923-1031,240,-10.55606208300732,-7.326016407987469
C-97510-5923-1032,240,-8.62016437444679,-7.3340826484398045
C-97510-5923-1033,240,-8.984380881885244,-7.332565079658811
C-97510-5923-1034,240,-8.918395646925369,-7.332840018137811
C-97510-5923-1035,240,-8.35791777850673,-7.3351753425895545
C-97510-5923-1038,240,-8.325009365320243,-7.335312460977832
C-97510-5923-1039,240,-8.98436750024124,-7.332565135415662
C-97510-5923-104,240,-8.819093872946674,-7.333253775529388
C-97510-5923-1040,240,-8.527702657242633,-7.334467905594822
C-97510-5923-1041,240,-8.984387971281738,-7.332565050119659
C-97510-5923-1042,240,-9.558267108741742,-7.330173887046909
C-97510-5923-1043,240,-9.174478423645052,-7.331773006568145
C-97510-5923-1046,240,-9.12573345989011,-7.331976110583791
C-97510-5923-1047,240,-8.802756933185298,-7.333321846111728
C-97510-5923-1048,240,-8.4495195666278,-7.3347936684723845
C-97510-5923-1049,240,-8.984364007289,-7.3325651499696285
C-97510-5923-105,240,-8.43053836159278,-7.334872756826696
C-97510-5923-1050,240,-8.620161589568793,-7.334082660043463
C-97510-5923-1051,240,-8.645192535883524,-7.333978364433818
C-97510-5923-1053,240,-8.555505008329781,-7.334352062465292
C-97510-5923-1054,240,-9.25129311566013,-7.331452945351416
C-97510-5923-1055,240,-10.387961993082,-7.326716825028825
C-97510-5923-1056,240,-8.620153583876956,-7.3340826934005126
C-97510-5923-1057,240,-10.0902696494171,-7.3279572097940955
C-97510-5923-1059,240,-8.369072384543088,-7.335128865064403
C-97510-5923-106,240,-9.31962333958515,-7.331168236085062
C-97510-5923-1062,240,-8.448062875807002,-7.3347997380174705
C-97510-5923-1063,240,-9.26291543021009,-7.331404519040791
C-97510-5923-1064,240,-8.545830594435348,-7.334392372523186
C-97510-5923-1067,240,-8.620170388601219,-7.334082623380827
C-97510-5923-1069,240,-8.541078616303055,-7.33441217243207
C-97510-5923-107,240,-8.983587318653763,-7.332568386172276
C-97510-5923-1070,240,-8.200674024048364,-7.335830524899799
C-97510-5923-1071,240,-8.046296186470112,-7.336473765889708
C-97510-5923-1072,240,-8.729969397924206,-7.3336251275086495
C-97510-5923-1073,240,-9.430983480569063,-7.330704235497629
C-97510-5923-1074,240,-8.145767106912208,-7.336059303721199
C-97510-5923-1075,240,-9.102584619932184,-7.3320725640836155
C-97510-5923-1076,240,-8.98439719077905,-7.332565011705087
C-97510-5923-1077,240,-8.47292421651802,-7.334696149097841
C-97510-5923-1078,240,-9.537302496152819,-7.330261239599364
C-97510-5923-1079,240,-8.552208798883589,-7.334365796671318
C-97510-5923-1080,240,-8.486192783323624,-7.334640863402819
C-97510-5923-1081,240,-9.021325055254065,-7.332411145603108
C-97510-5923-1082,240,-8.546749270000426,-7.3343885447083315
C-97510-5923-1083,240,-9.296933331735367,-7.331262777784436
C-97510-5923-1084,240,-10.00337549621987,-7.328319268765751
C-97510-5923-1085,240,-8.620141134947183,-7.334082745271052
C-97510-5923-1086,240,-8.455775635456087,-7.334767601518933
C-97510-5923-1087,240,-8.820098348240109,-7.333249590215666
C-97510-5923-1089,240,-9.496056232570421,-7.330433099030956
C-97510-5923-109,240,-8.728834591333433,-7.333629855869444
C-97510-5923-1090,240,-8.381586361561341,-7.335076723493494
C-97510-5923-1091,240,-8.984375392579233,-7.3325651025309195
C-97510-5923-1092,240,-8.98439361058261,-7.332565026622572
C-97510-5923-1093,240,-8.73596756043876,-7.333600135164839
C-97510-5923-1094,240,-8.366931650926032,-7.335137784787808
C-97510-5923-1095,240,-11.40642170039911,-7.322473242915004
C-97510-5923-1096,240,-7.977148363334676,-7.336761881819439
C-97510-5923-1097,240,-8.698760106927825,-7.333755166221134
C-97510-5923-1098,240,-8.81965638978802,-7.333251431709217
C-97510-5923-11,240,-8.723429023290347,-7.3336523790696235
C-97510-5923-1101,240,-7.827120783784508,-7.337386996734231
C-97510-5923-1102,240,-8.534206589243691,-7.334440805878151
C-97510-5923-1103,240,-8.790504437101585,-7.333372898178743
C-97510-5923-1104,240,-9.828161606916321,-7.329049326637848
C-97510-5923-1105,240,-9.298038568389732,-7.331258172631709
C-97510-5923-1106,240,-8.728847037812626,-7.333629804009115
C-97510-5923-1108,240,-10.54140209186237,-7.326077491283907
C-97510-5923-1109,240,-8.817657416965586,-7.333259760762643
C-97510-5923-111,240,-8.267642162997479,-7.335551490987511
C-97510-5923-1110,240,-11.40643258076052,-7.322473197580164
C-97510-5923-1111,240,-8.60028118873643,-7.334165495046931
C-97510-5923-1112,240,-8.396405002544968,-7.335014979156062
C-97510-5923-1113,240,-9.858496372100152,-7.328922931782915
C-97510-5923-1114,240,-8.130367444398345,-7.336123468981673
C-97510-5923-1115,240,-8.371165110347345,-7.335120145373552
C-97510-5923-1117,240,-11.08014102088283,-7.323832745746321
C-97510-5923-1119,240,-9.376004380836237,-7.330933315079848
C-97510-5923-112,240,-8.553878475286492,-7.334358839686306
C-97510-5923-1120,240,-8.555947317906217,-7.334350219508724
C-97510-5923-1121,240,-8.451353425247396,-7.334786027394802
C-97510-5923-1122,240,-8.533249189968299,-7.334444795041799
C-97510-5923-1123,240,-8.971526845018674,-7.332618638145756
C-97510-5923-1126,240,-8.978222719861064,-7.332590738667245
C-97510-5923-1127,240,-8.834660491597125,-7.333188914618345
C-97510-5923-1128,240,-9.940795473188114,-7.328580018861716
C-97510-5923-1129,240,-8.252912658414997,-7.335612863923271
C-97510-5923-113,240,-8.65795058571232,-7.333925205892865
C-97510-5923-1130,240,-8.975646055884022,-7.3326014747671495
C-97510-5923-1131,240,-10.48106434132816,-7.326328898577799
C-97510-5923-1132,240,-8.341787320272328,-7.335242552832199
C-97510-5923-1133,240,-8.802723626777015,-7.333321984888429
C-97510-5923-1134,240,-9.03475544569311,-7.332355185642945
C-97510-5923-1135,240,-8.984392566032389,-7.332565030974865
C-97510-5923-1137,240,-8.413826483323007,-7.334942389652821
C-97510-5923-1138,240,-8.553372975866187,-7.3343609459338905
C-97510-5923-1140,240,-9.106897860490264,-7.332054592247957
C-97510-5923-1141,240,-8.359012778546296,-7.33517078008939
C-97510-5923-1142,240,-8.359569093965728,-7.335168462108475
C-97510-5923-1143,240,-8.984395440751102,-7.3325650189968705
C-97510-5923-1144,240,-8.455758918645111,-7.334767671172312
C-97510-5923-1145,240,-8.98437536873928,-7.3325651026302525
C-97510-5923-1146,240,-8.324005938977493,-7.335316641920927
C-97510-5923-1147,240,-8.847401028560757,-7.333135829047663
C-97510-5923-1149,240,-12.82219552160389,-7.31657418532665
C-97510-5923-115,240,-8.50675654439747,-7.334555181065011
C-97510-5923-1150,240,-8.817677408285158,-7.333259677465478
C-97510-5923-1151,240,-8.936070845195413,-7.332766371478352
C-97510-5923-1152,240,-8.620155345895972,-7.334082686058767
C-97510-5923-1153,240,-8.632195368814763,-7.3340325192966045
C-97510-5923-1154,240,-8.984381832684146,-7.332565075697149
C-97510-5923-1155,240,-8.633622298540894,-7.33402657375608
C-97510-5923-1156,240,-9.496053755196362,-7.330433109353349
C-97510-5923-1157,240,-8.864970416487115,-7.333062623264637
C-97510-5923-1158,240,-8.577305133715315,-7.3342612286095195
C-97510-5923-1159,240,-8.779319279658882,-7.333419503001421
C-97510-5923-116,240,-8.458057006495622,-7.334758095806268
C-97510-5923-1160,240,-8.966206602119508,-7.332640805824502
C-97510-5923-1161,240,-8.526690242753675,-7.334472123988527
C-97510-5923-1163,240,-9.367285249637096,-7.330969644793179
C-97510-5923-1164,240,-8.93605857693202,-7.332766422596117
C-97510-5923-1165,240,-8.833376564935383,-7.333194264312769
C-97510-5923-1166,240,-9.858488753368587,-7.3289229635276305
C-97510-5923-1167,240,-8.940907813889526,-7.332746217442127
C-97510-5923-1168,240,-8.953956410473392,-7.332691848289694
C-97510-5923-1169,240,-8.450405577612381,-7.334789976759948
C-97510-5923-117,240,-10.45764425603662,-7.3264264822665135
C-97510-5923-1170,240,-8.333795080361815,-7.335275853831826
C-97510-5923-1172,240,-9.29830738529324,-7.331257052561279
C-97510-5923-1173,240,-9.2586790282423,-7.331422170715657
C-97510-5923-1174,240,-8.819042647220574,-7.333253988969914
C-97510-5923-1175,240,-8.936066274128947,-7.332766390524463
C-97510-5923-1176,240,-8.542843238014727,-7.334404819841605
C-97510-5923-1177,240,-8.614924448666542,-7.33410448146389
C-97510-5923-1178,240,-8.819056659039203,-7.333253930587336
C-97510-5923-1180,240,-8.546789069227156,-7.33438837887822
C-97510-5923-1181,240,-11.13660251450588,-7.323597489522892
C-97510-5923-1182,240,-9.422086888661559,-7.3307413046305765
C-97510-5923-1183,240,-8.984390476041193,-7.332565039683161
C-97510-5923-1184,240,-8.018606034350801,-7.336589141523538
C-97510-5923-1185,240,-8.370612566361684,-7.33512244764016
C-97510-5923-1186,240,-8.452141166597528,-7.334782745139177
C-97510-5923-1188,240,-8.549165215549554,-7.334378478268544
C-97510-5923-1189,240,-9.038960580958312,-7.332337664246007
C-97510-5923-119,240,-8.816637738386467,-7.33326400942339
C-97510-5923-1190,240,-8.35764751260194,-7.335176468697492
C-97510-5923-1191,240,-10.17346405395103,-7.327610566441871
C-97510-5923-1192,240,-12.02100321161639,-7.319912486618265
C-97510-5923-1193,240,-8.36914755749479,-7.335128551843771
C-97510-5923-1194,240,-8.622909062583211,-7.334071212239237
C-97510-5923-1195,240,-9.035166030393428,-7.3323534748733605
C-97510-5923-1197,240,-8.765825566846694,-7.333475726804806
C-97510-5923-1198,240,-8.267622745528186,-7.335551571893633
C-97510-5923-1199,240,-8.316095473988275,-7.335349602191715
C-97510-5923-12,240,-8.394033494079897,-7.335024860441334
C-97510-5923-120,240,-8.572929996971826,-7.33427945834595
C-97510-5923-1200,240,-8.630235316521553,-7.33404068618116
C-97510-5923-1201,240,-8.637671786182946,-7.334009700890904
C-97510-5923-1202,240,-8.817659509392929,-7.333259752044196
C-97510-5923-1203,240,-8.486157831065311,-7.334641009037227
C-97510-5923-1204,240,-8.60129516514694,-7.334161270145221
C-97510-5923-1205,240,-8.984382139758566,-7.332565074417673
C-97510-5923-1206,240,-9.016621175081962,-7.332430745103824
C-97510-5923-1207,240,-8.819052477434484,-7.3332539480106895
C-97510-5923-1208,240,-9.297483052702407,-7.331260487280407
C-97510-5923-1209,240,-8.547381016482134,-7.334385912431324
C-97510-5923-121,240,-9.5561723575359,-7.330182615176934
C-97510-5923-1210,240,-8.81905580866798,-7.33325393413055
C-97510-5923-1211,240,-8.441812366384328,-7.334825781806732
C-97510-5923-1212,240,-10.63556262285481,-7.325685155738104
C-97510-5923-1213,240,-8.484019053332705,-7.334649920611113
C-97510-5923-1214,240,-8.81964573547199,-7.3332514761022
C-97510-5923-1215,240,-8.63108191630426,-7.334037158682065
C-97510-5923-1216,240,-8.26764201136242,-7.335551491619324
C-97510-5923-1217,240,-8.975653734071884,-7.332601442774701
C-97510-5923-1218,240,-8.279196486800977,-7.335503347971662
C-97510-5923-1219,240,-8.556365615747088,-7.334348476601053
C-97510-5923-122,240,-8.81905458838436,-7.333253939215065
C-97510-5923-1220,240,-8.317446705717717,-7.335343972059509
C-97510-5923-1221,240,-9.920627935398015,-7.3286640502691744
C-97510-5923-1222,240,-8.539932105001604,-7.334416949562494
C-97510-5923-1223,240,-9.25692187547652,-7.3314294921855145
C-97510-5923-1224,240,-8.626060889982627,-7.334058079625072
C-97510-5923-1225,240,-8.547878077120918,-7.334383841345329
C-97510-5923-1226,240,-8.984368187999623,-7.332565132550001
C-97510-5923-1228,240,-8.984392624955346,-7.332565030729353
C-97510-5923-1229,240,-8.38795337891448,-7.3350501942545225
C-97510-5923-123,240,-9.665086264228485,-7.329728807232382
C-97510-5923-1230,240,-8.352118450355018,-7.3351995064568545
C-97510-5923-1231,240,-12.38656032731095,-7.318389331969538
C-97510-5923-1232,240,-8.97737315174415,-7.332594278534399
C-97510-5923-1233,240,-8.700991518339881,-7.333745868673584
C-97510-5923-1234,240,-10.35768961429709,-7.3268429599404294
C-97510-5923-1235,240,-9.858494303581567,-7.328922940401743
C-97510-5923-1236,240,-8.98438432577592,-7.332565065309267
C-97510-5923-1237,240,-8.423487491300998,-7.334902135452912
C-97510-5923-1239,240,-8.445225750574807,-7.334811559372605
C-97510-5923-124,240,-8.961190964036156,-7.332661704316516
C-97510-5923-1241,240,-8.969687990538358,-7.332626300039423
C-97510-5923-1242,240,-8.814441973531773,-7.3332731584436175
C-97510-5923-1243,240,-8.620169717118497,-7.334082626178673
C-97510-5923-1245,240,-8.819061671994906,-7.333253909700021
C-97510-5923-1246,240,-9.858483342338076,-7.328922986073591
C-97510-5923-1247,240,-8.095919019317163,-7.336267004086179
C-97510-5923-1248,240,-8.90555220360369,-7.332893532484984
C-97510-5923-1249,240,-8.98439043853581,-7.332565039839434
C-97510-5923-125,240,-8.539911886073071,-7.334417033808029
C-97510-5923-1250,240,-9.904952556631171,-7.32872936434737
C-97510-5923-1251,240,-8.867206710754958,-7.333053305371854
C-97510-5923-1252,240,-8.481445317788399,-7.334660644509214
C-97510-5923-1253,240,-9.606945621692784,-7.329971059909613
C-97510-5923-1254,240,-8.938501656714497,-7.332756243097022
C-97510-5923-1255,240,-9.06877873872778,-7.332213421921967
C-97510-5923-1256,240,-8.78223930038664,-7.3334073362483885
C-97510-5923-1259,240,-8.848271561028968,-7.333132201829046
C-97510-5923-126,240,-11.13661565667535,-7.323597434763853
C-97510-5923-1260,240,-8.939928894745798,-7.332750296271892
C-97510-5923-1261,240,-9.865152532922641,-7.328895197779489
C-97510-5923-1262,240,-8.909336551758996,-7.33287776436767
C-97510-5923-1263,240,-8.704605639109934,-7.333730809837041
C-97510-5923-1264,240,-9.046317665804656,-7.332307009725813
C-97510-5923-1265,240,-8.984399596660404,-7.332565001680582
C-97510-5923-1266,240,-8.381797479277148,-7.3350758438363455
C-97510-5923-1267,240,-8.860567398996775,-7.3330809691708465
C-97510-5923-1268,240,-8.773607564028373,-7.333443301816548
C-97510-5923-1269,240,-9.088124187475632,-7.332132815885518
C-97510-5923-127,240,-8.073640731508098,-7.336359830285383
C-97510-5923-1271,240,-8.538237306568487,-7.334424011222631
C-97510-5923-1272,240,-8.5522040098637,-7.334365816625567
C-97510-5923-1273,240,-8.765839995107848,-7.33347566668705
C-97510-5923-1274,240,-8.984400450588462,-7.332564998122548
C-97510-5923-1275,240,-10.20335511236387,-7.327486020365151
C-97510-5923-1276,240,-8.977779258826876,-7.332592586421555
C-97510-5923-1277,240,-7.958057235765681,-7.33684142818431
C-97510-5923-1278,240,-8.486197254583727,-7.334640844772568
C-97510-5923-1279,240,-9.147846527377865,-7.331883972802592
C-97510-5923-128,240,-11.08016344397134,-7.323832652316786
C-97510-5923-1281,240,-8.631241032912449,-7.334036495696198
C-97510-5923-1282,240,-8.819066512470522,-7.333253889531373
C-97510-5923-1283,240,-8.406318601620375,-7.334973672493248
C-97510-5923-1284,240,-8.775466092528747,-7.333435557947796
C-97510-5923-1285,240,-8.599211080125148,-7.334169953832812
C-97510-5923-1286,240,-7.414387008147258,-7.3391067207993865
C-97510-5923-1287,240,-8.558378396584594,-7.334340090014231
C-97510-5923-1288,240,-9.865159398684169,-7.3288951691721484
C-97510-5923-129,240,-8.544166270698572,-7.334399307205422
C-97510-5923-1290,240,-11.13664193225022,-7.32359732528229
C-97510-5923-1291,240,-9.298292771239819,-7.331257113453167
C-97510-5923-1292,240,-9.159365235139378,-7.331835978186919
C-97510-5923-1293,240,-9.54163972130568,-7.330243167827892
C-97510-5923-1294,240,-8.338190375856275,-7.335257540100598
C-97510-5923-1295,240,-8.486195230324265,-7.334640853206982
C-97510-5923-1296,240,-8.267622077680246,-7.335551574676332
C-97510-5923-1297,240,-8.790526384070098,-7.333372806733041
C-97510-5923-1298,240,-8.583094368191732,-7.334237106799201
C-97510-5923-1299,240,-7.979721792624367,-7.336751159197399
C-97510-5923-13,240,-8.035369338688978,-7.336519294422129
C-97510-5923-130,240,-8.569417483684553,-7.334294093817982
C-97510-5923-1300,240,-10.30350028039476,-7.327068748831689
C-97510-5923-1301,240,-8.552682978761133,-7.334363820921828
C-97510-5923-1304,240,-8.984377149477977,-7.332565095210509
C-97510-5923-1305,240,-8.936055823177243,-7.332766434070095
C-97510-5923-1306,240,-8.535228008376281,-7.334436549965099
C-97510-5923-1308,240,-8.308242519553929,-7.3353823228351915
C-97510-5923-1309,240,-11.79195262225271,-7.320866864073947
C-97510-5923-1310,240,-8.373714744844195,-7.335109521896483
C-97510-5923-1311,240,-9.151334651143992,-7.331869438953566
C-97510-5923-1312,240,-8.795323744769028,-7.333352817730129
C-97510-5923-1313,240,-8.546228299215825,-7.334390715419934
C-97510-5923-1314,240,-9.626734177819438,-7.3298886075924194
C-97510-5923-1315,240,-8.631266553859799,-7.334036389358917
C-97510-5923-1316,240,-8.490552326330608,-7.334622698640289
C-97510-5923-1317,240,-8.952046788917384,-7.332699805046177
C-97510-5923-1318,240,-8.035374845658106,-7.3365192714764245
C-97510-5923-132,240,-8.355322871267202,-7.335186154703053
C-97510-5923-1320,240,-8.984382903074366,-7.332565071237189
C-97510-5923-1321,240,-9.865153078010225,-7.328895195508291
C-97510-5923-1322,240,-11.13659272307594,-7.323597530320517
C-97510-5923-1323,240,-8.814698851488103,-7.333272088118799
C-97510-5923-1324,240,-8.936062610832021,-7.3327664057882
C-97510-5923-1326,240,-8.367730132734815,-7.3351344577802715
C-97510-5923-1327,240,-8.351360662076594,-7.335202663908015
C-97510-5923-1328,240,-9.886515946422477,-7.328806183556574
C-97510-5923-1329,240,-8.504187944593433,-7.334565883564194
C-97510-5923-1330,240,-8.34616069494397,-7.335224330437733
C-97510-5923-1331,240,-7.913660264809412,-7.337026415563295
C-97510-5923-1332,240,-7.827113371219719,-7.337387027619918
C-97510-5923-1333,240,-8.812241463080671,-7.333282327237163
C-97510-5923-1334,240,-8.534193635606705,-7.334440859851639
C-97510-5923-1335,240,-9.092675487265172,-7.332113852136396
C-97510-5923-1336,240,-8.346157986260817,-7.335224341723913
C-97510-5923-1337,240,-8.478708274723575,-7.334672048855318
C-97510-5923-134,240,-8.035383209895242,-7.336519236625437
C-97510-5923-1341,240,-9.424232861001915,-7.330732363079159
C-97510-5923-1342,240,-8.997919263033904,-7.332508669737359
C-97510-5923-1343,240,-10.36181071649178,-7.326825788681284
C-97510-5923-1344,240,-8.790518547387416,-7.333372839385886
C-97510-5923-1345,240,-9.865147758586481,-7.328895217672556
C-97510-5923-1346,240,-8.54050658478928,-7.3344145558967115
C-97510-5923-1347,240,-9.865168362883464,-7.3288951318213185
C-97510-5923-1349,240,-8.608203457324755,-7.33413248559448
C-97510-5923-135,240,-11.29579646339646,-7.322934181402514
C-97510-5923-1350,240,-8.936058386463,-7.332766423389738
C-97510-5923-1351,240,-8.216029393485869,-7.335766544193809
C-97510-5923-1352,240,-8.25324840213055,-7.335611464991122
C-97510-5923-1353,240,-9.605743017223913,-7.329976070761567
C-97510-5923-1355,240,-11.13659975361026,-7.323597501026624
C-97510-5923-1358,240,-8.834677106019615,-7.333188845391585
C-97510-5923-1359,240,-8.984394440374029,-7.332565023165108
C-97510-5923-136,240,-11.0801369616263,-7.32383276265989
C-97510-5923-1360,240,-9.865178098269212,-7.328895091257211
C-97510-5923-1362,240,-8.989593373901917,-7.332543360942075
C-97510-5923-1363,240,-9.041419279510983,-7.332327419668704
C-97510-5923-1364,240,-8.742323846135765,-7.3335736506411004
C-97510-5923-1365,240,-8.936092666485754,-7.332766280556309
C-97510-5923-1366,240,-8.284572589916998,-7.335480947542012
C-97510-5923-1368,240,-8.486182780310557,-7.334640905082039
C-97510-5923-1369,240,-10.36179853661107,-7.326825839430787
C-97510-5923-137,240,-8.975663390435518,-7.332601402539852
C-97510-5923-1370,240,-8.96863553446468,-7.332630685273063
C-97510-5923-1372,240,-8.936068199910673,-7.332766382500371
C-97510-5923-1373,240,-8.8905301311,-7.33295612445375
C-97510-5923-1374,240,-9.297141885013945,-7.331261908812442
C-97510-5923-1375,240,-8.614931442849976,-7.3341044523214585
C-97510-5923-1376,240,-8.620146869319758,-7.334082721377834
C-97510-5923-1377,240,-8.984394312084065,-7.332565023699649
C-97510-5923-1379,240,-8.984391364629609,-7.33256503598071
C-97510-5923-138,240,-9.219613739765732,-7.331584942750976
C-97510-5923-1380,240,-8.209055795236086,-7.335795600853183
C-97510-5923-1381,240,-8.486193425023483,-7.334640860729069
C-97510-5923-1382,240,-8.756688000071106,-7.333513799999704
C-97510-5923-1383,240,-8.267632027419499,-7.3355515332190855
C-97510-5923-1384,240,-8.7206063935565,-7.3336641400268485
C-97510-5923-1386,240,-8.984395642779846,-7.332565018155083
C-97510-5923-1387,240,-8.795313130558055,-7.3333528619560076
C-97510-5923-1389,240,-8.620468061881398,-7.334081383075494
C-97510-5923-139,240,-8.984388184571847,-7.332565049230951
C-97510-5923-1390,240,-8.975620931055293,-7.332601579453936
C-97510-5923-1391,240,-8.790502751641506,-7.333372905201494
C-97510-5923-1392,240,-8.372643595939765,-7.335113985016918
C-97510-5923-1394,240,-8.279217706591472,-7.3355032595558685
C-97510-5923-1395,240,-8.342503525654267,-7.3352395686431064
C-97510-5923-1398,240,-8.714195310591164,-7.333690852872537
C-97510-5923-14,240,-9.86517797083914,-7.32889509178817
C-97510-5923-140,240,-8.717257642746736,-7.333678093155222
C-97510-5923-1400,240,-9.969660383735043,-7.328459748401103
C-97510-5923-1401,240,-8.647332843101337,-7.333969446487077
C-97510-5923-1402,240,-8.552452909408414,-7.334364779544131
C-97510-5923-1403,240,-9.159376672100434,-7.331835930532915
C-97510-5923-1404,240,-8.620478516827706,-7.334081339513218
C-97510-5923-1405,240,-10.36046110584021,-7.326831412058999
C-97510-5923-1406,240,-8.98438341964296,-7.332565069084821
C-97510-5923-1407,240,-8.984389519241855,-7.332565043669826
C-97510-5923-1409,240,-8.744298531755712,-7.333565422784351
C-97510-5923-141,240,-8.551307930016675,-7.334369550291597
C-97510-5923-1410,240,-9.298284750487282,-7.33125714687297
C-97510-5923-1411,240,-8.936058546003677,-7.332766422724984
C-97510-5923-1412,240,-8.374407901928253,-7.335106633741966
C-97510-5923-1413,240,-8.81491630130207,-7.333271182077908
C-97510-5923-1414,240,-8.865829122158909,-7.333059045324338
C-97510-5923-1415,240,-9.297320204966407,-7.33126116581264
C-97510-5923-1416,240,-8.943972706752767,-7.332733447055197
C-97510-5923-1417,240,-8.790495444381504,-7.33337293564841
C-97510-5923-1419,240,-8.535012288427417,-7.3344374487982185
C-97510-5923-142,240,-8.802739202353965,-7.333321919990192
C-97510-5923-1420,240,-8.948440423837315,-7.332714831567344
C-97510-5923-1421,240,-9.86515711012806,-7.328895178707799
C-97510-5923-1422,240,-8.545884254383012,-7.33439214894007
C-97510-5923-1423,240,-8.33705466951918,-7.335262272210337
C-97510-5923-1424,240,-8.984398507428638,-7.332565006219046
C-97510-5923-1426,240,-8.355343282621334,-7.3351860696557445
C-97510-5923-1427,240,-8.936053479000432,-7.332766443837498
C-97510-5923-1428,240,-8.219213118381713,-7.335753278673409
C-97510-5923-1429,240,-8.384427381514785,-7.335064885910355
C-97510-5923-143,240,-9.865133727533383,-7.328895276135277
C-97510-5923-1430,240,-8.372670762302214,-7.33511387182374
C-97510-5923-1431,240,-8.723268169912181,-7.333653049292033
C-97510-5923-1432,240,-9.038966782006714,-7.332337638408305
C-97510-5923-1433,240,-9.865155205160619,-7.328895186645164
C-97510-5923-1434,240,-8.37266107139413,-7.335113912202525
C-97510-5923-1435,240,-8.630833468312135,-7.334038193882033
C-97510-5923-1437,240,-8.29434124028721,-7.335440244832137
C-97510-5923-1438,240,-9.702826003677536,-7.32957155831801
C-97510-5923-1439,240,-8.5566194782522,-7.334347418840616
C-97510-5923-144,240,-8.346193608719007,-7.335224193297004
C-97510-5923-1440,240,-8.427174801482291,-7.33488677166049
C-97510-5923-1441,240,-8.106029636695771,-7.336224876513768
C-97510-5923-1442,240,-8.975661555323011,-7.332601410186154
C-97510-5923-1444,240,-8.779334113912759,-7.333419441192031
C-97510-5923-1445,240,-8.48619703041851,-7.3346408457065895
C-97510-5923-1446,240,-8.667848937775217,-7.33388396275927
C-97510-5923-1448,240,-8.790493869348714,-7.333372942211047
C-97510-5923-1449,240,-8.925282289130285,-7.33281132379529
C-97510-5923-145,240,-9.146085672914197,-7.33189130969619
C-97510-5923-1450,240,-8.279203141974515,-7.335503320241773
C-97510-5923-1451,240,-9.86513839077479,-7.328895256705105
C-97510-5923-1452,240,-8.97565285232034,-7.332601446448665
C-97510-5923-1453,240,-8.542441815508012,-7.334406492435383
C-97510-5923-1454,240,-8.330142097111992,-7.335291074595366
C-97510-5923-1455,240,-8.872819232565748,-7.33302991986431
C-97510-5923-1457,240,-8.875861270454148,-7.333017244706441
C-97510-5923-1458,240,-8.655145274928108,-7.333936894687799
C-97510-5923-1459,240,-8.810534660211081,-7.333289438915787
C-97510-5923-146,240,-10.85682830419691,-7.324763215399179
C-97510-5923-1460,240,-8.069572781140277,-7.336376780078582
C-97510-5923-1461,240,-8.984388363809614,-7.332565048484127
C-97510-5923-1462,240,-8.512382103406338,-7.334531741235807
C-97510-5923-1463,240,-8.355120812084522,-7.335186996616314
C-97510-5923-1464,240,-8.455802244380084,-7.334767490648416
C-97510-5923-1466,240,-8.34485460165491,-7.335229772493104
C-97510-5923-1467,240,-9.618218460278213,-7.3299240897488405
C-97510-5923-1468,240,-9.17230852531444,-7.331782047811189
C-97510-5923-1470,240,-8.769196277659379,-7.333461682176419
C-97510-5923-1472,240,-9.13656509047505,-7.331930978789687
C-97510-5923-1473,240,-8.346211944940102,-7.335224116896083
C-97510-5923-1474,240,-8.288310829459538,-7.335465371543918
C-97510-5923-1475,240,-8.700988925993954,-7.333745879475026
C-97510-5923-1476,240,-8.035375962968297,-7.336519266820965
C-97510-5923-1477,240,-8.98440148171818,-7.332564993826174
C-97510-5923-1478,240,-9.33061744637616,-7.331122427306766
C-97510-5923-1479,240,-9.259464768344733,-7.331418896798564
C-97510-5923-148,240,-8.451500069550777,-7.334785416376872
C-97510-5923-1480,240,-9.022754680242711,-7.332405188832322
C-97510-5923-1481,240,-11.00882521129428,-7.32412989495294
C-97510-5923-1482,240,-8.344845341058342,-7.335229811078923
C-97510-5923-1483,240,-8.984392666554408,-7.332565030556023
C-97510-5923-1484,240,-8.984382984291397,-7.332565070898785
C-97510-5923-1485,240,-8.458064444104869,-7.33475806481623
C-97510-5923-1486,240,-8.742319584883203,-7.33357366839632
C-97510-5923-1487,240,-8.984402831829708,-7.332564988200709
C-97510-5923-1489,240,-8.984402769596329,-7.332564988460016
C-97510-5923-149,240,-8.364324660798035,-7.335148647246674
C-97510-5923-1490,240,-8.451478485909146,-7.3347855063087115
C-97510-5923-1491,240,-8.709882857386267,-7.333708821427558
C-97510-5923-1492,240,-8.378256189707882,-7.3350905992095505
C-97510-5923-1494,240,-11.13660946123263,-7.323597460578197
C-97510-5923-1497,240,-8.61620656185483,-7.3340991393256045
C-97510-5923-1498,240,-11.75765983334205,-7.321009750694407
C-97510-5923-1499,240,-9.295738733864289,-7.331267755275565
C-97510-5923-15,240,-8.984370487220149,-7.332565122969916
C-97510-5923-150,240,-9.157688214413836,-7.3318429657732755
C-97510-5923-1500,240,-8.98439915777888,-7.332565003509255
C-97510-5923-151,240,-8.984399642168299,-7.332565001490965
C-97510-5923-152,240,-8.820102151732629,-7.33324957436778
C-97510-5923-153,240,-8.556366872606286,-7.33434847136414
C-97510-5923-154,240,-8.984386421804912,-7.332565056575813
C-97510-5923-155,240,-8.936069940773042,-7.332766375246779
C-97510-5923-156,240,-8.984390564324476,-7.332565039315314
C-97510-5923-157,240,-8.818895492278521,-7.333254602115506
C-97510-5923-158,240,-9.865161348279191,-7.328895161048837
C-97510-5923-159,240,-8.984403554989974,-7.332564985187542
C-97510-5923-16,240,-9.118633980849644,-7.33200569174646
C-97510-5923-160,240,-11.4064208707952,-7.322473246371686
C-97510-5923-161,240,-8.739318882010311,-7.333586171324956
C-97510-5923-163,240,-11.08010932918658,-7.323832877795056
C-97510-5923-165,240,-10.17344478216807,-7.3276106467409665
C-97510-5923-168,240,-11.40642383400021,-7.322473234024999
C-97510-5923-169,240,-8.733105105726965,-7.333612062059471
C-97510-5923-17,240,-8.209435770357148,-7.3357940176235115
C-97510-5923-170,240,-9.671791013763453,-7.329700870775985
C-97510-5923-171,240,-9.865159831555387,-7.328895167368519
C-97510-5923-172,240,-9.612144545522234,-7.329949397726991
C-97510-5923-173,240,-8.984385780931298,-7.33256505924612
C-97510-5923-174,240,-8.984408736511137,-7.3325649635978705
C-97510-5923-176,240,-8.455758941874514,-7.3347676710755225
C-97510-5923-178,240,-8.740098071053506,-7.3335829247039435
C-97510-5923-179,240,-8.790492934782641,-7.333372946105072
C-97510-5923-18,240,-8.936054507835323,-7.332766439550686
C-97510-5923-180,240,-8.972377063686917,-7.332615095567971
C-97510-5923-182,240,-8.955242871744254,-7.3326864880343985
C-97510-5923-183,240,-8.984394412398816,-7.3325650232816715
C-97510-5923-184,240,-8.554815591071662,-7.334354935037201
C-97510-5923-185,240,-8.138656562881334,-7.336088930987994
C-97510-5923-186,240,-8.984381673380975,-7.332565076360912
C-97510-5923-187,240,-9.865149535643662,-7.3288952102681515
C-97510-5923-188,240,-8.539935119903705,-7.334416937000401
C-97510-5923-189,240,-8.5545278886227,-7.334356133797405
C-97510-5923-190,240,-8.975640039054202,-7.332601499837273
C-97510-5923-192,240,-8.984382436735697,-7.332565073180268
C-97510-5923-193,240,-8.726806972267472,-7.333638304282219
C-97510-5923-194,240,-9.038985856496167,-7.3323375589312665
C-97510-5923-195,240,-8.832120503677508,-7.333199497901344
C-97510-5923-196,240,-11.69506515313605,-7.321270561861933
C-97510-5923-197,240,-9.298304684523936,-7.331257063814484
C-97510-5923-198,240,-8.39420602244433,-7.3350241415731485
C-97510-5923-199,240,-8.925282612636943,-7.332811322447346
C-97510-5923-2,240,-8.638597215275382,-7.334005844936352
C-97510-5923-200,240,-9.157311033095505,-7.331844537362102
C-97510-5923-201,240,-9.87191000582015,-7.3288670416424155
C-97510-5923-202,240,-8.984385179275753,-7.332565061753018
C-97510-5923-203,240,-8.936069267807337,-7.332766378050803
C-97510-5923-204,240,-8.372663858810515,-7.335113900588289
C-97510-5923-206,240,-9.03896230889197,-7.332337657046283
C-97510-5923-207,240,-8.85084495220346,-7.333121479365818
C-97510-5923-209,240,-8.834887130994096,-7.333187970287525
C-97510-5923-21,240,-9.602760074105143,-7.329988499691228
C-97510-5923-210,240,-9.068486144136434,-7.332214641066098
C-97510-5923-211,240,-8.42064051057577,-7.334913997872601
C-97510-5923-212,240,-8.97564174209319,-7.332601492741278
C-97510-5923-213,240,-8.671314642988616,-7.333869522320881
C-97510-5923-216,240,-9.25131192438163,-7.331452866981744
C-97510-5923-217,240,-8.75908139924934,-7.333503827503127
C-97510-5923-218,240,-8.728840261838691,-7.333629832242338
C-97510-5923-22,240,-8.540908423964234,-7.3344128815668155
C-97510-5923-220,240,-11.0800996323879,-7.3238329181983834
C-97510-5923-221,240,-8.346172754747405,-7.3352242801885525
C-97510-5923-222,240,-8.79049737690724,-7.333372927596219
C-97510-5923-223,240,-7.724026519093615,-7.337816556170443
C-97510-5923-224,240,-8.790477530342688,-7.333373010290239
C-97510-5923-225,240,-8.810108960248906,-7.333291212665629
C-97510-5923-226,240,-9.886481506612483,-7.328806327055782
C-97510-5923-227,240,-8.372658302651129,-7.3351139237389535
C-97510-5923-228,240,-8.531071147811307,-7.334453870217453
C-97510-5923-229,240,-8.5493191874044,-7.334377836719148
C-97510-5923-23,240,-8.936057720030405,-7.33276642616654
C-97510-5923-230,240,-8.885181641756397,-7.332978409826015
C-97510-5923-231,240,-8.814907072935512,-7.3332712205294355
C-97510-5923-232,240,-8.624775229325852,-7.334063436544475
C-97510-5923-233,240,-8.482274430306743,-7.334657189873722
C-97510-5923-234,240,-8.936070166262441,-7.33276637430724
C-97510-5923-235,240,-8.34934168120988,-7.335211076328292
C-97510-5923-236,240,-8.719696500261405,-7.333667931248911
C-97510-5923-237,240,-8.936079547317947,-7.332766335219508
C-97510-5923-238,240,-8.37447555951331,-7.335106351835361
C-97510-5923-239,240,-9.641083113113046,-7.329828820362028
C-97510-5923-24,240,-9.22159576334023,-7.3315766843194154
C-97510-5923-240,240,-10.17344386021624,-7.327610650582432
C-97510-5923-241,240,-9.087506141989023,-7.332135391075045
C-97510-5923-242,240,-9.088109612728257,-7.332132876613632
C-97510-5923-243,240,-8.984392724691759,-7.332565030313784
C-97510-5923-244,240,-8.483222453258872,-7.334653239778088
C-97510-5923-245,240,-8.93607411135802,-7.332766357869342
C-97510-5923-246,240,-8.969579275366936,-7.332626753019304
C-97510-5923-247,240,-8.549323610545326,-7.334377818289394
C-97510-5923-248,240,-8.817495242053418,-7.333260436491444
C-97510-5923-249,240,-9.153690757292495,-7.331859621844615
C-97510-5923-25,240,-8.819053813527914,-7.333253942443633
C-97510-5923-250,240,-8.62014794773579,-7.334082716884434
C-97510-5923-252,240,-8.852223477055457,-7.333115735512268
C-97510-5923-253,240,-11.40643207056717,-7.3224731997059695
C-97510-5923-254,240,-8.913292118210022,-7.332861282840792
C-97510-5923-255,240,-8.814441471107672,-7.3332731605370505
C-97510-5923-256,240,-8.697278101260604,-7.333761341244748
C-97510-5923-257,240,-8.718510246226602,-7.333672873974056
C-97510-5923-258,240,-9.297282898434599,-7.331261321256522
C-97510-5923-259,240,-9.298305379923338,-7.331257060916986
C-97510-5923-26,240,-8.549151479352837,-7.3343785355026965
C-97510-5923-260,240,-8.34251568621335,-7.335239517974111
C-97510-5923-261,240,-8.899511744422139,-7.332918701064908
C-97510-5923-262,240,-10.82226078700589,-7.324907246720809
C-97510-5923-263,240,-8.77933205665782,-7.333419449763926
C-97510-5923-265,240,-9.223185027360206,-7.331570062385999
C-97510-5923-266,240,-8.584567708935245,-7.334230967879436
C-97510-5923-267,240,-8.975507335882536,-7.332602052767156
C-97510-5923-269,240,-11.40641117022093,-7.322473286790745
C-97510-5923-27,240,-10.62926686751584,-7.325711388052017
C-97510-5923-270,240,-8.718520623306969,-7.333672830736221
C-97510-5923-271,240,-10.1734778482039,-7.327610508965817
C-97510-5923-273,240,-8.390219530701165,-7.335040751955412
C-97510-5923-274,240,-11.13657560286746,-7.323597601654719
C-97510-5923-275,240,-9.858493979272144,-7.328922941753032
C-97510-5923-276,240,-8.458071670105582,-7.334758034707893
C-97510-5923-277,240,-8.279213137111622,-7.335503278595368
C-97510-5923-279,240,-9.887363502427355,-7.328802652073219
C-97510-5923-28,240,-8.620149874605705,-7.334082708855809
C-97510-5923-280,240,-8.98437528627373,-7.332565102973859
C-97510-5923-281,240,-8.844636533823996,-7.333147347775733
C-97510-5923-282,240,-13.47588239693636,-7.313850490012765
C-97510-5923-283,240,-8.628890481307572,-7.334046289661218
C-97510-5923-284,240,-10.03354374085354,-7.328193567746443
C-97510-5923-286,240,-8.815051333533688,-7.333270619443609
C-97510-5923-287,240,-8.620494282994944,-7.334081273820854
C-97510-5923-288,240,-8.984403774963354,-7.332564984270986
C-97510-5923-29,240,-10.48106008507867,-7.326328916312172
C-97510-5923-290,240,-8.682049454479737,-7.333824793939668
C-97510-5923-291,240,-8.50927082631536,-7.3345447048903525
C-97510-5923-292,240,-8.63289660104843,-7.334029597495631
C-97510-5923-293,240,-8.205374407055722,-7.335810939970601
C-97510-5923-294,240,-8.63291958496096,-7.334029501729329
C-97510-5923-295,240,-11.40643376379842,-7.322473192650839
C-97510-5923-296,240,-8.279209117720987,-7.335503295342829
C-97510-5923-297,240,-8.887511209839667,-7.332968703292335
C-97510-5923-298,240,-8.803719275248605,-7.333317836353131
C-97510-5923-299,240,-8.620136584998733,-7.334082764229171
C-97510-5923-3,240,-8.810348661829893,-7.3332902139090415
C-97510-5923-30,240,-8.703504617110491,-7.333735397428707
C-97510-5923-300,240,-8.7658570679818,-7.333475595550075
C-97510-5923-301,240,-8.817647277221555,-7.333259803011576
C-97510-5923-302,240,-9.382909443595695,-7.330904543985017
C-97510-5923-304,240,-8.251004852461067,-7.335620813114745
C-97510-5923-305,240,-8.265521894590666,-7.335560325439205
C-97510-5923-306,240,-8.342700091792072,-7.335238749617533
C-97510-5923-307,240,-8.965492658654467,-7.332643780588939
C-97510-5923-308,240,-8.565197284435058,-7.33431167798152
C-97510-5923-309,240,-8.548795647635783,-7.33438001813485
C-97510-5923-31,240,-8.936055480343029,-7.332766435498571
C-97510-5923-310,240,-8.80062696397299,-7.3333307209834455
C-97510-5923-311,240,-8.36658836578826,-7.335139215142549
C-97510-5923-314,240,-9.865152220733039,-7.328895199080279
C-97510-5923-315,240,-8.984405962690872,-7.332564975155454
C-97510-5923-316,240,-8.745510679871423,-7.333560372167202
C-97510-5923-317,240,-8.984394545271376,-7.332565022728035
C-97510-5923-319,240,-11.40642031475586,-7.3224732486885165
C-97510-5923-32,240,-8.71849511710163,-7.333672937012077
C-97510-5923-320,240,-9.181326064362205,-7.331744474731824
C-97510-5923-321,240,-9.870757682503047,-7.32887184298957
C-97510-5923-324,240,-8.984386955141128,-7.332565054353578
C-97510-5923-325,240,-9.865156259979218,-7.328895182250087
C-97510-5923-326,240,-8.630828915542876,-7.334038212851905
C-97510-5923-327,240,-8.760169670609358,-7.333499293039127
C-97510-5923-329,240,-8.546870758097574,-7.334388038507926
C-97510-5923-33,240,-8.53591684069725,-7.334433679830428
C-97510-5923-330,240,-8.812390018360684,-7.3332817082568305
C-97510-5923-331,240,-8.98439014631449,-7.3325650410570224
C-97510-5923-332,240,-8.53695907376368,-7.334429337192651
C-97510-5923-333,240,-8.93608852157344,-7.332766297826777
C-97510-5923-334,240,-11.13665923435203,-7.3235972531902
C-97510-5923-335,240,-8.373680222746087,-7.335109665738558
C-97510-5923-336,240,-8.767807352748866,-7.333467469363546
C-97510-5923-339,240,-9.141441885643772,-7.331910658809817
C-97510-5923-34,240,-8.532297685069079,-7.334448759645545
C-97510-5923-340,240,-9.119917485318355,-7.332000343811173
C-97510-5923-341,240,-8.834899992456256,-7.333187916698098
C-97510-5923-342,240,-7.827133276854723,-7.337386944679772
C-97510-5923-343,240,-8.620145473173322,-7.334082727195111
C-97510-5923-344,240,-11.01891854123447,-7.324087839411523
C-97510-5923-345,240,-8.745821122585786,-7.333559078655893
C-97510-5923-346,240,-10.57038173564576,-7.325956742768143
C-97510-5923-348,240,-9.865174337425172,-7.328895106927395
C-97510-5923-349,240,-11.40642980035428,-7.3224732091651905
C-97510-5923-35,240,-10.07036508417129,-7.328040145482619
C-97510-5923-350,240,-9.576316498491295,-7.3300986812562865
C-97510-5923-351,240,-8.27921660565245,-7.335503264143115
C-97510-5923-352,240,-8.984386540378809,-7.332565056081754
C-97510-5923-353,240,-8.394024307618686,-7.335024898718255
C-97510-5923-354,240,-8.549145696094733,-7.334378559599605
C-97510-5923-356,240,-11.4549221515897,-7.322271157701709
C-97510-5923-357,240,-8.6600845845015,-7.333916314231244
C-97510-5923-358,240,-9.865168512277226,-7.328895131198845
C-97510-5923-359,240,-11.13661190735073,-7.323597450386038
C-97510-5923-36,240,-8.279213401153662,-7.335503277495193
C-97510-5923-360,240,-9.07404927462305,-7.332191461355737
C-97510-5923-361,240,-8.765854750401449,-7.33347560520666
C-97510-5923-362,240,-8.810116725965559,-7.333291180308477
C-97510-5923-364,240,-8.001553568515213,-7.33666019346452
C-97510-5923-366,240,-9.158028818827539,-7.331841546588219
C-97510-5923-367,240,-8.984375311732427,-7.332565102867781
C-97510-5923-368,240,-9.865159946012193,-7.328895166891615
C-97510-5923-37,240,-11.16990202930474,-7.323458741544564
C-97510-5923-370,240,-8.688004963182424,-7.333799979320073
C-97510-5923-371,240,-8.035384446169113,-7.336519231474296
C-97510-5923-372,240,-8.984392650708385,-7.332565030622049
C-97510-5923-373,240,-8.543190446433401,-7.334403373139861
C-97510-5923-374,240,-8.723277345395525,-7.333653011060852
C-97510-5923-375,240,-8.984390240753099,-7.332565040663528
C-97510-5923-376,240,-9.876718470637119,-7.328847006372345
C-97510-5923-377,240,-8.984391225067924,-7.332565036562217
C-97510-5923-379,240,-8.790497921778273,-7.333372925325923
C-97510-5923-38,240,-8.442926714210857,-7.334821138690788
C-97510-5923-380,240,-9.553125899618479,-7.330195308751589
C-97510-5923-381,240,-8.819642047950776,-7.333251491466871
C-97510-5923-384,240,-9.159387577187967,-7.33183588509505
C-97510-5923-385,240,-8.936061453985136,-7.332766410608396
C-97510-5923-386,240,-8.373714048021974,-7.335109524799908
C-97510-5923-387,240,-11.40643644544082,-7.32247318147733
C-97510-5923-388,240,-10.17344496369108,-7.32761064598462
C-97510-5923-389,240,-9.088096913375145,-7.332132929527603
C-97510-5923-39,240,-8.2791934483207,-7.335503360631997
C-97510-5923-390,240,-9.08811890335224,-7.332132837902699
C-97510-5923-391,240,-8.984385448282048,-7.332565060632159
C-97510-5923-392,240,-8.450700642486192,-7.334788747322974
C-97510-5923-393,240,-8.546757320344637,-7.334388511165231
C-97510-5923-394,240,-8.712442270434517,-7.3336981572065225
C-97510-5923-395,240,-8.8293897339455,-7.333210876108561
C-97510-5923-396,240,-8.98438563841216,-7.33256505983995
C-97510-5923-397,240,-8.814429657258035,-7.333273209761425
C-97510-5923-398,240,-8.618111328473685,-7.334091202798025
C-97510-5923-399,240,-8.77194005761726,-7.333450249759928
C-97510-5923-4,240,-8.93606337896109,-7.332766402587662
C-97510-5923-40,240,-8.98438929928499,-7.332565044586313
C-97510-5923-400,240,-10.26927520039033,-7.327211353331706
C-97510-5923-401,240,-8.723405499315989,-7.333652477086184
C-97510-5923-402,240,-8.819058112943411,-7.333253924529402
C-97510-5923-403,240,-8.790504724493372,-7.3333728969812775
C-97510-5923-406,240,-8.655096138672974,-7.333937099422196
C-97510-5923-407,240,-8.9360588830404,-7.332766421320665
C-97510-5923-408,240,-8.984391896962778,-7.332565033762655
C-97510-5923-409,240,-8.802753682101372,-7.333321859657911
C-97510-5923-410,240,-11.71671461485849,-7.321180355771422
C-97510-5923-412,240,-9.981843242503977,-7.328408986489566
C-97510-5923-413,240,-9.17407640583703,-7.3317746816423455
C-97510-5923-414,240,-8.387974427456983,-7.335050106552262
C-97510-5923-415,240,-9.041337163753994,-7.332327761817692
C-97510-5923-416,240,-8.326212636042735,-7.335307447349821
C-97510-5923-417,240,-8.68427505247784,-7.333815520614675
C-97510-5923-418,240,-8.802749004263752,-7.333321879148901
C-97510-5923-419,240,-8.452018261397724,-7.334783257244175
C-97510-5923-42,240,-8.812394246502745,-7.333281690639572
C-97510-5923-421,240,-9.13366185898922,-7.331943075587545
C-97510-5923-422,240,-9.816232224228912,-7.3290990323990455
C-97510-5923-423,240,-8.390203075071984,-7.3350408205205335
C-97510-5923-424,240,-8.95406560928872,-7.332691393294629
C-97510-5923-425,240,-8.483227233371343,-7.334653219860953
C-97510-5923-426,240,-9.940792945573213,-7.328580029393445
C-97510-5923-427,240,-8.885181246460242,-7.332978411473082
C-97510-5923-428,240,-8.414455293421014,-7.334939769610745
C-97510-5923-429,240,-8.547486538678491,-7.334385472755506
C-97510-5923-43,240,-9.305262657662956,-7.331228072259737
C-97510-5923-430,240,-8.455767037377674,-7.334767637344259
C-97510-5923-431,240,-8.12966999196046,-7.336126375033498
C-97510-5923-432,240,-8.907085401655136,-7.33288714415977
C-97510-5923-433,240,-8.783647719571098,-7.33340146783512
C-97510-5923-434,240,-8.557551761586994,-7.33434353432672
C-97510-5923-435,240,-8.984397543309909,-7.332565010236209
C-97510-5923-436,240,-8.98438977794666,-7.332565042591889
C-97510-5923-437,240,-8.553979736201837,-7.334358417765825
C-97510-5923-438,240,-8.396748439221902,-7.335013548169909
C-97510-5923-44,240,-9.865171193728239,-7.328895120026132
C-97510-5923-440,240,-8.62288081087974,-7.334071329954668
C-97510-5923-441,240,-9.090853135327611,-7.332121445269468
C-97510-5923-442,240,-8.544127818985745,-7.3343994674208925
C-97510-5923-443,240,-8.372639313409316,-7.335114002860794
C-97510-5923-444,240,-8.957676767853354,-7.332676346800611
C-97510-5923-445,240,-8.672441489326891,-7.333864827127804
C-97510-5923-446,240,-8.484686431901016,-7.334647139867078
C-97510-5923-447,240,-10.90329681275861,-7.324569596613506
C-97510-5923-448,240,-8.34250629702091,-7.335239557095746
C-97510-5923-449,240,-8.353809880847953,-7.3351924588298
C-97510-5923-451,240,-8.645083580748015,-7.33397881841355
C-97510-5923-452,240,-8.817665030010591,-7.333259729041623
C-97510-5923-454,240,-8.714496814806608,-7.333689596604972
C-97510-5923-455,240,-8.936076967142029,-7.332766345970241
C-97510-5923-457,240,-8.988917360249406,-7.332546177665628
C-97510-5923-458,240,-8.95395816445695,-7.332691840981429
C-97510-5923-459,240,-8.490506809065812,-7.334622888295558
C-97510-5923-46,240,-8.620157615187674,-7.334082676603384
C-97510-5923-460,240,-8.599303757678701,-7.334169567676339
C-97510-5923-461,240,-8.632910266761337,-7.334029540555161
C-97510-5923-462,240,-8.54885745916494,-7.334379760586812
C-97510-5923-463,240,-8.541082483654515,-7.334412156318106
C-97510-5923-464,240,-8.035379189544946,-7.3365192533768955
C-97510-5923-465,240,-8.46737542660899,-7.334719269055796
C-97510-5923-466,240,-8.035369575905758,-7.336519293433725
C-97510-5923-467,240,-8.984383938304168,-7.332565066923733
C-97510-5923-468,240,-9.865158787487475,-7.328895171718802
C-97510-5923-469,240,-8.98439648593738,-7.3325650146419274
C-97510-5923-47,240,-9.022749112723234,-7.33240521203032
C-97510-5923-470,240,-11.81599780753055,-7.3207666758019565
C-97510-5923-471,240,-8.342495429192425,-7.335239602378365
C-97510-5923-472,240,-8.984397503296373,-7.332565010402932
C-97510-5923-473,240,-9.01560049208029,-7.332434997949665
C-97510-5923-474,240,-8.366542384089168,-7.335139406732962
C-97510-5923-475,240,-8.984374455694894,-7.332565106434604
C-97510-5923-476,240,-11.52697588121921,-7.321970933828253
C-97510-5923-477,240,-9.556171820000317,-7.330182617416665
C-97510-5923-478,240,-11.08008382618612,-7.323832984057558
C-97510-5923-479,240,-8.624705637340725,-7.33406372651108
C-97510-5923-48,240,-10.01578178859715,-7.328267575880845
C-97510-5923-480,240,-8.547371954540461,-7.334385950189414
C-97510-5923-482,240,-7.799676019943064,-7.337501349916904
C-97510-5923-484,240,-9.865165974073772,-7.328895141774693
C-97510-5923-485,240,-9.865177119230479,-7.328895095336539
C-97510-5923-486,240,-9.86514669192831,-7.328895222116966
C-97510-5923-487,240,-8.484252719464276,-7.334648947002233
C-97510-5923-488,240,-8.819327436544155,-7.333252802347732
C-97510-5923-489,240,-8.975642268430894,-7.332601490548204
C-97510-5923-49,240,-8.81905541246508,-7.3332539357813955
C-97510-5923-490,240,-9.089568640519618,-7.332126797331168
C-97510-5923-491,240,-9.143504980938134,-7.331902062579425
C-97510-5923-492,240,-8.342503285076356,-7.335239569645514
C-97510-5923-493,240,-8.843214503246179,-7.333153272903141
C-97510-5923-496,240,-8.390221459547222,-7.335040743918553
C-97510-5923-497,240,-9.298313946897965,-7.331257025221259
C-97510-5923-498,240,-8.98439429694545,-7.332565023762727
C-97510-5923-499,240,-8.417799044264173,-7.3349258373155655
C-97510-5923-5,240,-8.53595381288254,-7.334433525779656
C-97510-5923-50,240,-8.423917351819673,-7.3349003443674174
C-97510-5923-501,240,-7.242131434921228,-7.339824452354494
C-97510-5923-502,240,-8.452865711413478,-7.334779726202443
C-97510-5923-503,240,-8.486199149716773,-7.334640836876179
C-97510-5923-504,240,-8.625919737172707,-7.33405866776178
C-97510-5923-505,240,-8.035371376805626,-7.336519285929977
C-97510-5923-506,240,-9.011783112896278,-7.332450903696266
C-97510-5923-508,240,-8.936057682002115,-7.332766426324992
C-97510-5923-509,240,-8.035372573596568,-7.336519280943348
C-97510-5923-510,240,-9.865166285394974,-7.328895140477521
C-97510-5923-511,240,-8.81490506408019,-7.333271228899665
C-97510-5923-512,240,-8.686209163529194,-7.333807461818628
C-97510-5923-513,240,-8.535254420967311,-7.334436439912636
C-97510-5923-516,240,-8.455781657026787,-7.334767576429055
C-97510-5923-517,240,-8.73906818054781,-7.333587215914384
C-97510-5923-518,240,-8.31907338244057,-7.33533719423983
C-97510-5923-519,240,-8.72003536463161,-7.3336665193140345
C-97510-5923-52,240,-11.13661542875493,-7.323597435713521
C-97510-5923-520,240,-8.364771024642849,-7.3351467873973215
C-97510-5923-522,240,-8.620141474711673,-7.334082743855367
C-97510-5923-523,240,-8.940713717215125,-7.33274702617827
C-97510-5923-524,240,-8.984388383849417,-7.332565048400627
C-97510-5923-525,240,-9.8651571336237,-7.328895178609901
C-97510-5923-526,240,-8.24111087417557,-7.335662038024268
C-97510-5923-528,240,-8.559082818893414,-7.334337154921277
C-97510-5923-529,240,-9.86514795477229,-7.328895216855115
C-97510-5923-53,240,-8.548477482776555,-7.3343813438217635
C-97510-5923-531,240,-8.820205391365795,-7.333249144202642
C-97510-5923-532,240,-8.45363442428461,-7.334776523232147
C-97510-5923-533,240,-8.984374522937083,-7.332565106154429
C-97510-5923-534,240,-9.038965516955429,-7.332337643679352
C-97510-5923-535,240,-9.12217456974455,-7.331990939292731
C-97510-5923-536,240,-8.539936453717006,-7.334416931442846
C-97510-5923-537,240,-8.650042506149749,-7.333958156224376
C-97510-5923-538,240,-8.73381803744582,-7.333609091510642
C-97510-5923-539,240,-8.650153862674346,-7.333957692238856
C-97510-5923-54,240,-8.372659046662573,-7.335113920638905
C-97510-5923-540,240,-11.13661923657355,-7.32359741984761
C-97510-5923-541,240,-8.767197493226016,-7.333470010444892
C-97510-5923-542,240,-8.984390935124669,-7.332565037770314
C-97510-5923-543,240,-9.86517469127336,-7.328895105453028
C-97510-5923-544,240,-8.820211570656713,-7.333249118455597
C-97510-5923-545,240,-8.820254041521503,-7.33324894149366
C-97510-5923-546,240,-9.949739849994597,-7.328542750625022
C-97510-5923-547,240,-9.1585413492843,-7.3318394110446485
C-97510-5923-548,240,-8.542869035731306,-7.33440471235112
C-97510-5923-549,240,-8.620163313816905,-7.334082652859096
C-97510-5923-55,240,-8.819632424487773,-7.333251531564634
C-97510-5923-550,240,-8.569524421802697,-7.334293648242489
C-97510-5923-551,240,-8.744324807254078,-7.333565313303108
C-97510-5923-552,240,-11.13662789775458,-7.323597383759355
C-97510-5923-553,240,-9.677618199109121,-7.329676590837045
C-97510-5923-554,240,-9.865160901593653,-7.328895162910026
C-97510-5923-555,240,-8.827195717240544,-7.333220017844831
C-97510-5923-556,240,-8.726814527654588,-7.333638272801439
C-97510-5923-557,240,-8.34250221538718,-7.335239574102554
C-97510-5923-558,240,-8.940703593559347,-7.3327470683601685
C-97510-5923-559,240,-10.48053126608194,-7.326331119724658
C-97510-5923-56,240,-11.13661898345504,-7.323597420902271
C-97510-5923-560,240,-8.455775810083386,-7.334767600791319
C-97510-5923-561,240,-8.346169247516322,-7.335224294802015
C-97510-5923-562,240,-9.786417624507918,-7.3292232598978835
C-97510-5923-564,240,-8.242426838363604,-7.335656554840152
C-97510-5923-566,240,-8.831569410881999,-7.333201794121325
C-97510-5923-567,240,-8.547619108026646,-7.334384920383223
C-97510-5923-568,240,-8.453171852216599,-7.334778450615763
C-97510-5923-569,240,-9.674182820140443,-7.329690904916081
C-97510-5923-57,240,-11.1366736238273,-7.323597193234052
C-97510-5923-570,240,-8.848254788654165,-7.33313227171394
C-97510-5923-571,240,-8.50384997132562,-7.3345672917861435
C-97510-5923-572,240,-9.865150442301395,-7.328895206490411
C-97510-5923-573,240,-8.54750059385901,-7.334385414192254
C-97510-5923-574,240,-8.455771556685944,-7.334767618513808
C-97510-5923-576,240,-8.765836888015652,-7.333475679633268
C-97510-5923-577,240,-8.554867486277917,-7.334354718807175
C-97510-5923-578,240,-8.592867734771595,-7.334196384438452
C-97510-5923-579,240,-11.4064328661896,-7.3224731963908765
C-97510-5923-58,240,-8.933361279328969,-7.332777661336129
C-97510-5923-580,240,-8.984395831930788,-7.332565017366955
C-97510-5923-581,240,-8.284396098188983,-7.335481682924212
C-97510-5923-582,240,-8.926593807233903,-7.332805859136525
C-97510-5923-583,240,-9.569752595360693,-7.3301260308526635
C-97510-5923-584,240,-8.936079642219006,-7.332766334824087
C-97510-5923-585,240,-8.035366147434924,-7.336519307719021
C-97510-5923-586,240,-8.681879496823436,-7.333825502096569
C-97510-5923-587,240,-8.673572443943625,-7.333860114816901
C-97510-5923-588,240,-9.088124824492452,-7.332132813231281
C-97510-5923-589,240,-10.11405894608661,-7.327858087724639
C-97510-5923-590,240,-8.631406954348488,-7.334035804356882
C-97510-5923-591,240,-8.936049433831004,-7.332766460692371
C-97510-5923-592,240,-8.936051908050068,-7.332766450383124
C-97510-5923-593,240,-11.13658897937423,-7.323597545919274
C-97510-5923-594,240,-8.93606956009429,-7.33276637683294
C-97510-5923-595,240,-8.371112414290234,-7.335120364940456
C-97510-5923-597,240,-9.158109091591237,-7.331841212118369
C-97510-5923-598,240,-9.159371839171875,-7.331835950670117
C-97510-5923-599,240,-8.984396413021448,-7.332565014945744
C-97510-5923-6,240,-11.12636985149827,-7.323640125618756
C-97510-5923-60,240,-8.820166281313746,-7.333249307161193
C-97510-5923-600,240,-8.450182675719711,-7.334790905517834
C-97510-5923-601,240,-8.620146547154315,-7.334082722720191
C-97510-5923-603,240,-8.936098251187842,-7.332766257286718
C-97510-5923-604,240,-8.279212632479375,-7.335503280698003
C-97510-5923-605,240,-8.48618174838231,-7.334640909381741
C-97510-5923-606,240,-8.984399672734224,-7.332565001363607
C-97510-5923-607,240,-8.816636584434649,-7.3332640142315215
C-97510-5923-608,240,-8.47766804212261,-7.334676383157823
C-97510-5923-609,240,-8.936074348051816,-7.332766356883117
C-97510-5923-61,240,-8.936064462366227,-7.332766398073474
C-97510-5923-611,240,-9.110613173075697,-7.332039111778851
C-97510-5923-612,240,-8.035369224188793,-7.3365192948992135
C-97510-5923-613,240,-9.940810947050995,-7.328579954387288
C-97510-5923-614,240,-8.455757869688762,-7.334767675542963
C-97510-5923-618,240,-8.814905869134163,-7.333271225545274
C-97510-5923-619,240,-8.819582039030156,-7.333251741504041
C-97510-5923-62,240,-8.85706020141281,-7.333095582494113
C-97510-5923-620,240,-8.539933667188784,-7.33441694305338
C-97510-5923-621,240,-10.53976249046206,-7.326084322956408
C-97510-5923-622,240,-8.984398540992276,-7.332565006079198
C-97510-5923-623,240,-8.339764317726708,-7.335250982009471
C-97510-5923-624,240,-8.54478966400555,-7.33439670973331
C-97510-5923-625,240,-8.790514890353043,-7.333372854623529
C-97510-5923-626,240,-9.112319570022137,-7.332032001791574
C-97510-5923-627,240,-12.48357574276309,-7.31798510107182
C-97510-5923-629,240,-8.561560813265881,-7.334326829944725
C-97510-5923-630,240,-8.819655409354652,-7.333251435794355
C-97510-5923-631,240,-8.54674002069248,-7.334388583247115
C-97510-5923-632,240,-8.276811071817342,-7.335513287200761
C-97510-5923-633,240,-9.12274291312582,-7.331988571195309
C-97510-5923-634,240,-9.60211994776445,-7.329991166884314
C-97510-5923-635,240,-9.926703380380498,-7.328638735915081
C-97510-5923-636,240,-8.81052066713294,-7.333289497220279
C-97510-5923-638,240,-9.074001570160682,-7.332191660124331
C-97510-5923-639,240,-8.29509490502506,-7.335437104562396
C-97510-5923-64,240,-8.504192604818623,-7.3345658641465885
C-97510-5923-640,240,-8.209439321261927,-7.3357940028280755
C-97510-5923-641,240,-9.022750144188759,-7.332405207732547
C-97510-5923-642,240,-8.547903411641018,-7.3343837357848285
C-97510-5923-643,240,-9.068514063915282,-7.332214524733686
C-97510-5923-644,240,-8.848259329295045,-7.333132252794604
C-97510-5923-645,240,-8.725463550952426,-7.3336439018710315
C-97510-5923-646,240,-8.984394914123715,-7.332565021191152
C-97510-5923-647,240,-8.387961294986008,-7.335050161270891
C-97510-5923-648,240,-8.817649631286764,-7.333259793202972
C-97510-5923-649,240,-8.984388833728199,-7.332565046526132
C-97510-5923-65,240,-8.631267770261756,-7.334036384290576
C-97510-5923-650,240,-9.375287110051042,-7.33093630370812
C-97510-5923-651,240,-9.586837642797478,-7.33005484315501
C-97510-5923-652,240,-8.719702203094242,-7.333667907487108
C-97510-5923-653,240,-8.984707683527358,-7.332563717985303
C-97510-5923-654,240,-8.538242660810758,-7.334423988913288
C-97510-5923-655,240,-8.548480647488152,-7.334381330635466
C-97510-5923-657,240,-8.984379846686013,-7.332565083972141
C-97510-5923-658,240,-9.147860364042513,-7.331883915149822
C-97510-5923-659,240,-9.5697530068825,-7.330126029137989
C-97510-5923-66,240,-8.550357743344048,-7.334373509402734
C-97510-5923-661,240,-9.097338412132464,-7.332094423282781
C-97510-5923-662,240,-8.960695022156473,-7.332663770741015
C-97510-5923-663,240,-8.620172400174333,-7.334082614999273
C-97510-5923-664,240,-8.80274942469339,-7.33332187739711
C-97510-5923-665,240,-8.931134139090966,-7.332786941087121
C-97510-5923-666,240,-8.936058498180543,-7.332766422924248
C-97510-5923-667,240,-8.90495151578764,-7.332896035350885
C-97510-5923-668,240,-8.360356557434482,-7.33516518101069
C-97510-5923-669,240,-8.714351261173771,-7.333690203078443
C-97510-5923-67,240,-8.926459956186786,-7.3328064168492215
C-97510-5923-670,240,-8.936079455407668,-7.332766335602468
C-97510-5923-671,240,-8.984388138921659,-7.332565049421159
C-97510-5923-672,240,-8.81755889607359,-7.33326017126636
C-97510-5923-673,240,-8.620145059823999,-7.3340827289174
C-97510-5923-674,240,-8.550211470420605,-7.334374118873247
C-97510-5923-675,240,-8.628038277280114,-7.334049840511332
C-97510-5923-677,240,-8.544181108605814,-7.3343992453808085
C-97510-5923-678,240,-8.53595030561224,-7.334433540393282
C-97510-5923-679,240,-9.865178460771672,-7.328895089746784
C-97510-5923-68,240,-8.548850684452045,-7.3343797888147835
C-97510-5923-681,240,-9.298302688423348,-7.331257072131569
C-97510-5923-682,240,-8.984379118873996,-7.332565087004692
C-97510-5923-684,240,-8.984389569123296,-7.332565043461986
C-97510-5923-685,240,-8.414974280068467,-7.334937607166381
C-97510-5923-686,240,-11.13661201040353,-7.323597449956652
C-97510-5923-687,240,-8.802740058555445,-7.333321916422686
C-97510-5923-688,240,-8.933101402737373,-7.332778744155261
C-97510-5923-689,240,-9.865145201259512,-7.328895228328085
C-97510-5923-69,240,-11.08008791876646,-7.32383296700514
C-97510-5923-690,240,-8.80273312836868,-7.333321945298464
C-97510-5923-692,240,-10.29876111865856,-7.327088495338923
C-97510-5923-693,240,-9.586881138918168,-7.3300546619211735
C-97510-5923-694,240,-8.936057636074633,-7.332766426516356
C-97510-5923-695,240,-8.348685572224548,-7.335213810115731
C-97510-5923-696,240,-11.88643237487136,-7.320473198438036
C-97510-5923-697,240,-8.98439297426176,-7.332565029273909
C-97510-5923-698,240,-8.659219056268075,-7.333919920598883
C-97510-5923-70,240,-8.936061991813785,-7.332766408367442
C-97510-5923-700,240,-8.817667832010514,-7.333259717366622
C-97510-5923-701,240,-9.692496718420978,-7.32961459700658
C-97510-5923-703,240,-11.52695565294421,-7.321971018112732
C-97510-5923-705,240,-8.343845653749682,-7.3352339764427095
C-97510-5923-706,240,-11.40642817264799,-7.3224732159473
C-97510-5923-707,240,-9.175848744624195,-7.331767296897399
C-97510-5923-708,240,-8.819056221943026,-7.33325393240857
C-97510-5923-709,240,-9.942135541077693,-7.3285744352455096
C-97510-5923-71,240,-8.81964837415485,-7.333251465107688
C-97510-5923-710,240,-8.819052481440396,-7.333253947993998
C-97510-5923-711,240,-8.820187767411804,-7.3332492176357835
C-97510-5923-712,240,-8.653200388527369,-7.333944998381136
C-97510-5923-713,240,-8.494441358441861,-7.334606494339825
C-97510-5923-714,240,-8.975664691346802,-7.332601397119388
C-97510-5923-715,240,-11.84529659432782,-7.320644597523634
C-97510-5923-716,240,-8.802744078504604,-7.333321899672897
C-97510-5923-717,240,-8.984393064377725,-7.3325650288984265
C-97510-5923-718,240,-8.790514279517458,-7.333372857168677
C-97510-5923-719,240,-8.78677354987286,-7.333388443542196
C-97510-5923-72,240,-8.984387680267178,-7.33256505133222
C-97510-5923-721,240,-8.636981460633884,-7.334012577247359
C-97510-5923-722,240,-8.79050784152033,-7.333372883993665
C-97510-5923-723,240,-8.54675458927182,-7.3343885225447005
C-97510-5923-724,240,-9.665134858008146,-7.3297286047583
C-97510-5923-725,240,-8.433354679567703,-7.334861022168468
C-97510-5923-726,240,-8.984370855959444,-7.332565121433502
C-97510-5923-727,240,-8.819052703598356,-7.33325394706834
C-97510-5923-728,240,-8.816909519179132,-7.3332628770034205
C-97510-5923-729,240,-9.606971031038807,-7.329970954037338
C-97510-5923-73,240,-8.984391495775414,-7.332565035434269
C-97510-5923-730,240,-8.234405773153023,-7.335689975945196
C-97510-5923-731,240,-8.343594021060175,-7.335235024912249
C-97510-5923-732,240,-8.250175210586448,-7.33562426995589
C-97510-5923-733,240,-8.552678447210532,-7.334363839803289
C-97510-5923-734,240,-7.591807462286156,-7.3383674689071405
C-97510-5923-735,240,-8.811574505039829,-7.333285106229001
C-97510-5923-736,240,-8.443256337119648,-7.334819765262001
C-97510-5923-737,240,-8.957678407308686,-7.332676339969547
C-97510-5923-739,240,-9.296969623104932,-7.331262626570395
C-97510-5923-74,240,-9.107001200092228,-7.3320541616662815
C-97510-5923-740,240,-8.98436778465401,-7.332565134230608
C-97510-5923-741,240,-11.40643021826742,-7.322473207423886
C-97510-5923-742,240,-7.87951820091868,-7.337168674162839
C-97510-5923-743,240,-8.817656477254179,-7.3332597646781075
C-97510-5923-744,240,-10.36483055193361,-7.326813206033609
C-97510-5923-745,240,-8.453704555436971,-7.334776231019012
C-97510-5923-747,240,-8.765859711287659,-7.333475584536301
C-97510-5923-748,240,-8.885185121980392,-7.332978395325082
C-97510-5923-749,240,-8.670405890060964,-7.3338733087914125
C-97510-5923-75,240,-8.81757619808465,-7.333260099174647
C-97510-5923-750,240,-8.834662612704008,-7.3331889057804
C-97510-5923-752,240,-8.769955194238856,-7.333458520024005
C-97510-5923-753,240,-8.88518714197249,-7.332978386908448
C-97510-5923-755,240,-8.98438914916099,-7.332565045211829
C-97510-5923-757,240,-8.946789052925135,-7.332721712279478
C-97510-5923-76,240,-9.184554230976765,-7.331731024037596
C-97510-5923-760,240,-8.45578741539726,-7.334767552435845
C-97510-5923-761,240,-7.803394326212415,-7.337485856974115
C-97510-5923-762,240,-8.969195275361036,-7.332628353019329
C-97510-5923-763,240,-8.933536861970083,-7.332776929741791
C-97510-5923-764,240,-11.13667467482062,-7.323597188854914
C-97510-5923-765,240,-8.486201402716876,-7.33464082748868
C-97510-5923-766,240,-10.92888702694953,-7.324462970721044
C-97510-5923-767,240,-8.814455525701767,-7.333273101976243
C-97510-5923-768,240,-8.814744482569994,-7.333271897989292
C-97510-5923-769,240,-8.860170330249447,-7.333082623623961
C-97510-5923-770,240,-8.655189780014151,-7.333936709249941
C-97510-5923-771,240,-8.38796959421011,-7.335050126690791
C-97510-5923-772,240,-9.475767724820681,-7.330517634479914
C-97510-5923-773,240,-8.54506902133948,-7.334395545744418
C-97510-5923-774,240,-9.858495641749066,-7.328922934826045
C-97510-5923-775,240,-8.936072097178508,-7.3327663662617555
C-97510-5923-776,240,-9.858490497363285,-7.328922956260985
C-97510-5923-777,240,-9.496053946488624,-7.330433108556297
C-97510-5923-778,240,-9.16327722410623,-7.331819678232891
C-97510-5923-78,240,-8.984384958219763,-7.3325650626740835
C-97510-5923-780,240,-9.58687394954691,-7.330054691876887
C-97510-5923-781,240,-9.605150495404322,-7.3299785396024815
C-97510-5923-782,240,-8.731885401521163,-7.333617144160328
C-97510-5923-783,240,-11.40644423585265,-7.322473149017281
C-97510-5923-784,240,-8.81490055109592,-7.333271247703767
C-97510-5923-785,240,-8.913600977352889,-7.332859995927696
C-97510-5923-786,240,-8.559138670724298,-7.334336922205315
C-97510-5923-787,240,-8.379075439882769,-7.335087185667154
C-97510-5923-788,240,-8.936065177969116,-7.332766395091795
C-97510-5923-79,240,-8.584563193529776,-7.334230986693626
C-97510-5923-790,240,-9.151706033026445,-7.331867891529057
C-97510-5923-791,240,-8.305725935045123,-7.335392808603979
C-97510-5923-792,240,-8.331625796285591,-7.335284892515476
C-97510-5923-793,240,-9.606657646386967,-7.329972259806721
C-97510-5923-795,240,-8.347753884510238,-7.335217692147874
C-97510-5923-796,240,-8.346164716135624,-7.335224313682768
C-97510-5923-797,240,-9.658755741229186,-7.329755184411544
C-97510-5923-8,240,-8.45370590001843,-7.33477622541659
C-97510-5923-80,240,-11.40644935510794,-7.32247312768705
C-97510-5923-800,240,-8.659111622683037,-7.333920368238821
C-97510-5923-801,240,-8.8196484681018,-7.333251464716242
C-97510-5923-802,240,-8.984404407977703,-7.332564981633426
C-97510-5923-803,240,-9.924072654373841,-7.328649697273443
C-97510-5923-804,240,-8.035383876513187,-7.336519233847862
C-97510-5923-807,240,-8.819648612685366,-7.333251464113811
C-97510-5923-808,240,-9.865178718369876,-7.328895088673459
C-97510-5923-809,240,-8.373752728823595,-7.335109363629901
C-97510-5923-81,240,-8.54622286575715,-7.334390738059345
C-97510-5923-810,240,-8.544775641731075,-7.334396768159453
C-97510-5923-811,240,-10.17344595545068,-7.327610641852289
C-97510-5923-813,240,-8.925286899982147,-7.332811304583407
C-97510-5923-815,240,-8.620148305522264,-7.334082715393658
C-97510-5923-816,240,-11.13663699283459,-7.323597345863189
C-97510-5923-817,240,-9.886480611887102,-7.328806330783804
C-97510-5923-818,240,-8.93605208640241,-7.33276644963999
C-97510-5923-819,240,-8.714517954880385,-7.333689508521331
C-97510-5923-82,240,-9.86515577778596,-7.328895184259225
C-97510-5923-820,240,-8.750017860501758,-7.33354159224791
C-97510-5923-821,240,-8.035372005445641,-7.3365192833106425
C-97510-5923-823,240,-8.897294073226558,-7.3329279413615565
C-97510-5923-824,240,-7.827118919943946,-7.337387004500233
C-97510-5923-825,240,-8.739938605959047,-7.3335835891418375
C-97510-5923-826,240,-8.447193290044302,-7.334803361291482
C-97510-5923-827,240,-9.865146043286872,-7.328895224819638
C-97510-5923-828,240,-9.653574135589567,-7.329776774435043
C-97510-5923-83,240,-8.848269748698074,-7.333132209380424
C-97510-5923-830,240,-8.989476089135987,-7.332543849628601
C-97510-5923-831,240,-8.632185168505972,-7.334032561797892
C-97510-5923-833,240,-8.953547714111556,-7.332693551191201
C-97510-5923-834,240,-8.819047986061854,-7.333253966724742
C-97510-5923-835,240,-11.13662725513542,-7.323597386436935
C-97510-5923-836,240,-9.865160246552277,-7.3288951656393655
C-97510-5923-837,240,-8.544716315260272,-7.3343970153530815
C-97510-5923-838,240,-11.13660183481818,-7.323597492354923
C-97510-5923-839,240,-8.45576349949965,-7.334767652085418
C-97510-5923-840,240,-8.735966710245103,-7.333600138707312
C-97510-5923-843,240,-8.95877107903161,-7.3326717871707014
C-97510-5923-844,240,-9.111797365374539,-7.332034177644273
C-97510-5923-846,240,-8.37820732563098,-7.335090802809871
C-97510-5923-847,240,-9.174935227692073,-7.33177110321795
C-97510-5923-848,240,-8.039255983432309,-7.336503100069033
C-97510-5923-849,240,-8.620156780292604,-7.334082680082115
C-97510-5923-85,240,-9.088114897553684,-7.332132854593526
C-97510-5923-850,240,-8.490385164356988,-7.334623395148513
C-97510-5923-851,240,-8.740724957263373,-7.333580312678069
C-97510-5923-852,240,-8.486211782294108,-7.334640784240441
C-97510-5923-855,240,-9.088136900288784,-7.332132762915463
C-97510-5923-856,240,-9.667660630529657,-7.329718080706127
C-97510-5923-857,240,-8.977811644497129,-7.332592451481262
C-97510-5923-858,240,-9.865169071131634,-7.328895128870284
C-97510-5923-859,240,-8.549511531749534,-7.334377035284377
C-97510-5923-86,240,-8.98438120851744,-7.332565078297844
C-97510-5923-860,240,-9.298286612061538,-7.331257139116411
C-97510-5923-861,240,-9.250486932247375,-7.3314563044489685
C-97510-5923-862,240,-9.602122563155097,-7.329991155986854
C-97510-5923-864,240,-8.611360681248563,-7.334119330494798
C-97510-5923-865,240,-8.936066723368521,-7.332766388652631
C-97510-5923-866,240,-9.108415070713788,-7.332048270538692
C-97510-5923-867,240,-8.85474769042756,-7.333105217956552
C-97510-5923-868,240,-8.858739637619054,-7.333088584843254
C-97510-5923-869,240,-8.610825314402252,-7.33412156118999
C-97510-5923-87,240,-11.08010379937946,-7.323832900835919
C-97510-5923-872,240,-9.048959415824509,-7.332296002434064
C-97510-5923-873,240,-11.13660230757447,-7.323597490385106
C-97510-5923-874,240,-9.420605097687668,-7.330747478759634
C-97510-5923-875,240,-8.984380632484713,-7.33256508069798
C-97510-5923-876,240,-8.79048735428016,-7.333372969357166
C-97510-5923-877,240,-8.72969075043557,-7.333626288539851
C-97510-5923-879,240,-8.458069580365454,-7.334758043415144
C-97510-5923-88,240,-9.142211594981726,-7.3319074516875755
C-97510-5923-880,240,-10.10847594856243,-7.327881350214323
C-97510-5923-881,240,-8.936043576764028,-7.332766485096816
C-97510-5923-882,240,-8.745511184410523,-7.333560370064956
C-97510-5923-883,240,-8.765829550580419,-7.3334757102059145
C-97510-5923-884,240,-8.347495810147493,-7.335218767457719
C-97510-5923-885,240,-8.936103380145287,-7.33276623591606
C-97510-5923-886,240,-11.13663060528094,-7.3235973724779955
C-97510-5923-887,240,-8.724027303855618,-7.3336498862339345
C-97510-5923-888,240,-8.802744295798579,-7.3333218987675055
C-97510-5923-889,240,-10.71385152752933,-7.325358951968627
C-97510-5923-890,240,-8.956121232234079,-7.332682828199024
C-97510-5923-891,240,-8.732732768522569,-7.33361361346449
C-97510-5923-892,240,-8.94070921680361,-7.332747044929985
C-97510-5923-893,240,-8.458057800585994,-7.334758092497558
C-97510-5923-894,240,-8.541104327122286,-7.334412065303657
C-97510-5923-895,240,-11.65411178589305,-7.321441200892112
C-97510-5923-896,240,-9.068510147623424,-7.332214541051569
C-97510-5923-897,240,-8.858626974252687,-7.333089054273946
C-97510-5923-898,240,-8.984399776965153,-7.3325650009293115
C-97510-5923-899,240,-9.298279790338588,-7.331257167540256
C-97510-5923-9,240,-8.681597871657653,-7.33382667553476
C-97510-5923-90,240,-8.279208814720905,-7.335503296605329
C-97510-5923-900,240,-9.865180832839815,-7.328895079863168
C-97510-5923-901,240,-8.620140086480001,-7.334082749639666
C-97510-5923-902,240,-8.535251789426622,-7.334436450877389
C-97510-5923-903,240,-8.751321048330691,-7.333536162298622
C-97510-5923-904,240,-8.449494714790559,-7.3347937720217065
C-97510-5923-906,240,-8.342513740324385,-7.335239526081981
C-97510-5923-907,240,-8.331599013788818,-7.335285004109213
C-97510-5923-909,240,-8.387964252531278,-7.335050148947786
C-97510-5923-910,240,-8.866825705266795,-7.3330548928947215
C-97510-5923-911,240,-8.722369687739535,-7.333656792967752
C-97510-5923-912,240,-9.901732188694211,-7.328742782547107
C-97510-5923-914,240,-8.253738394107375,-7.3356094233578855
C-97510-5923-915,240,-8.73838307834162,-7.33359007050691
C-97510-5923-916,240,-8.936057565107639,-7.332766426812052
C-97510-5923-917,240,-8.790513560657935,-7.333372860163925
C-97510-5923-919,240,-10.51597984281165,-7.326183417321618
C-97510-5923-92,240,-8.843629567795768,-7.333151543467518
C-97510-5923-920,240,-9.088125070745159,-7.332132812205228
C-97510-5923-921,240,-10.01572773835444,-7.32826780109019
C-97510-5923-922,240,-9.858492415182623,-7.328922948270073
C-97510-5923-923,240,-8.373715657636945,-7.335109518093179
C-97510-5923-925,240,-8.451053673371979,-7.3347872763609505
C-97510-5923-926,240,-8.819345807873999,-7.3332527258005245
C-97510-5923-927,240,-8.453779138726624,-7.334775920255306
C-97510-5923-928,240,-8.790503630319783,-7.333372901540334
C-97510-5923-929,240,-8.984395256438802,-7.332565019764838
C-97510-5923-930,240,-8.984376176160778,-7.332565099265996
C-97510-5923-931,240,-8.936053586310413,-7.332766443390373
C-97510-5923-932,240,-8.490517561825635,-7.334622843492394
C-97510-5923-933,240,-8.62013884842979,-7.334082754798208
C-97510-5923-934,240,-9.494713865273742,-7.330438692228026
C-97510-5923-935,240,-8.913754885422387,-7.332859354644073
C-97510-5923-936,240,-11.13662353234277,-7.323597401948572
C-97510-5923-938,240,-8.936068440843588,-7.3327663814964845
C-97510-5923-939,240,-8.9291876111363,-7.332795051620265
C-97510-5923-94,240,-8.744310096937916,-7.333565374596092
C-97510-5923-940,240,-8.34615484799084,-7.3352243548000375
C-97510-5923-941,240,-8.301196996630146,-7.335411679180708
C-97510-5923-943,240,-8.387958607970697,-7.335050172466789
C-97510-5923-944,240,-8.457284905961917,-7.334761312891826
C-97510-5923-945,240,-8.820100632442951,-7.333249580698154
C-97510-5923-946,240,-8.534929724075516,-7.3344377928163516
C-97510-5923-947,240,-8.504195229024301,-7.334565853212398
C-97510-5923-948,240,-8.532312470671759,-7.334448698038868
C-97510-5923-95,240,-8.834512586386719,-7.333189530890055
C-97510-5923-951,240,-11.40641176941511,-7.322473284294103
C-97510-5923-952,240,-8.98438490476027,-7.332565062896832
C-97510-5923-953,240,-8.248077624919407,-7.335633009896169
C-97510-5923-954,240,-8.466964381622333,-7.33472098174324
C-97510-5923-955,240,-9.865187800990537,-7.328895050829206
C-97510-5923-956,240,-10.56864713172893,-7.325963970284462
C-97510-5923-957,240,-8.415053581499409,-7.334937276743752
C-97510-5923-958,240,-8.940712830437128,-7.332747029873178
C-97510-5923-959,240,-8.81430060224266,-7.333273747490655
C-97510-5923-96,240,-8.365847134689918,-7.335142303605459
C-97510-5923-960,240,-8.814908664296759,-7.3332712138987635
C-97510-5923-962,240,-10.9033173629221,-7.324569510987825
C-97510-5923-963,240,-8.364771876446413,-7.33514678384814
C-97510-5923-964,240,-9.865153591864038,-7.328895193367233
C-97510-5923-965,240,-8.919824825359353,-7.3328340632276685
C-97510-5923-966,240,-8.936050208232922,-7.332766457465696
C-97510-5923-967,240,-8.746135010521204,-7.333557770789495
C-97510-5923-968,240,-8.917844145662615,-7.332842316059739
C-97510-5923-969,240,-8.538227162092783,-7.334424053491279
C-97510-5923-970,240,-8.984387192224167,-7.332565053365732
C-97510-5923-971,240,-10.22212901044576,-7.327407795789809
C-97510-5923-973,240,-8.538437779112027,-7.334423175920366
C-97510-5923-974,240,-8.833386715608034,-7.3331942220183
C-97510-5923-975,240,-9.053218244102224,-7.332278257316241
C-97510-5923-976,240,-9.041645077018982,-7.332326478845754
C-97510-5923-977,240,-8.660935687839283,-7.333912767967336
C-97510-5923-978,240,-9.981852448555697,-7.328408948131018
C-97510-5923-979,240,-8.538441374467094,-7.33442316093972
C-97510-5923-98,240,-8.834665386054487,-7.333188894224773
C-97510-5923-980,240,-8.582695864305867,-7.334238767232059
C-97510-5923-981,240,-8.387947789628333,-7.335050217543215
C-97510-5923-982,240,-8.939196571712564,-7.332753347617865
C-97510-5923-983,240,-8.535934452682902,-7.3344336064471545
C-97510-5923-984,240,-11.08014321204497,-7.323832736616479
C-97510-5923-985,240,-8.632306246959693,-7.334032057304335
C-97510-5923-986,240,-8.995966917521384,-7.332516804510328
C-97510-5923-987,240,-8.729704955261976,-7.333626229353075
C-97510-5923-988,240,-8.555774233104332,-7.334350940695399
C-97510-5923-989,240,-8.811569721820632,-7.333285126159081
C-97510-5923-99,240,-11.13661425422866,-7.323597440607381
C-97510-5923-990,240,-8.984381278261528,-7.332565078007244
C-97510-5923-991,240,-8.984379238767554,-7.332565086505135
C-97510-5923-992,240,-8.984395416818401,-7.33256501909659
C-97510-5923-993,240,-8.861897485500785,-7.333075427143746
C-97510-5923-994,240,-9.066224537426566,-7.33222406442739
C-97510-5923-995,240,-9.189693881020407,-7.331709608829081
C-97510-5923-996,240,-8.482066874956518,-7.334658054687681
C-97510-5923-998,240,-8.317589305995773,-7.335343377891684
C-97510-5923-999,240,-8.72432798695092,-7.333648633387705
